{
  "type": "FeatureCollection",
  "name": "257",
  "properties": {
    "id": "taipei_257",
    "name": "257",
    "name_en": "257",
    "ref": "257",
    "color": "#7c3aed",
    "city_id": "Taipei",
    "source": "TDX Bus Shape / StopOfRoute",
    "official_map_url": "https://ebus.gov.taipei/File/Get/dcf59120-1d01-4d3e-bbf7-decd6b5118ae?v=639248448650854300",
    "operator_id": "900",
    "operator": "大有巴士",
    "operator_en": "Citiair Bus Co., Ltd."
  },
  "features": [
    {
      "type": "Feature",
      "properties": {
        "feature_type": "route",
        "ref": "257",
        "name": "257",
        "name_en": "257",
        "color": "#7c3aed",
        "direction": 0
      },
      "geometry": {
        "type": "LineString",
        "coordinates": [
          [
            121.442926730331,
            25.0556099914207
          ],
          [
            121.444744863297,
            25.0556334697382
          ],
          [
            121.44767430119978,
            25.055648471860728
          ],
          [
            121.44770519591064,
            25.05564491404953
          ],
          [
            121.44773401687834,
            25.055634167875077
          ],
          [
            121.44775879569403,
            25.055616969059628
          ],
          [
            121.44777783596558,
            25.055594495057957
          ],
          [
            121.4477898341696,
            25.055568284471406
          ],
          [
            121.44779396900165,
            25.0555401301991
          ],
          [
            121.44779632304659,
            25.054462455805055
          ],
          [
            121.44779230509242,
            25.054434268659488
          ],
          [
            121.44778040373117,
            25.054407997958513
          ],
          [
            121.44776143498582,
            25.054385446488567
          ],
          [
            121.4477366994639,
            25.054368160509583
          ],
          [
            121.44770789317661,
            25.0543573252488
          ],
          [
            121.44767698886537,
            25.05435368364119
          ],
          [
            121.44471650567901,
            25.054361357172983
          ],
          [
            121.44468501730859,
            25.054357572540436
          ],
          [
            121.44465574996639,
            25.054346324971778
          ],
          [
            121.44463078596614,
            25.054328415632764
          ],
          [
            121.44461190348301,
            25.05430512019799
          ],
          [
            121.44460044750821,
            25.054278097991382
          ],
          [
            121.44459723306443,
            25.05424929846926
          ],
          [
            121.444655061018,
            25.052626613367
          ],
          [
            121.444711407546,
            25.0515240277098
          ],
          [
            121.44479253432937,
            25.049107689478785
          ],
          [
            121.44479761095253,
            25.049079452085522
          ],
          [
            121.44481058477045,
            25.049053425567237
          ],
          [
            121.44483055659889,
            25.04903139205452
          ],
          [
            121.44485614104573,
            25.049014879952995
          ],
          [
            121.44488556338656,
            25.049005034662837
          ],
          [
            121.44491682009732,
            25.04900254066189
          ],
          [
            121.446602604162,
            25.049071269342
          ],
          [
            121.447347016374,
            25.0490712495103
          ],
          [
            121.448817660744,
            25.049127401069
          ],
          [
            121.44970370989,
            25.0491325057548
          ],
          [
            121.450044606382,
            25.049151648325
          ],
          [
            121.45247638470502,
            25.049217854647527
          ],
          [
            121.45250780412388,
            25.049214889614237
          ],
          [
            121.45253723942643,
            25.049204497870612
          ],
          [
            121.45256264458787,
            25.04918741125935
          ],
          [
            121.45258223211184,
            25.04916483198717
          ],
          [
            121.45259462382843,
            25.04913834872208
          ],
          [
            121.45259894798659,
            25.049109821458664
          ],
          [
            121.452601330072,
            25.048618207585
          ],
          [
            121.452639363978,
            25.0482634299226
          ],
          [
            121.452668945905,
            25.0480477552304
          ],
          [
            121.452845028804,
            25.0475117573107
          ],
          [
            121.453277488403,
            25.0467179656107
          ],
          [
            121.453412720069,
            25.0464856976141
          ],
          [
            121.453581759652,
            25.0461870666862
          ],
          [
            121.453656418801,
            25.0458909874413
          ],
          [
            121.453673322759,
            25.0455630022708
          ],
          [
            121.45360860641935,
            25.045337454925956
          ],
          [
            121.453533865103,
            25.0451929012193
          ],
          [
            121.453381729479,
            25.0449440395394
          ],
          [
            121.453184516632,
            25.044670929217
          ],
          [
            121.4525172222592,
            25.044104369888483
          ],
          [
            121.45249999936743,
            25.044085925402847
          ],
          [
            121.45248753925902,
            25.044064099683553
          ],
          [
            121.45248078718662,
            25.04404027428951
          ],
          [
            121.45248009012634,
            25.04401567356222
          ],
          [
            121.45248548389874,
            25.043991561686077
          ],
          [
            121.45249650131969,
            25.043969466488132
          ],
          [
            121.45269937734916,
            25.04366276396183
          ],
          [
            121.4527058305593,
            25.043654949949097
          ],
          [
            121.45271381332796,
            25.043648632768335
          ],
          [
            121.45272305912141,
            25.043643964478886
          ],
          [
            121.45273316541946,
            25.04364114831704
          ],
          [
            121.45274369223944,
            25.043640306885806
          ],
          [
            121.45275425735525,
            25.043641492845573
          ],
          [
            121.454387514996,
            25.0439843220749
          ],
          [
            121.455012961453,
            25.0441119445112
          ],
          [
            121.456027198949,
            25.044240843037
          ],
          [
            121.457814792537,
            25.0443505981105
          ],
          [
            121.45965418225745,
            25.044448830194398
          ],
          [
            121.45968620252883,
            25.044446592179646
          ],
          [
            121.4597163570958,
            25.04443664350734
          ],
          [
            121.45974250483401,
            25.044419709342996
          ],
          [
            121.45976274670925,
            25.044397019565736
          ],
          [
            121.45977561261296,
            25.044370222068096
          ],
          [
            121.45978016828946,
            25.044341257451986
          ],
          [
            121.459792555655,
            25.0428133800223
          ],
          [
            121.459792555655,
            25.0426334304432
          ],
          [
            121.459781990682,
            25.0423099034082
          ],
          [
            121.459849606515,
            25.0413833478873
          ],
          [
            121.459898205395,
            25.0404491277955
          ],
          [
            121.459927787322,
            25.0401198518047
          ],
          [
            121.459991177165,
            25.0397542012674
          ],
          [
            121.46028720091806,
            25.038914541981306
          ],
          [
            121.46030377575904,
            25.03888438630642
          ],
          [
            121.46032950125328,
            25.0388604614796
          ],
          [
            121.46036199926743,
            25.038844836923982
          ],
          [
            121.4603981720496,
            25.038839001991985
          ],
          [
            121.46043457156442,
            25.038843512876714
          ],
          [
            121.46046804991195,
            25.038858141269742
          ],
          [
            121.462033386625,
            25.0398346061911
          ],
          [
            121.463728008442,
            25.0408970948751
          ],
          [
            121.465441647212,
            25.0419461737698
          ],
          [
            121.466109353564,
            25.0424017928304
          ],
          [
            121.46766663072,
            25.0438681855425
          ],
          [
            121.469101354179,
            25.0452733025772
          ],
          [
            121.469378156496,
            25.0454513339678
          ],
          [
            121.46982611139,
            25.0457193377241
          ],
          [
            121.470058540817,
            25.0458035673552
          ],
          [
            121.473321004764,
            25.0469004615851
          ],
          [
            121.475366383716,
            25.0474958049558
          ],
          [
            121.476253841525,
            25.047731261504
          ],
          [
            121.477526392634,
            25.0483203794637
          ],
          [
            121.478676918294,
            25.0488535024559
          ],
          [
            121.479344624646,
            25.0491760550976
          ],
          [
            121.480697997806,
            25.0498144579724
          ],
          [
            121.481517839782,
            25.0502193204416
          ],
          [
            121.482647235495,
            25.0507639205667
          ],
          [
            121.48318393617,
            25.0510118133198
          ],
          [
            121.483303320375,
            25.0510338269377
          ],
          [
            121.483507224372,
            25.0511094388996
          ],
          [
            121.484167535242,
            25.051441556711598
          ],
          [
            121.485312778416,
            25.0521976717169
          ],
          [
            121.485546264339,
            25.0522847682091
          ],
          [
            121.485913925432,
            25.0523067815984
          ],
          [
            121.486242496121,
            25.0522704116487
          ],
          [
            121.486380897279,
            25.0522206422263
          ],
          [
            121.487215530219,
            25.0517765449476
          ],
          [
            121.487275750571,
            25.0517114615905
          ],
          [
            121.488012129253,
            25.0513506311753
          ],
          [
            121.488429445723,
            25.0511410236294
          ],
          [
            121.488889022089,
            25.0508873884485
          ],
          [
            121.48950812956,
            25.0505485693126
          ],
          [
            121.490067016681,
            25.0502518625206
          ],
          [
            121.490612169335,
            25.0499541978883
          ],
          [
            121.490919610077,
            25.0497838300243
          ],
          [
            121.491180564932,
            25.0496125047987
          ],
          [
            121.491585203434,
            25.0493674805964
          ],
          [
            121.492302565163,
            25.0489645295737
          ],
          [
            121.493109729171,
            25.0485309489656
          ],
          [
            121.494727226678,
            25.0476398546457
          ],
          [
            121.494875664562,
            25.0475508405716
          ],
          [
            121.49642026375,
            25.0467209965776
          ],
          [
            121.496917874021,
            25.0464874523877
          ],
          [
            121.498112772572,
            25.0458423321091
          ],
          [
            121.499226320824,
            25.045246023551
          ],
          [
            121.499558061005,
            25.0450823492662
          ],
          [
            121.500481439726,
            25.0446544979108
          ],
          [
            121.50159393148,
            25.0440993418015
          ],
          [
            121.50249624077881,
            25.04357159286872
          ],
          [
            121.50251385511898,
            25.04355891500782
          ],
          [
            121.50252876853206,
            25.0435431625806
          ],
          [
            121.50254011253091,
            25.043525102738077
          ],
          [
            121.50254747004223,
            25.04350539946812
          ],
          [
            121.50255057055989,
            25.043484777180854
          ],
          [
            121.50254931892735,
            25.043464106440336
          ],
          [
            121.50226838063345,
            25.04178837770883
          ],
          [
            121.50226787757427,
            25.041759163661407
          ],
          [
            121.50227597941503,
            25.041730780158797
          ],
          [
            121.50229211352347,
            25.041705411505742
          ],
          [
            121.5023151021471,
            25.04168490955507
          ],
          [
            121.5023432671697,
            25.041670770901593
          ],
          [
            121.50237447249293,
            25.041664034724707
          ],
          [
            121.504453869921,
            25.0414805025396
          ],
          [
            121.505916062312,
            25.0416374813224
          ],
          [
            121.506144265749,
            25.0416259950768
          ],
          [
            121.5070613837091,
            25.04143530161153
          ],
          [
            121.50708771024235,
            25.04143254755796
          ],
          [
            121.50711387437593,
            25.041435142003778
          ],
          [
            121.50713877331107,
            25.041442920972447
          ],
          [
            121.50716118880295,
            25.041455503857808
          ],
          [
            121.50718002411566,
            25.04147227500965
          ],
          [
            121.50719450728423,
            25.041492687008898
          ],
          [
            121.50760687537242,
            25.042241922251883
          ],
          [
            121.50760983405178,
            25.042246072772997
          ],
          [
            121.50761369191989,
            25.042249467792722
          ],
          [
            121.50761828382274,
            25.042251990277027
          ],
          [
            121.50762337746458,
            25.042253512618153
          ],
          [
            121.5076287151676,
            25.042253957803712
          ],
          [
            121.50763406552994,
            25.042253294399266
          ],
          [
            121.507681469454,
            25.04224242207
          ],
          [
            121.508640769087,
            25.0420280130325
          ],
          [
            121.509006317184,
            25.0418250898482
          ],
          [
            121.509067594033,
            25.0417360715529
          ],
          [
            121.510377650799,
            25.0412881075377
          ],
          [
            121.51119574389507,
            25.041082616629446
          ],
          [
            121.51121624250979,
            25.04107933441466
          ],
          [
            121.51123685725133,
            25.041079694234178
          ],
          [
            121.51125701815648,
            25.041083635640536
          ],
          [
            121.51127598469073,
            25.041091013861106
          ],
          [
            121.51129306019037,
            25.04110155788491
          ],
          [
            121.51130785234109,
            25.041115142204802
          ],
          [
            121.51145859567534,
            25.04128215361134
          ],
          [
            121.511477464585,
            25.0413541536172
          ],
          [
            121.511549306408,
            25.0421888198457
          ],
          [
            121.511517611486,
            25.044062969417
          ],
          [
            121.511488029559,
            25.044430521438098
          ],
          [
            121.511327441955,
            25.0459102900432
          ],
          [
            121.51114992368247,
            25.047425998629407
          ],
          [
            121.5111512306329,
            25.047457120626508
          ],
          [
            121.51116220906397,
            25.0474866948468
          ],
          [
            121.51118196003658,
            25.04751219474654
          ],
          [
            121.51120884955495,
            25.047531510721804
          ],
          [
            121.51124065305217,
            25.047543044764087
          ],
          [
            121.51127478510033,
            25.04754584038489
          ],
          [
            121.511713063503,
            25.0475240406226
          ],
          [
            121.513218572287,
            25.0471411835695
          ],
          [
            121.51500827887,
            25.0467209965776
          ],
          [
            121.517091691728,
            25.0461955215248
          ],
          [
            121.517336799123,
            25.0461304352049
          ],
          [
            121.51881272598,
            25.045752359575
          ],
          [
            121.519941065195,
            25.0455398709878
          ],
          [
            121.52013334772,
            25.0454843558908
          ],
          [
            121.522647811514,
            25.0448775168125
          ],
          [
            121.523651484037,
            25.0446554550743
          ],
          [
            121.526770264339,
            25.0438935505363
          ],
          [
            121.527418953738,
            25.0437174312257
          ],
          [
            121.528693089593,
            25.043362320325
          ],
          [
            121.529388264877,
            25.0434446372291
          ],
          [
            121.530656061748,
            25.0437719899522
          ],
          [
            121.532629598876,
            25.0442716318975
          ],
          [
            121.533924864679,
            25.044593239429
          ],
          [
            121.534533407177,
            25.0448191299289
          ],
          [
            121.534674977828,
            25.044834444524
          ],
          [
            121.535125045717,
            25.0452421949153
          ],
          [
            121.536048424438,
            25.0458452035719
          ],
          [
            121.536411859541,
            25.0460002624614
          ],
          [
            121.539684888462,
            25.0465075525199
          ],
          [
            121.540380063747,
            25.0466319818363
          ],
          [
            121.542045103637,
            25.0470665263048
          ],
          [
            121.543748177433,
            25.047487669254
          ],
          [
            121.54614383074774,
            25.0480877043531
          ],
          [
            121.54636003802119,
            25.048130032958014
          ],
          [
            121.54664312296823,
            25.048159911964436
          ],
          [
            121.549206042962,
            25.0481461807842
          ],
          [
            121.553510213338,
            25.0481461807842
          ],
          [
            121.55391904739987,
            25.04813833268276
          ],
          [
            121.55503856133281,
            25.048070274923308
          ],
          [
            121.55575131242925,
            25.04800387707281
          ],
          [
            121.556250767574,
            25.0479758104077
          ],
          [
            121.557795366761,
            25.048157666419
          ],
          [
            121.560878226152,
            25.048467778153
          ],
          [
            121.562667932735,
            25.0486400621107
          ],
          [
            121.56534892752148,
            25.048913555552215
          ],
          [
            121.56537437988784,
            25.04891367158007
          ],
          [
            121.56539918885132,
            25.048908872525892
          ],
          [
            121.56542231959443,
            25.048899385826818
          ],
          [
            121.56544272137921,
            25.048885642426004
          ],
          [
            121.56545946743336,
            25.04886826663171
          ],
          [
            121.56547191383866,
            25.048847795741533
          ],
          [
            121.56692725435002,
            25.04571489024438
          ],
          [
            121.56693809690447,
            25.045696541380497
          ],
          [
            121.56695237237112,
            25.04568061574945
          ],
          [
            121.5669696846407,
            25.045667433314563
          ],
          [
            121.5669894119307,
            25.045657467532408
          ],
          [
            121.56701084572144,
            25.04565107633116
          ],
          [
            121.56703319005153,
            25.045648490000712
          ],
          [
            121.568798787102,
            25.0455982575282
          ],
          [
            121.570472278972,
            25.045565714214
          ],
          [
            121.575446268695,
            25.0454795701054
          ],
          [
            121.57761342910979,
            25.045388530787044
          ],
          [
            121.57764255500727,
            25.045383945313667
          ],
          [
            121.57766957652382,
            25.045372933228414
          ],
          [
            121.57769278344074,
            25.045356177413037
          ],
          [
            121.5777107400755,
            25.04533471445639
          ],
          [
            121.57772233555127,
            25.045309872151922
          ],
          [
            121.57772685329772,
            25.04528316566772
          ],
          [
            121.577755771994,
            25.0443596911864
          ],
          [
            121.577757884989,
            25.0433163759824
          ],
          [
            121.577764223974,
            25.0415455913276
          ],
          [
            121.577791692906,
            25.0396714032849
          ],
          [
            121.57775589929952,
            25.039613389352837
          ],
          [
            121.57769360228852,
            25.039545326861862
          ],
          [
            121.575570935387,
            25.0380096886057
          ],
          [
            121.574833500207,
            25.0374755612491
          ],
          [
            121.57469601670051,
            25.037393038611555
          ],
          [
            121.57460531958155,
            25.037321654705906
          ],
          [
            121.574575714844,
            25.0372439138947
          ],
          [
            121.5744733438687,
            25.033693814089382
          ],
          [
            121.57447982137245,
            25.033655541181872
          ],
          [
            121.57450062406238,
            25.0336217628415
          ],
          [
            121.57453310245708,
            25.03359680208134
          ],
          [
            121.5745731191283,
            25.033583838656895
          ],
          [
            121.57461557634547,
            25.033584523981
          ],
          [
            121.57465538410418,
            25.03359895219477
          ],
          [
            121.574977183853,
            25.0337806380658
          ],
          [
            121.576845071242,
            25.0351820417208
          ],
          [
            121.577910020614,
            25.0360473813382
          ],
          [
            121.57893445821279,
            25.036334539088543
          ],
          [
            121.57894991479718,
            25.036337657239784
          ],
          [
            121.57896553280384,
            25.036338420584148
          ],
          [
            121.5789810793995,
            25.03633685997628
          ],
          [
            121.5789961419806,
            25.036333016834394
          ],
          [
            121.57901032078925,
            25.036326993154717
          ],
          [
            121.5790234959796,
            25.036318758796103
          ],
          [
            121.579196834438,
            25.0361909658612
          ],
          [
            121.580823840422,
            25.0367978479221
          ],
          [
            121.583784146115,
            25.0379120525959
          ],
          [
            121.58391566895085,
            25.037996756648354
          ],
          [
            121.5840243833426,
            25.03808972121494
          ],
          [
            121.58412332565418,
            25.038226954493982
          ],
          [
            121.584177163145,
            25.0382681364916
          ],
          [
            121.585975321707,
            25.0388290622519
          ],
          [
            121.587477660999,
            25.0392655487821
          ],
          [
            121.587694242964,
            25.0392598055484
          ],
          [
            121.58846548606,
            25.0394770910372
          ],
          [
            121.58921965399931,
            25.0396909956129
          ],
          [
            121.5892544642625,
            25.039707071337126
          ],
          [
            121.58928183950776,
            25.03973273522634
          ],
          [
            121.58929857326582,
            25.039765129551952
          ],
          [
            121.58930284445805,
            25.039800728948446
          ],
          [
            121.58929418826497,
            25.039835659253207
          ],
          [
            121.58927381927198,
            25.03986583421773
          ],
          [
            121.588936683897,
            25.0402160502597
          ],
          [
            121.588738062388,
            25.0405520263613
          ],
          [
            121.588551062349,
            25.0408171692447
          ],
          [
            121.588331310891,
            25.0410143509452
          ],
          [
            121.587935124369,
            25.041409670584
          ],
          [
            121.587510412418,
            25.0418796494166
          ],
          [
            121.587185011221,
            25.0422931527249
          ],
          [
            121.58685327104,
            25.0430129514541
          ],
          [
            121.586745508306,
            25.0432713887969
          ],
          [
            121.58667472298,
            25.0436130995584
          ],
          [
            121.586690570441,
            25.043838034694
          ],
          [
            121.586755016782,
            25.0441902727157
          ],
          [
            121.58685385449658,
            25.04442288721866
          ],
          [
            121.58685591423836,
            25.04442943772871
          ],
          [
            121.58685668847046,
            25.04443630762527
          ],
          [
            121.58685611649368,
            25.04444319399799
          ],
          [
            121.58685421640294,
            25.0444498789906
          ],
          [
            121.58685104830927,
            25.044456151117664
          ],
          [
            121.58684680701928,
            25.04446170892612
          ],
          [
            121.586784598709,
            25.0445291094231
          ],
          [
            121.58592493417969,
            25.045917455091978
          ],
          [
            121.58591247992138,
            25.045947362103355
          ],
          [
            121.58591015085537,
            25.045979607621906
          ],
          [
            121.58591832865079,
            25.046011049963088
          ],
          [
            121.58593628864921,
            25.046038902929016
          ],
          [
            121.58596243936262,
            25.04606069838687
          ],
          [
            121.5859942420083,
            25.04607444398628
          ],
          [
            121.58697054225,
            25.0463419656183
          ],
          [
            121.587788271232,
            25.046493195283
          ],
          [
            121.588561627323,
            25.046562110005
          ],
          [
            121.589850554142,
            25.0465353098399
          ],
          [
            121.591331763486,
            25.0461715927347
          ],
          [
            121.5926000347013,
            25.04584728644713
          ],
          [
            121.59262492738205,
            25.045837990789064
          ],
          [
            121.5926470583415,
            25.045823698990688
          ],
          [
            121.59266506838081,
            25.04580520709216
          ],
          [
            121.59267802229334,
            25.04578347532162
          ],
          [
            121.59268524742176,
            25.04575963214389
          ],
          [
            121.5926863730575,
            25.045734970711205
          ],
          [
            121.592654498221,
            25.0453369536148
          ],
          [
            121.59261012533,
            25.0450708633433
          ],
          [
            121.592681967153,
            25.0446899129566
          ],
          [
            121.5929360620378,
            25.04423997585305
          ],
          [
            121.59294335572017,
            25.04422389400861
          ],
          [
            121.5929477897307,
            25.044206648886323
          ],
          [
            121.59294909088372,
            25.044188975436327
          ],
          [
            121.59294722453724,
            25.044171344197512
          ],
          [
            121.59294224038095,
            25.044154224584936
          ],
          [
            121.5929344415709,
            25.044138354867588
          ],
          [
            121.592762260955,
            25.0438543065814
          ],
          [
            121.592702040604,
            25.0436877589257
          ],
          [
            121.592842554757,
            25.0426559241551
          ],
          [
            121.592931300538,
            25.0423055960899
          ],
          [
            121.593209159352,
            25.041514004126
          ],
          [
            121.593260927724,
            25.0410449810838
          ],
          [
            121.59291543419073,
            25.040493906931292
          ],
          [
            121.59290995588033,
            25.04048250727352
          ],
          [
            121.59290713218282,
            25.040470143665253
          ],
          [
            121.59290718554624,
            25.04045751457162
          ],
          [
            121.59291011364148,
            25.040445171195742
          ],
          [
            121.5929157886704,
            25.04043365227044
          ],
          [
            121.59292380759688,
            25.040423617439018
          ],
          [
            121.593018989821,
            25.0403280423958
          ],
          [
            121.59373090832662,
            25.03954778946946
          ],
          [
            121.59374559113546,
            25.039527214378804
          ],
          [
            121.59375492696185,
            25.039503790369448
          ],
          [
            121.59375816127987,
            25.03947904095232
          ],
          [
            121.59375512359111,
            25.039454270802413
          ],
          [
            121.59374597402858,
            25.039430785687674
          ],
          [
            121.59373145426402,
            25.039410113242415
          ],
          [
            121.593319035081,
            25.0389515849435
          ],
          [
            121.593117244079,
            25.0388673506061
          ],
          [
            121.5915749919205,
            25.038738347706346
          ],
          [
            121.59154407234846,
            25.038739428493002
          ],
          [
            121.59151457325767,
            25.038747718264744
          ],
          [
            121.59148840399597,
            25.03876265270558
          ],
          [
            121.59146732584114,
            25.038783226678287
          ],
          [
            121.59145275742263,
            25.038808055486523
          ],
          [
            121.59144567090476,
            25.03883554421853
          ],
          [
            121.591375079879,
            25.0394684762014
          ],
          [
            121.591152158929,
            25.0400715132491
          ],
          [
            121.59063518786154,
            25.040442683773172
          ],
          [
            121.59061772337037,
            25.04045823763599
          ],
          [
            121.59060391390797,
            25.040477043650778
          ],
          [
            121.59059467920689,
            25.040498053819366
          ],
          [
            121.59059042080432,
            25.040520354591358
          ],
          [
            121.59059132386132,
            25.040542976299175
          ],
          [
            121.59059725741002,
            25.04056470497329
          ],
          [
            121.59095630961916,
            25.041462027932432
          ],
          [
            121.59097465555746,
            25.04149215915582
          ],
          [
            121.59100220556464,
            25.041515388529152
          ],
          [
            121.59103631294624,
            25.04152963737225
          ],
          [
            121.59107358732997,
            25.041533489308907
          ],
          [
            121.5911103235343,
            25.04152656144549
          ],
          [
            121.5911431879805,
            25.04150930769205
          ],
          [
            121.591557853928,
            25.0412048319956
          ],
          [
            121.591583630657,
            25.0411503715373
          ],
          [
            121.59215064597166,
            25.03996822345771
          ],
          [
            121.59216602956687,
            25.039944623366466
          ],
          [
            121.59218716804237,
            25.03992547035276
          ],
          [
            121.59221285857443,
            25.03991170885634
          ],
          [
            121.59224149055918,
            25.039904201619915
          ],
          [
            121.59227126898575,
            25.03990341929095
          ],
          [
            121.59230057953839,
            25.039909494792663
          ],
          [
            121.59259931560223,
            25.040008059323494
          ]
        ]
      }
    },
    {
      "type": "Feature",
      "properties": {
        "feature_type": "route",
        "ref": "257",
        "name": "257",
        "name_en": "257",
        "color": "#7c3aed",
        "direction": 1
      },
      "geometry": {
        "type": "LineString",
        "coordinates": [
          [
            121.5925628342935,
            25.039996069683163
          ],
          [
            121.59259931560223,
            25.040008059323494
          ],
          [
            121.592743244002,
            25.040062898455
          ],
          [
            121.592923905056,
            25.0403481435376
          ],
          [
            121.593021858305,
            25.0404895054771
          ],
          [
            121.593327801688,
            25.0409921759523
          ],
          [
            121.593350787072,
            25.041051778172
          ],
          [
            121.593320668293,
            25.0413469164476
          ],
          [
            121.593295305111,
            25.0415400844235
          ],
          [
            121.593052769683,
            25.0421978585945
          ],
          [
            121.592971924541,
            25.0424542172232
          ],
          [
            121.592882360804,
            25.0430193532597
          ],
          [
            121.592837975236,
            25.0432706835701
          ],
          [
            121.59278962667,
            25.0435277580405
          ],
          [
            121.592784871073,
            25.0436663482436
          ],
          [
            121.59303702974613,
            25.04423315764692
          ],
          [
            121.59304313221786,
            25.044251561508982
          ],
          [
            121.59304556975796,
            25.044270924716454
          ],
          [
            121.59304415467204,
            25.044290372411442
          ],
          [
            121.59303893301193,
            25.04430927169826
          ],
          [
            121.59303007470861,
            25.04432700752832
          ],
          [
            121.59301813102542,
            25.0443427159578
          ],
          [
            121.59284590123,
            25.0445294816312
          ],
          [
            121.59277535988,
            25.0446896130308
          ],
          [
            121.592698477735,
            25.0450694754697
          ],
          [
            121.59281211713893,
            25.045663054426797
          ],
          [
            121.59281377063294,
            25.045685897537254
          ],
          [
            121.59281010172124,
            25.045708673866557
          ],
          [
            121.59280125121813,
            25.045730232218446
          ],
          [
            121.59278761713225,
            25.045749603110124
          ],
          [
            121.59276981259079,
            25.04576591542927
          ],
          [
            121.59274893950814,
            25.045778295899787
          ],
          [
            121.592203103086,
            25.0460302564994
          ],
          [
            121.590137588951,
            25.0465228513277
          ],
          [
            121.589552650566,
            25.0466176361113
          ],
          [
            121.588606286837,
            25.0466269709724
          ],
          [
            121.58788185095,
            25.0465716798617
          ],
          [
            121.587076569921,
            25.0464409916828
          ],
          [
            121.586808671311,
            25.0463778017442
          ],
          [
            121.58589038969089,
            25.04611558067137
          ],
          [
            121.5858587119407,
            25.046101464453976
          ],
          [
            121.58583280977604,
            25.046079327817377
          ],
          [
            121.58581521611578,
            25.046051205786693
          ],
          [
            121.58580749628412,
            25.04601960040501
          ],
          [
            121.58581033712169,
            25.045987323632406
          ],
          [
            121.58582330254872,
            25.045957534045233
          ],
          [
            121.586681062802,
            25.044620318527
          ],
          [
            121.58677888843675,
            25.044463712943593
          ],
          [
            121.58679354655698,
            25.04441667975311
          ],
          [
            121.58678866051693,
            25.044370199876553
          ],
          [
            121.586752396751,
            25.0442828214204
          ],
          [
            121.586639847631,
            25.0439840998022
          ],
          [
            121.586617654847,
            25.0436925582904
          ],
          [
            121.586631525337,
            25.0434096331064
          ],
          [
            121.586727033569,
            25.0431468136958
          ],
          [
            121.58679638602,
            25.042981294625
          ],
          [
            121.587108670199,
            25.0423579930389
          ],
          [
            121.587455828752,
            25.0418495834085
          ],
          [
            121.588188190633,
            25.0410539324686
          ],
          [
            121.588557541971,
            25.0406948825202
          ],
          [
            121.588704965467,
            25.0404851968642
          ],
          [
            121.58908855848647,
            25.03985371669963
          ],
          [
            121.58910071678223,
            25.039823796934126
          ],
          [
            121.58910278401652,
            25.039791622810096
          ],
          [
            121.58909440706542,
            25.039760312851467
          ],
          [
            121.58907632428505,
            25.0397326267614
          ],
          [
            121.5890501295167,
            25.039711004830263
          ],
          [
            121.58901835089623,
            25.03969741239329
          ],
          [
            121.587677756595,
            25.0393347917836
          ],
          [
            121.587371813212,
            25.0392802154942
          ],
          [
            121.586089387321,
            25.0389010532342
          ],
          [
            121.584212511852,
            25.0383380525648
          ],
          [
            121.5840555318481,
            25.03828339716901
          ],
          [
            121.583969976424,
            25.0382332077669
          ],
          [
            121.583854256906,
            25.0381254904155
          ],
          [
            121.581598518906,
            25.0372608757145
          ],
          [
            121.57879197746848,
            25.03615537968162
          ],
          [
            121.5787704994203,
            25.03614899202551
          ],
          [
            121.57874839034187,
            25.036146432346722
          ],
          [
            121.57872614596545,
            25.036147679731748
          ],
          [
            121.57870454679805,
            25.036152690412546
          ],
          [
            121.5786843507077,
            25.036161288575173
          ],
          [
            121.5786659545275,
            25.036173421976184
          ],
          [
            121.57842019516,
            25.0363689661237
          ],
          [
            121.578190341323,
            25.037655841658
          ],
          [
            121.577944635497,
            25.0390748360822
          ],
          [
            121.577931953906,
            25.039522936174
          ],
          [
            121.577939879901,
            25.0407537667838
          ],
          [
            121.577873301548,
            25.0417231987665
          ],
          [
            121.57785862325504,
            25.04540383308645
          ],
          [
            121.5778546006729,
            25.04543143216328
          ],
          [
            121.57784301767666,
            25.045457187639872
          ],
          [
            121.5778246360066,
            25.045479408483523
          ],
          [
            121.57780066452675,
            25.045496633348343
          ],
          [
            121.57777267971295,
            25.04550772944719
          ],
          [
            121.57774254230877,
            25.04551196659563
          ],
          [
            121.574826549308,
            25.0455764356059
          ],
          [
            121.572334616675,
            25.0456511151089
          ],
          [
            121.569967914754,
            25.0457085608495
          ],
          [
            121.568791697188,
            25.0457688788482
          ],
          [
            121.56711333594616,
            25.045819939165277
          ],
          [
            121.56709105837616,
            25.0458225573035
          ],
          [
            121.5670696914144,
            25.045828958783797
          ],
          [
            121.56705002634837,
            25.04583891406096
          ],
          [
            121.56703276570755,
            25.04585206748523
          ],
          [
            121.56701852612397,
            25.045867949153873
          ],
          [
            121.56700769930501,
            25.045886244070832
          ],
          [
            121.565924072421,
            25.0482131689711
          ],
          [
            121.56555093223014,
            25.0489465135726
          ],
          [
            121.56553820988606,
            25.04896603306962
          ],
          [
            121.56552155408014,
            25.04898251865433
          ],
          [
            121.56550154151842,
            25.04899553101875
          ],
          [
            121.56547902584184,
            25.04900451511714
          ],
          [
            121.56545496746241,
            25.049009087730468
          ],
          [
            121.56543030560458,
            25.049009045429198
          ],
          [
            121.562782208249,
            25.0487545826939
          ],
          [
            121.558706661939,
            25.0483596524954
          ],
          [
            121.556341545217,
            25.0481025881555
          ],
          [
            121.555601257342,
            25.0480954075796
          ],
          [
            121.553989110085,
            25.0482160411988
          ],
          [
            121.552736802973,
            25.0482433273581
          ],
          [
            121.549555308829,
            25.0482433273581
          ],
          [
            121.547507231881,
            25.0482562523788
          ],
          [
            121.545806313488,
            25.048277794077
          ],
          [
            121.544140269469,
            25.0483036441098
          ],
          [
            121.53657754881257,
            25.048421215380348
          ],
          [
            121.53654679613138,
            25.048418023740716
          ],
          [
            121.53651799860322,
            25.048407710218758
          ],
          [
            121.53649308863193,
            25.048390972229193
          ],
          [
            121.53647375012552,
            25.048368941256058
          ],
          [
            121.53646129036237,
            25.048343106587815
          ],
          [
            121.53645655105717,
            25.048315196847508
          ],
          [
            121.53640198352059,
            25.046190172949064
          ],
          [
            121.53639979907523,
            25.04617184054172
          ],
          [
            121.53639425220551,
            25.04615412658914
          ],
          [
            121.53638550220445,
            25.046137523439825
          ],
          [
            121.53637380106612,
            25.04612250925304
          ],
          [
            121.53635948577524,
            25.046109516427062
          ],
          [
            121.53634328338005,
            25.04609908719456
          ],
          [
            121.535627751505,
            25.0457186138513
          ],
          [
            121.53532497852,
            25.0455010379846
          ],
          [
            121.534744795732,
            25.0450946081037
          ],
          [
            121.534252591481,
            25.0447980426939
          ],
          [
            121.533177826643,
            25.0444763438111
          ],
          [
            121.529189466271,
            25.0435256037874
          ],
          [
            121.5288660857,
            25.0435370931368
          ],
          [
            121.526974943441,
            25.0440555489093
          ],
          [
            121.52524232107,
            25.0444705991806
          ],
          [
            121.524400580467,
            25.0446903311084
          ],
          [
            121.522642594914,
            25.0450938900285
          ],
          [
            121.520867172173,
            25.0455304789661
          ],
          [
            121.519933490035,
            25.0457559535652
          ],
          [
            121.519132964602,
            25.0459325989806
          ],
          [
            121.517772863967,
            25.0462629108632
          ],
          [
            121.5150817575343,
            25.046923923134003
          ],
          [
            121.51505437052431,
            25.046934181079656
          ],
          [
            121.51503045490992,
            25.046950423227948
          ],
          [
            121.51501171562118,
            25.046971579672938
          ],
          [
            121.51499932918288,
            25.04699632213141
          ],
          [
            121.51499407326344,
            25.047023097176385
          ],
          [
            121.51499624589317,
            25.047050078786732
          ],
          [
            121.51523757621375,
            25.048137247458836
          ],
          [
            121.51523937588112,
            25.048168876681064
          ],
          [
            121.51523103139255,
            25.048199770585484
          ],
          [
            121.5152132275774,
            25.048227130221747
          ],
          [
            121.51518749389588,
            25.04824860522438
          ],
          [
            121.51515604103366,
            25.04826235075505
          ],
          [
            121.51512157558876,
            25.04826718596223
          ],
          [
            121.51336681087692,
            25.04827595138443
          ],
          [
            121.51333577265439,
            25.048272354616774
          ],
          [
            121.51330683906231,
            25.048261502881243
          ],
          [
            121.5132820054298,
            25.048244146287267
          ],
          [
            121.51326298829055,
            25.048221484545692
          ],
          [
            121.51325110213448,
            25.048195084066194
          ],
          [
            121.51324716841494,
            25.048166774066104
          ],
          [
            121.513251876773,
            25.0474218676908
          ],
          [
            121.513215417199,
            25.0470771976598
          ],
          [
            121.51319956521,
            25.0460474901711
          ],
          [
            121.513202735608,
            25.0452245796433
          ],
          [
            121.513188468818,
            25.0441158677211
          ],
          [
            121.51317578831292,
            25.04243774344394
          ],
          [
            121.51317158922447,
            25.04240989137548
          ],
          [
            121.51315969462938,
            25.042383961715583
          ],
          [
            121.51314090197135,
            25.042361687697156
          ],
          [
            121.51311647121875,
            25.04234456269913
          ],
          [
            121.51308804035048,
            25.04233373488035
          ],
          [
            121.51305752052323,
            25.04232993022692
          ],
          [
            121.511609610737,
            25.0423220884731
          ],
          [
            121.509710542484,
            25.0422387898401
          ],
          [
            121.509190597253,
            25.0422071937921
          ],
          [
            121.508995617791,
            25.0421583635201
          ],
          [
            121.508819660716,
            25.0421511825961
          ],
          [
            121.508597732873,
            25.042200012871
          ],
          [
            121.507602227979,
            25.0424226212307
          ],
          [
            121.506061414672,
            25.0427701767006
          ],
          [
            121.504947019862,
            25.0430516671856
          ],
          [
            121.502852972147,
            25.0435457101482
          ],
          [
            121.502534347173,
            25.0436290078934
          ],
          [
            121.501469093528,
            25.0442494306987
          ],
          [
            121.500332505934,
            25.0448799034355
          ],
          [
            121.499641359224,
            25.0453035678044
          ],
          [
            121.497203323353,
            25.0466075831832
          ],
          [
            121.497045992365,
            25.0467152930845
          ],
          [
            121.495189724481,
            25.047697603018
          ],
          [
            121.494996330218,
            25.0477780257049
          ],
          [
            121.491772035705,
            25.0494999202205
          ],
          [
            121.490998458653,
            25.0498575082924
          ],
          [
            121.490583136548,
            25.050049944815
          ],
          [
            121.488909166535,
            25.050969040458
          ],
          [
            121.488246553405,
            25.0513567818656
          ],
          [
            121.486632820949,
            25.0522098086452
          ],
          [
            121.486092268132,
            25.052508510222
          ],
          [
            121.4853759762983,
            25.05280001864363
          ],
          [
            121.48535656582796,
            25.05280620201269
          ],
          [
            121.48533658961614,
            25.052809222721244
          ],
          [
            121.48531634123967,
            25.0528091096983
          ],
          [
            121.48529640703815,
            25.052805866216698
          ],
          [
            121.48527736425342,
            25.052799586199114
          ],
          [
            121.48525944237242,
            25.052790248848186
          ],
          [
            121.484752775082,
            25.0524726086286
          ],
          [
            121.484386594142,
            25.0521021035711
          ],
          [
            121.483931642065,
            25.0516526133739
          ],
          [
            121.483592409505,
            25.0513926837857
          ],
          [
            121.481791623582,
            25.0504908243662
          ],
          [
            121.480047904819,
            25.0496607631771
          ],
          [
            121.479236282994,
            25.0492643997962
          ],
          [
            121.477957027501,
            25.0486483106929
          ],
          [
            121.476752276356,
            25.0480839186572
          ],
          [
            121.476465355359,
            25.0479245097491
          ],
          [
            121.476175263965,
            25.0478010036058
          ],
          [
            121.474978438814,
            25.0474793126018
          ],
          [
            121.47323472005,
            25.0469536906629
          ],
          [
            121.47234700868,
            25.0466808259264
          ],
          [
            121.470256131362,
            25.0459814277497
          ],
          [
            121.469986647553,
            25.0458808979098
          ],
          [
            121.469637903801,
            25.0457056885631
          ],
          [
            121.469379516384,
            25.045557765723
          ],
          [
            121.469019676239,
            25.0453035678044
          ],
          [
            121.468334870325,
            25.0446386295137
          ],
          [
            121.467621530831,
            25.0439420920162
          ],
          [
            121.466935139717,
            25.0432828910293
          ],
          [
            121.46629630457,
            25.0426811336575
          ],
          [
            121.465800137322,
            25.0422804391637
          ],
          [
            121.46550687553,
            25.0421052246725
          ],
          [
            121.464078611343,
            25.0412291484617
          ],
          [
            121.462886541788,
            25.040500995111
          ],
          [
            121.461982978429,
            25.0399336931533
          ],
          [
            121.460618122197,
            25.03908919829
          ],
          [
            121.460518254668,
            25.0390303132273
          ],
          [
            121.460097913981,
            25.0387687598997
          ],
          [
            121.45969411058,
            25.0385124466169
          ],
          [
            121.458934707315,
            25.0380363325332
          ],
          [
            121.458313592886,
            25.0376518601123
          ],
          [
            121.457499664309,
            25.0371592754359
          ],
          [
            121.457083217357,
            25.0369573724243
          ],
          [
            121.456556139337,
            25.0368492611007
          ],
          [
            121.455760385864,
            25.0367705044473
          ],
          [
            121.455034171919,
            25.0367160907299
          ],
          [
            121.454653284954,
            25.0366523693724
          ],
          [
            121.454032960747,
            25.0365306543277
          ],
          [
            121.453584904919,
            25.0364325662332
          ],
          [
            121.45229670411551,
            25.036152006556723
          ],
          [
            121.45226433641065,
            25.03614907515718
          ],
          [
            121.45223248872614,
            25.036154198552858
          ],
          [
            121.45220332957551,
            25.03616695788883
          ],
          [
            121.45217901324827,
            25.036186410500324
          ],
          [
            121.45216133624429,
            25.036211119220738
          ],
          [
            121.45215158141258,
            25.036239383169065
          ],
          [
            121.452064517945,
            25.036703203267
          ],
          [
            121.452064517945,
            25.0370855307575
          ],
          [
            121.452055825504,
            25.0382683041372
          ],
          [
            121.452076371274,
            25.0386785491406
          ],
          [
            121.452245093159,
            25.039570422214
          ],
          [
            121.452499558349,
            25.0402047895744
          ],
          [
            121.452670057929,
            25.0411498906172
          ],
          [
            121.452700878247,
            25.0416310301686
          ],
          [
            121.452709768723,
            25.0422424756248
          ],
          [
            121.452639435177,
            25.0430694256953
          ],
          [
            121.452652869674,
            25.0433701334293
          ],
          [
            121.45270064659,
            25.0436636680375
          ],
          [
            121.452833403873,
            25.0439886996303
          ],
          [
            121.453036115974,
            25.0443298556474
          ],
          [
            121.45315342069,
            25.04450506696
          ],
          [
            121.453609957967,
            25.0451111238319
          ],
          [
            121.453712995894,
            25.045316493135
          ],
          [
            121.45377481865,
            25.0455678187372
          ],
          [
            121.453766892655,
            25.0459225459963
          ],
          [
            121.453655928734,
            25.0462787083595
          ],
          [
            121.453056723559,
            25.0472495328016
          ],
          [
            121.452944174439,
            25.0475468103378
          ],
          [
            121.452796750943,
            25.0480753019648
          ],
          [
            121.452693713016,
            25.0486583634537
          ],
          [
            121.45271619855313,
            25.049175455289383
          ],
          [
            121.45271299160413,
            25.049205106730682
          ],
          [
            121.45270105342095,
            25.049232872121248
          ],
          [
            121.45268128382718,
            25.049256625610614
          ],
          [
            121.45265517507443,
            25.049274574234072
          ],
          [
            121.4526246979078,
            25.049285363190734
          ],
          [
            121.45259211654685,
            25.0492881766736
          ],
          [
            121.450862808315,
            25.0492198806408
          ],
          [
            121.449555019242,
            25.0491825419818
          ],
          [
            121.447446704737,
            25.0491523838259
          ],
          [
            121.44498841867224,
            25.049083906576634
          ],
          [
            121.44495722034435,
            25.049086802998094
          ],
          [
            121.44492795741898,
            25.049097023761977
          ],
          [
            121.44490263354866,
            25.049113859385155
          ],
          [
            121.4448830048372,
            25.049136142388047
          ],
          [
            121.44487043245304,
            25.04916232753823
          ],
          [
            121.44486578811478,
            25.049190611716014
          ],
          [
            121.444846978581,
            25.0502165314116
          ],
          [
            121.444750281449,
            25.0527038147056
          ],
          [
            121.4446996047145,
            25.05416717653515
          ],
          [
            121.4447028163497,
            25.054195853706286
          ],
          [
            121.44471420046163,
            25.054222769747803
          ],
          [
            121.44473295383987,
            25.05424599965672
          ],
          [
            121.44475775197532,
            25.05426390275663
          ],
          [
            121.44478684343127,
            25.054275214591694
          ],
          [
            121.44481817095769,
            25.054279136224757
          ],
          [
            121.446872862744,
            25.0542849079282
          ],
          [
            121.44773219536694,
            25.054268636394756
          ],
          [
            121.44776334800962,
            25.05427180920581
          ],
          [
            121.44779249634612,
            25.054282285695958
          ],
          [
            121.44781763733167,
            25.054299339333735
          ],
          [
            121.44783702826626,
            25.05432178801058
          ],
          [
            121.44784932502675,
            25.0543480756495
          ],
          [
            121.44785367517387,
            25.05437638560759
          ],
          [
            121.44786335987335,
            25.05558858826663
          ],
          [
            121.44785948432752,
            25.055616864266128
          ],
          [
            121.44784767368215,
            25.055643250836635
          ],
          [
            121.44782874201883,
            25.05566592357223
          ],
          [
            121.44780399432449,
            25.0556833196084
          ],
          [
            121.44777513649363,
            25.055694239811135
          ],
          [
            121.44774415625547,
            25.055697931432817
          ],
          [
            121.445105250377,
            25.0556936832467
          ],
          [
            121.44501339429884,
            25.055692022641956
          ]
        ]
      }
    },
    {
      "type": "Feature",
      "properties": {
        "feature_type": "route",
        "ref": "257",
        "name": "257",
        "name_en": "257",
        "color": "#7c3aed",
        "direction": 0
      },
      "geometry": {
        "type": "LineString",
        "coordinates": [
          [
            121.442926730331,
            25.0556099914207
          ],
          [
            121.444744863297,
            25.0556334697382
          ],
          [
            121.44767430119978,
            25.055648471860728
          ],
          [
            121.44770519591064,
            25.05564491404953
          ],
          [
            121.44773401687834,
            25.055634167875077
          ],
          [
            121.44775879569403,
            25.055616969059628
          ],
          [
            121.44777783596558,
            25.055594495057957
          ],
          [
            121.4477898341696,
            25.055568284471406
          ],
          [
            121.44779396900165,
            25.0555401301991
          ],
          [
            121.44779632304659,
            25.054462455805055
          ],
          [
            121.44779230509242,
            25.054434268659488
          ],
          [
            121.44778040373117,
            25.054407997958513
          ],
          [
            121.44776143498582,
            25.054385446488567
          ],
          [
            121.4477366994639,
            25.054368160509583
          ],
          [
            121.44770789317661,
            25.0543573252488
          ],
          [
            121.44767698886537,
            25.05435368364119
          ],
          [
            121.44471650567901,
            25.054361357172983
          ],
          [
            121.44468501730859,
            25.054357572540436
          ],
          [
            121.44465574996639,
            25.054346324971778
          ],
          [
            121.44463078596614,
            25.054328415632764
          ],
          [
            121.44461190348301,
            25.05430512019799
          ],
          [
            121.44460044750821,
            25.054278097991382
          ],
          [
            121.44459723306443,
            25.05424929846926
          ],
          [
            121.444655061018,
            25.052626613367
          ],
          [
            121.444711407546,
            25.0515240277098
          ],
          [
            121.44479253432937,
            25.049107689478785
          ],
          [
            121.44479761095253,
            25.049079452085522
          ],
          [
            121.44481058477045,
            25.049053425567237
          ],
          [
            121.44483055659889,
            25.04903139205452
          ],
          [
            121.44485614104573,
            25.049014879952995
          ],
          [
            121.44488556338656,
            25.049005034662837
          ],
          [
            121.44491682009732,
            25.04900254066189
          ],
          [
            121.446602604162,
            25.049071269342
          ],
          [
            121.447347016374,
            25.0490712495103
          ],
          [
            121.448817660744,
            25.049127401069
          ],
          [
            121.44970370989,
            25.0491325057548
          ],
          [
            121.450044606382,
            25.049151648325
          ],
          [
            121.45247638470502,
            25.049217854647527
          ],
          [
            121.45250780412388,
            25.049214889614237
          ],
          [
            121.45253723942643,
            25.049204497870612
          ],
          [
            121.45256264458787,
            25.04918741125935
          ],
          [
            121.45258223211184,
            25.04916483198717
          ],
          [
            121.45259462382843,
            25.04913834872208
          ],
          [
            121.45259894798659,
            25.049109821458664
          ],
          [
            121.452601330072,
            25.048618207585
          ],
          [
            121.452639363978,
            25.0482634299226
          ],
          [
            121.452668945905,
            25.0480477552304
          ],
          [
            121.452845028804,
            25.0475117573107
          ],
          [
            121.453277488403,
            25.0467179656107
          ],
          [
            121.453412720069,
            25.0464856976141
          ],
          [
            121.453581759652,
            25.0461870666862
          ],
          [
            121.453656418801,
            25.0458909874413
          ],
          [
            121.453673322759,
            25.0455630022708
          ],
          [
            121.45360860641935,
            25.045337454925956
          ],
          [
            121.453533865103,
            25.0451929012193
          ],
          [
            121.453381729479,
            25.0449440395394
          ],
          [
            121.453184516632,
            25.044670929217
          ],
          [
            121.4525172222592,
            25.044104369888483
          ],
          [
            121.45249999936743,
            25.044085925402847
          ],
          [
            121.45248753925902,
            25.044064099683553
          ],
          [
            121.45248078718662,
            25.04404027428951
          ],
          [
            121.45248009012634,
            25.04401567356222
          ],
          [
            121.45248548389874,
            25.043991561686077
          ],
          [
            121.45249650131969,
            25.043969466488132
          ],
          [
            121.45269937734916,
            25.04366276396183
          ],
          [
            121.4527058305593,
            25.043654949949097
          ],
          [
            121.45271381332796,
            25.043648632768335
          ],
          [
            121.45272305912141,
            25.043643964478886
          ],
          [
            121.45273316541946,
            25.04364114831704
          ],
          [
            121.45274369223944,
            25.043640306885806
          ],
          [
            121.45275425735525,
            25.043641492845573
          ],
          [
            121.454387514996,
            25.0439843220749
          ],
          [
            121.455012961453,
            25.0441119445112
          ],
          [
            121.456027198949,
            25.044240843037
          ],
          [
            121.457814792537,
            25.0443505981105
          ],
          [
            121.45965418225745,
            25.044448830194398
          ],
          [
            121.45968620252883,
            25.044446592179646
          ],
          [
            121.4597163570958,
            25.04443664350734
          ],
          [
            121.45974250483401,
            25.044419709342996
          ],
          [
            121.45976274670925,
            25.044397019565736
          ],
          [
            121.45977561261296,
            25.044370222068096
          ],
          [
            121.45978016828946,
            25.044341257451986
          ],
          [
            121.459792555655,
            25.0428133800223
          ],
          [
            121.459792555655,
            25.0426334304432
          ],
          [
            121.459781990682,
            25.0423099034082
          ],
          [
            121.459849606515,
            25.0413833478873
          ],
          [
            121.459898205395,
            25.0404491277955
          ],
          [
            121.459927787322,
            25.0401198518047
          ],
          [
            121.459991177165,
            25.0397542012674
          ],
          [
            121.46028720091806,
            25.038914541981306
          ],
          [
            121.46030377575904,
            25.03888438630642
          ],
          [
            121.46032950125328,
            25.0388604614796
          ],
          [
            121.46036199926743,
            25.038844836923982
          ],
          [
            121.4603981720496,
            25.038839001991985
          ],
          [
            121.46043457156442,
            25.038843512876714
          ],
          [
            121.46046804991195,
            25.038858141269742
          ],
          [
            121.462033386625,
            25.0398346061911
          ],
          [
            121.463728008442,
            25.0408970948751
          ],
          [
            121.465441647212,
            25.0419461737698
          ],
          [
            121.466109353564,
            25.0424017928304
          ],
          [
            121.46766663072,
            25.0438681855425
          ],
          [
            121.469101354179,
            25.0452733025772
          ],
          [
            121.469378156496,
            25.0454513339678
          ],
          [
            121.46982611139,
            25.0457193377241
          ],
          [
            121.470058540817,
            25.0458035673552
          ],
          [
            121.473321004764,
            25.0469004615851
          ],
          [
            121.475366383716,
            25.0474958049558
          ],
          [
            121.476253841525,
            25.047731261504
          ],
          [
            121.477526392634,
            25.0483203794637
          ],
          [
            121.478676918294,
            25.0488535024559
          ],
          [
            121.479344624646,
            25.0491760550976
          ],
          [
            121.480697997806,
            25.0498144579724
          ],
          [
            121.481517839782,
            25.0502193204416
          ],
          [
            121.482647235495,
            25.0507639205667
          ],
          [
            121.48318393617,
            25.0510118133198
          ],
          [
            121.483303320375,
            25.0510338269377
          ],
          [
            121.483507224372,
            25.0511094388996
          ],
          [
            121.484167535242,
            25.051441556711598
          ],
          [
            121.485312778416,
            25.0521976717169
          ],
          [
            121.485546264339,
            25.0522847682091
          ],
          [
            121.485913925432,
            25.0523067815984
          ],
          [
            121.486242496121,
            25.0522704116487
          ],
          [
            121.486380897279,
            25.0522206422263
          ],
          [
            121.487215530219,
            25.0517765449476
          ],
          [
            121.487275750571,
            25.0517114615905
          ],
          [
            121.488012129253,
            25.0513506311753
          ],
          [
            121.488429445723,
            25.0511410236294
          ],
          [
            121.488889022089,
            25.0508873884485
          ],
          [
            121.48950812956,
            25.0505485693126
          ],
          [
            121.490067016681,
            25.0502518625206
          ],
          [
            121.490612169335,
            25.0499541978883
          ],
          [
            121.490919610077,
            25.0497838300243
          ],
          [
            121.491180564932,
            25.0496125047987
          ],
          [
            121.491585203434,
            25.0493674805964
          ],
          [
            121.492302565163,
            25.0489645295737
          ],
          [
            121.493109729171,
            25.0485309489656
          ],
          [
            121.494727226678,
            25.0476398546457
          ],
          [
            121.494875664562,
            25.0475508405716
          ],
          [
            121.49642026375,
            25.0467209965776
          ],
          [
            121.496917874021,
            25.0464874523877
          ],
          [
            121.498112772572,
            25.0458423321091
          ],
          [
            121.499226320824,
            25.045246023551
          ],
          [
            121.499558061005,
            25.0450823492662
          ],
          [
            121.500481439726,
            25.0446544979108
          ],
          [
            121.50159393148,
            25.0440993418015
          ],
          [
            121.50249624077881,
            25.04357159286872
          ],
          [
            121.50251385511898,
            25.04355891500782
          ],
          [
            121.50252876853206,
            25.0435431625806
          ],
          [
            121.50254011253091,
            25.043525102738077
          ],
          [
            121.50254747004223,
            25.04350539946812
          ],
          [
            121.50255057055989,
            25.043484777180854
          ],
          [
            121.50254931892735,
            25.043464106440336
          ],
          [
            121.50226838063345,
            25.04178837770883
          ],
          [
            121.50226787757427,
            25.041759163661407
          ],
          [
            121.50227597941503,
            25.041730780158797
          ],
          [
            121.50229211352347,
            25.041705411505742
          ],
          [
            121.5023151021471,
            25.04168490955507
          ],
          [
            121.5023432671697,
            25.041670770901593
          ],
          [
            121.50237447249293,
            25.041664034724707
          ],
          [
            121.504453869921,
            25.0414805025396
          ],
          [
            121.505916062312,
            25.0416374813224
          ],
          [
            121.506144265749,
            25.0416259950768
          ],
          [
            121.5070613837091,
            25.04143530161153
          ],
          [
            121.50708771024235,
            25.04143254755796
          ],
          [
            121.50711387437593,
            25.041435142003778
          ],
          [
            121.50713877331107,
            25.041442920972447
          ],
          [
            121.50716118880295,
            25.041455503857808
          ],
          [
            121.50718002411566,
            25.04147227500965
          ],
          [
            121.50719450728423,
            25.041492687008898
          ],
          [
            121.50760687537242,
            25.042241922251883
          ],
          [
            121.50760983405178,
            25.042246072772997
          ],
          [
            121.50761369191989,
            25.042249467792722
          ],
          [
            121.50761828382274,
            25.042251990277027
          ],
          [
            121.50762337746458,
            25.042253512618153
          ],
          [
            121.5076287151676,
            25.042253957803712
          ],
          [
            121.50763406552994,
            25.042253294399266
          ],
          [
            121.507681469454,
            25.04224242207
          ],
          [
            121.508640769087,
            25.0420280130325
          ],
          [
            121.509006317184,
            25.0418250898482
          ],
          [
            121.509067594033,
            25.0417360715529
          ],
          [
            121.510377650799,
            25.0412881075377
          ],
          [
            121.51119574389507,
            25.041082616629446
          ],
          [
            121.51121624250979,
            25.04107933441466
          ],
          [
            121.51123685725133,
            25.041079694234178
          ],
          [
            121.51125701815648,
            25.041083635640536
          ],
          [
            121.51127598469073,
            25.041091013861106
          ],
          [
            121.51129306019037,
            25.04110155788491
          ],
          [
            121.51130785234109,
            25.041115142204802
          ],
          [
            121.51145859567534,
            25.04128215361134
          ],
          [
            121.511477464585,
            25.0413541536172
          ],
          [
            121.511549306408,
            25.0421888198457
          ],
          [
            121.511517611486,
            25.044062969417
          ],
          [
            121.511488029559,
            25.044430521438098
          ],
          [
            121.511327441955,
            25.0459102900432
          ],
          [
            121.51114992368247,
            25.047425998629407
          ],
          [
            121.5111512306329,
            25.047457120626508
          ],
          [
            121.51116220906397,
            25.0474866948468
          ],
          [
            121.51118196003658,
            25.04751219474654
          ],
          [
            121.51120884955495,
            25.047531510721804
          ],
          [
            121.51124065305217,
            25.047543044764087
          ],
          [
            121.51127478510033,
            25.04754584038489
          ],
          [
            121.511713063503,
            25.0475240406226
          ],
          [
            121.513218572287,
            25.0471411835695
          ],
          [
            121.51500827887,
            25.0467209965776
          ],
          [
            121.517091691728,
            25.0461955215248
          ],
          [
            121.517336799123,
            25.0461304352049
          ],
          [
            121.51881272598,
            25.045752359575
          ],
          [
            121.519941065195,
            25.0455398709878
          ],
          [
            121.52013334772,
            25.0454843558908
          ],
          [
            121.522647811514,
            25.0448775168125
          ],
          [
            121.523651484037,
            25.0446554550743
          ],
          [
            121.526770264339,
            25.0438935505363
          ],
          [
            121.527418953738,
            25.0437174312257
          ],
          [
            121.528693089593,
            25.043362320325
          ],
          [
            121.529388264877,
            25.0434446372291
          ],
          [
            121.530656061748,
            25.0437719899522
          ],
          [
            121.532629598876,
            25.0442716318975
          ],
          [
            121.533924864679,
            25.044593239429
          ],
          [
            121.534533407177,
            25.0448191299289
          ],
          [
            121.534674977828,
            25.044834444524
          ],
          [
            121.535125045717,
            25.0452421949153
          ],
          [
            121.536048424438,
            25.0458452035719
          ],
          [
            121.536411859541,
            25.0460002624614
          ],
          [
            121.539684888462,
            25.0465075525199
          ],
          [
            121.540380063747,
            25.0466319818363
          ],
          [
            121.542045103637,
            25.0470665263048
          ],
          [
            121.543748177433,
            25.047487669254
          ],
          [
            121.54614383074774,
            25.0480877043531
          ],
          [
            121.54636003802119,
            25.048130032958014
          ],
          [
            121.54664312296823,
            25.048159911964436
          ],
          [
            121.549206042962,
            25.0481461807842
          ],
          [
            121.553510213338,
            25.0481461807842
          ],
          [
            121.55391904739987,
            25.04813833268276
          ],
          [
            121.55503856133281,
            25.048070274923308
          ],
          [
            121.55575131242925,
            25.04800387707281
          ],
          [
            121.556250767574,
            25.0479758104077
          ],
          [
            121.557795366761,
            25.048157666419
          ],
          [
            121.560878226152,
            25.048467778153
          ],
          [
            121.562667932735,
            25.0486400621107
          ],
          [
            121.56534892752148,
            25.048913555552215
          ],
          [
            121.56537437988784,
            25.04891367158007
          ],
          [
            121.56539918885132,
            25.048908872525892
          ],
          [
            121.56542231959443,
            25.048899385826818
          ],
          [
            121.56544272137921,
            25.048885642426004
          ],
          [
            121.56545946743336,
            25.04886826663171
          ],
          [
            121.56547191383866,
            25.048847795741533
          ],
          [
            121.56692725435002,
            25.04571489024438
          ],
          [
            121.56693809690447,
            25.045696541380497
          ],
          [
            121.56695237237112,
            25.04568061574945
          ],
          [
            121.5669696846407,
            25.045667433314563
          ],
          [
            121.5669894119307,
            25.045657467532408
          ],
          [
            121.56701084572144,
            25.04565107633116
          ],
          [
            121.56703319005153,
            25.045648490000712
          ],
          [
            121.568798787102,
            25.0455982575282
          ],
          [
            121.570472278972,
            25.045565714214
          ],
          [
            121.575446268695,
            25.0454795701054
          ],
          [
            121.57761342910979,
            25.045388530787044
          ],
          [
            121.57764255500727,
            25.045383945313667
          ],
          [
            121.57766957652382,
            25.045372933228414
          ],
          [
            121.57769278344074,
            25.045356177413037
          ],
          [
            121.5777107400755,
            25.04533471445639
          ],
          [
            121.57772233555127,
            25.045309872151922
          ],
          [
            121.57772685329772,
            25.04528316566772
          ],
          [
            121.577755771994,
            25.0443596911864
          ],
          [
            121.577757884989,
            25.0433163759824
          ],
          [
            121.577764223974,
            25.0415455913276
          ],
          [
            121.577791692906,
            25.0396714032849
          ],
          [
            121.57775589929952,
            25.039613389352837
          ],
          [
            121.57769360228852,
            25.039545326861862
          ],
          [
            121.575570935387,
            25.0380096886057
          ],
          [
            121.574833500207,
            25.0374755612491
          ],
          [
            121.57469601670051,
            25.037393038611555
          ],
          [
            121.57460531958155,
            25.037321654705906
          ],
          [
            121.574575714844,
            25.0372439138947
          ],
          [
            121.5744733438687,
            25.033693814089382
          ],
          [
            121.57447982137245,
            25.033655541181872
          ],
          [
            121.57450062406238,
            25.0336217628415
          ],
          [
            121.57453310245708,
            25.03359680208134
          ],
          [
            121.5745731191283,
            25.033583838656895
          ],
          [
            121.57461557634547,
            25.033584523981
          ],
          [
            121.57465538410418,
            25.03359895219477
          ],
          [
            121.574977183853,
            25.0337806380658
          ],
          [
            121.576845071242,
            25.0351820417208
          ],
          [
            121.577910020614,
            25.0360473813382
          ],
          [
            121.57893445821279,
            25.036334539088543
          ],
          [
            121.57894991479718,
            25.036337657239784
          ],
          [
            121.57896553280384,
            25.036338420584148
          ],
          [
            121.5789810793995,
            25.03633685997628
          ],
          [
            121.5789961419806,
            25.036333016834394
          ],
          [
            121.57901032078925,
            25.036326993154717
          ],
          [
            121.5790234959796,
            25.036318758796103
          ],
          [
            121.579196834438,
            25.0361909658612
          ],
          [
            121.580823840422,
            25.0367978479221
          ],
          [
            121.583784146115,
            25.0379120525959
          ],
          [
            121.58391566895085,
            25.037996756648354
          ],
          [
            121.5840243833426,
            25.03808972121494
          ],
          [
            121.58412332565418,
            25.038226954493982
          ],
          [
            121.584177163145,
            25.0382681364916
          ],
          [
            121.585975321707,
            25.0388290622519
          ],
          [
            121.587477660999,
            25.0392655487821
          ],
          [
            121.587694242964,
            25.0392598055484
          ],
          [
            121.58846548606,
            25.0394770910372
          ],
          [
            121.58921965399931,
            25.0396909956129
          ],
          [
            121.5892544642625,
            25.039707071337126
          ],
          [
            121.58928183950776,
            25.03973273522634
          ],
          [
            121.58929857326582,
            25.039765129551952
          ],
          [
            121.58930284445805,
            25.039800728948446
          ],
          [
            121.58929418826497,
            25.039835659253207
          ],
          [
            121.58927381927198,
            25.03986583421773
          ],
          [
            121.588936683897,
            25.0402160502597
          ],
          [
            121.588738062388,
            25.0405520263613
          ],
          [
            121.588551062349,
            25.0408171692447
          ],
          [
            121.588331310891,
            25.0410143509452
          ],
          [
            121.587935124369,
            25.041409670584
          ],
          [
            121.587510412418,
            25.0418796494166
          ],
          [
            121.587185011221,
            25.0422931527249
          ],
          [
            121.58685327104,
            25.0430129514541
          ],
          [
            121.586745508306,
            25.0432713887969
          ],
          [
            121.58667472298,
            25.0436130995584
          ],
          [
            121.586690570441,
            25.043838034694
          ],
          [
            121.586755016782,
            25.0441902727157
          ],
          [
            121.58685385449658,
            25.04442288721866
          ],
          [
            121.58685591423836,
            25.04442943772871
          ],
          [
            121.58685668847046,
            25.04443630762527
          ],
          [
            121.58685611649368,
            25.04444319399799
          ],
          [
            121.58685421640294,
            25.0444498789906
          ],
          [
            121.58685104830927,
            25.044456151117664
          ],
          [
            121.58684680701928,
            25.04446170892612
          ],
          [
            121.586784598709,
            25.0445291094231
          ],
          [
            121.58592493417969,
            25.045917455091978
          ],
          [
            121.58591247992138,
            25.045947362103355
          ],
          [
            121.58591015085537,
            25.045979607621906
          ],
          [
            121.58591832865079,
            25.046011049963088
          ],
          [
            121.58593628864921,
            25.046038902929016
          ],
          [
            121.58596243936262,
            25.04606069838687
          ],
          [
            121.5859942420083,
            25.04607444398628
          ],
          [
            121.58697054225,
            25.0463419656183
          ],
          [
            121.587788271232,
            25.046493195283
          ],
          [
            121.588561627323,
            25.046562110005
          ],
          [
            121.589850554142,
            25.0465353098399
          ],
          [
            121.591331763486,
            25.0461715927347
          ],
          [
            121.5926000347013,
            25.04584728644713
          ],
          [
            121.59262492738205,
            25.045837990789064
          ],
          [
            121.5926470583415,
            25.045823698990688
          ],
          [
            121.59266506838081,
            25.04580520709216
          ],
          [
            121.59267802229334,
            25.04578347532162
          ],
          [
            121.59268524742176,
            25.04575963214389
          ],
          [
            121.5926863730575,
            25.045734970711205
          ],
          [
            121.592654498221,
            25.0453369536148
          ],
          [
            121.59261012533,
            25.0450708633433
          ],
          [
            121.592681967153,
            25.0446899129566
          ],
          [
            121.5929360620378,
            25.04423997585305
          ],
          [
            121.59294335572017,
            25.04422389400861
          ],
          [
            121.5929477897307,
            25.044206648886323
          ],
          [
            121.59294909088372,
            25.044188975436327
          ],
          [
            121.59294722453724,
            25.044171344197512
          ],
          [
            121.59294224038095,
            25.044154224584936
          ],
          [
            121.5929344415709,
            25.044138354867588
          ],
          [
            121.592762260955,
            25.0438543065814
          ],
          [
            121.592702040604,
            25.0436877589257
          ],
          [
            121.592842554757,
            25.0426559241551
          ],
          [
            121.592931300538,
            25.0423055960899
          ],
          [
            121.593209159352,
            25.041514004126
          ],
          [
            121.593260927724,
            25.0410449810838
          ],
          [
            121.59291543419073,
            25.040493906931292
          ],
          [
            121.59290995588033,
            25.04048250727352
          ],
          [
            121.59290713218282,
            25.040470143665253
          ],
          [
            121.59290718554624,
            25.04045751457162
          ],
          [
            121.59291011364148,
            25.040445171195742
          ],
          [
            121.5929157886704,
            25.04043365227044
          ],
          [
            121.59292380759688,
            25.040423617439018
          ],
          [
            121.593018989821,
            25.0403280423958
          ],
          [
            121.59373090832662,
            25.03954778946946
          ],
          [
            121.59374559113546,
            25.039527214378804
          ],
          [
            121.59375492696185,
            25.039503790369448
          ],
          [
            121.59375816127987,
            25.03947904095232
          ],
          [
            121.59375512359111,
            25.039454270802413
          ],
          [
            121.59374597402858,
            25.039430785687674
          ],
          [
            121.59373145426402,
            25.039410113242415
          ],
          [
            121.593319035081,
            25.0389515849435
          ],
          [
            121.593117244079,
            25.0388673506061
          ],
          [
            121.5915749919205,
            25.038738347706346
          ],
          [
            121.59154407234846,
            25.038739428493002
          ],
          [
            121.59151457325767,
            25.038747718264744
          ],
          [
            121.59148840399597,
            25.03876265270558
          ],
          [
            121.59146732584114,
            25.038783226678287
          ],
          [
            121.59145275742263,
            25.038808055486523
          ],
          [
            121.59144567090476,
            25.03883554421853
          ],
          [
            121.591375079879,
            25.0394684762014
          ],
          [
            121.591152158929,
            25.0400715132491
          ],
          [
            121.59063518786154,
            25.040442683773172
          ],
          [
            121.59061772337037,
            25.04045823763599
          ],
          [
            121.59060391390797,
            25.040477043650778
          ],
          [
            121.59059467920689,
            25.040498053819366
          ],
          [
            121.59059042080432,
            25.040520354591358
          ],
          [
            121.59059132386132,
            25.040542976299175
          ],
          [
            121.59059725741002,
            25.04056470497329
          ],
          [
            121.59095630961916,
            25.041462027932432
          ],
          [
            121.59097465555746,
            25.04149215915582
          ],
          [
            121.59100220556464,
            25.041515388529152
          ],
          [
            121.59103631294624,
            25.04152963737225
          ],
          [
            121.59107358732997,
            25.041533489308907
          ],
          [
            121.5911103235343,
            25.04152656144549
          ],
          [
            121.5911431879805,
            25.04150930769205
          ],
          [
            121.591557853928,
            25.0412048319956
          ],
          [
            121.591583630657,
            25.0411503715373
          ],
          [
            121.59215064597166,
            25.03996822345771
          ],
          [
            121.59216602956687,
            25.039944623366466
          ],
          [
            121.59218716804237,
            25.03992547035276
          ],
          [
            121.59221285857443,
            25.03991170885634
          ],
          [
            121.59224149055918,
            25.039904201619915
          ],
          [
            121.59227126898575,
            25.03990341929095
          ],
          [
            121.59230057953839,
            25.039909494792663
          ],
          [
            121.59259931560223,
            25.040008059323494
          ]
        ]
      }
    },
    {
      "type": "Feature",
      "properties": {
        "feature_type": "route",
        "ref": "257",
        "name": "257",
        "name_en": "257",
        "color": "#7c3aed",
        "direction": 1
      },
      "geometry": {
        "type": "LineString",
        "coordinates": [
          [
            121.5925628342935,
            25.039996069683163
          ],
          [
            121.59259931560223,
            25.040008059323494
          ],
          [
            121.592743244002,
            25.040062898455
          ],
          [
            121.592923905056,
            25.0403481435376
          ],
          [
            121.593021858305,
            25.0404895054771
          ],
          [
            121.593327801688,
            25.0409921759523
          ],
          [
            121.593350787072,
            25.041051778172
          ],
          [
            121.593320668293,
            25.0413469164476
          ],
          [
            121.593295305111,
            25.0415400844235
          ],
          [
            121.593052769683,
            25.0421978585945
          ],
          [
            121.592971924541,
            25.0424542172232
          ],
          [
            121.592882360804,
            25.0430193532597
          ],
          [
            121.592837975236,
            25.0432706835701
          ],
          [
            121.59278962667,
            25.0435277580405
          ],
          [
            121.592784871073,
            25.0436663482436
          ],
          [
            121.59303702974613,
            25.04423315764692
          ],
          [
            121.59304313221786,
            25.044251561508982
          ],
          [
            121.59304556975796,
            25.044270924716454
          ],
          [
            121.59304415467204,
            25.044290372411442
          ],
          [
            121.59303893301193,
            25.04430927169826
          ],
          [
            121.59303007470861,
            25.04432700752832
          ],
          [
            121.59301813102542,
            25.0443427159578
          ],
          [
            121.59284590123,
            25.0445294816312
          ],
          [
            121.59277535988,
            25.0446896130308
          ],
          [
            121.592698477735,
            25.0450694754697
          ],
          [
            121.59281211713893,
            25.045663054426797
          ],
          [
            121.59281377063294,
            25.045685897537254
          ],
          [
            121.59281010172124,
            25.045708673866557
          ],
          [
            121.59280125121813,
            25.045730232218446
          ],
          [
            121.59278761713225,
            25.045749603110124
          ],
          [
            121.59276981259079,
            25.04576591542927
          ],
          [
            121.59274893950814,
            25.045778295899787
          ],
          [
            121.592203103086,
            25.0460302564994
          ],
          [
            121.590137588951,
            25.0465228513277
          ],
          [
            121.589552650566,
            25.0466176361113
          ],
          [
            121.588606286837,
            25.0466269709724
          ],
          [
            121.58788185095,
            25.0465716798617
          ],
          [
            121.587076569921,
            25.0464409916828
          ],
          [
            121.586808671311,
            25.0463778017442
          ],
          [
            121.58589038969089,
            25.04611558067137
          ],
          [
            121.5858587119407,
            25.046101464453976
          ],
          [
            121.58583280977604,
            25.046079327817377
          ],
          [
            121.58581521611578,
            25.046051205786693
          ],
          [
            121.58580749628412,
            25.04601960040501
          ],
          [
            121.58581033712169,
            25.045987323632406
          ],
          [
            121.58582330254872,
            25.045957534045233
          ],
          [
            121.586681062802,
            25.044620318527
          ],
          [
            121.58677888843675,
            25.044463712943593
          ],
          [
            121.58679354655698,
            25.04441667975311
          ],
          [
            121.58678866051693,
            25.044370199876553
          ],
          [
            121.586752396751,
            25.0442828214204
          ],
          [
            121.586639847631,
            25.0439840998022
          ],
          [
            121.586617654847,
            25.0436925582904
          ],
          [
            121.586631525337,
            25.0434096331064
          ],
          [
            121.586727033569,
            25.0431468136958
          ],
          [
            121.58679638602,
            25.042981294625
          ],
          [
            121.587108670199,
            25.0423579930389
          ],
          [
            121.587455828752,
            25.0418495834085
          ],
          [
            121.588188190633,
            25.0410539324686
          ],
          [
            121.588557541971,
            25.0406948825202
          ],
          [
            121.588704965467,
            25.0404851968642
          ],
          [
            121.58908855848647,
            25.03985371669963
          ],
          [
            121.58910071678223,
            25.039823796934126
          ],
          [
            121.58910278401652,
            25.039791622810096
          ],
          [
            121.58909440706542,
            25.039760312851467
          ],
          [
            121.58907632428505,
            25.0397326267614
          ],
          [
            121.5890501295167,
            25.039711004830263
          ],
          [
            121.58901835089623,
            25.03969741239329
          ],
          [
            121.587677756595,
            25.0393347917836
          ],
          [
            121.587371813212,
            25.0392802154942
          ],
          [
            121.586089387321,
            25.0389010532342
          ],
          [
            121.584212511852,
            25.0383380525648
          ],
          [
            121.5840555318481,
            25.03828339716901
          ],
          [
            121.583969976424,
            25.0382332077669
          ],
          [
            121.583854256906,
            25.0381254904155
          ],
          [
            121.581598518906,
            25.0372608757145
          ],
          [
            121.57879197746848,
            25.03615537968162
          ],
          [
            121.5787704994203,
            25.03614899202551
          ],
          [
            121.57874839034187,
            25.036146432346722
          ],
          [
            121.57872614596545,
            25.036147679731748
          ],
          [
            121.57870454679805,
            25.036152690412546
          ],
          [
            121.5786843507077,
            25.036161288575173
          ],
          [
            121.5786659545275,
            25.036173421976184
          ],
          [
            121.57842019516,
            25.0363689661237
          ],
          [
            121.578190341323,
            25.037655841658
          ],
          [
            121.577944635497,
            25.0390748360822
          ],
          [
            121.577931953906,
            25.039522936174
          ],
          [
            121.577939879901,
            25.0407537667838
          ],
          [
            121.577873301548,
            25.0417231987665
          ],
          [
            121.57785862325504,
            25.04540383308645
          ],
          [
            121.5778546006729,
            25.04543143216328
          ],
          [
            121.57784301767666,
            25.045457187639872
          ],
          [
            121.5778246360066,
            25.045479408483523
          ],
          [
            121.57780066452675,
            25.045496633348343
          ],
          [
            121.57777267971295,
            25.04550772944719
          ],
          [
            121.57774254230877,
            25.04551196659563
          ],
          [
            121.574826549308,
            25.0455764356059
          ],
          [
            121.572334616675,
            25.0456511151089
          ],
          [
            121.569967914754,
            25.0457085608495
          ],
          [
            121.568791697188,
            25.0457688788482
          ],
          [
            121.56711333594616,
            25.045819939165277
          ],
          [
            121.56709105837616,
            25.0458225573035
          ],
          [
            121.5670696914144,
            25.045828958783797
          ],
          [
            121.56705002634837,
            25.04583891406096
          ],
          [
            121.56703276570755,
            25.04585206748523
          ],
          [
            121.56701852612397,
            25.045867949153873
          ],
          [
            121.56700769930501,
            25.045886244070832
          ],
          [
            121.565924072421,
            25.0482131689711
          ],
          [
            121.56555093223014,
            25.0489465135726
          ],
          [
            121.56553820988606,
            25.04896603306962
          ],
          [
            121.56552155408014,
            25.04898251865433
          ],
          [
            121.56550154151842,
            25.04899553101875
          ],
          [
            121.56547902584184,
            25.04900451511714
          ],
          [
            121.56545496746241,
            25.049009087730468
          ],
          [
            121.56543030560458,
            25.049009045429198
          ],
          [
            121.562782208249,
            25.0487545826939
          ],
          [
            121.558706661939,
            25.0483596524954
          ],
          [
            121.556341545217,
            25.0481025881555
          ],
          [
            121.555601257342,
            25.0480954075796
          ],
          [
            121.553989110085,
            25.0482160411988
          ],
          [
            121.552736802973,
            25.0482433273581
          ],
          [
            121.549555308829,
            25.0482433273581
          ],
          [
            121.547507231881,
            25.0482562523788
          ],
          [
            121.545806313488,
            25.048277794077
          ],
          [
            121.544140269469,
            25.0483036441098
          ],
          [
            121.53657754881257,
            25.048421215380348
          ],
          [
            121.53654679613138,
            25.048418023740716
          ],
          [
            121.53651799860322,
            25.048407710218758
          ],
          [
            121.53649308863193,
            25.048390972229193
          ],
          [
            121.53647375012552,
            25.048368941256058
          ],
          [
            121.53646129036237,
            25.048343106587815
          ],
          [
            121.53645655105717,
            25.048315196847508
          ],
          [
            121.53640198352059,
            25.046190172949064
          ],
          [
            121.53639979907523,
            25.04617184054172
          ],
          [
            121.53639425220551,
            25.04615412658914
          ],
          [
            121.53638550220445,
            25.046137523439825
          ],
          [
            121.53637380106612,
            25.04612250925304
          ],
          [
            121.53635948577524,
            25.046109516427062
          ],
          [
            121.53634328338005,
            25.04609908719456
          ],
          [
            121.535627751505,
            25.0457186138513
          ],
          [
            121.53532497852,
            25.0455010379846
          ],
          [
            121.534744795732,
            25.0450946081037
          ],
          [
            121.534252591481,
            25.0447980426939
          ],
          [
            121.533177826643,
            25.0444763438111
          ],
          [
            121.529189466271,
            25.0435256037874
          ],
          [
            121.5288660857,
            25.0435370931368
          ],
          [
            121.526974943441,
            25.0440555489093
          ],
          [
            121.52524232107,
            25.0444705991806
          ],
          [
            121.524400580467,
            25.0446903311084
          ],
          [
            121.522642594914,
            25.0450938900285
          ],
          [
            121.520867172173,
            25.0455304789661
          ],
          [
            121.519933490035,
            25.0457559535652
          ],
          [
            121.519132964602,
            25.0459325989806
          ],
          [
            121.517772863967,
            25.0462629108632
          ],
          [
            121.5150817575343,
            25.046923923134003
          ],
          [
            121.51505437052431,
            25.046934181079656
          ],
          [
            121.51503045490992,
            25.046950423227948
          ],
          [
            121.51501171562118,
            25.046971579672938
          ],
          [
            121.51499932918288,
            25.04699632213141
          ],
          [
            121.51499407326344,
            25.047023097176385
          ],
          [
            121.51499624589317,
            25.047050078786732
          ],
          [
            121.51523757621375,
            25.048137247458836
          ],
          [
            121.51523937588112,
            25.048168876681064
          ],
          [
            121.51523103139255,
            25.048199770585484
          ],
          [
            121.5152132275774,
            25.048227130221747
          ],
          [
            121.51518749389588,
            25.04824860522438
          ],
          [
            121.51515604103366,
            25.04826235075505
          ],
          [
            121.51512157558876,
            25.04826718596223
          ],
          [
            121.51336681087692,
            25.04827595138443
          ],
          [
            121.51333577265439,
            25.048272354616774
          ],
          [
            121.51330683906231,
            25.048261502881243
          ],
          [
            121.5132820054298,
            25.048244146287267
          ],
          [
            121.51326298829055,
            25.048221484545692
          ],
          [
            121.51325110213448,
            25.048195084066194
          ],
          [
            121.51324716841494,
            25.048166774066104
          ],
          [
            121.513251876773,
            25.0474218676908
          ],
          [
            121.513215417199,
            25.0470771976598
          ],
          [
            121.51319956521,
            25.0460474901711
          ],
          [
            121.513202735608,
            25.0452245796433
          ],
          [
            121.513188468818,
            25.0441158677211
          ],
          [
            121.51317578831292,
            25.04243774344394
          ],
          [
            121.51317158922447,
            25.04240989137548
          ],
          [
            121.51315969462938,
            25.042383961715583
          ],
          [
            121.51314090197135,
            25.042361687697156
          ],
          [
            121.51311647121875,
            25.04234456269913
          ],
          [
            121.51308804035048,
            25.04233373488035
          ],
          [
            121.51305752052323,
            25.04232993022692
          ],
          [
            121.511609610737,
            25.0423220884731
          ],
          [
            121.509710542484,
            25.0422387898401
          ],
          [
            121.509190597253,
            25.0422071937921
          ],
          [
            121.508995617791,
            25.0421583635201
          ],
          [
            121.508819660716,
            25.0421511825961
          ],
          [
            121.508597732873,
            25.042200012871
          ],
          [
            121.507602227979,
            25.0424226212307
          ],
          [
            121.506061414672,
            25.0427701767006
          ],
          [
            121.504947019862,
            25.0430516671856
          ],
          [
            121.502852972147,
            25.0435457101482
          ],
          [
            121.502534347173,
            25.0436290078934
          ],
          [
            121.501469093528,
            25.0442494306987
          ],
          [
            121.500332505934,
            25.0448799034355
          ],
          [
            121.499641359224,
            25.0453035678044
          ],
          [
            121.497203323353,
            25.0466075831832
          ],
          [
            121.497045992365,
            25.0467152930845
          ],
          [
            121.495189724481,
            25.047697603018
          ],
          [
            121.494996330218,
            25.0477780257049
          ],
          [
            121.491772035705,
            25.0494999202205
          ],
          [
            121.490998458653,
            25.0498575082924
          ],
          [
            121.490583136548,
            25.050049944815
          ],
          [
            121.488909166535,
            25.050969040458
          ],
          [
            121.488246553405,
            25.0513567818656
          ],
          [
            121.486632820949,
            25.0522098086452
          ],
          [
            121.486092268132,
            25.052508510222
          ],
          [
            121.4853759762983,
            25.05280001864363
          ],
          [
            121.48535656582796,
            25.05280620201269
          ],
          [
            121.48533658961614,
            25.052809222721244
          ],
          [
            121.48531634123967,
            25.0528091096983
          ],
          [
            121.48529640703815,
            25.052805866216698
          ],
          [
            121.48527736425342,
            25.052799586199114
          ],
          [
            121.48525944237242,
            25.052790248848186
          ],
          [
            121.484752775082,
            25.0524726086286
          ],
          [
            121.484386594142,
            25.0521021035711
          ],
          [
            121.483931642065,
            25.0516526133739
          ],
          [
            121.483592409505,
            25.0513926837857
          ],
          [
            121.481791623582,
            25.0504908243662
          ],
          [
            121.480047904819,
            25.0496607631771
          ],
          [
            121.479236282994,
            25.0492643997962
          ],
          [
            121.477957027501,
            25.0486483106929
          ],
          [
            121.476752276356,
            25.0480839186572
          ],
          [
            121.476465355359,
            25.0479245097491
          ],
          [
            121.476175263965,
            25.0478010036058
          ],
          [
            121.474978438814,
            25.0474793126018
          ],
          [
            121.47323472005,
            25.0469536906629
          ],
          [
            121.47234700868,
            25.0466808259264
          ],
          [
            121.470256131362,
            25.0459814277497
          ],
          [
            121.469986647553,
            25.0458808979098
          ],
          [
            121.469637903801,
            25.0457056885631
          ],
          [
            121.469379516384,
            25.045557765723
          ],
          [
            121.469019676239,
            25.0453035678044
          ],
          [
            121.468334870325,
            25.0446386295137
          ],
          [
            121.467621530831,
            25.0439420920162
          ],
          [
            121.466935139717,
            25.0432828910293
          ],
          [
            121.46629630457,
            25.0426811336575
          ],
          [
            121.465800137322,
            25.0422804391637
          ],
          [
            121.46550687553,
            25.0421052246725
          ],
          [
            121.464078611343,
            25.0412291484617
          ],
          [
            121.462886541788,
            25.040500995111
          ],
          [
            121.461982978429,
            25.0399336931533
          ],
          [
            121.460618122197,
            25.03908919829
          ],
          [
            121.460518254668,
            25.0390303132273
          ],
          [
            121.460097913981,
            25.0387687598997
          ],
          [
            121.45969411058,
            25.0385124466169
          ],
          [
            121.458934707315,
            25.0380363325332
          ],
          [
            121.458313592886,
            25.0376518601123
          ],
          [
            121.457499664309,
            25.0371592754359
          ],
          [
            121.457083217357,
            25.0369573724243
          ],
          [
            121.456556139337,
            25.0368492611007
          ],
          [
            121.455760385864,
            25.0367705044473
          ],
          [
            121.455034171919,
            25.0367160907299
          ],
          [
            121.454653284954,
            25.0366523693724
          ],
          [
            121.454032960747,
            25.0365306543277
          ],
          [
            121.453584904919,
            25.0364325662332
          ],
          [
            121.45229670411551,
            25.036152006556723
          ],
          [
            121.45226433641065,
            25.03614907515718
          ],
          [
            121.45223248872614,
            25.036154198552858
          ],
          [
            121.45220332957551,
            25.03616695788883
          ],
          [
            121.45217901324827,
            25.036186410500324
          ],
          [
            121.45216133624429,
            25.036211119220738
          ],
          [
            121.45215158141258,
            25.036239383169065
          ],
          [
            121.452064517945,
            25.036703203267
          ],
          [
            121.452064517945,
            25.0370855307575
          ],
          [
            121.452055825504,
            25.0382683041372
          ],
          [
            121.452076371274,
            25.0386785491406
          ],
          [
            121.452245093159,
            25.039570422214
          ],
          [
            121.452499558349,
            25.0402047895744
          ],
          [
            121.452670057929,
            25.0411498906172
          ],
          [
            121.452700878247,
            25.0416310301686
          ],
          [
            121.452709768723,
            25.0422424756248
          ],
          [
            121.452639435177,
            25.0430694256953
          ],
          [
            121.452652869674,
            25.0433701334293
          ],
          [
            121.45270064659,
            25.0436636680375
          ],
          [
            121.452833403873,
            25.0439886996303
          ],
          [
            121.453036115974,
            25.0443298556474
          ],
          [
            121.45315342069,
            25.04450506696
          ],
          [
            121.453609957967,
            25.0451111238319
          ],
          [
            121.453712995894,
            25.045316493135
          ],
          [
            121.45377481865,
            25.0455678187372
          ],
          [
            121.453766892655,
            25.0459225459963
          ],
          [
            121.453655928734,
            25.0462787083595
          ],
          [
            121.453056723559,
            25.0472495328016
          ],
          [
            121.452944174439,
            25.0475468103378
          ],
          [
            121.452796750943,
            25.0480753019648
          ],
          [
            121.452693713016,
            25.0486583634537
          ],
          [
            121.45271619855313,
            25.049175455289383
          ],
          [
            121.45271299160413,
            25.049205106730682
          ],
          [
            121.45270105342095,
            25.049232872121248
          ],
          [
            121.45268128382718,
            25.049256625610614
          ],
          [
            121.45265517507443,
            25.049274574234072
          ],
          [
            121.4526246979078,
            25.049285363190734
          ],
          [
            121.45259211654685,
            25.0492881766736
          ],
          [
            121.450862808315,
            25.0492198806408
          ],
          [
            121.449555019242,
            25.0491825419818
          ],
          [
            121.447446704737,
            25.0491523838259
          ],
          [
            121.44498841867224,
            25.049083906576634
          ],
          [
            121.44495722034435,
            25.049086802998094
          ],
          [
            121.44492795741898,
            25.049097023761977
          ],
          [
            121.44490263354866,
            25.049113859385155
          ],
          [
            121.4448830048372,
            25.049136142388047
          ],
          [
            121.44487043245304,
            25.04916232753823
          ],
          [
            121.44486578811478,
            25.049190611716014
          ],
          [
            121.444846978581,
            25.0502165314116
          ],
          [
            121.444750281449,
            25.0527038147056
          ],
          [
            121.4446996047145,
            25.05416717653515
          ],
          [
            121.4447028163497,
            25.054195853706286
          ],
          [
            121.44471420046163,
            25.054222769747803
          ],
          [
            121.44473295383987,
            25.05424599965672
          ],
          [
            121.44475775197532,
            25.05426390275663
          ],
          [
            121.44478684343127,
            25.054275214591694
          ],
          [
            121.44481817095769,
            25.054279136224757
          ],
          [
            121.446872862744,
            25.0542849079282
          ],
          [
            121.44773219536694,
            25.054268636394756
          ],
          [
            121.44776334800962,
            25.05427180920581
          ],
          [
            121.44779249634612,
            25.054282285695958
          ],
          [
            121.44781763733167,
            25.054299339333735
          ],
          [
            121.44783702826626,
            25.05432178801058
          ],
          [
            121.44784932502675,
            25.0543480756495
          ],
          [
            121.44785367517387,
            25.05437638560759
          ],
          [
            121.44786335987335,
            25.05558858826663
          ],
          [
            121.44785948432752,
            25.055616864266128
          ],
          [
            121.44784767368215,
            25.055643250836635
          ],
          [
            121.44782874201883,
            25.05566592357223
          ],
          [
            121.44780399432449,
            25.0556833196084
          ],
          [
            121.44777513649363,
            25.055694239811135
          ],
          [
            121.44774415625547,
            25.055697931432817
          ],
          [
            121.445105250377,
            25.0556936832467
          ],
          [
            121.44501339429884,
            25.055692022641956
          ]
        ]
      }
    },
    {
      "type": "Feature",
      "properties": {
        "feature_type": "station",
        "ref": "TPE184266",
        "name": "行政院新莊聯合辦公大樓(榮華)",
        "name_en": "Xinzhuang Joint Office Tower, Executive Yuan (Ronghua)",
        "line": "257",
        "color": "#7c3aed",
        "direction": 0,
        "station_id": "20348"
      },
      "geometry": {
        "type": "Point",
        "coordinates": [
          121.442929473043,
          25.0555796397068
        ]
      }
    },
    {
      "type": "Feature",
      "properties": {
        "feature_type": "station",
        "ref": "TPE212853",
        "name": "榮華中平路口",
        "name_en": "Ronghua & Zhongping Intersection",
        "line": "257",
        "color": "#7c3aed",
        "direction": 0,
        "station_id": "1165606575"
      },
      "geometry": {
        "type": "Point",
        "coordinates": [
          121.445169924237,
          25.0556322981208
        ]
      }
    },
    {
      "type": "Feature",
      "properties": {
        "feature_type": "station",
        "ref": "TPE198888",
        "name": "中信國小",
        "name_en": "Zhongxin Elementary School",
        "line": "257",
        "color": "#7c3aed",
        "direction": 0,
        "station_id": "1165604547"
      },
      "geometry": {
        "type": "Point",
        "coordinates": [
          121.447748,
          25.055131
        ]
      }
    },
    {
      "type": "Feature",
      "properties": {
        "feature_type": "station",
        "ref": "TPE10898",
        "name": "中原路",
        "name_en": "Zhongyuan Rd.",
        "line": "257",
        "color": "#7c3aed",
        "direction": 0,
        "station_id": "3504"
      },
      "geometry": {
        "type": "Point",
        "coordinates": [
          121.44737,
          25.05436
        ]
      }
    },
    {
      "type": "Feature",
      "properties": {
        "feature_type": "station",
        "ref": "TPE168899",
        "name": "中原中平路口",
        "name_en": "Zhongyuan & Zhongping Intersection",
        "line": "257",
        "color": "#7c3aed",
        "direction": 0,
        "station_id": "20261"
      },
      "geometry": {
        "type": "Point",
        "coordinates": [
          121.445383787828,
          25.0544053736291
        ]
      }
    },
    {
      "type": "Feature",
      "properties": {
        "feature_type": "station",
        "ref": "TPE10899",
        "name": "中平國中",
        "name_en": "Zhongping Junior High School",
        "line": "257",
        "color": "#7c3aed",
        "direction": 0,
        "station_id": "3497"
      },
      "geometry": {
        "type": "Point",
        "coordinates": [
          121.44468,
          25.05186
        ]
      }
    },
    {
      "type": "Feature",
      "properties": {
        "feature_type": "station",
        "ref": "TPE10900",
        "name": "新莊高中(新莊文藝中心)",
        "name_en": "Xinzhuang High School(Xinzhuang Culture & Arts Center)",
        "line": "257",
        "color": "#7c3aed",
        "direction": 0,
        "station_id": "3573"
      },
      "geometry": {
        "type": "Point",
        "coordinates": [
          121.4446583,
          25.04961766
        ]
      }
    },
    {
      "type": "Feature",
      "properties": {
        "feature_type": "station",
        "ref": "TPE58920",
        "name": "新莊高中(幸福路)",
        "name_en": "Xinzhuang High School(Xingfu Rd.)",
        "line": "257",
        "color": "#7c3aed",
        "direction": 0,
        "station_id": "8207"
      },
      "geometry": {
        "type": "Point",
        "coordinates": [
          121.445379037224,
          25.0490066229995
        ]
      }
    },
    {
      "type": "Feature",
      "properties": {
        "feature_type": "station",
        "ref": "TPE10902",
        "name": "中和街口",
        "name_en": "Zhonghe St. Entrance",
        "line": "257",
        "color": "#7c3aed",
        "direction": 0,
        "station_id": "3500"
      },
      "geometry": {
        "type": "Point",
        "coordinates": [
          121.448561,
          25.049077
        ]
      }
    },
    {
      "type": "Feature",
      "properties": {
        "feature_type": "station",
        "ref": "TPE10904",
        "name": "中港",
        "name_en": "Zhonggang",
        "line": "257",
        "color": "#7c3aed",
        "direction": 0,
        "station_id": "3507"
      },
      "geometry": {
        "type": "Point",
        "coordinates": [
          121.451369639862,
          25.0491543957239
        ]
      }
    },
    {
      "type": "Feature",
      "properties": {
        "feature_type": "station",
        "ref": "TPE10908",
        "name": "正邦社區",
        "name_en": "Zhengbang Community",
        "line": "257",
        "color": "#7c3aed",
        "direction": 0,
        "station_id": "3526"
      },
      "geometry": {
        "type": "Point",
        "coordinates": [
          121.4525192,
          25.04878785
        ]
      }
    },
    {
      "type": "Feature",
      "properties": {
        "feature_type": "station",
        "ref": "TPE148750",
        "name": "中華路",
        "name_en": "Zhonghua Rd.",
        "line": "257",
        "color": "#7c3aed",
        "direction": 0,
        "station_id": "3509"
      },
      "geometry": {
        "type": "Point",
        "coordinates": [
          121.45338,
          25.04652
        ]
      }
    },
    {
      "type": "Feature",
      "properties": {
        "feature_type": "station",
        "ref": "TPE10910",
        "name": "財元廣場",
        "name_en": "Caiyuan Square",
        "line": "257",
        "color": "#7c3aed",
        "direction": 0,
        "station_id": "329"
      },
      "geometry": {
        "type": "Point",
        "coordinates": [
          121.453317,
          25.044839
        ]
      }
    },
    {
      "type": "Feature",
      "properties": {
        "feature_type": "station",
        "ref": "TPE10912",
        "name": "復興路二段",
        "name_en": "Fuxing Rd. Entrance",
        "line": "257",
        "color": "#7c3aed",
        "direction": 0,
        "station_id": "3557"
      },
      "geometry": {
        "type": "Point",
        "coordinates": [
          121.456478,
          25.044235
        ]
      }
    },
    {
      "type": "Feature",
      "properties": {
        "feature_type": "station",
        "ref": "TPE10914",
        "name": "臺北醫院(復興路)",
        "name_en": "Taipei Hospital(Fuxing Rd.)",
        "line": "257",
        "color": "#7c3aed",
        "direction": 0,
        "station_id": "3518"
      },
      "geometry": {
        "type": "Point",
        "coordinates": [
          121.458374,
          25.044339
        ]
      }
    },
    {
      "type": "Feature",
      "properties": {
        "feature_type": "station",
        "ref": "TPE198889",
        "name": "臺北醫院",
        "name_en": "Taipei Hospital",
        "line": "257",
        "color": "#7c3aed",
        "direction": 0,
        "station_id": "50665"
      },
      "geometry": {
        "type": "Point",
        "coordinates": [
          121.459695,
          25.042943
        ]
      }
    },
    {
      "type": "Feature",
      "properties": {
        "feature_type": "station",
        "ref": "TPE10916",
        "name": "捷運頭前庄站(思源路)",
        "name_en": "MRT Touqianzhuang(Siyuan Rd.)",
        "line": "257",
        "color": "#7c3aed",
        "direction": 0,
        "station_id": "1000570"
      },
      "geometry": {
        "type": "Point",
        "coordinates": [
          121.459908,
          25.040096
        ]
      }
    },
    {
      "type": "Feature",
      "properties": {
        "feature_type": "station",
        "ref": "TPE59319",
        "name": "捷運頭前庄站",
        "name_en": "MRT Touqianzhuang Station",
        "line": "257",
        "color": "#7c3aed",
        "direction": 0,
        "station_id": "1000983"
      },
      "geometry": {
        "type": "Point",
        "coordinates": [
          121.4623098,
          25.03991225
        ]
      }
    },
    {
      "type": "Feature",
      "properties": {
        "feature_type": "station",
        "ref": "TPE10918",
        "name": "頭前",
        "name_en": "Touqian",
        "line": "257",
        "color": "#7c3aed",
        "direction": 0,
        "station_id": "30005"
      },
      "geometry": {
        "type": "Point",
        "coordinates": [
          121.46516,
          25.041731
        ]
      }
    },
    {
      "type": "Feature",
      "properties": {
        "feature_type": "station",
        "ref": "TPE10920",
        "name": "金陵女中",
        "name_en": "Ginling Girls' High School",
        "line": "257",
        "color": "#7c3aed",
        "direction": 0,
        "station_id": "13207"
      },
      "geometry": {
        "type": "Point",
        "coordinates": [
          121.4665635,
          25.0427471
        ]
      }
    },
    {
      "type": "Feature",
      "properties": {
        "feature_type": "station",
        "ref": "TPE10922",
        "name": "中興街口",
        "name_en": "Zhongxing St. Entrance",
        "line": "257",
        "color": "#7c3aed",
        "direction": 0,
        "station_id": "13218"
      },
      "geometry": {
        "type": "Point",
        "coordinates": [
          121.469408,
          25.045403
        ]
      }
    },
    {
      "type": "Feature",
      "properties": {
        "feature_type": "station",
        "ref": "TPE125819",
        "name": "捷運先嗇宮站",
        "name_en": "MRT Xianse Temple Sta.",
        "line": "257",
        "color": "#7c3aed",
        "direction": 0,
        "station_id": "4687"
      },
      "geometry": {
        "type": "Point",
        "coordinates": [
          121.471374,
          25.046158
        ]
      }
    },
    {
      "type": "Feature",
      "properties": {
        "feature_type": "station",
        "ref": "TPE10924",
        "name": "五谷王廟",
        "name_en": "Wuguwang Temple",
        "line": "257",
        "color": "#7c3aed",
        "direction": 0,
        "station_id": "3409"
      },
      "geometry": {
        "type": "Point",
        "coordinates": [
          121.473986,
          25.047009
        ]
      }
    },
    {
      "type": "Feature",
      "properties": {
        "feature_type": "station",
        "ref": "TPE10926",
        "name": "重新大橋",
        "name_en": "Chongxin Bridge",
        "line": "257",
        "color": "#7c3aed",
        "direction": 0,
        "station_id": "13203"
      },
      "geometry": {
        "type": "Point",
        "coordinates": [
          121.487739420364,
          25.0513765359288
        ]
      }
    },
    {
      "type": "Feature",
      "properties": {
        "feature_type": "station",
        "ref": "TPE10928",
        "name": "西門國小(臺大醫院北護分院)",
        "name_en": "Ximen Elementary School (Nat'l Taiwan U. Hospital Bei-hu Branch)",
        "line": "257",
        "color": "#7c3aed",
        "direction": 0,
        "station_id": "70028"
      },
      "geometry": {
        "type": "Point",
        "coordinates": [
          121.502346,
          25.042608
        ]
      }
    },
    {
      "type": "Feature",
      "properties": {
        "feature_type": "station",
        "ref": "TPE10930",
        "name": "臺北護理健康大學",
        "name_en": "National Taipei University of Nursing and Health Sciences",
        "line": "257",
        "color": "#7c3aed",
        "direction": 0,
        "station_id": "1842"
      },
      "geometry": {
        "type": "Point",
        "coordinates": [
          121.50367,
          25.041536
        ]
      }
    },
    {
      "type": "Feature",
      "properties": {
        "feature_type": "station",
        "ref": "TPE10932",
        "name": "內江街",
        "name_en": "Neijiang St.",
        "line": "257",
        "color": "#7c3aed",
        "direction": 0,
        "station_id": "1741"
      },
      "geometry": {
        "type": "Point",
        "coordinates": [
          121.5051324,
          25.04153818
        ]
      }
    },
    {
      "type": "Feature",
      "properties": {
        "feature_type": "station",
        "ref": "TPE10934",
        "name": "西門市場(漢中)",
        "name_en": "Ximen Market (Hanzhong)",
        "line": "257",
        "color": "#7c3aed",
        "direction": 0,
        "station_id": "1753"
      },
      "geometry": {
        "type": "Point",
        "coordinates": [
          121.507436,
          25.04202065
        ]
      }
    },
    {
      "type": "Feature",
      "properties": {
        "feature_type": "station",
        "ref": "TPE10936",
        "name": "寶慶路",
        "name_en": "Baoqing Rd.",
        "line": "257",
        "color": "#7c3aed",
        "direction": 0,
        "station_id": "2027"
      },
      "geometry": {
        "type": "Point",
        "coordinates": [
          121.509834083745,
          25.0414915346214
        ]
      }
    },
    {
      "type": "Feature",
      "properties": {
        "feature_type": "station",
        "ref": "TPE10938",
        "name": "博愛路",
        "name_en": "Boai Rd.",
        "line": "257",
        "color": "#7c3aed",
        "direction": 0,
        "station_id": "2002"
      },
      "geometry": {
        "type": "Point",
        "coordinates": [
          121.511555,
          25.043262
        ]
      }
    },
    {
      "type": "Feature",
      "properties": {
        "feature_type": "station",
        "ref": "TPE10940",
        "name": "臺北郵局",
        "name_en": "Taipei Post Office",
        "line": "257",
        "color": "#7c3aed",
        "direction": 0,
        "station_id": "1000108"
      },
      "geometry": {
        "type": "Point",
        "coordinates": [
          121.51129364418,
          25.04676505924
        ]
      }
    },
    {
      "type": "Feature",
      "properties": {
        "feature_type": "station",
        "ref": "TPE10942",
        "name": "臺北車站(忠孝)",
        "name_en": "Taipei Main Sta. (Zhongxiao)",
        "line": "257",
        "color": "#7c3aed",
        "direction": 0,
        "station_id": "1886"
      },
      "geometry": {
        "type": "Point",
        "coordinates": [
          121.51700353811,
          25.0462559043502
        ]
      }
    },
    {
      "type": "Feature",
      "properties": {
        "feature_type": "station",
        "ref": "TPE10944",
        "name": "捷運善導寺站",
        "name_en": "MRT Shandao Temple Sta.",
        "line": "257",
        "color": "#7c3aed",
        "direction": 0,
        "station_id": "1997"
      },
      "geometry": {
        "type": "Point",
        "coordinates": [
          121.522629,
          25.044844
        ]
      }
    },
    {
      "type": "Feature",
      "properties": {
        "feature_type": "station",
        "ref": "TPE10946",
        "name": "華山文創園區",
        "name_en": "Huashan Cultural and Creative Industries Park",
        "line": "257",
        "color": "#7c3aed",
        "direction": 0,
        "station_id": "2013"
      },
      "geometry": {
        "type": "Point",
        "coordinates": [
          121.52631480425094,
          25.04393012352479
        ]
      }
    },
    {
      "type": "Feature",
      "properties": {
        "feature_type": "station",
        "ref": "TPE10948",
        "name": "臺北科技大學",
        "name_en": "National Taipei U. of Technology",
        "line": "257",
        "color": "#7c3aed",
        "direction": 0,
        "station_id": "6690"
      },
      "geometry": {
        "type": "Point",
        "coordinates": [
          121.532172463125,
          25.0440991830962
        ]
      }
    },
    {
      "type": "Feature",
      "properties": {
        "feature_type": "station",
        "ref": "TPE10950",
        "name": "進安公園",
        "name_en": "Jingan Park",
        "line": "257",
        "color": "#7c3aed",
        "direction": 0,
        "station_id": "6654"
      },
      "geometry": {
        "type": "Point",
        "coordinates": [
          121.53745340737642,
          25.046123735201252
        ]
      }
    },
    {
      "type": "Feature",
      "properties": {
        "feature_type": "station",
        "ref": "TPE10952",
        "name": "中影八德大樓",
        "name_en": "Central Pictures Bade Bldg.",
        "line": "257",
        "color": "#7c3aed",
        "direction": 0,
        "station_id": "1194"
      },
      "geometry": {
        "type": "Point",
        "coordinates": [
          121.5408273,
          25.04670644
        ]
      }
    },
    {
      "type": "Feature",
      "properties": {
        "feature_type": "station",
        "ref": "TPE10954",
        "name": "中崙",
        "name_en": "Zhonglun",
        "line": "257",
        "color": "#7c3aed",
        "direction": 0,
        "station_id": "1196"
      },
      "geometry": {
        "type": "Point",
        "coordinates": [
          121.54312,
          25.0472080804531
        ]
      }
    },
    {
      "type": "Feature",
      "properties": {
        "feature_type": "station",
        "ref": "TPE10956",
        "name": "臺安醫院",
        "name_en": "Adventist Hospital",
        "line": "257",
        "color": "#7c3aed",
        "direction": 0,
        "station_id": "1214"
      },
      "geometry": {
        "type": "Point",
        "coordinates": [
          121.5462971,
          25.04814244
        ]
      }
    },
    {
      "type": "Feature",
      "properties": {
        "feature_type": "station",
        "ref": "TPE10958",
        "name": "臺視",
        "name_en": "TTV Enterprise Co.",
        "line": "257",
        "color": "#7c3aed",
        "direction": 0,
        "station_id": "1499"
      },
      "geometry": {
        "type": "Point",
        "coordinates": [
          121.551053453852,
          25.0481637080101
        ]
      }
    },
    {
      "type": "Feature",
      "properties": {
        "feature_type": "station",
        "ref": "TPE10960",
        "name": "美仁里",
        "name_en": "Meiren Village",
        "line": "257",
        "color": "#7c3aed",
        "direction": 0,
        "station_id": "1560"
      },
      "geometry": {
        "type": "Point",
        "coordinates": [
          121.55415,
          25.048
        ]
      }
    },
    {
      "type": "Feature",
      "properties": {
        "feature_type": "station",
        "ref": "TPE10962",
        "name": "光復路口",
        "name_en": "Guangfu Rd. Entrance",
        "line": "257",
        "color": "#7c3aed",
        "direction": 0,
        "station_id": "1516"
      },
      "geometry": {
        "type": "Point",
        "coordinates": [
          121.556774902982,
          25.04802340114676
        ]
      }
    },
    {
      "type": "Feature",
      "properties": {
        "feature_type": "station",
        "ref": "TPE10964",
        "name": "臺北市區監理所",
        "name_en": "Taipei City Motor Vehicles Office",
        "line": "257",
        "color": "#7c3aed",
        "direction": 0,
        "station_id": "1592"
      },
      "geometry": {
        "type": "Point",
        "coordinates": [
          121.55984240587617,
          25.048299945369994
        ]
      }
    },
    {
      "type": "Feature",
      "properties": {
        "feature_type": "station",
        "ref": "TPE10966",
        "name": "八德東寧路口",
        "name_en": "Bade and Dongning Intersection",
        "line": "257",
        "color": "#7c3aed",
        "direction": 0,
        "station_id": "1525"
      },
      "geometry": {
        "type": "Point",
        "coordinates": [
          121.56371383572485,
          25.048702587337512
        ]
      }
    },
    {
      "type": "Feature",
      "properties": {
        "feature_type": "station",
        "ref": "TPE10968",
        "name": "東興路",
        "name_en": "Dongxing Rd.",
        "line": "257",
        "color": "#7c3aed",
        "direction": 0,
        "station_id": "1540"
      },
      "geometry": {
        "type": "Point",
        "coordinates": [
          121.56649195154529,
          25.046530959098416
        ]
      }
    },
    {
      "type": "Feature",
      "properties": {
        "feature_type": "station",
        "ref": "TPE10970",
        "name": "興雅國小",
        "name_en": "Xingya Elementary School",
        "line": "257",
        "color": "#7c3aed",
        "direction": 0,
        "station_id": "2036"
      },
      "geometry": {
        "type": "Point",
        "coordinates": [
          121.5716977,
          25.04552009
        ]
      }
    },
    {
      "type": "Feature",
      "properties": {
        "feature_type": "station",
        "ref": "TPE10972",
        "name": "國民住宅",
        "name_en": "Public Housing",
        "line": "257",
        "color": "#7c3aed",
        "direction": 0,
        "station_id": "2141"
      },
      "geometry": {
        "type": "Point",
        "coordinates": [
          121.574507095768,
          25.0454550872459
        ]
      }
    },
    {
      "type": "Feature",
      "properties": {
        "feature_type": "station",
        "ref": "TPE10974",
        "name": "永吉松山路口",
        "name_en": "Yongji and Songshan Intersection",
        "line": "257",
        "color": "#7c3aed",
        "direction": 0,
        "station_id": "4091"
      },
      "geometry": {
        "type": "Point",
        "coordinates": [
          121.577690522404,
          25.0448632717332
        ]
      }
    },
    {
      "type": "Feature",
      "properties": {
        "feature_type": "station",
        "ref": "TPE10976",
        "name": "雙永國小",
        "name_en": "Shuangyong Elementary School",
        "line": "257",
        "color": "#7c3aed",
        "direction": 0,
        "station_id": "2056"
      },
      "geometry": {
        "type": "Point",
        "coordinates": [
          121.57771125853,
          25.0428257926695
        ]
      }
    },
    {
      "type": "Feature",
      "properties": {
        "feature_type": "station",
        "ref": "TPE10980",
        "name": "永春公寓",
        "name_en": "Yongchun Apartment",
        "line": "257",
        "color": "#7c3aed",
        "direction": 0,
        "station_id": "2058"
      },
      "geometry": {
        "type": "Point",
        "coordinates": [
          121.5777181,
          25.0399753
        ]
      }
    },
    {
      "type": "Feature",
      "properties": {
        "feature_type": "station",
        "ref": "TPE207825",
        "name": "土地銀行",
        "name_en": "Land Bank of Taiwan",
        "line": "257",
        "color": "#7c3aed",
        "direction": 0,
        "station_id": "2031"
      },
      "geometry": {
        "type": "Point",
        "coordinates": [
          121.5752654,
          25.0379567
        ]
      }
    },
    {
      "type": "Feature",
      "properties": {
        "feature_type": "station",
        "ref": "TPE222755",
        "name": "信義松德路口",
        "name_en": "Xinyi & Songde Intersection",
        "line": "257",
        "color": "#7c3aed",
        "direction": 0,
        "station_id": "20270"
      },
      "geometry": {
        "type": "Point",
        "coordinates": [
          121.574493,
          25.035829
        ]
      }
    },
    {
      "type": "Feature",
      "properties": {
        "feature_type": "station",
        "ref": "TPE207826",
        "name": "國稅局宿舍",
        "name_en": "Dormitory of National Tax Administration of Taipei",
        "line": "257",
        "color": "#7c3aed",
        "direction": 0,
        "station_id": "2142"
      },
      "geometry": {
        "type": "Point",
        "coordinates": [
          121.57514012830093,
          25.033870235708875
        ]
      }
    },
    {
      "type": "Feature",
      "properties": {
        "feature_type": "station",
        "ref": "TPE10982",
        "name": "松山商職(福德)",
        "name_en": "Songshan High School of Commerce and Home Economics (Fude)",
        "line": "257",
        "color": "#7c3aed",
        "direction": 0,
        "station_id": "2096"
      },
      "geometry": {
        "type": "Point",
        "coordinates": [
          121.578747487242,
          25.0362197359093
        ]
      }
    },
    {
      "type": "Feature",
      "properties": {
        "feature_type": "station",
        "ref": "TPE199922",
        "name": "信義行政中心(松友新村)",
        "name_en": "Xinyi Dist. Admin.Center (Songyou New Village)",
        "line": "257",
        "color": "#7c3aed",
        "direction": 0,
        "station_id": "2101"
      },
      "geometry": {
        "type": "Point",
        "coordinates": [
          121.581141,
          25.036858
        ]
      }
    },
    {
      "type": "Feature",
      "properties": {
        "feature_type": "station",
        "ref": "TPE10986",
        "name": "捷運廣慈/奉天宮站(福德)",
        "name_en": "MRT Guangci/Fengtian Temple Sta.(Fude)",
        "line": "257",
        "color": "#7c3aed",
        "direction": 0,
        "station_id": "2088"
      },
      "geometry": {
        "type": "Point",
        "coordinates": [
          121.5833098,
          25.0376833
        ]
      }
    },
    {
      "type": "Feature",
      "properties": {
        "feature_type": "station",
        "ref": "TPE10988",
        "name": "福德國小",
        "name_en": "Fude Elementary School",
        "line": "257",
        "color": "#7c3aed",
        "direction": 0,
        "station_id": "2167"
      },
      "geometry": {
        "type": "Point",
        "coordinates": [
          121.58728,
          25.03918064
        ]
      }
    },
    {
      "type": "Feature",
      "properties": {
        "feature_type": "station",
        "ref": "TPE10990",
        "name": "成福路口",
        "name_en": "Chengfu Rd. Entrance",
        "line": "257",
        "color": "#7c3aed",
        "direction": 0,
        "station_id": "2077"
      },
      "geometry": {
        "type": "Point",
        "coordinates": [
          121.588329,
          25.03946811
        ]
      }
    },
    {
      "type": "Feature",
      "properties": {
        "feature_type": "station",
        "ref": "TPE10992",
        "name": "成福路口一",
        "name_en": "Chengfu Rd. Entrance 1",
        "line": "257",
        "color": "#7c3aed",
        "direction": 0,
        "station_id": "1519"
      },
      "geometry": {
        "type": "Point",
        "coordinates": [
          121.5883563,
          25.04098779
        ]
      }
    },
    {
      "type": "Feature",
      "properties": {
        "feature_type": "station",
        "ref": "TPE10994",
        "name": "玉成公園(成福)",
        "name_en": "Yucheng Park",
        "line": "257",
        "color": "#7c3aed",
        "direction": 0,
        "station_id": "2073"
      },
      "geometry": {
        "type": "Point",
        "coordinates": [
          121.5870046,
          25.04275161
        ]
      }
    },
    {
      "type": "Feature",
      "properties": {
        "feature_type": "station",
        "ref": "TPE10996",
        "name": "香檳新村",
        "name_en": "Xiangbin New Village",
        "line": "257",
        "color": "#7c3aed",
        "direction": 0,
        "station_id": "50074"
      },
      "geometry": {
        "type": "Point",
        "coordinates": [
          121.586661,
          25.04389
        ]
      }
    },
    {
      "type": "Feature",
      "properties": {
        "feature_type": "station",
        "ref": "TPE10998",
        "name": "聯合醫院忠孝院區(同德)",
        "name_en": "TCUH, Zhongxiao Branch (Tong De)",
        "line": "257",
        "color": "#7c3aed",
        "direction": 0,
        "station_id": "1632"
      },
      "geometry": {
        "type": "Point",
        "coordinates": [
          121.586480248666,
          25.046173957791
        ]
      }
    },
    {
      "type": "Feature",
      "properties": {
        "feature_type": "station",
        "ref": "TPE11000",
        "name": "修德國小",
        "name_en": "Xiude Elementary School",
        "line": "257",
        "color": "#7c3aed",
        "direction": 0,
        "station_id": "50073"
      },
      "geometry": {
        "type": "Point",
        "coordinates": [
          121.590223592846,
          25.0463517157701
        ]
      }
    },
    {
      "type": "Feature",
      "properties": {
        "feature_type": "station",
        "ref": "TPE11001",
        "name": "南港公園",
        "name_en": "Nangang Park",
        "line": "257",
        "color": "#7c3aed",
        "direction": 0,
        "station_id": "1648"
      },
      "geometry": {
        "type": "Point",
        "coordinates": [
          121.5921143,
          25.04595121
        ]
      }
    },
    {
      "type": "Feature",
      "properties": {
        "feature_type": "station",
        "ref": "TPE11002",
        "name": "南港公園一",
        "name_en": "Nangang Park 1",
        "line": "257",
        "color": "#7c3aed",
        "direction": 0,
        "station_id": "1649"
      },
      "geometry": {
        "type": "Point",
        "coordinates": [
          121.592777222745,
          25.0439257813799
        ]
      }
    },
    {
      "type": "Feature",
      "properties": {
        "feature_type": "station",
        "ref": "TPE11003",
        "name": "南港花園社區四",
        "name_en": "Nangang Garden Community 4",
        "line": "257",
        "color": "#7c3aed",
        "direction": 0,
        "station_id": "1675"
      },
      "geometry": {
        "type": "Point",
        "coordinates": [
          121.5935353,
          25.03952474
        ]
      }
    },
    {
      "type": "Feature",
      "properties": {
        "feature_type": "station",
        "ref": "TPE11004",
        "name": "南港花園社區三",
        "name_en": "Nangang Garden Community 3",
        "line": "257",
        "color": "#7c3aed",
        "direction": 0,
        "station_id": "1673"
      },
      "geometry": {
        "type": "Point",
        "coordinates": [
          121.5926327,
          25.03895301
        ]
      }
    },
    {
      "type": "Feature",
      "properties": {
        "feature_type": "station",
        "ref": "TPE11005",
        "name": "南港花園社區二",
        "name_en": "Nangang Garden Community 2",
        "line": "257",
        "color": "#7c3aed",
        "direction": 0,
        "station_id": "1001364"
      },
      "geometry": {
        "type": "Point",
        "coordinates": [
          121.591151872157,
          25.0400314866247
        ]
      }
    },
    {
      "type": "Feature",
      "properties": {
        "feature_type": "station",
        "ref": "TPE11006",
        "name": "南港花園社區一",
        "name_en": "Nangang Garden Community 1",
        "line": "257",
        "color": "#7c3aed",
        "direction": 0,
        "station_id": "1671"
      },
      "geometry": {
        "type": "Point",
        "coordinates": [
          121.591596,
          25.041068
        ]
      }
    },
    {
      "type": "Feature",
      "properties": {
        "feature_type": "station",
        "ref": "TPE11007",
        "name": "南港花園社區五",
        "name_en": "Nangang Garden Community 5",
        "line": "257",
        "color": "#7c3aed",
        "direction": 0,
        "station_id": "1674"
      },
      "geometry": {
        "type": "Point",
        "coordinates": [
          121.59258171464538,
          25.040011772420034
        ]
      }
    },
    {
      "type": "Feature",
      "properties": {
        "feature_type": "station",
        "ref": "TPE11008",
        "name": "南港公園一",
        "name_en": "Nangang Park 1",
        "line": "257",
        "color": "#7c3aed",
        "direction": 1,
        "station_id": "20398"
      },
      "geometry": {
        "type": "Point",
        "coordinates": [
          121.5929045,
          25.04397129
        ]
      }
    },
    {
      "type": "Feature",
      "properties": {
        "feature_type": "station",
        "ref": "TPE11009",
        "name": "南港公園",
        "name_en": "Nangang Park",
        "line": "257",
        "color": "#7c3aed",
        "direction": 1,
        "station_id": "50072"
      },
      "geometry": {
        "type": "Point",
        "coordinates": [
          121.59264,
          25.04584
        ]
      }
    },
    {
      "type": "Feature",
      "properties": {
        "feature_type": "station",
        "ref": "TPE11010",
        "name": "修德國小",
        "name_en": "Xiude Elementary School",
        "line": "257",
        "color": "#7c3aed",
        "direction": 1,
        "station_id": "1615"
      },
      "geometry": {
        "type": "Point",
        "coordinates": [
          121.58948692688,
          25.0466220947386
        ]
      }
    },
    {
      "type": "Feature",
      "properties": {
        "feature_type": "station",
        "ref": "TPE11011",
        "name": "聯合醫院忠孝院區(同德)",
        "name_en": "TCUH, Zhongxiao Branch (Tong De)",
        "line": "257",
        "color": "#7c3aed",
        "direction": 1,
        "station_id": "1000601"
      },
      "geometry": {
        "type": "Point",
        "coordinates": [
          121.586251788683,
          25.0462378312467
        ]
      }
    },
    {
      "type": "Feature",
      "properties": {
        "feature_type": "station",
        "ref": "TPE11012",
        "name": "香檳新村",
        "name_en": "Xiangbin New Village",
        "line": "257",
        "color": "#7c3aed",
        "direction": 1,
        "station_id": "1689"
      },
      "geometry": {
        "type": "Point",
        "coordinates": [
          121.5865086,
          25.04379262
        ]
      }
    },
    {
      "type": "Feature",
      "properties": {
        "feature_type": "station",
        "ref": "TPE11013",
        "name": "玉成公園(成福)",
        "name_en": "Yucheng Park",
        "line": "257",
        "color": "#7c3aed",
        "direction": 1,
        "station_id": "1000600"
      },
      "geometry": {
        "type": "Point",
        "coordinates": [
          121.587113,
          25.042359
        ]
      }
    },
    {
      "type": "Feature",
      "properties": {
        "feature_type": "station",
        "ref": "TPE11014",
        "name": "成福路口一",
        "name_en": "Chengfu Rd. Entrance 1",
        "line": "257",
        "color": "#7c3aed",
        "direction": 1,
        "station_id": "1165603342"
      },
      "geometry": {
        "type": "Point",
        "coordinates": [
          121.5880617,
          25.04111713
        ]
      }
    },
    {
      "type": "Feature",
      "properties": {
        "feature_type": "station",
        "ref": "TPE11015",
        "name": "成福路口",
        "name_en": "Chengfu Rd. Entrance",
        "line": "257",
        "color": "#7c3aed",
        "direction": 1,
        "station_id": "6732"
      },
      "geometry": {
        "type": "Point",
        "coordinates": [
          121.588445117812,
          25.0395580004129
        ]
      }
    },
    {
      "type": "Feature",
      "properties": {
        "feature_type": "station",
        "ref": "TPE11016",
        "name": "福德國小",
        "name_en": "Fude Elementary School",
        "line": "257",
        "color": "#7c3aed",
        "direction": 1,
        "station_id": "6734"
      },
      "geometry": {
        "type": "Point",
        "coordinates": [
          121.586342880983,
          25.0389716224663
        ]
      }
    },
    {
      "type": "Feature",
      "properties": {
        "feature_type": "station",
        "ref": "TPE11017",
        "name": "捷運廣慈/奉天宮站(福德)",
        "name_en": "MRT Guangci/Fengtian Temple Sta.(Fude)",
        "line": "257",
        "color": "#7c3aed",
        "direction": 1,
        "station_id": "6937"
      },
      "geometry": {
        "type": "Point",
        "coordinates": [
          121.5834047,
          25.03798156
        ]
      }
    },
    {
      "type": "Feature",
      "properties": {
        "feature_type": "station",
        "ref": "TPE11018",
        "name": "信義行政中心(松友新村)",
        "name_en": "Xinyi Dist. Admin.Center (Songyou New Village)",
        "line": "257",
        "color": "#7c3aed",
        "direction": 1,
        "station_id": "6932"
      },
      "geometry": {
        "type": "Point",
        "coordinates": [
          121.580964,
          25.037055
        ]
      }
    },
    {
      "type": "Feature",
      "properties": {
        "feature_type": "station",
        "ref": "TPE11019",
        "name": "松山商職(福德)",
        "name_en": "Songshan High School of Commerce and Home Economics (Fude)",
        "line": "257",
        "color": "#7c3aed",
        "direction": 1,
        "station_id": "2097"
      },
      "geometry": {
        "type": "Point",
        "coordinates": [
          121.578737539702,
          25.0363727952991
        ]
      }
    },
    {
      "type": "Feature",
      "properties": {
        "feature_type": "station",
        "ref": "TPE11020",
        "name": "永春公寓",
        "name_en": "Yongchun Apartment",
        "line": "257",
        "color": "#7c3aed",
        "direction": 1,
        "station_id": "15117"
      },
      "geometry": {
        "type": "Point",
        "coordinates": [
          121.577948835559,
          25.0400066129947
        ]
      }
    },
    {
      "type": "Feature",
      "properties": {
        "feature_type": "station",
        "ref": "TPE11021",
        "name": "捷運永春站(松山)",
        "name_en": "Yongchun Li (Songshan)",
        "line": "257",
        "color": "#7c3aed",
        "direction": 1,
        "station_id": "15116"
      },
      "geometry": {
        "type": "Point",
        "coordinates": [
          121.5778998,
          25.04195027
        ]
      }
    },
    {
      "type": "Feature",
      "properties": {
        "feature_type": "station",
        "ref": "TPE11022",
        "name": "雙永國小",
        "name_en": "Shuangyong Elementary School",
        "line": "257",
        "color": "#7c3aed",
        "direction": 1,
        "station_id": "15115"
      },
      "geometry": {
        "type": "Point",
        "coordinates": [
          121.577918664208,
          25.0435588382657
        ]
      }
    },
    {
      "type": "Feature",
      "properties": {
        "feature_type": "station",
        "ref": "TPE11023",
        "name": "永吉松山路口",
        "name_en": "Yongji and Songshan Intersection",
        "line": "257",
        "color": "#7c3aed",
        "direction": 1,
        "station_id": "4090"
      },
      "geometry": {
        "type": "Point",
        "coordinates": [
          121.57660432922873,
          25.045619541124736
        ]
      }
    },
    {
      "type": "Feature",
      "properties": {
        "feature_type": "station",
        "ref": "TPE11024",
        "name": "國民住宅",
        "name_en": "Public Housing",
        "line": "257",
        "color": "#7c3aed",
        "direction": 1,
        "station_id": "1000181"
      },
      "geometry": {
        "type": "Point",
        "coordinates": [
          121.57342558398715,
          25.04570849030428
        ]
      }
    },
    {
      "type": "Feature",
      "properties": {
        "feature_type": "station",
        "ref": "TPE11025",
        "name": "興雅國小",
        "name_en": "Xingya Elementary School",
        "line": "257",
        "color": "#7c3aed",
        "direction": 1,
        "station_id": "2177"
      },
      "geometry": {
        "type": "Point",
        "coordinates": [
          121.569761304102,
          25.0457633038403
        ]
      }
    },
    {
      "type": "Feature",
      "properties": {
        "feature_type": "station",
        "ref": "TPE11026",
        "name": "東興路",
        "name_en": "Dongxing Rd.",
        "line": "257",
        "color": "#7c3aed",
        "direction": 1,
        "station_id": "15105"
      },
      "geometry": {
        "type": "Point",
        "coordinates": [
          121.56682,
          25.04641
        ]
      }
    },
    {
      "type": "Feature",
      "properties": {
        "feature_type": "station",
        "ref": "TPE11027",
        "name": "八德東寧路口",
        "name_en": "Bade and Dongning Intersection",
        "line": "257",
        "color": "#7c3aed",
        "direction": 1,
        "station_id": "1524"
      },
      "geometry": {
        "type": "Point",
        "coordinates": [
          121.56375105137309,
          25.048925534354606
        ]
      }
    },
    {
      "type": "Feature",
      "properties": {
        "feature_type": "station",
        "ref": "TPE11028",
        "name": "臺北市區監理所",
        "name_en": "Taipei City Motor Vehicles Office",
        "line": "257",
        "color": "#7c3aed",
        "direction": 1,
        "station_id": "4004"
      },
      "geometry": {
        "type": "Point",
        "coordinates": [
          121.560263,
          25.048547
        ]
      }
    },
    {
      "type": "Feature",
      "properties": {
        "feature_type": "station",
        "ref": "TPE11029",
        "name": "光復路口",
        "name_en": "Guangfu Rd. Entrance",
        "line": "257",
        "color": "#7c3aed",
        "direction": 1,
        "station_id": "4005"
      },
      "geometry": {
        "type": "Point",
        "coordinates": [
          121.55669744493079,
          25.048204076570904
        ]
      }
    },
    {
      "type": "Feature",
      "properties": {
        "feature_type": "station",
        "ref": "TPE11030",
        "name": "美仁里",
        "name_en": "Meiren Village",
        "line": "257",
        "color": "#7c3aed",
        "direction": 1,
        "station_id": "4006"
      },
      "geometry": {
        "type": "Point",
        "coordinates": [
          121.5530966,
          25.0482409
        ]
      }
    },
    {
      "type": "Feature",
      "properties": {
        "feature_type": "station",
        "ref": "TPE11031",
        "name": "臺視",
        "name_en": "TTV Enterprise Co.",
        "line": "257",
        "color": "#7c3aed",
        "direction": 1,
        "station_id": "134"
      },
      "geometry": {
        "type": "Point",
        "coordinates": [
          121.550231,
          25.048279
        ]
      }
    },
    {
      "type": "Feature",
      "properties": {
        "feature_type": "station",
        "ref": "TPE11032",
        "name": "臺安醫院",
        "name_en": "Adventist Hospital",
        "line": "257",
        "color": "#7c3aed",
        "direction": 1,
        "station_id": "1215"
      },
      "geometry": {
        "type": "Point",
        "coordinates": [
          121.54531,
          25.04829
        ]
      }
    },
    {
      "type": "Feature",
      "properties": {
        "feature_type": "station",
        "ref": "TPE11033",
        "name": "長安復興路口",
        "name_en": "Changan and Fuxing Intersection",
        "line": "257",
        "color": "#7c3aed",
        "direction": 1,
        "station_id": "1203"
      },
      "geometry": {
        "type": "Point",
        "coordinates": [
          121.542821,
          25.04833589
        ]
      }
    },
    {
      "type": "Feature",
      "properties": {
        "feature_type": "station",
        "ref": "TPE148747",
        "name": "長安龍江路口",
        "name_en": "Changan and Longjiang Intersection",
        "line": "257",
        "color": "#7c3aed",
        "direction": 1,
        "station_id": "1292"
      },
      "geometry": {
        "type": "Point",
        "coordinates": [
          121.54094,
          25.04838
        ]
      }
    },
    {
      "type": "Feature",
      "properties": {
        "feature_type": "station",
        "ref": "TPE11034",
        "name": "中山女高",
        "name_en": "Zhongshan Girls High School",
        "line": "257",
        "color": "#7c3aed",
        "direction": 1,
        "station_id": "1000255"
      },
      "geometry": {
        "type": "Point",
        "coordinates": [
          121.537798642451,
          25.0484436106169
        ]
      }
    },
    {
      "type": "Feature",
      "properties": {
        "feature_type": "station",
        "ref": "TPE11035",
        "name": "建國啤酒廠",
        "name_en": "Jianguo Brewery",
        "line": "257",
        "color": "#7c3aed",
        "direction": 1,
        "station_id": "1320"
      },
      "geometry": {
        "type": "Point",
        "coordinates": [
          121.5363796,
          25.04706738
        ]
      }
    },
    {
      "type": "Feature",
      "properties": {
        "feature_type": "station",
        "ref": "TPE11036",
        "name": "臺北科技大學",
        "name_en": "National Taipei U. of Technology",
        "line": "257",
        "color": "#7c3aed",
        "direction": 1,
        "station_id": "6689"
      },
      "geometry": {
        "type": "Point",
        "coordinates": [
          121.53146493118,
          25.0441330065154
        ]
      }
    },
    {
      "type": "Feature",
      "properties": {
        "feature_type": "station",
        "ref": "TPE11037",
        "name": "華山文創園區",
        "name_en": "Huashan Cultural and Creative Industries Park",
        "line": "257",
        "color": "#7c3aed",
        "direction": 1,
        "station_id": "2015"
      },
      "geometry": {
        "type": "Point",
        "coordinates": [
          121.52749815701229,
          25.043941210409297
        ]
      }
    },
    {
      "type": "Feature",
      "properties": {
        "feature_type": "station",
        "ref": "TPE11038",
        "name": "捷運善導寺站",
        "name_en": "MRT Shandao Temple Sta.",
        "line": "257",
        "color": "#7c3aed",
        "direction": 1,
        "station_id": "1998"
      },
      "geometry": {
        "type": "Point",
        "coordinates": [
          121.52277975890082,
          25.045112057683003
        ]
      }
    },
    {
      "type": "Feature",
      "properties": {
        "feature_type": "station",
        "ref": "TPE11039",
        "name": "臺北車站(忠孝)",
        "name_en": "Taipei Main Sta. (Zhongxiao)",
        "line": "257",
        "color": "#7c3aed",
        "direction": 1,
        "station_id": "1000082"
      },
      "geometry": {
        "type": "Point",
        "coordinates": [
          121.5167218,
          25.0465408
        ]
      }
    },
    {
      "type": "Feature",
      "properties": {
        "feature_type": "station",
        "ref": "TPE181707",
        "name": "臺北車站(重慶)",
        "name_en": "Taipei Main Station (Chongqing)",
        "line": "257",
        "color": "#7c3aed",
        "direction": 1,
        "station_id": "1891"
      },
      "geometry": {
        "type": "Point",
        "coordinates": [
          121.51316241098594,
          25.046552005302367
        ]
      }
    },
    {
      "type": "Feature",
      "properties": {
        "feature_type": "station",
        "ref": "TPE11040",
        "name": "重慶南路一段",
        "name_en": "Chongqing S. Road Sec. 1",
        "line": "257",
        "color": "#7c3aed",
        "direction": 1,
        "station_id": "1165604850"
      },
      "geometry": {
        "type": "Point",
        "coordinates": [
          121.51311219241008,
          25.04441023077385
        ]
      }
    },
    {
      "type": "Feature",
      "properties": {
        "feature_type": "station",
        "ref": "TPE11041",
        "name": "二二八和平公園",
        "name_en": "2/28 Peace Park",
        "line": "257",
        "color": "#7c3aed",
        "direction": 1,
        "station_id": "1848"
      },
      "geometry": {
        "type": "Point",
        "coordinates": [
          121.512543916311,
          25.0423685522993
        ]
      }
    },
    {
      "type": "Feature",
      "properties": {
        "feature_type": "station",
        "ref": "TPE11042",
        "name": "衡陽路",
        "name_en": "Hengyang Rd.",
        "line": "257",
        "color": "#7c3aed",
        "direction": 1,
        "station_id": "1165606055"
      },
      "geometry": {
        "type": "Point",
        "coordinates": [
          121.51021,
          25.04227
        ]
      }
    },
    {
      "type": "Feature",
      "properties": {
        "feature_type": "station",
        "ref": "TPE11043",
        "name": "西門市場(成都)",
        "name_en": "Ximen Market (Chengdu)",
        "line": "257",
        "color": "#7c3aed",
        "direction": 1,
        "station_id": "1752"
      },
      "geometry": {
        "type": "Point",
        "coordinates": [
          121.50665358531,
          25.042689544956
        ]
      }
    },
    {
      "type": "Feature",
      "properties": {
        "feature_type": "station",
        "ref": "TPE11044",
        "name": "西門國小",
        "name_en": "Ximen Elementary School",
        "line": "257",
        "color": "#7c3aed",
        "direction": 1,
        "station_id": "1754"
      },
      "geometry": {
        "type": "Point",
        "coordinates": [
          121.50400338161,
          25.043299072488
        ]
      }
    },
    {
      "type": "Feature",
      "properties": {
        "feature_type": "station",
        "ref": "TPE11045",
        "name": "重新大橋",
        "name_en": "Chongxin Bridge",
        "line": "257",
        "color": "#7c3aed",
        "direction": 1,
        "station_id": "3446"
      },
      "geometry": {
        "type": "Point",
        "coordinates": [
          121.487734,
          25.05174
        ]
      }
    },
    {
      "type": "Feature",
      "properties": {
        "feature_type": "station",
        "ref": "TPE11046",
        "name": "五谷王廟",
        "name_en": "Wuguwang Temple",
        "line": "257",
        "color": "#7c3aed",
        "direction": 1,
        "station_id": "1000966"
      },
      "geometry": {
        "type": "Point",
        "coordinates": [
          121.4740976,
          25.04728267
        ]
      }
    },
    {
      "type": "Feature",
      "properties": {
        "feature_type": "station",
        "ref": "TPE125820",
        "name": "捷運先嗇宮站",
        "name_en": "MRT Xianse Temple Sta.",
        "line": "257",
        "color": "#7c3aed",
        "direction": 1,
        "station_id": "4688"
      },
      "geometry": {
        "type": "Point",
        "coordinates": [
          121.47048,
          25.046125
        ]
      }
    },
    {
      "type": "Feature",
      "properties": {
        "feature_type": "station",
        "ref": "TPE11047",
        "name": "中興街口",
        "name_en": "Zhongxing St. Entrance",
        "line": "257",
        "color": "#7c3aed",
        "direction": 1,
        "station_id": "3418"
      },
      "geometry": {
        "type": "Point",
        "coordinates": [
          121.468523,
          25.044972
        ]
      }
    },
    {
      "type": "Feature",
      "properties": {
        "feature_type": "station",
        "ref": "TPE11048",
        "name": "金陵女中",
        "name_en": "Ginling Girls' High School",
        "line": "257",
        "color": "#7c3aed",
        "direction": 1,
        "station_id": "3436"
      },
      "geometry": {
        "type": "Point",
        "coordinates": [
          121.466676,
          25.043117
        ]
      }
    },
    {
      "type": "Feature",
      "properties": {
        "feature_type": "station",
        "ref": "TPE11049",
        "name": "頭前",
        "name_en": "Touqian",
        "line": "257",
        "color": "#7c3aed",
        "direction": 1,
        "station_id": "3593"
      },
      "geometry": {
        "type": "Point",
        "coordinates": [
          121.4636349,
          25.041063159
        ]
      }
    },
    {
      "type": "Feature",
      "properties": {
        "feature_type": "station",
        "ref": "TPE59320",
        "name": "捷運頭前庄站",
        "name_en": "MRT Touqianzhuang Station",
        "line": "257",
        "color": "#7c3aed",
        "direction": 1,
        "station_id": "1000604"
      },
      "geometry": {
        "type": "Point",
        "coordinates": [
          121.462079,
          25.040058
        ]
      }
    },
    {
      "type": "Feature",
      "properties": {
        "feature_type": "station",
        "ref": "TPE11052",
        "name": "大眾廟",
        "name_en": "Dazhong Temple",
        "line": "257",
        "color": "#7c3aed",
        "direction": 1,
        "station_id": "3493"
      },
      "geometry": {
        "type": "Point",
        "coordinates": [
          121.4573883,
          25.03714826
        ]
      }
    },
    {
      "type": "Feature",
      "properties": {
        "feature_type": "station",
        "ref": "TPE11054",
        "name": "捷運新莊站(地政事務所)",
        "name_en": "MRT Xinzhuang Station (District Lands Office)",
        "line": "257",
        "color": "#7c3aed",
        "direction": 1,
        "station_id": "1000605"
      },
      "geometry": {
        "type": "Point",
        "coordinates": [
          121.4520762,
          25.03679078
        ]
      }
    },
    {
      "type": "Feature",
      "properties": {
        "feature_type": "station",
        "ref": "TPE11056",
        "name": "新莊體育館",
        "name_en": "XinZhuang Sports Center",
        "line": "257",
        "color": "#7c3aed",
        "direction": 1,
        "station_id": "3581"
      },
      "geometry": {
        "type": "Point",
        "coordinates": [
          121.4523728,
          25.03986042
        ]
      }
    },
    {
      "type": "Feature",
      "properties": {
        "feature_type": "station",
        "ref": "TPE11058",
        "name": "中美市場",
        "name_en": "ZhongMei Market",
        "line": "257",
        "color": "#7c3aed",
        "direction": 1,
        "station_id": "1000606"
      },
      "geometry": {
        "type": "Point",
        "coordinates": [
          121.4527197,
          25.04201587
        ]
      }
    },
    {
      "type": "Feature",
      "properties": {
        "feature_type": "station",
        "ref": "TPE11060",
        "name": "財元廣場",
        "name_en": "Caiyuan Square",
        "line": "257",
        "color": "#7c3aed",
        "direction": 1,
        "station_id": "50621"
      },
      "geometry": {
        "type": "Point",
        "coordinates": [
          121.45344230802844,
          25.044798002588216
        ]
      }
    },
    {
      "type": "Feature",
      "properties": {
        "feature_type": "station",
        "ref": "TPE148748",
        "name": "中華路",
        "name_en": "Zhonghua Rd.",
        "line": "257",
        "color": "#7c3aed",
        "direction": 1,
        "station_id": "8203"
      },
      "geometry": {
        "type": "Point",
        "coordinates": [
          121.453663,
          25.046303
        ]
      }
    },
    {
      "type": "Feature",
      "properties": {
        "feature_type": "station",
        "ref": "TPE11062",
        "name": "正邦社區",
        "name_en": "Zhengbang Community",
        "line": "257",
        "color": "#7c3aed",
        "direction": 1,
        "station_id": "3527"
      },
      "geometry": {
        "type": "Point",
        "coordinates": [
          121.452927,
          25.047732
        ]
      }
    },
    {
      "type": "Feature",
      "properties": {
        "feature_type": "station",
        "ref": "TPE11066",
        "name": "中港",
        "name_en": "Zhonggang",
        "line": "257",
        "color": "#7c3aed",
        "direction": 1,
        "station_id": "30035"
      },
      "geometry": {
        "type": "Point",
        "coordinates": [
          121.451623157219,
          25.0492912897265
        ]
      }
    },
    {
      "type": "Feature",
      "properties": {
        "feature_type": "station",
        "ref": "TPE11068",
        "name": "中和街口",
        "name_en": "Zhonghe St. Entrance",
        "line": "257",
        "color": "#7c3aed",
        "direction": 1,
        "station_id": "8208"
      },
      "geometry": {
        "type": "Point",
        "coordinates": [
          121.448824,
          25.049202
        ]
      }
    },
    {
      "type": "Feature",
      "properties": {
        "feature_type": "station",
        "ref": "TPE58921",
        "name": "新莊高中(幸福路)",
        "name_en": "Xinzhuang High School(Xingfu Rd.)",
        "line": "257",
        "color": "#7c3aed",
        "direction": 1,
        "station_id": "3572"
      },
      "geometry": {
        "type": "Point",
        "coordinates": [
          121.445371964966,
          25.049113403307
        ]
      }
    },
    {
      "type": "Feature",
      "properties": {
        "feature_type": "station",
        "ref": "TPE11070",
        "name": "新莊高中(新莊文藝中心)",
        "name_en": "Xinzhuang High School(Xinzhuang Culture & Arts Center)",
        "line": "257",
        "color": "#7c3aed",
        "direction": 1,
        "station_id": "8206"
      },
      "geometry": {
        "type": "Point",
        "coordinates": [
          121.444921,
          25.049549
        ]
      }
    },
    {
      "type": "Feature",
      "properties": {
        "feature_type": "station",
        "ref": "TPE11072",
        "name": "中平國中",
        "name_en": "Zhongping Junior High School",
        "line": "257",
        "color": "#7c3aed",
        "direction": 1,
        "station_id": "8205"
      },
      "geometry": {
        "type": "Point",
        "coordinates": [
          121.444782,
          25.051888
        ]
      }
    },
    {
      "type": "Feature",
      "properties": {
        "feature_type": "station",
        "ref": "TPE11074",
        "name": "中原路",
        "name_en": "Zhongyuan Rd.",
        "line": "257",
        "color": "#7c3aed",
        "direction": 1,
        "station_id": "3503"
      },
      "geometry": {
        "type": "Point",
        "coordinates": [
          121.44715,
          25.05416
        ]
      }
    },
    {
      "type": "Feature",
      "properties": {
        "feature_type": "station",
        "ref": "TPE203063",
        "name": "國家影視聽中心",
        "name_en": "Taiwan Film and Audiovisual Institute",
        "line": "257",
        "color": "#7c3aed",
        "direction": 1,
        "station_id": "1165605385"
      },
      "geometry": {
        "type": "Point",
        "coordinates": [
          121.447395,
          25.055723
        ]
      }
    },
    {
      "type": "Feature",
      "properties": {
        "feature_type": "station",
        "ref": "TPE184267",
        "name": "榮華中平路口",
        "name_en": "Ronghua & Zhongping Intersection",
        "line": "257",
        "color": "#7c3aed",
        "direction": 1,
        "station_id": "1165603326"
      },
      "geometry": {
        "type": "Point",
        "coordinates": [
          121.4450930055579,
          25.05577220771311
        ]
      }
    }
  ]
}
