{
  "type": "FeatureCollection",
  "name": "176（經羅東高中]）",
  "properties": {
    "id": "yilan_county_176_fd2c4d73ef",
    "name": "176（經羅東高中]）",
    "name_en": "176 (via 羅東高中])",
    "ref": "176",
    "color": "#d97706",
    "city_id": "YilanCounty",
    "source": "TDX Bus Shape / StopOfRoute",
    "via": "羅東高中]",
    "official_map_url": "https://web.taiwanbus.tw/MISUploadData/Schematic/file/0623.jpg",
    "operator_id": "45",
    "operator": "國光客運",
    "operator_en": "Kuo-Kuang Bus Co., Ltd."
  },
  "features": [
    {
      "type": "Feature",
      "properties": {
        "feature_type": "route",
        "ref": "176",
        "name": "176（經羅東高中]）",
        "name_en": "176 (via 羅東高中])",
        "color": "#d97706",
        "direction": 0
      },
      "geometry": {
        "type": "LineString",
        "coordinates": [
          [
            121.87033,
            24.58065
          ],
          [
            121.86998,
            24.58128
          ],
          [
            121.86983,
            24.58155
          ],
          [
            121.86975,
            24.58165
          ],
          [
            121.86967,
            24.58168
          ],
          [
            121.86846,
            24.58154
          ],
          [
            121.86742,
            24.5814
          ],
          [
            121.86742,
            24.5814
          ],
          [
            121.8669,
            24.58135
          ],
          [
            121.86631,
            24.58126
          ],
          [
            121.86611,
            24.58125
          ],
          [
            121.8655,
            24.58123
          ],
          [
            121.86547,
            24.58123
          ],
          [
            121.86544,
            24.58123
          ],
          [
            121.86541,
            24.58124
          ],
          [
            121.86539,
            24.58125
          ],
          [
            121.86536,
            24.58126
          ],
          [
            121.86535,
            24.58127
          ],
          [
            121.86533,
            24.58129
          ],
          [
            121.86531,
            24.58133
          ],
          [
            121.8652,
            24.58188
          ],
          [
            121.8652,
            24.58188
          ],
          [
            121.8651,
            24.58212
          ],
          [
            121.86501,
            24.58208
          ],
          [
            121.86496,
            24.58252
          ],
          [
            121.86491,
            24.5828
          ],
          [
            121.86488,
            24.58298
          ],
          [
            121.86486,
            24.5831
          ],
          [
            121.86483,
            24.58354
          ],
          [
            121.86483,
            24.58363
          ],
          [
            121.86478,
            24.58406
          ],
          [
            121.86478,
            24.58406
          ],
          [
            121.86472,
            24.58471
          ],
          [
            121.86462,
            24.58493
          ],
          [
            121.86439,
            24.58519
          ],
          [
            121.86391,
            24.58562
          ],
          [
            121.86368,
            24.5859
          ],
          [
            121.86358,
            24.58606
          ],
          [
            121.86344,
            24.58638
          ],
          [
            121.86333,
            24.58673
          ],
          [
            121.86323,
            24.58711
          ],
          [
            121.86317,
            24.5873
          ],
          [
            121.86308,
            24.58754
          ],
          [
            121.86288,
            24.5878
          ],
          [
            121.86261,
            24.58803
          ],
          [
            121.86107,
            24.58921
          ],
          [
            121.86027,
            24.5898
          ],
          [
            121.85999,
            24.59004
          ],
          [
            121.85987,
            24.59018
          ],
          [
            121.85959,
            24.59051
          ],
          [
            121.85918,
            24.59112
          ],
          [
            121.8589,
            24.59177
          ],
          [
            121.85869,
            24.59247
          ],
          [
            121.85834,
            24.59396
          ],
          [
            121.85823,
            24.59441
          ],
          [
            121.85808,
            24.59487
          ],
          [
            121.85802,
            24.59498
          ],
          [
            121.8579,
            24.59513
          ],
          [
            121.85764,
            24.59536
          ],
          [
            121.85723,
            24.59571
          ],
          [
            121.85687,
            24.59604
          ],
          [
            121.85674,
            24.59614
          ],
          [
            121.85658,
            24.59621
          ],
          [
            121.8564,
            24.59626
          ],
          [
            121.85589,
            24.59624
          ],
          [
            121.85589,
            24.59624
          ],
          [
            121.85573,
            24.59624
          ],
          [
            121.85568,
            24.59624
          ],
          [
            121.85514,
            24.59622
          ],
          [
            121.85445,
            24.5962
          ],
          [
            121.85431,
            24.5962
          ],
          [
            121.85412,
            24.59619
          ],
          [
            121.85335,
            24.59615
          ],
          [
            121.85336,
            24.59553
          ],
          [
            121.85316,
            24.59552
          ],
          [
            121.85297,
            24.59552
          ],
          [
            121.85253,
            24.59547
          ],
          [
            121.85253,
            24.59547
          ],
          [
            121.85232,
            24.59545
          ],
          [
            121.85144,
            24.59543
          ],
          [
            121.85144,
            24.59543
          ],
          [
            121.8514,
            24.59596
          ],
          [
            121.85139,
            24.59607
          ],
          [
            121.85139,
            24.59607
          ],
          [
            121.85108,
            24.59606
          ],
          [
            121.85044,
            24.596
          ],
          [
            121.84983,
            24.59597
          ],
          [
            121.84934,
            24.59596
          ],
          [
            121.84922,
            24.59595
          ],
          [
            121.84889,
            24.59592
          ],
          [
            121.84827,
            24.59589
          ],
          [
            121.84791,
            24.59586
          ],
          [
            121.84791,
            24.59586
          ],
          [
            121.84754,
            24.59584
          ],
          [
            121.84723,
            24.59582
          ],
          [
            121.84706,
            24.59582
          ],
          [
            121.84673,
            24.5958
          ],
          [
            121.84637,
            24.59578
          ],
          [
            121.84619000000001,
            24.59577
          ],
          [
            121.84564,
            24.59574
          ],
          [
            121.8453,
            24.59572
          ],
          [
            121.84512,
            24.5957
          ],
          [
            121.84509,
            24.59568
          ],
          [
            121.84463,
            24.59564
          ],
          [
            121.84441,
            24.59562
          ],
          [
            121.84441,
            24.59562
          ],
          [
            121.84425,
            24.59562
          ],
          [
            121.84394,
            24.59564
          ],
          [
            121.8438,
            24.59563
          ],
          [
            121.84287,
            24.59562
          ],
          [
            121.84276,
            24.59563
          ],
          [
            121.84265,
            24.59563
          ],
          [
            121.84247,
            24.59566
          ],
          [
            121.84237,
            24.59568
          ],
          [
            121.84224,
            24.59571
          ],
          [
            121.84199,
            24.59579
          ],
          [
            121.84191,
            24.59581
          ],
          [
            121.84095,
            24.59604
          ],
          [
            121.84082,
            24.59609
          ],
          [
            121.84064,
            24.59612
          ],
          [
            121.84064,
            24.59612
          ],
          [
            121.84017,
            24.59623
          ],
          [
            121.83973,
            24.59633
          ],
          [
            121.83867,
            24.59638
          ],
          [
            121.83819,
            24.5964
          ],
          [
            121.83819,
            24.5964
          ],
          [
            121.83752,
            24.59643
          ],
          [
            121.83738,
            24.59643
          ],
          [
            121.83729,
            24.59648
          ],
          [
            121.83715,
            24.59649
          ],
          [
            121.83678,
            24.59644
          ],
          [
            121.83628,
            24.5964
          ],
          [
            121.83603,
            24.59643
          ],
          [
            121.83581,
            24.59652
          ],
          [
            121.83543,
            24.59676
          ],
          [
            121.83509,
            24.5971
          ],
          [
            121.83509,
            24.5971
          ],
          [
            121.83476,
            24.59746
          ],
          [
            121.83463,
            24.5977
          ],
          [
            121.83449,
            24.59803
          ],
          [
            121.83438,
            24.59831
          ],
          [
            121.8343,
            24.59873
          ],
          [
            121.8343,
            24.59905
          ],
          [
            121.83435,
            24.59938
          ],
          [
            121.83444,
            24.59972
          ],
          [
            121.83467,
            24.60054
          ],
          [
            121.83476,
            24.60089
          ],
          [
            121.8348,
            24.60106
          ],
          [
            121.83485,
            24.60151
          ],
          [
            121.83481,
            24.60192
          ],
          [
            121.83473,
            24.60223
          ],
          [
            121.83458,
            24.60262
          ],
          [
            121.83451,
            24.60283
          ],
          [
            121.83431,
            24.60313
          ],
          [
            121.8342,
            24.60328
          ],
          [
            121.834,
            24.60346
          ],
          [
            121.83371,
            24.60363
          ],
          [
            121.83278,
            24.60393
          ],
          [
            121.83278,
            24.60393
          ],
          [
            121.83183,
            24.60417
          ],
          [
            121.83176,
            24.60419
          ],
          [
            121.83158,
            24.60424
          ],
          [
            121.83134,
            24.60432
          ],
          [
            121.83115,
            24.6044
          ],
          [
            121.83106,
            24.60444
          ],
          [
            121.83096,
            24.6045
          ],
          [
            121.83081,
            24.60459
          ],
          [
            121.83065,
            24.6047
          ],
          [
            121.83047,
            24.60484
          ],
          [
            121.82997,
            24.60531
          ],
          [
            121.82939,
            24.60585
          ],
          [
            121.82933,
            24.60591
          ],
          [
            121.82815,
            24.60689
          ],
          [
            121.82778,
            24.60721
          ],
          [
            121.82765,
            24.60736
          ],
          [
            121.82748,
            24.60757
          ],
          [
            121.82745,
            24.60759
          ],
          [
            121.82732,
            24.6078
          ],
          [
            121.82715,
            24.60802
          ],
          [
            121.82683,
            24.60878
          ],
          [
            121.82683,
            24.60878
          ],
          [
            121.82682,
            24.60882
          ],
          [
            121.82667,
            24.60919
          ],
          [
            121.82664,
            24.60927
          ],
          [
            121.82657,
            24.60944
          ],
          [
            121.8265,
            24.60961
          ],
          [
            121.8265,
            24.60962
          ],
          [
            121.82613,
            24.61045
          ],
          [
            121.82588,
            24.61098
          ],
          [
            121.82549,
            24.61193
          ],
          [
            121.82527,
            24.61256
          ],
          [
            121.82515,
            24.61286
          ],
          [
            121.82511,
            24.61293
          ],
          [
            121.82506,
            24.61301
          ],
          [
            121.82501,
            24.6131
          ],
          [
            121.82495,
            24.61318
          ],
          [
            121.82485,
            24.61329
          ],
          [
            121.82484,
            24.61329
          ],
          [
            121.8246,
            24.61351
          ],
          [
            121.82441,
            24.61367
          ],
          [
            121.82433,
            24.61373
          ],
          [
            121.82423,
            24.61381
          ],
          [
            121.82412,
            24.61389
          ],
          [
            121.82376,
            24.61415
          ],
          [
            121.8224,
            24.61508
          ],
          [
            121.82218,
            24.61519
          ],
          [
            121.82205,
            24.61525
          ],
          [
            121.82187,
            24.61532
          ],
          [
            121.82164,
            24.61539
          ],
          [
            121.82144,
            24.61544
          ],
          [
            121.82118,
            24.6155
          ],
          [
            121.82118,
            24.6155
          ],
          [
            121.82099,
            24.61553
          ],
          [
            121.82077,
            24.61552
          ],
          [
            121.81788,
            24.61515
          ],
          [
            121.81788,
            24.61515
          ],
          [
            121.8156,
            24.61485
          ],
          [
            121.81504,
            24.61481
          ],
          [
            121.81451,
            24.61482
          ],
          [
            121.81396,
            24.61489
          ],
          [
            121.81384,
            24.61492
          ],
          [
            121.81384,
            24.61492
          ],
          [
            121.81296,
            24.61515
          ],
          [
            121.81189,
            24.61546
          ],
          [
            121.81163,
            24.61555
          ],
          [
            121.81119,
            24.61572
          ],
          [
            121.81099,
            24.61584
          ],
          [
            121.8107,
            24.61602
          ],
          [
            121.8107,
            24.61602
          ],
          [
            121.80997,
            24.61647
          ],
          [
            121.80954,
            24.61678
          ],
          [
            121.80926,
            24.61706
          ],
          [
            121.80872,
            24.61773
          ],
          [
            121.80846,
            24.61809
          ],
          [
            121.8082,
            24.61837
          ],
          [
            121.80754,
            24.61905
          ],
          [
            121.80696,
            24.61972
          ],
          [
            121.8069,
            24.61979
          ],
          [
            121.8069,
            24.61979
          ],
          [
            121.80417,
            24.62292
          ],
          [
            121.8033,
            24.62391
          ],
          [
            121.80322,
            24.62404
          ],
          [
            121.80292,
            24.62438
          ],
          [
            121.80292,
            24.62438
          ],
          [
            121.80022,
            24.62754
          ],
          [
            121.80022,
            24.62754
          ],
          [
            121.79836,
            24.62968
          ],
          [
            121.79806,
            24.63
          ],
          [
            121.79806,
            24.63
          ],
          [
            121.798,
            24.63005
          ],
          [
            121.79729,
            24.63078
          ],
          [
            121.79712,
            24.63092
          ],
          [
            121.79701,
            24.63102
          ],
          [
            121.79678,
            24.6312
          ],
          [
            121.79669,
            24.63126
          ],
          [
            121.7965,
            24.63139
          ],
          [
            121.79643,
            24.63142
          ],
          [
            121.79611,
            24.63161
          ],
          [
            121.79588,
            24.63171
          ],
          [
            121.79588,
            24.63173
          ],
          [
            121.79588,
            24.63175
          ],
          [
            121.79588,
            24.63177
          ],
          [
            121.79587,
            24.6318
          ],
          [
            121.79585,
            24.63182
          ],
          [
            121.79583,
            24.63185
          ],
          [
            121.79581,
            24.63186
          ],
          [
            121.79569,
            24.63196
          ],
          [
            121.79529,
            24.63224
          ],
          [
            121.79482,
            24.63256
          ],
          [
            121.79389,
            24.63325
          ],
          [
            121.79315,
            24.63381
          ],
          [
            121.79315,
            24.63381
          ],
          [
            121.79307,
            24.63387
          ],
          [
            121.79295,
            24.63396
          ],
          [
            121.79262,
            24.63417
          ],
          [
            121.79253,
            24.63424
          ],
          [
            121.79245,
            24.63428
          ],
          [
            121.79232,
            24.63433
          ],
          [
            121.792,
            24.63437
          ],
          [
            121.79167,
            24.63442
          ],
          [
            121.79121,
            24.6345
          ],
          [
            121.79098,
            24.63453
          ],
          [
            121.7902,
            24.63475
          ],
          [
            121.78972,
            24.63489
          ],
          [
            121.78972,
            24.63489
          ],
          [
            121.78896,
            24.63511
          ],
          [
            121.78846,
            24.63523
          ],
          [
            121.78846,
            24.63523
          ],
          [
            121.78841,
            24.63525
          ],
          [
            121.78836,
            24.63527
          ],
          [
            121.78794,
            24.63504
          ],
          [
            121.78794,
            24.63504
          ],
          [
            121.78773,
            24.63524
          ],
          [
            121.78768,
            24.63531
          ],
          [
            121.7876,
            24.63542
          ],
          [
            121.78755,
            24.63551
          ],
          [
            121.7875,
            24.63562
          ],
          [
            121.78743,
            24.63579
          ],
          [
            121.78737,
            24.6361
          ],
          [
            121.78735,
            24.63615
          ],
          [
            121.78731,
            24.63639
          ],
          [
            121.78729,
            24.63647
          ],
          [
            121.78726,
            24.63665
          ],
          [
            121.78721,
            24.63702
          ],
          [
            121.78718,
            24.63732
          ],
          [
            121.78716,
            24.63752
          ],
          [
            121.78716,
            24.63752
          ],
          [
            121.78703,
            24.639
          ],
          [
            121.78698,
            24.63978
          ],
          [
            121.78689,
            24.64105
          ],
          [
            121.78676,
            24.64236
          ],
          [
            121.78671,
            24.64311
          ],
          [
            121.78665,
            24.64346
          ],
          [
            121.78665,
            24.64346
          ],
          [
            121.78659,
            24.64373
          ],
          [
            121.78645,
            24.64411
          ],
          [
            121.7857,
            24.64553
          ],
          [
            121.78468,
            24.64726
          ],
          [
            121.78437,
            24.64785
          ],
          [
            121.78437,
            24.64785
          ],
          [
            121.7823,
            24.65174
          ],
          [
            121.78172,
            24.6528
          ],
          [
            121.78172,
            24.6528
          ],
          [
            121.7815,
            24.65322
          ],
          [
            121.78125,
            24.65366
          ],
          [
            121.78095,
            24.65405
          ],
          [
            121.78029,
            24.65495
          ],
          [
            121.77894,
            24.6568
          ],
          [
            121.77886,
            24.6569
          ],
          [
            121.77886,
            24.6569
          ],
          [
            121.77858,
            24.65726
          ],
          [
            121.77808,
            24.65802
          ],
          [
            121.7776,
            24.65883
          ],
          [
            121.77623,
            24.6611
          ],
          [
            121.77565,
            24.66206
          ],
          [
            121.77565,
            24.66206
          ],
          [
            121.77495,
            24.66341
          ],
          [
            121.77446,
            24.66431
          ],
          [
            121.77424,
            24.66476
          ],
          [
            121.77388,
            24.66547
          ],
          [
            121.77388,
            24.66547
          ],
          [
            121.77387,
            24.66549
          ],
          [
            121.77371,
            24.66578
          ],
          [
            121.77341,
            24.66634
          ],
          [
            121.77328,
            24.66663
          ],
          [
            121.77308,
            24.66704
          ],
          [
            121.77302,
            24.66716
          ],
          [
            121.77285,
            24.66711
          ],
          [
            121.77249,
            24.66708
          ],
          [
            121.77223,
            24.66706
          ],
          [
            121.77164,
            24.667
          ],
          [
            121.77151,
            24.66699
          ],
          [
            121.77136,
            24.66699
          ],
          [
            121.77124,
            24.66699
          ],
          [
            121.77113,
            24.667
          ],
          [
            121.77103,
            24.66702
          ],
          [
            121.77017,
            24.66723
          ],
          [
            121.76937,
            24.66746
          ],
          [
            121.7693,
            24.66749
          ],
          [
            121.76913,
            24.66757
          ],
          [
            121.76906,
            24.6676
          ],
          [
            121.76845,
            24.66793
          ],
          [
            121.76828,
            24.66801
          ],
          [
            121.76747,
            24.66845
          ],
          [
            121.76747,
            24.66845
          ],
          [
            121.76688,
            24.66877
          ],
          [
            121.76673,
            24.66885
          ],
          [
            121.76654,
            24.66896
          ],
          [
            121.76638,
            24.66905
          ],
          [
            121.7662,
            24.66917
          ],
          [
            121.76597,
            24.66933
          ],
          [
            121.76575,
            24.66949
          ],
          [
            121.76553,
            24.66966
          ],
          [
            121.76532,
            24.66984
          ],
          [
            121.76519,
            24.66995
          ],
          [
            121.76517,
            24.66996
          ],
          [
            121.76507,
            24.67007
          ],
          [
            121.76495,
            24.67018
          ],
          [
            121.76479,
            24.67034
          ],
          [
            121.76469,
            24.67044
          ],
          [
            121.76459,
            24.67053
          ],
          [
            121.7645,
            24.67063
          ],
          [
            121.76441,
            24.67073
          ],
          [
            121.76433,
            24.67085
          ],
          [
            121.76428,
            24.67094
          ],
          [
            121.76423,
            24.67103
          ],
          [
            121.76417,
            24.67115
          ],
          [
            121.76413,
            24.67127
          ],
          [
            121.76407,
            24.67148
          ],
          [
            121.76403,
            24.67166
          ],
          [
            121.76399,
            24.67189
          ],
          [
            121.76393,
            24.67254
          ],
          [
            121.76391,
            24.67274
          ],
          [
            121.76383,
            24.67365
          ],
          [
            121.7638,
            24.67414
          ],
          [
            121.76379,
            24.67433
          ],
          [
            121.76374,
            24.675
          ],
          [
            121.76374,
            24.675
          ],
          [
            121.76372,
            24.67528
          ],
          [
            121.7637,
            24.67568
          ],
          [
            121.76365,
            24.67706
          ],
          [
            121.76365,
            24.67717
          ],
          [
            121.76364,
            24.67748
          ],
          [
            121.76365,
            24.67762
          ],
          [
            121.76366,
            24.6777
          ],
          [
            121.76367,
            24.67777
          ],
          [
            121.76367,
            24.67782
          ],
          [
            121.76367,
            24.67782
          ],
          [
            121.76367,
            24.67783
          ],
          [
            121.76369,
            24.67795
          ],
          [
            121.76377,
            24.6784
          ],
          [
            121.76387,
            24.67895
          ],
          [
            121.76391,
            24.67906
          ],
          [
            121.76401,
            24.67938
          ],
          [
            121.76414,
            24.67973
          ],
          [
            121.76417,
            24.67982
          ],
          [
            121.76424,
            24.67998
          ],
          [
            121.76426,
            24.68004
          ],
          [
            121.76428,
            24.68009
          ],
          [
            121.76431,
            24.68025
          ],
          [
            121.76438,
            24.6805
          ],
          [
            121.76445,
            24.68077
          ],
          [
            121.76451,
            24.68099
          ],
          [
            121.76453,
            24.68105
          ],
          [
            121.76461,
            24.68133
          ],
          [
            121.76462,
            24.68136
          ],
          [
            121.76462,
            24.68136
          ],
          [
            121.76468,
            24.68154
          ],
          [
            121.76474,
            24.68168
          ],
          [
            121.76479,
            24.68181
          ],
          [
            121.76485,
            24.68194
          ],
          [
            121.76497,
            24.68221
          ],
          [
            121.76524,
            24.6827
          ],
          [
            121.76527,
            24.68274
          ],
          [
            121.76535,
            24.68288
          ],
          [
            121.76569,
            24.68348
          ],
          [
            121.76592,
            24.68387
          ],
          [
            121.76596,
            24.68394
          ],
          [
            121.76627,
            24.68433
          ],
          [
            121.76671,
            24.68489
          ],
          [
            121.76681,
            24.68501
          ],
          [
            121.76696,
            24.68519
          ],
          [
            121.76708,
            24.68532
          ],
          [
            121.76721,
            24.68544
          ],
          [
            121.76746,
            24.68569
          ],
          [
            121.7679,
            24.6861
          ],
          [
            121.76806,
            24.6862
          ],
          [
            121.76882,
            24.68659
          ],
          [
            121.76892,
            24.68664
          ],
          [
            121.76924,
            24.6868
          ],
          [
            121.76991,
            24.68711
          ],
          [
            121.77016,
            24.68722
          ],
          [
            121.77029,
            24.68723
          ],
          [
            121.77033,
            24.68723
          ],
          [
            121.77038,
            24.68722
          ],
          [
            121.77045,
            24.68721
          ],
          [
            121.77051,
            24.68719
          ],
          [
            121.77055,
            24.68718
          ],
          [
            121.77067,
            24.68711
          ],
          [
            121.77072,
            24.68699
          ],
          [
            121.77076,
            24.68676
          ],
          [
            121.7709,
            24.68677
          ],
          [
            121.77084,
            24.68701
          ],
          [
            121.77081,
            24.68714
          ],
          [
            121.77077,
            24.68744
          ],
          [
            121.77076,
            24.68751
          ],
          [
            121.77075,
            24.68762
          ],
          [
            121.77073,
            24.68768
          ],
          [
            121.7707,
            24.68792
          ],
          [
            121.77067,
            24.688110000000002
          ],
          [
            121.77054,
            24.68888
          ],
          [
            121.77046,
            24.6893
          ],
          [
            121.77036,
            24.68991
          ],
          [
            121.77036,
            24.68991
          ],
          [
            121.77031,
            24.69017
          ],
          [
            121.77018,
            24.69095
          ],
          [
            121.77,
            24.69198
          ],
          [
            121.76992,
            24.69245
          ],
          [
            121.76992,
            24.69245
          ],
          [
            121.76988,
            24.69287
          ],
          [
            121.76981,
            24.69335
          ],
          [
            121.76971,
            24.69392
          ],
          [
            121.76965,
            24.69425
          ],
          [
            121.76958,
            24.69466
          ],
          [
            121.76953,
            24.69491
          ],
          [
            121.76946,
            24.69531
          ],
          [
            121.76946,
            24.69531
          ],
          [
            121.76943,
            24.69547
          ],
          [
            121.76935,
            24.69606
          ],
          [
            121.76917,
            24.69671
          ],
          [
            121.76916,
            24.69682
          ],
          [
            121.76905,
            24.69754
          ],
          [
            121.76898,
            24.69803
          ],
          [
            121.76895,
            24.69827
          ],
          [
            121.76895,
            24.69827
          ],
          [
            121.76889,
            24.6988
          ],
          [
            121.7689,
            24.69893
          ],
          [
            121.76915,
            24.69977
          ],
          [
            121.7696,
            24.70096
          ],
          [
            121.77006,
            24.70235
          ],
          [
            121.77035,
            24.70321
          ],
          [
            121.77035,
            24.70321
          ],
          [
            121.77057,
            24.70382
          ],
          [
            121.77108,
            24.70525
          ],
          [
            121.77123,
            24.70571
          ],
          [
            121.77136,
            24.70613
          ],
          [
            121.77136,
            24.70613
          ],
          [
            121.77141,
            24.70631
          ],
          [
            121.77143,
            24.70637
          ],
          [
            121.77159,
            24.7069
          ],
          [
            121.77187,
            24.70775
          ],
          [
            121.77206,
            24.70828
          ],
          [
            121.77239,
            24.70932
          ],
          [
            121.77245,
            24.70949
          ],
          [
            121.77258,
            24.70985
          ],
          [
            121.77258,
            24.70985
          ],
          [
            121.77271,
            24.71018
          ],
          [
            121.77278,
            24.71064
          ],
          [
            121.77282,
            24.71118
          ],
          [
            121.77274,
            24.71155
          ],
          [
            121.77239,
            24.71317
          ],
          [
            121.7716,
            24.71646
          ],
          [
            121.77137,
            24.71759
          ],
          [
            121.7711,
            24.7187
          ],
          [
            121.77107,
            24.71884
          ],
          [
            121.77093,
            24.71939
          ],
          [
            121.77076,
            24.72011
          ],
          [
            121.77065,
            24.72044
          ],
          [
            121.7699,
            24.72181
          ],
          [
            121.7699,
            24.72181
          ],
          [
            121.76936,
            24.72276
          ],
          [
            121.76815,
            24.72496
          ],
          [
            121.76704,
            24.72701
          ],
          [
            121.76704,
            24.72701
          ],
          [
            121.7658,
            24.7293
          ],
          [
            121.76574,
            24.72942
          ],
          [
            121.76565,
            24.7296
          ],
          [
            121.76527,
            24.73029
          ],
          [
            121.76511,
            24.73058
          ],
          [
            121.76478,
            24.73118
          ],
          [
            121.76478,
            24.73118
          ],
          [
            121.76471,
            24.73131
          ],
          [
            121.76444,
            24.73179
          ],
          [
            121.7644,
            24.73187
          ],
          [
            121.76371,
            24.73316
          ],
          [
            121.76332,
            24.73388
          ],
          [
            121.76296,
            24.73452
          ],
          [
            121.76256,
            24.7353
          ],
          [
            121.76198,
            24.73636
          ],
          [
            121.76182,
            24.73664
          ],
          [
            121.76182,
            24.73665
          ],
          [
            121.76172,
            24.73683
          ],
          [
            121.7616,
            24.73705
          ],
          [
            121.76156,
            24.73714
          ],
          [
            121.76087,
            24.73842
          ],
          [
            121.76069,
            24.73874
          ],
          [
            121.76064,
            24.73882
          ],
          [
            121.76057,
            24.73892
          ],
          [
            121.76048,
            24.73903
          ],
          [
            121.76028,
            24.73926
          ],
          [
            121.76002,
            24.73946
          ],
          [
            121.75968,
            24.73973
          ],
          [
            121.75945,
            24.7399
          ],
          [
            121.75945,
            24.7399
          ],
          [
            121.75929,
            24.74003
          ],
          [
            121.75864,
            24.74051
          ],
          [
            121.75801,
            24.74097
          ],
          [
            121.75738,
            24.74149
          ],
          [
            121.75728,
            24.74158
          ],
          [
            121.75726,
            24.7416
          ],
          [
            121.7572,
            24.74166
          ],
          [
            121.75712,
            24.74176
          ],
          [
            121.75698,
            24.74193
          ],
          [
            121.75691,
            24.74203
          ],
          [
            121.75688,
            24.74208
          ],
          [
            121.75683,
            24.74218
          ],
          [
            121.75673,
            24.74241
          ],
          [
            121.75669,
            24.74252
          ],
          [
            121.75669,
            24.74252
          ],
          [
            121.75665,
            24.74262
          ],
          [
            121.75658,
            24.74286
          ],
          [
            121.7565,
            24.74314
          ],
          [
            121.75646,
            24.74323
          ],
          [
            121.75642,
            24.74332
          ],
          [
            121.75639,
            24.74341
          ],
          [
            121.75637,
            24.74347
          ],
          [
            121.75629,
            24.74352
          ],
          [
            121.75624,
            24.74361
          ],
          [
            121.75619,
            24.74377
          ],
          [
            121.75596,
            24.74448
          ],
          [
            121.75575,
            24.74502
          ],
          [
            121.75571,
            24.74515
          ],
          [
            121.75562,
            24.74537
          ],
          [
            121.75544,
            24.74587
          ],
          [
            121.75531,
            24.74618
          ],
          [
            121.75512,
            24.74671
          ],
          [
            121.75512,
            24.74671
          ],
          [
            121.75492,
            24.74724
          ],
          [
            121.75488,
            24.74734
          ],
          [
            121.75474,
            24.74771
          ],
          [
            121.7547,
            24.74783
          ],
          [
            121.75466,
            24.74793
          ],
          [
            121.75474,
            24.74796
          ],
          [
            121.75487,
            24.74798
          ],
          [
            121.75498,
            24.74821
          ],
          [
            121.75532,
            24.74891
          ],
          [
            121.75552,
            24.74933
          ],
          [
            121.75552,
            24.74933
          ],
          [
            121.75572,
            24.74976
          ],
          [
            121.75592,
            24.75019
          ],
          [
            121.75593,
            24.75023
          ],
          [
            121.75593,
            24.75023
          ],
          [
            121.75605,
            24.75022
          ],
          [
            121.7561,
            24.75022
          ],
          [
            121.75612,
            24.75022
          ],
          [
            121.75646,
            24.75018
          ],
          [
            121.75673,
            24.75015
          ],
          [
            121.75677,
            24.75015
          ],
          [
            121.75708,
            24.75015
          ],
          [
            121.75734,
            24.75015
          ],
          [
            121.75747,
            24.75015
          ],
          [
            121.75756,
            24.75016
          ],
          [
            121.75764,
            24.75017
          ],
          [
            121.75771,
            24.75018
          ],
          [
            121.75787,
            24.75021
          ],
          [
            121.75787,
            24.75021
          ],
          [
            121.75819,
            24.7511
          ],
          [
            121.7586,
            24.7521
          ],
          [
            121.75865,
            24.75222
          ],
          [
            121.75869,
            24.75233
          ],
          [
            121.75874,
            24.75246
          ],
          [
            121.75874,
            24.75246
          ],
          [
            121.75877,
            24.75246
          ],
          [
            121.75878,
            24.75246
          ],
          [
            121.7588,
            24.75246
          ],
          [
            121.75881,
            24.75247
          ],
          [
            121.75882,
            24.75249
          ],
          [
            121.75885,
            24.75254
          ],
          [
            121.75886,
            24.75256
          ],
          [
            121.75889,
            24.75258
          ],
          [
            121.75892,
            24.7526
          ],
          [
            121.75896,
            24.75261
          ],
          [
            121.75899,
            24.75261
          ],
          [
            121.75903,
            24.75261
          ],
          [
            121.75912,
            24.75258
          ],
          [
            121.7597,
            24.75239
          ],
          [
            121.75993,
            24.75229
          ],
          [
            121.75996,
            24.75227
          ],
          [
            121.75998,
            24.75224
          ],
          [
            121.75999,
            24.7522
          ],
          [
            121.76,
            24.75215
          ],
          [
            121.75999,
            24.75208
          ],
          [
            121.75991,
            24.75185
          ],
          [
            121.75987,
            24.7517
          ],
          [
            121.75987,
            24.7517
          ],
          [
            121.75987,
            24.75168
          ],
          [
            121.75981,
            24.75147
          ],
          [
            121.75981,
            24.75142
          ],
          [
            121.75981,
            24.75141
          ],
          [
            121.75982,
            24.75138
          ],
          [
            121.75984,
            24.75134
          ],
          [
            121.75987,
            24.75129
          ],
          [
            121.75991,
            24.75125
          ],
          [
            121.75995,
            24.7512
          ],
          [
            121.76003,
            24.75109
          ],
          [
            121.76009,
            24.75099
          ],
          [
            121.76006,
            24.75089
          ],
          [
            121.75806,
            24.75026
          ],
          [
            121.75787,
            24.75021
          ],
          [
            121.75771,
            24.75018
          ],
          [
            121.75764,
            24.75017
          ],
          [
            121.75756,
            24.75016
          ],
          [
            121.75747,
            24.75015
          ],
          [
            121.75734,
            24.75015
          ],
          [
            121.75708,
            24.75015
          ],
          [
            121.75677,
            24.75015
          ],
          [
            121.75673,
            24.75015
          ],
          [
            121.75646,
            24.75018
          ],
          [
            121.75612,
            24.75022
          ],
          [
            121.7561,
            24.75022
          ],
          [
            121.75605,
            24.75022
          ],
          [
            121.75593,
            24.75023
          ],
          [
            121.75604,
            24.75053
          ],
          [
            121.7563,
            24.75123
          ],
          [
            121.75638,
            24.75145
          ],
          [
            121.75648,
            24.75176
          ],
          [
            121.75653,
            24.7519
          ],
          [
            121.75653,
            24.7519
          ],
          [
            121.7566,
            24.75208
          ],
          [
            121.7567,
            24.75237
          ],
          [
            121.75682,
            24.7527
          ],
          [
            121.75694,
            24.75303
          ],
          [
            121.757,
            24.75317
          ],
          [
            121.75726,
            24.75385
          ],
          [
            121.75734,
            24.75406
          ],
          [
            121.75745,
            24.75433
          ],
          [
            121.75759,
            24.75468
          ],
          [
            121.7575,
            24.75471
          ],
          [
            121.75734,
            24.75475
          ],
          [
            121.75702,
            24.75484
          ],
          [
            121.7568,
            24.7549
          ],
          [
            121.7568,
            24.7549
          ],
          [
            121.75664,
            24.75494
          ],
          [
            121.75587,
            24.7551
          ],
          [
            121.7555,
            24.75517
          ],
          [
            121.75544,
            24.75513
          ],
          [
            121.75542,
            24.75512
          ],
          [
            121.7554,
            24.7551
          ],
          [
            121.75536,
            24.75508
          ],
          [
            121.75525,
            24.75503
          ],
          [
            121.75477,
            24.75479
          ],
          [
            121.7545,
            24.75463
          ],
          [
            121.75444,
            24.75459
          ],
          [
            121.7543,
            24.75453
          ],
          [
            121.75421,
            24.75449
          ],
          [
            121.75414,
            24.75446
          ],
          [
            121.75406,
            24.75444
          ],
          [
            121.75381,
            24.75439
          ],
          [
            121.75374,
            24.75438
          ],
          [
            121.75374,
            24.75438
          ],
          [
            121.75348,
            24.75434
          ],
          [
            121.75322,
            24.75432
          ],
          [
            121.75302,
            24.7543
          ],
          [
            121.75281,
            24.75433
          ],
          [
            121.75274,
            24.75434
          ],
          [
            121.7527,
            24.75434
          ],
          [
            121.75258,
            24.75436
          ],
          [
            121.75249,
            24.75438
          ],
          [
            121.75225,
            24.75443
          ],
          [
            121.75212,
            24.75453
          ],
          [
            121.75197,
            24.75458
          ],
          [
            121.752,
            24.75487
          ],
          [
            121.75201,
            24.75495
          ],
          [
            121.75202,
            24.755
          ],
          [
            121.75204,
            24.75505
          ],
          [
            121.75205,
            24.7551
          ],
          [
            121.75207,
            24.75517
          ],
          [
            121.75223,
            24.75587
          ],
          [
            121.7524,
            24.75659
          ],
          [
            121.75252,
            24.75711
          ],
          [
            121.75261,
            24.75751
          ],
          [
            121.75262,
            24.75756
          ],
          [
            121.75262,
            24.75756
          ],
          [
            121.7527,
            24.75784
          ],
          [
            121.75293,
            24.75895
          ],
          [
            121.75297,
            24.75915
          ],
          [
            121.75301,
            24.75928
          ],
          [
            121.75301,
            24.75928
          ],
          [
            121.7532,
            24.76007
          ],
          [
            121.75327,
            24.76039
          ],
          [
            121.7533,
            24.76048
          ],
          [
            121.75352,
            24.7611
          ],
          [
            121.7536,
            24.7613
          ],
          [
            121.75399,
            24.76229
          ],
          [
            121.75399,
            24.76229
          ],
          [
            121.75403,
            24.76239
          ],
          [
            121.7541,
            24.76257
          ],
          [
            121.75416,
            24.76273
          ],
          [
            121.7545,
            24.7637
          ],
          [
            121.75454,
            24.76381
          ],
          [
            121.75467,
            24.76415
          ],
          [
            121.75467,
            24.76415
          ],
          [
            121.7547,
            24.76422
          ],
          [
            121.75473,
            24.7643
          ],
          [
            121.75476,
            24.76438
          ],
          [
            121.75482,
            24.76458
          ],
          [
            121.75505,
            24.76516
          ],
          [
            121.75511,
            24.76531
          ],
          [
            121.75513,
            24.76536
          ],
          [
            121.75515,
            24.76542
          ],
          [
            121.75562,
            24.76683
          ],
          [
            121.75566,
            24.76693
          ],
          [
            121.75567,
            24.76697
          ],
          [
            121.75598,
            24.76773
          ],
          [
            121.7561,
            24.7681
          ],
          [
            121.75616,
            24.76827
          ],
          [
            121.75616,
            24.76827
          ],
          [
            121.75628,
            24.76864
          ],
          [
            121.75635,
            24.76882
          ],
          [
            121.7565,
            24.76914
          ],
          [
            121.75658,
            24.76939
          ],
          [
            121.75675,
            24.7699
          ],
          [
            121.75677,
            24.76995
          ],
          [
            121.75691,
            24.77041
          ],
          [
            121.75703,
            24.77082
          ],
          [
            121.7573,
            24.77174
          ],
          [
            121.75737,
            24.77198
          ],
          [
            121.75745,
            24.77226
          ],
          [
            121.75748,
            24.77234
          ],
          [
            121.75753,
            24.77251
          ],
          [
            121.75768,
            24.77296
          ],
          [
            121.75785,
            24.77355
          ],
          [
            121.75785,
            24.77355
          ],
          [
            121.7579,
            24.77375
          ],
          [
            121.75829,
            24.77504
          ],
          [
            121.75846,
            24.77557
          ],
          [
            121.75857,
            24.77592
          ],
          [
            121.75862,
            24.77599
          ],
          [
            121.75865,
            24.77606
          ],
          [
            121.75869,
            24.77615
          ],
          [
            121.75874,
            24.77629
          ],
          [
            121.75883,
            24.77658
          ],
          [
            121.75883,
            24.77658
          ],
          [
            121.75887,
            24.77674
          ],
          [
            121.75891,
            24.77688
          ],
          [
            121.75896,
            24.77705
          ],
          [
            121.75918,
            24.77779
          ],
          [
            121.75925,
            24.77815
          ],
          [
            121.75929,
            24.77826
          ],
          [
            121.7595,
            24.77892
          ],
          [
            121.75958,
            24.77922
          ],
          [
            121.75972,
            24.77966
          ],
          [
            121.75972,
            24.77966
          ],
          [
            121.76055,
            24.7824
          ],
          [
            121.76055,
            24.7824
          ],
          [
            121.76081,
            24.78327
          ],
          [
            121.76136,
            24.78526
          ],
          [
            121.76148,
            24.78575
          ],
          [
            121.76159,
            24.78636
          ],
          [
            121.76171,
            24.78717
          ],
          [
            121.76171,
            24.78717
          ],
          [
            121.76177,
            24.78775
          ],
          [
            121.76182,
            24.78829
          ],
          [
            121.76192,
            24.78918
          ],
          [
            121.76194,
            24.78936
          ],
          [
            121.76198,
            24.7897
          ],
          [
            121.762,
            24.7899
          ],
          [
            121.76207,
            24.79029
          ],
          [
            121.76213,
            24.79051
          ],
          [
            121.76221,
            24.79084
          ],
          [
            121.76221,
            24.79084
          ],
          [
            121.76236,
            24.7914
          ],
          [
            121.76253,
            24.79198
          ],
          [
            121.76276,
            24.79278
          ],
          [
            121.76283,
            24.79303
          ],
          [
            121.76289,
            24.79322
          ],
          [
            121.76289,
            24.79322
          ],
          [
            121.76304,
            24.79373
          ],
          [
            121.76313,
            24.7941
          ],
          [
            121.7632,
            24.79435
          ],
          [
            121.76339,
            24.79506
          ],
          [
            121.76345,
            24.79526
          ],
          [
            121.76348,
            24.7954
          ],
          [
            121.76379,
            24.79659
          ],
          [
            121.76392,
            24.79712
          ],
          [
            121.76405,
            24.79765
          ],
          [
            121.76414,
            24.79804
          ],
          [
            121.76425,
            24.79846
          ],
          [
            121.76433,
            24.79884
          ],
          [
            121.76438,
            24.79901
          ],
          [
            121.76438,
            24.79901
          ],
          [
            121.76471,
            24.8003
          ],
          [
            121.76493,
            24.80114
          ],
          [
            121.76506,
            24.8017
          ],
          [
            121.76506,
            24.8017
          ],
          [
            121.76508,
            24.80175
          ],
          [
            121.76508,
            24.80176
          ],
          [
            121.76517,
            24.80216
          ],
          [
            121.76521,
            24.8024
          ],
          [
            121.76531,
            24.80284
          ],
          [
            121.76533,
            24.80299
          ],
          [
            121.76539,
            24.80331
          ],
          [
            121.76561,
            24.80446
          ],
          [
            121.76569,
            24.80501
          ],
          [
            121.76573,
            24.80524
          ],
          [
            121.76573,
            24.80524
          ],
          [
            121.76585,
            24.80565
          ],
          [
            121.76595,
            24.80591
          ],
          [
            121.7666,
            24.80749
          ],
          [
            121.76676,
            24.80789
          ],
          [
            121.76699,
            24.80859
          ],
          [
            121.76708,
            24.80886
          ],
          [
            121.76711,
            24.80909
          ],
          [
            121.76719,
            24.80986
          ],
          [
            121.76719,
            24.80986
          ],
          [
            121.76722,
            24.81021
          ],
          [
            121.76724,
            24.81035
          ],
          [
            121.76726,
            24.81047
          ],
          [
            121.76747,
            24.81251
          ],
          [
            121.76758,
            24.8144
          ],
          [
            121.76761,
            24.81472
          ],
          [
            121.76766,
            24.8151
          ],
          [
            121.7677,
            24.81528
          ],
          [
            121.76771,
            24.81539
          ],
          [
            121.76782,
            24.81595
          ],
          [
            121.76787,
            24.81607
          ],
          [
            121.76801,
            24.81659
          ],
          [
            121.76799,
            24.81668
          ],
          [
            121.76803,
            24.81678
          ],
          [
            121.76803,
            24.81678
          ],
          [
            121.76814,
            24.8171
          ],
          [
            121.7682,
            24.81728
          ],
          [
            121.76832,
            24.8176
          ],
          [
            121.76845,
            24.81793
          ],
          [
            121.76863,
            24.81848
          ],
          [
            121.76867,
            24.81856
          ],
          [
            121.76873,
            24.81873
          ],
          [
            121.76881,
            24.81894
          ],
          [
            121.76881,
            24.81894
          ],
          [
            121.76886,
            24.81908
          ],
          [
            121.76888,
            24.81917
          ],
          [
            121.76904,
            24.81966
          ],
          [
            121.76908,
            24.81975
          ],
          [
            121.7691,
            24.81981
          ],
          [
            121.76943,
            24.82075
          ],
          [
            121.76955,
            24.8211
          ],
          [
            121.76955,
            24.8211
          ],
          [
            121.77017,
            24.82277
          ],
          [
            121.77056,
            24.82379
          ],
          [
            121.77085,
            24.82456
          ],
          [
            121.77085,
            24.82456
          ],
          [
            121.77106,
            24.82509
          ],
          [
            121.77113,
            24.82526
          ],
          [
            121.77119,
            24.82543
          ],
          [
            121.77128,
            24.82567
          ],
          [
            121.77144,
            24.82608
          ],
          [
            121.77171,
            24.82675
          ],
          [
            121.77175,
            24.82687
          ],
          [
            121.77188,
            24.82707
          ],
          [
            121.77205,
            24.82729
          ],
          [
            121.77214,
            24.82742
          ],
          [
            121.77242,
            24.8277
          ],
          [
            121.7726,
            24.82789
          ],
          [
            121.7732,
            24.82837
          ],
          [
            121.77331,
            24.82843
          ],
          [
            121.77331,
            24.82843
          ],
          [
            121.77358,
            24.82858
          ],
          [
            121.7737,
            24.82863
          ],
          [
            121.77376,
            24.82865
          ],
          [
            121.77385,
            24.82869
          ],
          [
            121.77395,
            24.82872
          ],
          [
            121.77414,
            24.82877
          ],
          [
            121.77425,
            24.8288
          ],
          [
            121.77433,
            24.82882
          ],
          [
            121.77446,
            24.82885
          ],
          [
            121.77451,
            24.82886
          ],
          [
            121.77452,
            24.82886
          ],
          [
            121.77469,
            24.82888
          ],
          [
            121.77481,
            24.8289
          ],
          [
            121.77498,
            24.82892
          ],
          [
            121.7757,
            24.82896
          ],
          [
            121.77572,
            24.82897
          ],
          [
            121.7759,
            24.82899
          ],
          [
            121.77603,
            24.829
          ],
          [
            121.77614,
            24.82904
          ],
          [
            121.77621,
            24.82906
          ],
          [
            121.77628,
            24.82908
          ],
          [
            121.77636,
            24.8291
          ],
          [
            121.77643,
            24.82912
          ],
          [
            121.77658,
            24.82915
          ],
          [
            121.77673,
            24.82922
          ],
          [
            121.77675,
            24.82924
          ],
          [
            121.77676,
            24.82926
          ],
          [
            121.77681,
            24.82932
          ],
          [
            121.7769,
            24.8294
          ],
          [
            121.77692,
            24.82943
          ],
          [
            121.77704,
            24.82958
          ],
          [
            121.77716,
            24.82972
          ],
          [
            121.77743,
            24.83004
          ],
          [
            121.77743,
            24.83004
          ],
          [
            121.77777,
            24.83043
          ],
          [
            121.77813,
            24.83092
          ],
          [
            121.77886,
            24.83188
          ],
          [
            121.78021,
            24.83357
          ],
          [
            121.78021,
            24.83357
          ],
          [
            121.78024,
            24.83362
          ],
          [
            121.78032,
            24.83372
          ],
          [
            121.78059,
            24.83402
          ],
          [
            121.78066,
            24.83409
          ],
          [
            121.78082,
            24.83424
          ],
          [
            121.78111,
            24.8345
          ],
          [
            121.78118,
            24.83457
          ],
          [
            121.7813,
            24.83468
          ],
          [
            121.78139,
            24.83475
          ],
          [
            121.78161,
            24.83492
          ],
          [
            121.78186,
            24.83511
          ],
          [
            121.78217,
            24.83526
          ],
          [
            121.7828,
            24.83553
          ],
          [
            121.7828,
            24.83553
          ],
          [
            121.78287,
            24.83556
          ],
          [
            121.78322,
            24.83568
          ],
          [
            121.78347,
            24.83577
          ],
          [
            121.78375,
            24.83585
          ],
          [
            121.78473,
            24.83617
          ],
          [
            121.78507,
            24.83628
          ],
          [
            121.78539,
            24.83639
          ],
          [
            121.7856,
            24.83646
          ],
          [
            121.78592,
            24.83656
          ],
          [
            121.78603,
            24.8366
          ],
          [
            121.7862,
            24.83665
          ],
          [
            121.78644,
            24.83674
          ],
          [
            121.78644,
            24.83674
          ],
          [
            121.78674,
            24.83684
          ],
          [
            121.78732,
            24.83702
          ],
          [
            121.7877,
            24.83714
          ],
          [
            121.78789,
            24.8372
          ],
          [
            121.78796,
            24.83723
          ],
          [
            121.78818,
            24.8373
          ],
          [
            121.78818,
            24.8373
          ],
          [
            121.78829,
            24.83733
          ],
          [
            121.78847,
            24.8374
          ],
          [
            121.78859,
            24.83744
          ],
          [
            121.78888,
            24.83754
          ],
          [
            121.78931,
            24.83768
          ],
          [
            121.79008,
            24.83795
          ],
          [
            121.79027,
            24.83803
          ],
          [
            121.7909,
            24.83828
          ],
          [
            121.79099,
            24.83831
          ],
          [
            121.79122,
            24.83837
          ],
          [
            121.79149,
            24.83844
          ],
          [
            121.7917,
            24.83848
          ],
          [
            121.79207,
            24.83851
          ],
          [
            121.79264,
            24.83855
          ],
          [
            121.79289,
            24.83856
          ],
          [
            121.79323,
            24.83858
          ],
          [
            121.79323,
            24.83858
          ],
          [
            121.79339,
            24.83859
          ],
          [
            121.79361,
            24.8386
          ],
          [
            121.79387,
            24.83863
          ],
          [
            121.79407,
            24.83867
          ],
          [
            121.79411,
            24.83869
          ],
          [
            121.79426,
            24.83872
          ],
          [
            121.79442,
            24.83878
          ],
          [
            121.79461,
            24.83887
          ],
          [
            121.7948,
            24.83897
          ],
          [
            121.79503,
            24.83911
          ],
          [
            121.79541,
            24.83935
          ],
          [
            121.79552,
            24.83942
          ],
          [
            121.79569,
            24.83951
          ],
          [
            121.79573,
            24.83954
          ],
          [
            121.79587,
            24.8396
          ],
          [
            121.79604,
            24.83967
          ],
          [
            121.79614,
            24.83972
          ],
          [
            121.79623,
            24.83975
          ],
          [
            121.79641,
            24.83981
          ],
          [
            121.79647,
            24.83983
          ],
          [
            121.79666,
            24.83988
          ],
          [
            121.79704,
            24.83997
          ],
          [
            121.79797,
            24.8402
          ],
          [
            121.79828,
            24.84027
          ],
          [
            121.79845,
            24.84031
          ],
          [
            121.79872,
            24.84038
          ],
          [
            121.79888,
            24.84041
          ],
          [
            121.79988,
            24.84066
          ],
          [
            121.80004,
            24.84071
          ],
          [
            121.80026,
            24.84078
          ],
          [
            121.80059,
            24.84089
          ],
          [
            121.8009,
            24.84102
          ],
          [
            121.80123,
            24.8412
          ],
          [
            121.80149,
            24.84136
          ],
          [
            121.80165,
            24.84147
          ],
          [
            121.8018,
            24.84158
          ],
          [
            121.8018,
            24.84158
          ],
          [
            121.80195,
            24.84168
          ],
          [
            121.80218,
            24.84183
          ],
          [
            121.80283,
            24.84229
          ],
          [
            121.8034,
            24.84269
          ],
          [
            121.80356,
            24.8428
          ],
          [
            121.80429,
            24.84334
          ],
          [
            121.80476,
            24.84368
          ],
          [
            121.80487,
            24.84376
          ],
          [
            121.80508,
            24.8439
          ],
          [
            121.80548,
            24.84418
          ],
          [
            121.80548,
            24.84418
          ],
          [
            121.80558,
            24.84425
          ],
          [
            121.80603,
            24.84457
          ],
          [
            121.80635,
            24.84477
          ],
          [
            121.80637,
            24.84477
          ],
          [
            121.80694,
            24.84506
          ],
          [
            121.80759,
            24.84535
          ],
          [
            121.80788,
            24.84546
          ],
          [
            121.80811,
            24.84555
          ],
          [
            121.80811,
            24.84555
          ],
          [
            121.81098,
            24.84662
          ],
          [
            121.81257,
            24.84724
          ],
          [
            121.81257,
            24.84724
          ],
          [
            121.8127,
            24.84729
          ],
          [
            121.81295,
            24.84738
          ],
          [
            121.81303,
            24.84741
          ],
          [
            121.8131,
            24.84744
          ],
          [
            121.81314,
            24.84745
          ],
          [
            121.81318,
            24.84748
          ],
          [
            121.81321,
            24.84749
          ],
          [
            121.81325,
            24.84751
          ],
          [
            121.81334,
            24.84756
          ],
          [
            121.81339,
            24.84759
          ],
          [
            121.81343,
            24.84762
          ],
          [
            121.81347,
            24.84764
          ],
          [
            121.81355,
            24.84769
          ],
          [
            121.81386,
            24.84794
          ],
          [
            121.81425,
            24.84835
          ],
          [
            121.81456,
            24.84874
          ],
          [
            121.81478,
            24.84901
          ],
          [
            121.81492,
            24.84916
          ],
          [
            121.81512,
            24.84936
          ],
          [
            121.81518,
            24.84941
          ],
          [
            121.81536,
            24.84955
          ],
          [
            121.81553,
            24.84967
          ],
          [
            121.81553,
            24.84967
          ],
          [
            121.81588,
            24.84995
          ],
          [
            121.81605,
            24.85006
          ],
          [
            121.81615,
            24.85013
          ],
          [
            121.81619,
            24.85016
          ],
          [
            121.81657,
            24.85042
          ],
          [
            121.81673,
            24.85053
          ],
          [
            121.81685,
            24.85061
          ],
          [
            121.81752,
            24.85107
          ],
          [
            121.8178,
            24.85126
          ],
          [
            121.81784,
            24.85129
          ],
          [
            121.81805,
            24.85143
          ],
          [
            121.81829,
            24.85157
          ],
          [
            121.81848,
            24.85168
          ],
          [
            121.8187,
            24.85178
          ],
          [
            121.81875,
            24.85181
          ],
          [
            121.81883,
            24.85185
          ],
          [
            121.81884,
            24.85185
          ],
          [
            121.81895,
            24.8519
          ],
          [
            121.81898,
            24.85192
          ],
          [
            121.81913,
            24.85199
          ],
          [
            121.81921,
            24.85203
          ],
          [
            121.81949,
            24.85216
          ],
          [
            121.82016,
            24.85247
          ],
          [
            121.82047,
            24.85261
          ],
          [
            121.82055,
            24.85265
          ],
          [
            121.82062,
            24.85268
          ],
          [
            121.82076,
            24.85274
          ],
          [
            121.82104,
            24.85287
          ],
          [
            121.82105,
            24.85288
          ],
          [
            121.82118,
            24.85294
          ],
          [
            121.8213,
            24.85301
          ],
          [
            121.82134,
            24.85304
          ],
          [
            121.82136,
            24.85305
          ],
          [
            121.82139,
            24.85307
          ],
          [
            121.82141,
            24.85308
          ],
          [
            121.82143,
            24.8531
          ],
          [
            121.82145,
            24.85311
          ],
          [
            121.82146,
            24.85312
          ],
          [
            121.82147,
            24.85313
          ],
          [
            121.8215,
            24.85315
          ],
          [
            121.82154,
            24.85318
          ],
          [
            121.82156,
            24.8532
          ],
          [
            121.82158,
            24.85322
          ],
          [
            121.82164,
            24.85328
          ],
          [
            121.8217,
            24.85334
          ],
          [
            121.82186,
            24.85352
          ],
          [
            121.82207,
            24.85377
          ],
          [
            121.8221,
            24.85381
          ],
          [
            121.82216,
            24.85388
          ],
          [
            121.82255,
            24.85433
          ],
          [
            121.82263,
            24.85443
          ],
          [
            121.82308,
            24.85492
          ],
          [
            121.82357,
            24.85546
          ],
          [
            121.82357,
            24.85546
          ],
          [
            121.82372,
            24.85562
          ],
          [
            121.82462,
            24.8566
          ],
          [
            121.82504,
            24.85713
          ],
          [
            121.82531,
            24.85749
          ],
          [
            121.82582,
            24.85831
          ],
          [
            121.82601,
            24.85859
          ],
          [
            121.82601,
            24.85859
          ],
          [
            121.8275,
            24.86088
          ],
          [
            121.82763,
            24.86106
          ],
          [
            121.82769,
            24.86109
          ],
          [
            121.8277,
            24.8611
          ],
          [
            121.82788,
            24.86139
          ],
          [
            121.82807,
            24.86166
          ],
          [
            121.82856,
            24.86238
          ],
          [
            121.82866,
            24.86256
          ],
          [
            121.82866,
            24.86256
          ],
          [
            121.82877,
            24.86281
          ],
          [
            121.82884,
            24.86303
          ],
          [
            121.8289,
            24.86333
          ],
          [
            121.82892,
            24.86368
          ],
          [
            121.8289,
            24.86402
          ],
          [
            121.82883,
            24.86475
          ],
          [
            121.82884,
            24.86504
          ],
          [
            121.82939,
            24.86585
          ],
          [
            121.82953,
            24.86604
          ],
          [
            121.82953,
            24.86604
          ],
          [
            121.8298,
            24.86638
          ],
          [
            121.8299,
            24.86653
          ],
          [
            121.83044,
            24.86729
          ],
          [
            121.83135,
            24.86852
          ],
          [
            121.83158,
            24.8688
          ],
          [
            121.83182,
            24.86903
          ],
          [
            121.83224,
            24.86935
          ],
          [
            121.83308,
            24.86991
          ],
          [
            121.83308,
            24.86991
          ],
          [
            121.83456,
            24.87092
          ],
          [
            121.83483,
            24.87081
          ],
          [
            121.83522,
            24.87065
          ],
          [
            121.83558,
            24.8705
          ],
          [
            121.83576,
            24.87043
          ],
          [
            121.83553,
            24.86992
          ],
          [
            121.835,
            24.86877
          ]
        ]
      }
    },
    {
      "type": "Feature",
      "properties": {
        "feature_type": "route",
        "ref": "176",
        "name": "176（經羅東高中]）",
        "name_en": "176 (via 羅東高中])",
        "color": "#d97706",
        "direction": 0
      },
      "geometry": {
        "type": "LineString",
        "coordinates": [
          [
            121.87033,
            24.58065
          ],
          [
            121.86998,
            24.58128
          ],
          [
            121.86983,
            24.58155
          ],
          [
            121.86975,
            24.58165
          ],
          [
            121.86967,
            24.58168
          ],
          [
            121.86846,
            24.58154
          ],
          [
            121.86742,
            24.5814
          ],
          [
            121.86742,
            24.5814
          ],
          [
            121.8669,
            24.58135
          ],
          [
            121.86631,
            24.58126
          ],
          [
            121.86611,
            24.58125
          ],
          [
            121.8655,
            24.58123
          ],
          [
            121.86547,
            24.58123
          ],
          [
            121.86544,
            24.58123
          ],
          [
            121.86541,
            24.58124
          ],
          [
            121.86539,
            24.58125
          ],
          [
            121.86536,
            24.58126
          ],
          [
            121.86535,
            24.58127
          ],
          [
            121.86533,
            24.58129
          ],
          [
            121.86531,
            24.58133
          ],
          [
            121.8652,
            24.58188
          ],
          [
            121.86516,
            24.58197
          ],
          [
            121.86516,
            24.58197
          ],
          [
            121.8651,
            24.58212
          ],
          [
            121.86501,
            24.58208
          ],
          [
            121.86496,
            24.58252
          ],
          [
            121.86491,
            24.5828
          ],
          [
            121.86488,
            24.58298
          ],
          [
            121.86486,
            24.5831
          ],
          [
            121.86483,
            24.58354
          ],
          [
            121.86483,
            24.58363
          ],
          [
            121.86478,
            24.58406
          ],
          [
            121.86478,
            24.58406
          ],
          [
            121.86472,
            24.58471
          ],
          [
            121.86462,
            24.58493
          ],
          [
            121.86439,
            24.58519
          ],
          [
            121.86391,
            24.58562
          ],
          [
            121.86368,
            24.5859
          ],
          [
            121.86358,
            24.58606
          ],
          [
            121.86344,
            24.58638
          ],
          [
            121.86333,
            24.58673
          ],
          [
            121.86323,
            24.58711
          ],
          [
            121.86317,
            24.5873
          ],
          [
            121.86308,
            24.58754
          ],
          [
            121.86288,
            24.5878
          ],
          [
            121.86261,
            24.58803
          ],
          [
            121.86107,
            24.58921
          ],
          [
            121.86027,
            24.5898
          ],
          [
            121.85999,
            24.59004
          ],
          [
            121.85987,
            24.59018
          ],
          [
            121.85959,
            24.59051
          ],
          [
            121.85918,
            24.59112
          ],
          [
            121.8589,
            24.59177
          ],
          [
            121.85869,
            24.59247
          ],
          [
            121.85834,
            24.59396
          ],
          [
            121.85823,
            24.59441
          ],
          [
            121.85808,
            24.59487
          ],
          [
            121.85802,
            24.59498
          ],
          [
            121.8579,
            24.59513
          ],
          [
            121.85764,
            24.59536
          ],
          [
            121.85723,
            24.59571
          ],
          [
            121.85687,
            24.59604
          ],
          [
            121.85674,
            24.59614
          ],
          [
            121.85658,
            24.59621
          ],
          [
            121.8564,
            24.59626
          ],
          [
            121.85589,
            24.59624
          ],
          [
            121.85589,
            24.59624
          ],
          [
            121.85573,
            24.59624
          ],
          [
            121.85568,
            24.59624
          ],
          [
            121.85514,
            24.59622
          ],
          [
            121.85445,
            24.5962
          ],
          [
            121.85431,
            24.5962
          ],
          [
            121.85412,
            24.59619
          ],
          [
            121.85335,
            24.59615
          ],
          [
            121.85336,
            24.59553
          ],
          [
            121.85316,
            24.59552
          ],
          [
            121.85297,
            24.59552
          ],
          [
            121.85256,
            24.59548
          ],
          [
            121.85256,
            24.59548
          ],
          [
            121.85232,
            24.59545
          ],
          [
            121.85144,
            24.59543
          ],
          [
            121.85144,
            24.59543
          ],
          [
            121.8514,
            24.59596
          ],
          [
            121.85139,
            24.59607
          ],
          [
            121.85139,
            24.59607
          ],
          [
            121.85108,
            24.59606
          ],
          [
            121.85044,
            24.596
          ],
          [
            121.84983,
            24.59597
          ],
          [
            121.84934,
            24.59596
          ],
          [
            121.84922,
            24.59595
          ],
          [
            121.84889,
            24.59592
          ],
          [
            121.84827,
            24.59589
          ],
          [
            121.84794,
            24.59587
          ],
          [
            121.84794,
            24.59587
          ],
          [
            121.84754,
            24.59584
          ],
          [
            121.84723,
            24.59582
          ],
          [
            121.84706,
            24.59582
          ],
          [
            121.84673,
            24.5958
          ],
          [
            121.84637,
            24.59578
          ],
          [
            121.84619000000001,
            24.59577
          ],
          [
            121.84564,
            24.59574
          ],
          [
            121.8453,
            24.59572
          ],
          [
            121.84512,
            24.5957
          ],
          [
            121.84509,
            24.59568
          ],
          [
            121.84463,
            24.59564
          ],
          [
            121.84445,
            24.59563
          ],
          [
            121.84445,
            24.59563
          ],
          [
            121.84425,
            24.59562
          ],
          [
            121.84394,
            24.59564
          ],
          [
            121.8438,
            24.59563
          ],
          [
            121.84287,
            24.59562
          ],
          [
            121.84276,
            24.59563
          ],
          [
            121.84265,
            24.59563
          ],
          [
            121.84247,
            24.59566
          ],
          [
            121.84237,
            24.59568
          ],
          [
            121.84224,
            24.59571
          ],
          [
            121.84199,
            24.59579
          ],
          [
            121.84191,
            24.59581
          ],
          [
            121.84095,
            24.59604
          ],
          [
            121.84082,
            24.59609
          ],
          [
            121.84064,
            24.59612
          ],
          [
            121.84064,
            24.59612
          ],
          [
            121.84017,
            24.59623
          ],
          [
            121.83973,
            24.59633
          ],
          [
            121.83867,
            24.59638
          ],
          [
            121.83819,
            24.5964
          ],
          [
            121.83819,
            24.5964
          ],
          [
            121.83752,
            24.59643
          ],
          [
            121.83738,
            24.59643
          ],
          [
            121.83729,
            24.59648
          ],
          [
            121.83715,
            24.59649
          ],
          [
            121.83678,
            24.59644
          ],
          [
            121.83628,
            24.5964
          ],
          [
            121.83603,
            24.59643
          ],
          [
            121.83581,
            24.59652
          ],
          [
            121.83543,
            24.59676
          ],
          [
            121.83509,
            24.5971
          ],
          [
            121.83509,
            24.5971
          ],
          [
            121.83476,
            24.59746
          ],
          [
            121.83463,
            24.5977
          ],
          [
            121.83449,
            24.59803
          ],
          [
            121.83438,
            24.59831
          ],
          [
            121.8343,
            24.59873
          ],
          [
            121.8343,
            24.59905
          ],
          [
            121.83435,
            24.59938
          ],
          [
            121.83444,
            24.59972
          ],
          [
            121.83467,
            24.60054
          ],
          [
            121.83476,
            24.60089
          ],
          [
            121.8348,
            24.60106
          ],
          [
            121.83485,
            24.60151
          ],
          [
            121.83481,
            24.60192
          ],
          [
            121.83473,
            24.60223
          ],
          [
            121.83458,
            24.60262
          ],
          [
            121.83451,
            24.60283
          ],
          [
            121.83431,
            24.60313
          ],
          [
            121.8342,
            24.60328
          ],
          [
            121.834,
            24.60346
          ],
          [
            121.83371,
            24.60363
          ],
          [
            121.83278,
            24.60393
          ],
          [
            121.83278,
            24.60393
          ],
          [
            121.83183,
            24.60417
          ],
          [
            121.83176,
            24.60419
          ],
          [
            121.83158,
            24.60424
          ],
          [
            121.83134,
            24.60432
          ],
          [
            121.83115,
            24.6044
          ],
          [
            121.83106,
            24.60444
          ],
          [
            121.83096,
            24.6045
          ],
          [
            121.83081,
            24.60459
          ],
          [
            121.83065,
            24.6047
          ],
          [
            121.83047,
            24.60484
          ],
          [
            121.82997,
            24.60531
          ],
          [
            121.82939,
            24.60585
          ],
          [
            121.82933,
            24.60591
          ],
          [
            121.82815,
            24.60689
          ],
          [
            121.82778,
            24.60721
          ],
          [
            121.82765,
            24.60736
          ],
          [
            121.82748,
            24.60757
          ],
          [
            121.82745,
            24.60759
          ],
          [
            121.82732,
            24.6078
          ],
          [
            121.82715,
            24.60802
          ],
          [
            121.82683,
            24.60879
          ],
          [
            121.82683,
            24.60879
          ],
          [
            121.82682,
            24.60882
          ],
          [
            121.82667,
            24.60919
          ],
          [
            121.82664,
            24.60927
          ],
          [
            121.82657,
            24.60944
          ],
          [
            121.8265,
            24.60961
          ],
          [
            121.8265,
            24.60962
          ],
          [
            121.82613,
            24.61045
          ],
          [
            121.82588,
            24.61098
          ],
          [
            121.82549,
            24.61193
          ],
          [
            121.82527,
            24.61256
          ],
          [
            121.82515,
            24.61286
          ],
          [
            121.82511,
            24.61293
          ],
          [
            121.82506,
            24.61301
          ],
          [
            121.82501,
            24.6131
          ],
          [
            121.82495,
            24.61318
          ],
          [
            121.82485,
            24.61329
          ],
          [
            121.82484,
            24.61329
          ],
          [
            121.8246,
            24.61351
          ],
          [
            121.82441,
            24.61367
          ],
          [
            121.82433,
            24.61373
          ],
          [
            121.82423,
            24.61381
          ],
          [
            121.82412,
            24.61389
          ],
          [
            121.82376,
            24.61415
          ],
          [
            121.8224,
            24.61508
          ],
          [
            121.82218,
            24.61519
          ],
          [
            121.82205,
            24.61525
          ],
          [
            121.82187,
            24.61532
          ],
          [
            121.82164,
            24.61539
          ],
          [
            121.82144,
            24.61544
          ],
          [
            121.82118,
            24.6155
          ],
          [
            121.82118,
            24.6155
          ],
          [
            121.82099,
            24.61553
          ],
          [
            121.82077,
            24.61552
          ],
          [
            121.81788,
            24.61515
          ],
          [
            121.81788,
            24.61515
          ],
          [
            121.8156,
            24.61485
          ],
          [
            121.81504,
            24.61481
          ],
          [
            121.81451,
            24.61482
          ],
          [
            121.81396,
            24.61489
          ],
          [
            121.81384,
            24.61492
          ],
          [
            121.81384,
            24.61492
          ],
          [
            121.81296,
            24.61515
          ],
          [
            121.81189,
            24.61546
          ],
          [
            121.81163,
            24.61555
          ],
          [
            121.81119,
            24.61572
          ],
          [
            121.81099,
            24.61584
          ],
          [
            121.8107,
            24.61602
          ],
          [
            121.8107,
            24.61602
          ],
          [
            121.80997,
            24.61647
          ],
          [
            121.80954,
            24.61678
          ],
          [
            121.80926,
            24.61706
          ],
          [
            121.80872,
            24.61773
          ],
          [
            121.80846,
            24.61809
          ],
          [
            121.8082,
            24.61837
          ],
          [
            121.80754,
            24.61905
          ],
          [
            121.80696,
            24.61972
          ],
          [
            121.8069,
            24.61979
          ],
          [
            121.8069,
            24.61979
          ],
          [
            121.80417,
            24.62292
          ],
          [
            121.8033,
            24.62391
          ],
          [
            121.80322,
            24.62404
          ],
          [
            121.80292,
            24.62438
          ],
          [
            121.80292,
            24.62438
          ],
          [
            121.80022,
            24.62754
          ],
          [
            121.80022,
            24.62754
          ],
          [
            121.79836,
            24.62968
          ],
          [
            121.79806,
            24.63
          ],
          [
            121.79806,
            24.63
          ],
          [
            121.798,
            24.63005
          ],
          [
            121.79729,
            24.63078
          ],
          [
            121.79712,
            24.63092
          ],
          [
            121.79701,
            24.63102
          ],
          [
            121.79678,
            24.6312
          ],
          [
            121.79669,
            24.63126
          ],
          [
            121.7965,
            24.63139
          ],
          [
            121.79643,
            24.63142
          ],
          [
            121.79611,
            24.63161
          ],
          [
            121.79588,
            24.63171
          ],
          [
            121.79588,
            24.63173
          ],
          [
            121.79588,
            24.63175
          ],
          [
            121.79588,
            24.63177
          ],
          [
            121.79587,
            24.6318
          ],
          [
            121.79585,
            24.63182
          ],
          [
            121.79583,
            24.63185
          ],
          [
            121.79581,
            24.63186
          ],
          [
            121.79569,
            24.63196
          ],
          [
            121.79529,
            24.63224
          ],
          [
            121.79482,
            24.63256
          ],
          [
            121.79389,
            24.63325
          ],
          [
            121.79312,
            24.63383
          ],
          [
            121.79312,
            24.63383
          ],
          [
            121.79307,
            24.63387
          ],
          [
            121.79295,
            24.63396
          ],
          [
            121.79262,
            24.63417
          ],
          [
            121.79253,
            24.63424
          ],
          [
            121.79245,
            24.63428
          ],
          [
            121.79232,
            24.63433
          ],
          [
            121.792,
            24.63437
          ],
          [
            121.79167,
            24.63442
          ],
          [
            121.79121,
            24.6345
          ],
          [
            121.79098,
            24.63453
          ],
          [
            121.7902,
            24.63475
          ],
          [
            121.78972,
            24.63489
          ],
          [
            121.78972,
            24.63489
          ],
          [
            121.78896,
            24.63511
          ],
          [
            121.78846,
            24.63523
          ],
          [
            121.78846,
            24.63523
          ],
          [
            121.78841,
            24.63525
          ],
          [
            121.78836,
            24.63527
          ],
          [
            121.78794,
            24.63504
          ],
          [
            121.78794,
            24.63504
          ],
          [
            121.78773,
            24.63524
          ],
          [
            121.78768,
            24.63531
          ],
          [
            121.7876,
            24.63542
          ],
          [
            121.78755,
            24.63551
          ],
          [
            121.7875,
            24.63562
          ],
          [
            121.78743,
            24.63579
          ],
          [
            121.78737,
            24.6361
          ],
          [
            121.78735,
            24.63615
          ],
          [
            121.78731,
            24.63639
          ],
          [
            121.78729,
            24.63647
          ],
          [
            121.78726,
            24.63665
          ],
          [
            121.78721,
            24.63702
          ],
          [
            121.78718,
            24.63732
          ],
          [
            121.78716,
            24.63752
          ],
          [
            121.78716,
            24.63752
          ],
          [
            121.78703,
            24.639
          ],
          [
            121.78698,
            24.63978
          ],
          [
            121.78689,
            24.64105
          ],
          [
            121.78676,
            24.64236
          ],
          [
            121.78671,
            24.64311
          ],
          [
            121.78665,
            24.64346
          ],
          [
            121.78665,
            24.64346
          ],
          [
            121.78659,
            24.64373
          ],
          [
            121.78645,
            24.64411
          ],
          [
            121.7857,
            24.64553
          ],
          [
            121.78468,
            24.64726
          ],
          [
            121.78437,
            24.64785
          ],
          [
            121.78437,
            24.64785
          ],
          [
            121.7823,
            24.65174
          ],
          [
            121.78172,
            24.6528
          ],
          [
            121.78172,
            24.6528
          ],
          [
            121.7815,
            24.65322
          ],
          [
            121.78125,
            24.65366
          ],
          [
            121.78095,
            24.65405
          ],
          [
            121.78029,
            24.65495
          ],
          [
            121.77894,
            24.6568
          ],
          [
            121.77886,
            24.6569
          ],
          [
            121.77886,
            24.6569
          ],
          [
            121.77858,
            24.65726
          ],
          [
            121.77808,
            24.65802
          ],
          [
            121.7776,
            24.65883
          ],
          [
            121.77623,
            24.6611
          ],
          [
            121.77565,
            24.66206
          ],
          [
            121.77565,
            24.66206
          ],
          [
            121.77495,
            24.66341
          ],
          [
            121.77446,
            24.66431
          ],
          [
            121.77424,
            24.66476
          ],
          [
            121.77388,
            24.66547
          ],
          [
            121.77388,
            24.66547
          ],
          [
            121.77387,
            24.66549
          ],
          [
            121.77371,
            24.66578
          ],
          [
            121.77341,
            24.66634
          ],
          [
            121.77328,
            24.66663
          ],
          [
            121.77308,
            24.66704
          ],
          [
            121.77302,
            24.66716
          ],
          [
            121.77285,
            24.66711
          ],
          [
            121.77249,
            24.66708
          ],
          [
            121.77223,
            24.66706
          ],
          [
            121.77164,
            24.667
          ],
          [
            121.77151,
            24.66699
          ],
          [
            121.77136,
            24.66699
          ],
          [
            121.77124,
            24.66699
          ],
          [
            121.77113,
            24.667
          ],
          [
            121.77103,
            24.66702
          ],
          [
            121.77017,
            24.66723
          ],
          [
            121.76937,
            24.66746
          ],
          [
            121.7693,
            24.66749
          ],
          [
            121.76913,
            24.66757
          ],
          [
            121.76906,
            24.6676
          ],
          [
            121.76845,
            24.66793
          ],
          [
            121.76828,
            24.66801
          ],
          [
            121.76748,
            24.66844
          ],
          [
            121.76748,
            24.66844
          ],
          [
            121.76688,
            24.66877
          ],
          [
            121.76673,
            24.66885
          ],
          [
            121.76654,
            24.66896
          ],
          [
            121.76638,
            24.66905
          ],
          [
            121.7662,
            24.66917
          ],
          [
            121.76597,
            24.66933
          ],
          [
            121.76575,
            24.66949
          ],
          [
            121.76553,
            24.66966
          ],
          [
            121.76532,
            24.66984
          ],
          [
            121.76519,
            24.66995
          ],
          [
            121.76517,
            24.66996
          ],
          [
            121.76507,
            24.67007
          ],
          [
            121.76495,
            24.67018
          ],
          [
            121.76479,
            24.67034
          ],
          [
            121.76469,
            24.67044
          ],
          [
            121.76459,
            24.67053
          ],
          [
            121.7645,
            24.67063
          ],
          [
            121.76441,
            24.67073
          ],
          [
            121.76433,
            24.67085
          ],
          [
            121.76428,
            24.67094
          ],
          [
            121.76423,
            24.67103
          ],
          [
            121.76417,
            24.67115
          ],
          [
            121.76413,
            24.67127
          ],
          [
            121.76407,
            24.67148
          ],
          [
            121.76403,
            24.67166
          ],
          [
            121.76399,
            24.67189
          ],
          [
            121.76393,
            24.67254
          ],
          [
            121.76391,
            24.67274
          ],
          [
            121.76383,
            24.67365
          ],
          [
            121.7638,
            24.67414
          ],
          [
            121.76379,
            24.67433
          ],
          [
            121.76374,
            24.675
          ],
          [
            121.76374,
            24.675
          ],
          [
            121.76372,
            24.67528
          ],
          [
            121.7637,
            24.67568
          ],
          [
            121.76365,
            24.67706
          ],
          [
            121.76365,
            24.67717
          ],
          [
            121.76364,
            24.67748
          ],
          [
            121.76365,
            24.67762
          ],
          [
            121.76366,
            24.6777
          ],
          [
            121.76367,
            24.67777
          ],
          [
            121.76367,
            24.67782
          ],
          [
            121.763673,
            24.67782
          ],
          [
            121.763905,
            24.679003
          ],
          [
            121.764267,
            24.680127
          ],
          [
            121.761867,
            24.680553
          ],
          [
            121.76187,
            24.68056
          ],
          [
            121.76144,
            24.68063
          ],
          [
            121.7609,
            24.68068
          ],
          [
            121.7609,
            24.68058
          ],
          [
            121.76114,
            24.68056
          ],
          [
            121.76136,
            24.68054
          ],
          [
            121.76163,
            24.6805
          ],
          [
            121.76244,
            24.68035
          ],
          [
            121.76367,
            24.68012
          ],
          [
            121.76413,
            24.68
          ],
          [
            121.76424,
            24.67998
          ],
          [
            121.76439,
            24.68004
          ],
          [
            121.76504,
            24.67983
          ],
          [
            121.76563,
            24.67972
          ],
          [
            121.76592,
            24.67964
          ],
          [
            121.76871,
            24.6789
          ],
          [
            121.76822,
            24.67732
          ],
          [
            121.768,
            24.67662
          ],
          [
            121.76796,
            24.67651
          ],
          [
            121.76796,
            24.67651
          ],
          [
            121.76845,
            24.67811
          ],
          [
            121.76896,
            24.67969
          ],
          [
            121.76925,
            24.68057
          ],
          [
            121.76948,
            24.68122
          ],
          [
            121.76987,
            24.68243
          ],
          [
            121.77029,
            24.6836
          ],
          [
            121.7707,
            24.68479
          ],
          [
            121.77089,
            24.68539
          ],
          [
            121.77102,
            24.68561
          ],
          [
            121.771,
            24.68573
          ],
          [
            121.77099,
            24.68583
          ],
          [
            121.7709,
            24.68628
          ],
          [
            121.77084,
            24.68669
          ],
          [
            121.7709,
            24.68677
          ],
          [
            121.77081,
            24.68714
          ],
          [
            121.77073,
            24.68768
          ],
          [
            121.77036,
            24.68991
          ],
          [
            121.77036,
            24.68991
          ],
          [
            121.77031,
            24.69017
          ],
          [
            121.77018,
            24.69095
          ],
          [
            121.77,
            24.69198
          ],
          [
            121.76992,
            24.69245
          ],
          [
            121.76992,
            24.69245
          ],
          [
            121.76988,
            24.69287
          ],
          [
            121.76981,
            24.69335
          ],
          [
            121.76971,
            24.69392
          ],
          [
            121.76965,
            24.69425
          ],
          [
            121.76958,
            24.69466
          ],
          [
            121.76953,
            24.69491
          ],
          [
            121.76946,
            24.6953
          ],
          [
            121.76946,
            24.6953
          ],
          [
            121.76943,
            24.69547
          ],
          [
            121.76935,
            24.69606
          ],
          [
            121.76917,
            24.69671
          ],
          [
            121.76916,
            24.69682
          ],
          [
            121.76905,
            24.69754
          ],
          [
            121.76898,
            24.69803
          ],
          [
            121.76895,
            24.69827
          ],
          [
            121.76895,
            24.69827
          ],
          [
            121.76889,
            24.6988
          ],
          [
            121.7689,
            24.69893
          ],
          [
            121.76915,
            24.69977
          ],
          [
            121.7696,
            24.70096
          ],
          [
            121.77006,
            24.70235
          ],
          [
            121.77035,
            24.70321
          ],
          [
            121.77035,
            24.70321
          ],
          [
            121.77057,
            24.70382
          ],
          [
            121.77108,
            24.70525
          ],
          [
            121.77123,
            24.70571
          ],
          [
            121.77135,
            24.70612
          ],
          [
            121.77135,
            24.70612
          ],
          [
            121.77141,
            24.70631
          ],
          [
            121.77143,
            24.70637
          ],
          [
            121.77159,
            24.7069
          ],
          [
            121.77187,
            24.70775
          ],
          [
            121.77206,
            24.70828
          ],
          [
            121.77239,
            24.70932
          ],
          [
            121.77245,
            24.70949
          ],
          [
            121.77258,
            24.70985
          ],
          [
            121.77258,
            24.70985
          ],
          [
            121.77271,
            24.71018
          ],
          [
            121.77278,
            24.71064
          ],
          [
            121.77282,
            24.71118
          ],
          [
            121.77274,
            24.71155
          ],
          [
            121.77239,
            24.71317
          ],
          [
            121.7716,
            24.71646
          ],
          [
            121.77137,
            24.71759
          ],
          [
            121.7711,
            24.7187
          ],
          [
            121.77107,
            24.71884
          ],
          [
            121.77093,
            24.71939
          ],
          [
            121.77076,
            24.72011
          ],
          [
            121.77065,
            24.72044
          ],
          [
            121.7699,
            24.72181
          ],
          [
            121.7699,
            24.72181
          ],
          [
            121.76936,
            24.72276
          ],
          [
            121.76815,
            24.72496
          ],
          [
            121.76704,
            24.72701
          ],
          [
            121.76704,
            24.72701
          ],
          [
            121.7658,
            24.7293
          ],
          [
            121.76574,
            24.72942
          ],
          [
            121.76565,
            24.7296
          ],
          [
            121.76527,
            24.73029
          ],
          [
            121.76511,
            24.73058
          ],
          [
            121.76478,
            24.73117
          ],
          [
            121.76478,
            24.73117
          ],
          [
            121.76471,
            24.73131
          ],
          [
            121.76444,
            24.73179
          ],
          [
            121.7644,
            24.73187
          ],
          [
            121.76371,
            24.73316
          ],
          [
            121.76332,
            24.73388
          ],
          [
            121.76296,
            24.73452
          ],
          [
            121.76256,
            24.7353
          ],
          [
            121.76198,
            24.73636
          ],
          [
            121.76182,
            24.73664
          ],
          [
            121.76182,
            24.73665
          ],
          [
            121.76172,
            24.73683
          ],
          [
            121.7616,
            24.73705
          ],
          [
            121.76156,
            24.73714
          ],
          [
            121.76087,
            24.73842
          ],
          [
            121.76069,
            24.73874
          ],
          [
            121.76064,
            24.73882
          ],
          [
            121.76057,
            24.73892
          ],
          [
            121.76048,
            24.73903
          ],
          [
            121.76028,
            24.73926
          ],
          [
            121.76002,
            24.73946
          ],
          [
            121.75968,
            24.73973
          ],
          [
            121.75945,
            24.7399
          ],
          [
            121.75945,
            24.7399
          ],
          [
            121.75929,
            24.74003
          ],
          [
            121.75864,
            24.74051
          ],
          [
            121.75801,
            24.74097
          ],
          [
            121.75738,
            24.74149
          ],
          [
            121.75728,
            24.74158
          ],
          [
            121.75726,
            24.7416
          ],
          [
            121.7572,
            24.74166
          ],
          [
            121.75712,
            24.74176
          ],
          [
            121.75698,
            24.74193
          ],
          [
            121.75691,
            24.74203
          ],
          [
            121.75688,
            24.74208
          ],
          [
            121.75683,
            24.74218
          ],
          [
            121.75673,
            24.74241
          ],
          [
            121.75668,
            24.74253
          ],
          [
            121.75668,
            24.74253
          ],
          [
            121.75665,
            24.74262
          ],
          [
            121.75658,
            24.74286
          ],
          [
            121.7565,
            24.74314
          ],
          [
            121.75646,
            24.74323
          ],
          [
            121.75642,
            24.74332
          ],
          [
            121.75639,
            24.74341
          ],
          [
            121.75637,
            24.74347
          ],
          [
            121.75629,
            24.74352
          ],
          [
            121.75624,
            24.74361
          ],
          [
            121.75619,
            24.74377
          ],
          [
            121.75596,
            24.74448
          ],
          [
            121.75575,
            24.74502
          ],
          [
            121.75571,
            24.74515
          ],
          [
            121.75562,
            24.74537
          ],
          [
            121.75544,
            24.74587
          ],
          [
            121.75531,
            24.74618
          ],
          [
            121.75513,
            24.74668
          ],
          [
            121.75513,
            24.74668
          ],
          [
            121.75492,
            24.74724
          ],
          [
            121.75488,
            24.74734
          ],
          [
            121.75474,
            24.74771
          ],
          [
            121.7547,
            24.74783
          ],
          [
            121.75466,
            24.74793
          ],
          [
            121.75474,
            24.74796
          ],
          [
            121.75487,
            24.74798
          ],
          [
            121.75498,
            24.74821
          ],
          [
            121.75532,
            24.74891
          ],
          [
            121.75551,
            24.74932
          ],
          [
            121.75551,
            24.74932
          ],
          [
            121.75572,
            24.74976
          ],
          [
            121.75592,
            24.75019
          ],
          [
            121.75593,
            24.75023
          ],
          [
            121.75593,
            24.75023
          ],
          [
            121.75605,
            24.75022
          ],
          [
            121.7561,
            24.75022
          ],
          [
            121.75612,
            24.75022
          ],
          [
            121.75646,
            24.75018
          ],
          [
            121.75673,
            24.75015
          ],
          [
            121.75677,
            24.75015
          ],
          [
            121.75708,
            24.75015
          ],
          [
            121.75734,
            24.75015
          ],
          [
            121.75747,
            24.75015
          ],
          [
            121.75756,
            24.75016
          ],
          [
            121.75764,
            24.75017
          ],
          [
            121.75771,
            24.75018
          ],
          [
            121.75787,
            24.75021
          ],
          [
            121.75787,
            24.75021
          ],
          [
            121.75819,
            24.7511
          ],
          [
            121.7586,
            24.7521
          ],
          [
            121.75865,
            24.75222
          ],
          [
            121.75869,
            24.75233
          ],
          [
            121.75874,
            24.75246
          ],
          [
            121.75874,
            24.75246
          ],
          [
            121.75877,
            24.75246
          ],
          [
            121.75878,
            24.75246
          ],
          [
            121.7588,
            24.75246
          ],
          [
            121.75881,
            24.75247
          ],
          [
            121.75882,
            24.75249
          ],
          [
            121.75885,
            24.75254
          ],
          [
            121.75886,
            24.75256
          ],
          [
            121.75889,
            24.75258
          ],
          [
            121.75892,
            24.7526
          ],
          [
            121.75896,
            24.75261
          ],
          [
            121.75899,
            24.75261
          ],
          [
            121.75903,
            24.75261
          ],
          [
            121.75912,
            24.75258
          ],
          [
            121.7597,
            24.75239
          ],
          [
            121.75993,
            24.75229
          ],
          [
            121.75996,
            24.75227
          ],
          [
            121.75998,
            24.75224
          ],
          [
            121.75999,
            24.7522
          ],
          [
            121.76,
            24.75215
          ],
          [
            121.75999,
            24.75208
          ],
          [
            121.75991,
            24.75185
          ],
          [
            121.75988,
            24.75172
          ],
          [
            121.75988,
            24.75172
          ],
          [
            121.75987,
            24.75168
          ],
          [
            121.75981,
            24.75147
          ],
          [
            121.75981,
            24.75142
          ],
          [
            121.75981,
            24.75141
          ],
          [
            121.75982,
            24.75138
          ],
          [
            121.75984,
            24.75134
          ],
          [
            121.75987,
            24.75129
          ],
          [
            121.75991,
            24.75125
          ],
          [
            121.75995,
            24.7512
          ],
          [
            121.76003,
            24.75109
          ],
          [
            121.76009,
            24.75099
          ],
          [
            121.76006,
            24.75089
          ],
          [
            121.75806,
            24.75026
          ],
          [
            121.75787,
            24.75021
          ],
          [
            121.75771,
            24.75018
          ],
          [
            121.75764,
            24.75017
          ],
          [
            121.75756,
            24.75016
          ],
          [
            121.75747,
            24.75015
          ],
          [
            121.75734,
            24.75015
          ],
          [
            121.75708,
            24.75015
          ],
          [
            121.75677,
            24.75015
          ],
          [
            121.75673,
            24.75015
          ],
          [
            121.75646,
            24.75018
          ],
          [
            121.75612,
            24.75022
          ],
          [
            121.7561,
            24.75022
          ],
          [
            121.75605,
            24.75022
          ],
          [
            121.75593,
            24.75023
          ],
          [
            121.75604,
            24.75053
          ],
          [
            121.7563,
            24.75123
          ],
          [
            121.75638,
            24.75145
          ],
          [
            121.75648,
            24.75176
          ],
          [
            121.75654,
            24.75191
          ],
          [
            121.75654,
            24.75191
          ],
          [
            121.7566,
            24.75208
          ],
          [
            121.7567,
            24.75237
          ],
          [
            121.75682,
            24.7527
          ],
          [
            121.75694,
            24.75303
          ],
          [
            121.757,
            24.75317
          ],
          [
            121.75726,
            24.75385
          ],
          [
            121.75734,
            24.75406
          ],
          [
            121.75745,
            24.75433
          ],
          [
            121.75759,
            24.75468
          ],
          [
            121.7575,
            24.75471
          ],
          [
            121.75734,
            24.75475
          ],
          [
            121.75702,
            24.75484
          ],
          [
            121.7568,
            24.7549
          ],
          [
            121.7568,
            24.7549
          ],
          [
            121.75664,
            24.75494
          ],
          [
            121.75587,
            24.7551
          ],
          [
            121.7555,
            24.75517
          ],
          [
            121.75544,
            24.75513
          ],
          [
            121.75542,
            24.75512
          ],
          [
            121.7554,
            24.7551
          ],
          [
            121.75536,
            24.75508
          ],
          [
            121.75525,
            24.75503
          ],
          [
            121.75477,
            24.75479
          ],
          [
            121.7545,
            24.75463
          ],
          [
            121.75444,
            24.75459
          ],
          [
            121.7543,
            24.75453
          ],
          [
            121.75421,
            24.75449
          ],
          [
            121.75414,
            24.75446
          ],
          [
            121.75406,
            24.75444
          ],
          [
            121.75381,
            24.75439
          ],
          [
            121.75374,
            24.75438
          ],
          [
            121.75374,
            24.75438
          ],
          [
            121.75348,
            24.75434
          ],
          [
            121.75322,
            24.75432
          ],
          [
            121.75302,
            24.7543
          ],
          [
            121.75281,
            24.75433
          ],
          [
            121.75274,
            24.75434
          ],
          [
            121.7527,
            24.75434
          ],
          [
            121.75258,
            24.75436
          ],
          [
            121.75249,
            24.75438
          ],
          [
            121.75225,
            24.75443
          ],
          [
            121.75212,
            24.75453
          ],
          [
            121.75197,
            24.75458
          ],
          [
            121.752,
            24.75487
          ],
          [
            121.75201,
            24.75495
          ],
          [
            121.75202,
            24.755
          ],
          [
            121.75204,
            24.75505
          ],
          [
            121.75205,
            24.7551
          ],
          [
            121.75207,
            24.75517
          ],
          [
            121.75223,
            24.75587
          ],
          [
            121.7524,
            24.75659
          ],
          [
            121.75252,
            24.75711
          ],
          [
            121.75261,
            24.75751
          ],
          [
            121.75262,
            24.75756
          ],
          [
            121.75262,
            24.75756
          ],
          [
            121.7527,
            24.75784
          ],
          [
            121.75293,
            24.75895
          ],
          [
            121.75297,
            24.75915
          ],
          [
            121.75301,
            24.7593
          ],
          [
            121.75301,
            24.7593
          ],
          [
            121.7532,
            24.76007
          ],
          [
            121.75327,
            24.76039
          ],
          [
            121.7533,
            24.76048
          ],
          [
            121.75352,
            24.7611
          ],
          [
            121.7536,
            24.7613
          ],
          [
            121.75399,
            24.7623
          ],
          [
            121.75399,
            24.7623
          ],
          [
            121.75403,
            24.76239
          ],
          [
            121.7541,
            24.76257
          ],
          [
            121.75416,
            24.76273
          ],
          [
            121.7545,
            24.7637
          ],
          [
            121.75454,
            24.76381
          ],
          [
            121.75468,
            24.76416
          ],
          [
            121.75468,
            24.76416
          ],
          [
            121.7547,
            24.76422
          ],
          [
            121.75473,
            24.7643
          ],
          [
            121.75476,
            24.76438
          ],
          [
            121.75482,
            24.76458
          ],
          [
            121.75505,
            24.76516
          ],
          [
            121.75511,
            24.76531
          ],
          [
            121.75513,
            24.76536
          ],
          [
            121.75515,
            24.76542
          ],
          [
            121.75562,
            24.76683
          ],
          [
            121.75566,
            24.76693
          ],
          [
            121.75567,
            24.76697
          ],
          [
            121.75598,
            24.76773
          ],
          [
            121.7561,
            24.7681
          ],
          [
            121.75616,
            24.76829
          ],
          [
            121.75616,
            24.76829
          ],
          [
            121.75628,
            24.76864
          ],
          [
            121.75635,
            24.76882
          ],
          [
            121.7565,
            24.76914
          ],
          [
            121.75658,
            24.76939
          ],
          [
            121.75675,
            24.7699
          ],
          [
            121.75677,
            24.76995
          ],
          [
            121.75691,
            24.77041
          ],
          [
            121.75703,
            24.77082
          ],
          [
            121.7573,
            24.77174
          ],
          [
            121.75737,
            24.77198
          ],
          [
            121.75745,
            24.77226
          ],
          [
            121.75748,
            24.77234
          ],
          [
            121.75753,
            24.77251
          ],
          [
            121.75768,
            24.77296
          ],
          [
            121.75785,
            24.77355
          ],
          [
            121.75785,
            24.77355
          ],
          [
            121.7579,
            24.77375
          ],
          [
            121.75829,
            24.77504
          ],
          [
            121.75846,
            24.77557
          ],
          [
            121.75857,
            24.77592
          ],
          [
            121.75862,
            24.77599
          ],
          [
            121.75865,
            24.77606
          ],
          [
            121.75869,
            24.77615
          ],
          [
            121.75874,
            24.77629
          ],
          [
            121.75882,
            24.77655
          ],
          [
            121.75882,
            24.77655
          ],
          [
            121.75887,
            24.77674
          ],
          [
            121.75891,
            24.77688
          ],
          [
            121.75896,
            24.77705
          ],
          [
            121.75918,
            24.77779
          ],
          [
            121.75925,
            24.77815
          ],
          [
            121.75929,
            24.77826
          ],
          [
            121.7595,
            24.77892
          ],
          [
            121.75958,
            24.77922
          ],
          [
            121.75972,
            24.77966
          ],
          [
            121.75972,
            24.77966
          ],
          [
            121.76055,
            24.7824
          ],
          [
            121.76055,
            24.7824
          ],
          [
            121.76081,
            24.78327
          ],
          [
            121.76136,
            24.78526
          ],
          [
            121.76148,
            24.78575
          ],
          [
            121.76159,
            24.78636
          ],
          [
            121.76171,
            24.78717
          ],
          [
            121.76171,
            24.78717
          ],
          [
            121.76177,
            24.78775
          ],
          [
            121.76182,
            24.78829
          ],
          [
            121.76192,
            24.78918
          ],
          [
            121.76194,
            24.78936
          ],
          [
            121.76198,
            24.7897
          ],
          [
            121.762,
            24.7899
          ],
          [
            121.76207,
            24.79029
          ],
          [
            121.76213,
            24.79051
          ],
          [
            121.76221,
            24.79084
          ],
          [
            121.76221,
            24.79084
          ],
          [
            121.76236,
            24.7914
          ],
          [
            121.76253,
            24.79198
          ],
          [
            121.76276,
            24.79278
          ],
          [
            121.76283,
            24.79303
          ],
          [
            121.76289,
            24.79322
          ],
          [
            121.76289,
            24.79322
          ],
          [
            121.76304,
            24.79373
          ],
          [
            121.76313,
            24.7941
          ],
          [
            121.7632,
            24.79435
          ],
          [
            121.76339,
            24.79506
          ],
          [
            121.76345,
            24.79526
          ],
          [
            121.76348,
            24.7954
          ],
          [
            121.76379,
            24.79659
          ],
          [
            121.76392,
            24.79712
          ],
          [
            121.76405,
            24.79765
          ],
          [
            121.76414,
            24.79804
          ],
          [
            121.76425,
            24.79846
          ],
          [
            121.76433,
            24.79884
          ],
          [
            121.76438,
            24.79902
          ],
          [
            121.76438,
            24.79902
          ],
          [
            121.76471,
            24.8003
          ],
          [
            121.76493,
            24.80114
          ],
          [
            121.76506,
            24.8017
          ],
          [
            121.76506,
            24.8017
          ],
          [
            121.76508,
            24.80175
          ],
          [
            121.76508,
            24.80176
          ],
          [
            121.76517,
            24.80216
          ],
          [
            121.76521,
            24.8024
          ],
          [
            121.76531,
            24.80284
          ],
          [
            121.76533,
            24.80299
          ],
          [
            121.76539,
            24.80331
          ],
          [
            121.76561,
            24.80446
          ],
          [
            121.76569,
            24.80501
          ],
          [
            121.76573,
            24.80524
          ],
          [
            121.76573,
            24.80524
          ],
          [
            121.76585,
            24.80565
          ],
          [
            121.76595,
            24.80591
          ],
          [
            121.7666,
            24.80749
          ],
          [
            121.76676,
            24.80789
          ],
          [
            121.76699,
            24.80859
          ],
          [
            121.76708,
            24.80886
          ],
          [
            121.76711,
            24.80909
          ],
          [
            121.76719,
            24.80986
          ],
          [
            121.76719,
            24.80986
          ],
          [
            121.76722,
            24.81021
          ],
          [
            121.76724,
            24.81035
          ],
          [
            121.76726,
            24.81047
          ],
          [
            121.76747,
            24.81251
          ],
          [
            121.76758,
            24.8144
          ],
          [
            121.76761,
            24.81472
          ],
          [
            121.76766,
            24.8151
          ],
          [
            121.7677,
            24.81528
          ],
          [
            121.76771,
            24.81539
          ],
          [
            121.76782,
            24.81595
          ],
          [
            121.76787,
            24.81607
          ],
          [
            121.76801,
            24.81659
          ],
          [
            121.76799,
            24.81668
          ],
          [
            121.76801,
            24.81673
          ],
          [
            121.76801,
            24.81673
          ],
          [
            121.76814,
            24.8171
          ],
          [
            121.7682,
            24.81728
          ],
          [
            121.76832,
            24.8176
          ],
          [
            121.76845,
            24.81793
          ],
          [
            121.76863,
            24.81848
          ],
          [
            121.76867,
            24.81856
          ],
          [
            121.76873,
            24.81873
          ],
          [
            121.76881,
            24.81894
          ],
          [
            121.76881,
            24.81894
          ],
          [
            121.76886,
            24.81908
          ],
          [
            121.76888,
            24.81917
          ],
          [
            121.76904,
            24.81966
          ],
          [
            121.76908,
            24.81975
          ],
          [
            121.7691,
            24.81981
          ],
          [
            121.76943,
            24.82075
          ],
          [
            121.76955,
            24.8211
          ],
          [
            121.76955,
            24.8211
          ],
          [
            121.77017,
            24.82277
          ],
          [
            121.77056,
            24.82379
          ],
          [
            121.77085,
            24.82456
          ],
          [
            121.77085,
            24.82456
          ],
          [
            121.77106,
            24.82509
          ],
          [
            121.77113,
            24.82526
          ],
          [
            121.77119,
            24.82543
          ],
          [
            121.77128,
            24.82567
          ],
          [
            121.77144,
            24.82608
          ],
          [
            121.77171,
            24.82675
          ],
          [
            121.77175,
            24.82687
          ],
          [
            121.77188,
            24.82707
          ],
          [
            121.77205,
            24.82729
          ],
          [
            121.77214,
            24.82742
          ],
          [
            121.77242,
            24.8277
          ],
          [
            121.7726,
            24.82789
          ],
          [
            121.7732,
            24.82837
          ],
          [
            121.77336,
            24.82845
          ],
          [
            121.77336,
            24.82845
          ],
          [
            121.77358,
            24.82858
          ],
          [
            121.7737,
            24.82863
          ],
          [
            121.77376,
            24.82865
          ],
          [
            121.77385,
            24.82869
          ],
          [
            121.77395,
            24.82872
          ],
          [
            121.77414,
            24.82877
          ],
          [
            121.77425,
            24.8288
          ],
          [
            121.77433,
            24.82882
          ],
          [
            121.77446,
            24.82885
          ],
          [
            121.77451,
            24.82886
          ],
          [
            121.77452,
            24.82886
          ],
          [
            121.77469,
            24.82888
          ],
          [
            121.77481,
            24.8289
          ],
          [
            121.77498,
            24.82892
          ],
          [
            121.7757,
            24.82896
          ],
          [
            121.77572,
            24.82897
          ],
          [
            121.7759,
            24.82899
          ],
          [
            121.77603,
            24.829
          ],
          [
            121.77614,
            24.82904
          ],
          [
            121.77621,
            24.82906
          ],
          [
            121.77628,
            24.82908
          ],
          [
            121.77636,
            24.8291
          ],
          [
            121.77643,
            24.82912
          ],
          [
            121.77658,
            24.82915
          ],
          [
            121.77673,
            24.82922
          ],
          [
            121.77675,
            24.82924
          ],
          [
            121.77676,
            24.82926
          ],
          [
            121.77681,
            24.82932
          ],
          [
            121.7769,
            24.8294
          ],
          [
            121.77692,
            24.82943
          ],
          [
            121.77704,
            24.82958
          ],
          [
            121.77716,
            24.82972
          ],
          [
            121.77743,
            24.83004
          ],
          [
            121.77743,
            24.83004
          ],
          [
            121.77777,
            24.83043
          ],
          [
            121.77813,
            24.83092
          ],
          [
            121.77886,
            24.83188
          ],
          [
            121.78021,
            24.83357
          ],
          [
            121.78021,
            24.83357
          ],
          [
            121.78024,
            24.83362
          ],
          [
            121.78032,
            24.83372
          ],
          [
            121.78059,
            24.83402
          ],
          [
            121.78066,
            24.83409
          ],
          [
            121.78082,
            24.83424
          ],
          [
            121.78111,
            24.8345
          ],
          [
            121.78118,
            24.83457
          ],
          [
            121.7813,
            24.83468
          ],
          [
            121.78139,
            24.83475
          ],
          [
            121.78161,
            24.83492
          ],
          [
            121.78186,
            24.83511
          ],
          [
            121.78217,
            24.83526
          ],
          [
            121.78279,
            24.83552
          ],
          [
            121.78279,
            24.83552
          ],
          [
            121.78287,
            24.83556
          ],
          [
            121.78322,
            24.83568
          ],
          [
            121.78347,
            24.83577
          ],
          [
            121.78375,
            24.83585
          ],
          [
            121.78473,
            24.83617
          ],
          [
            121.78507,
            24.83628
          ],
          [
            121.78539,
            24.83639
          ],
          [
            121.7856,
            24.83646
          ],
          [
            121.78592,
            24.83656
          ],
          [
            121.78603,
            24.8366
          ],
          [
            121.7862,
            24.83665
          ],
          [
            121.78644,
            24.83674
          ],
          [
            121.78644,
            24.83674
          ],
          [
            121.78674,
            24.83684
          ],
          [
            121.78732,
            24.83702
          ],
          [
            121.7877,
            24.83714
          ],
          [
            121.78789,
            24.8372
          ],
          [
            121.78796,
            24.83723
          ],
          [
            121.78815,
            24.83729
          ],
          [
            121.78815,
            24.83729
          ],
          [
            121.78818,
            24.8373
          ],
          [
            121.78829,
            24.83733
          ],
          [
            121.78847,
            24.8374
          ],
          [
            121.78859,
            24.83744
          ],
          [
            121.78888,
            24.83754
          ],
          [
            121.78931,
            24.83768
          ],
          [
            121.79008,
            24.83795
          ],
          [
            121.79027,
            24.83803
          ],
          [
            121.7909,
            24.83828
          ],
          [
            121.79099,
            24.83831
          ],
          [
            121.79122,
            24.83837
          ],
          [
            121.79149,
            24.83844
          ],
          [
            121.7917,
            24.83848
          ],
          [
            121.79207,
            24.83851
          ],
          [
            121.79264,
            24.83855
          ],
          [
            121.79289,
            24.83856
          ],
          [
            121.79324,
            24.83858
          ],
          [
            121.79324,
            24.83858
          ],
          [
            121.79339,
            24.83859
          ],
          [
            121.79361,
            24.8386
          ],
          [
            121.79387,
            24.83863
          ],
          [
            121.79407,
            24.83867
          ],
          [
            121.79411,
            24.83869
          ],
          [
            121.79426,
            24.83872
          ],
          [
            121.79442,
            24.83878
          ],
          [
            121.79461,
            24.83887
          ],
          [
            121.7948,
            24.83897
          ],
          [
            121.79503,
            24.83911
          ],
          [
            121.79541,
            24.83935
          ],
          [
            121.79552,
            24.83942
          ],
          [
            121.79569,
            24.83951
          ],
          [
            121.79573,
            24.83954
          ],
          [
            121.79587,
            24.8396
          ],
          [
            121.79604,
            24.83967
          ],
          [
            121.79614,
            24.83972
          ],
          [
            121.79623,
            24.83975
          ],
          [
            121.79641,
            24.83981
          ],
          [
            121.79647,
            24.83983
          ],
          [
            121.79666,
            24.83988
          ],
          [
            121.79704,
            24.83997
          ],
          [
            121.79797,
            24.8402
          ],
          [
            121.79828,
            24.84027
          ],
          [
            121.79845,
            24.84031
          ],
          [
            121.79872,
            24.84038
          ],
          [
            121.79888,
            24.84041
          ],
          [
            121.79988,
            24.84066
          ],
          [
            121.80004,
            24.84071
          ],
          [
            121.80026,
            24.84078
          ],
          [
            121.80059,
            24.84089
          ],
          [
            121.8009,
            24.84102
          ],
          [
            121.80123,
            24.8412
          ],
          [
            121.80149,
            24.84136
          ],
          [
            121.80165,
            24.84147
          ],
          [
            121.8018,
            24.84158
          ],
          [
            121.8018,
            24.84158
          ],
          [
            121.80195,
            24.84168
          ],
          [
            121.80218,
            24.84183
          ],
          [
            121.80283,
            24.84229
          ],
          [
            121.8034,
            24.84269
          ],
          [
            121.80356,
            24.8428
          ],
          [
            121.80429,
            24.84334
          ],
          [
            121.80476,
            24.84368
          ],
          [
            121.80487,
            24.84376
          ],
          [
            121.80508,
            24.8439
          ],
          [
            121.80553,
            24.84422
          ],
          [
            121.80553,
            24.84422
          ],
          [
            121.80558,
            24.84425
          ],
          [
            121.80603,
            24.84457
          ],
          [
            121.80635,
            24.84477
          ],
          [
            121.80637,
            24.84477
          ],
          [
            121.80694,
            24.84506
          ],
          [
            121.80759,
            24.84535
          ],
          [
            121.80788,
            24.84546
          ],
          [
            121.80811,
            24.84555
          ],
          [
            121.80811,
            24.84555
          ],
          [
            121.81098,
            24.84662
          ],
          [
            121.81257,
            24.84724
          ],
          [
            121.81257,
            24.84724
          ],
          [
            121.8127,
            24.84729
          ],
          [
            121.81295,
            24.84738
          ],
          [
            121.81303,
            24.84741
          ],
          [
            121.8131,
            24.84744
          ],
          [
            121.81314,
            24.84745
          ],
          [
            121.81318,
            24.84748
          ],
          [
            121.81321,
            24.84749
          ],
          [
            121.81325,
            24.84751
          ],
          [
            121.81334,
            24.84756
          ],
          [
            121.81339,
            24.84759
          ],
          [
            121.81343,
            24.84762
          ],
          [
            121.81347,
            24.84764
          ],
          [
            121.81355,
            24.84769
          ],
          [
            121.81386,
            24.84794
          ],
          [
            121.81425,
            24.84835
          ],
          [
            121.81456,
            24.84874
          ],
          [
            121.81478,
            24.84901
          ],
          [
            121.81492,
            24.84916
          ],
          [
            121.81512,
            24.84936
          ],
          [
            121.81518,
            24.84941
          ],
          [
            121.81536,
            24.84955
          ],
          [
            121.81553,
            24.84967
          ],
          [
            121.81553,
            24.84967
          ],
          [
            121.81588,
            24.84995
          ],
          [
            121.81605,
            24.85006
          ],
          [
            121.81615,
            24.85013
          ],
          [
            121.81619,
            24.85016
          ],
          [
            121.81657,
            24.85042
          ],
          [
            121.81673,
            24.85053
          ],
          [
            121.81685,
            24.85061
          ],
          [
            121.81752,
            24.85107
          ],
          [
            121.8178,
            24.85126
          ],
          [
            121.81784,
            24.85129
          ],
          [
            121.81805,
            24.85143
          ],
          [
            121.81829,
            24.85157
          ],
          [
            121.81848,
            24.85168
          ],
          [
            121.8187,
            24.85178
          ],
          [
            121.81875,
            24.85181
          ],
          [
            121.81883,
            24.85185
          ],
          [
            121.81884,
            24.85185
          ],
          [
            121.81895,
            24.8519
          ],
          [
            121.81898,
            24.85192
          ],
          [
            121.81913,
            24.85199
          ],
          [
            121.81921,
            24.85203
          ],
          [
            121.81949,
            24.85216
          ],
          [
            121.82016,
            24.85247
          ],
          [
            121.82047,
            24.85261
          ],
          [
            121.82055,
            24.85265
          ],
          [
            121.82062,
            24.85268
          ],
          [
            121.82076,
            24.85274
          ],
          [
            121.82104,
            24.85287
          ],
          [
            121.82105,
            24.85288
          ],
          [
            121.82118,
            24.85294
          ],
          [
            121.8213,
            24.85301
          ],
          [
            121.82134,
            24.85304
          ],
          [
            121.82136,
            24.85305
          ],
          [
            121.82139,
            24.85307
          ],
          [
            121.82141,
            24.85308
          ],
          [
            121.82143,
            24.8531
          ],
          [
            121.82145,
            24.85311
          ],
          [
            121.82146,
            24.85312
          ],
          [
            121.82147,
            24.85313
          ],
          [
            121.8215,
            24.85315
          ],
          [
            121.82154,
            24.85318
          ],
          [
            121.82156,
            24.8532
          ],
          [
            121.82158,
            24.85322
          ],
          [
            121.82164,
            24.85328
          ],
          [
            121.8217,
            24.85334
          ],
          [
            121.82186,
            24.85352
          ],
          [
            121.82207,
            24.85377
          ],
          [
            121.8221,
            24.85381
          ],
          [
            121.82216,
            24.85388
          ],
          [
            121.82255,
            24.85433
          ],
          [
            121.82263,
            24.85443
          ],
          [
            121.82308,
            24.85492
          ],
          [
            121.82357,
            24.85546
          ],
          [
            121.82357,
            24.85546
          ],
          [
            121.82372,
            24.85562
          ],
          [
            121.82462,
            24.8566
          ],
          [
            121.82504,
            24.85713
          ],
          [
            121.82531,
            24.85749
          ],
          [
            121.82582,
            24.85831
          ],
          [
            121.82601,
            24.85859
          ],
          [
            121.82601,
            24.85859
          ],
          [
            121.8275,
            24.86088
          ],
          [
            121.82763,
            24.86106
          ],
          [
            121.82769,
            24.86109
          ],
          [
            121.8277,
            24.8611
          ],
          [
            121.82788,
            24.86139
          ],
          [
            121.82807,
            24.86166
          ],
          [
            121.82856,
            24.86238
          ],
          [
            121.82866,
            24.86256
          ],
          [
            121.82866,
            24.86256
          ],
          [
            121.82877,
            24.86281
          ],
          [
            121.82884,
            24.86303
          ],
          [
            121.8289,
            24.86333
          ],
          [
            121.82892,
            24.86368
          ],
          [
            121.8289,
            24.86402
          ],
          [
            121.82883,
            24.86475
          ],
          [
            121.82884,
            24.86504
          ],
          [
            121.82939,
            24.86585
          ],
          [
            121.82953,
            24.86604
          ],
          [
            121.82953,
            24.86604
          ],
          [
            121.8298,
            24.86638
          ],
          [
            121.8299,
            24.86653
          ],
          [
            121.83044,
            24.86729
          ],
          [
            121.83135,
            24.86852
          ],
          [
            121.83158,
            24.8688
          ],
          [
            121.83182,
            24.86903
          ],
          [
            121.83224,
            24.86935
          ],
          [
            121.83308,
            24.86991
          ],
          [
            121.83308,
            24.86991
          ],
          [
            121.83456,
            24.87092
          ],
          [
            121.83483,
            24.87081
          ],
          [
            121.83522,
            24.87065
          ],
          [
            121.83558,
            24.8705
          ],
          [
            121.83576,
            24.87043
          ],
          [
            121.83553,
            24.86992
          ],
          [
            121.835,
            24.86877
          ]
        ]
      }
    },
    {
      "type": "Feature",
      "properties": {
        "feature_type": "station",
        "ref": "ILA244887",
        "name": "南方澳",
        "name_en": "Nanfang-ao",
        "line": "176（經羅東高中]）",
        "color": "#d97706",
        "direction": 0
      },
      "geometry": {
        "type": "Point",
        "coordinates": [
          121.870387,
          24.580599
        ]
      }
    },
    {
      "type": "Feature",
      "properties": {
        "feature_type": "station",
        "ref": "ILA244888",
        "name": "南興里",
        "name_en": "Nanxing Village",
        "line": "176（經羅東高中]）",
        "color": "#d97706",
        "direction": 0
      },
      "geometry": {
        "type": "Point",
        "coordinates": [
          121.86741,
          24.58146
        ]
      }
    },
    {
      "type": "Feature",
      "properties": {
        "feature_type": "station",
        "ref": "ILA268974",
        "name": "江夏路",
        "name_en": "Jiangxia Road",
        "line": "176（經羅東高中]）",
        "color": "#d97706",
        "direction": 0
      },
      "geometry": {
        "type": "Point",
        "coordinates": [
          121.8652,
          24.58206
        ]
      }
    },
    {
      "type": "Feature",
      "properties": {
        "feature_type": "station",
        "ref": "ILA244890",
        "name": "進安宮",
        "name_en": "Jin-an Temple",
        "line": "176（經羅東高中]）",
        "color": "#d97706",
        "direction": 0
      },
      "geometry": {
        "type": "Point",
        "coordinates": [
          121.8649,
          24.58407
        ]
      }
    },
    {
      "type": "Feature",
      "properties": {
        "feature_type": "station",
        "ref": "ILA116799",
        "name": "蘇澳港",
        "name_en": "Su-ao Port",
        "line": "176（經羅東高中]）",
        "color": "#d97706",
        "direction": 0
      },
      "geometry": {
        "type": "Point",
        "coordinates": [
          121.85589,
          24.59636
        ]
      }
    },
    {
      "type": "Feature",
      "properties": {
        "feature_type": "station",
        "ref": "ILA302879",
        "name": "蘇澳轉運站",
        "name_en": "Su'ao Transit Station",
        "line": "176（經羅東高中]）",
        "color": "#d97706",
        "direction": 0
      },
      "geometry": {
        "type": "Point",
        "coordinates": [
          121.852642,
          24.595434
        ]
      }
    },
    {
      "type": "Feature",
      "properties": {
        "feature_type": "station",
        "ref": "ILA116802",
        "name": "加油站",
        "name_en": "Gas Station",
        "line": "176（經羅東高中]）",
        "color": "#d97706",
        "direction": 0
      },
      "geometry": {
        "type": "Point",
        "coordinates": [
          121.84788,
          24.59599
        ]
      }
    },
    {
      "type": "Feature",
      "properties": {
        "feature_type": "station",
        "ref": "ILA244908",
        "name": "湧泉",
        "name_en": "Yongquan",
        "line": "176（經羅東高中]）",
        "color": "#d97706",
        "direction": 0
      },
      "geometry": {
        "type": "Point",
        "coordinates": [
          121.84441,
          24.59578
        ]
      }
    },
    {
      "type": "Feature",
      "properties": {
        "feature_type": "station",
        "ref": "ILA244934",
        "name": "蘇澳國小",
        "name_en": "Su-ao Elementary School",
        "line": "176（經羅東高中]）",
        "color": "#d97706",
        "direction": 0
      },
      "geometry": {
        "type": "Point",
        "coordinates": [
          121.84067,
          24.59624
        ]
      }
    },
    {
      "type": "Feature",
      "properties": {
        "feature_type": "station",
        "ref": "ILA222150",
        "name": "聖湖",
        "name_en": "Shenghu",
        "line": "176（經羅東高中]）",
        "color": "#d97706",
        "direction": 0
      },
      "geometry": {
        "type": "Point",
        "coordinates": [
          121.8382,
          24.5965
        ]
      }
    },
    {
      "type": "Feature",
      "properties": {
        "feature_type": "station",
        "ref": "ILA244936",
        "name": "蘇澳國中",
        "name_en": "Su-ao Junior High School",
        "line": "176（經羅東高中]）",
        "color": "#d97706",
        "direction": 0
      },
      "geometry": {
        "type": "Point",
        "coordinates": [
          121.83517,
          24.59717
        ]
      }
    },
    {
      "type": "Feature",
      "properties": {
        "feature_type": "station",
        "ref": "ILA235575",
        "name": "軍人忠烈祠",
        "name_en": "Martyrs Shrine",
        "line": "176（經羅東高中]）",
        "color": "#d97706",
        "direction": 0
      },
      "geometry": {
        "type": "Point",
        "coordinates": [
          121.8328,
          24.60399
        ]
      }
    },
    {
      "type": "Feature",
      "properties": {
        "feature_type": "station",
        "ref": "ILA244938",
        "name": "蘇澳新站",
        "name_en": "Su'aoxin Station",
        "line": "176（經羅東高中]）",
        "color": "#d97706",
        "direction": 0
      },
      "geometry": {
        "type": "Point",
        "coordinates": [
          121.826854,
          24.608864
        ]
      }
    },
    {
      "type": "Feature",
      "properties": {
        "feature_type": "station",
        "ref": "ILA244939",
        "name": "新城",
        "name_en": "Xincheng",
        "line": "176（經羅東高中]）",
        "color": "#d97706",
        "direction": 0
      },
      "geometry": {
        "type": "Point",
        "coordinates": [
          121.82121,
          24.61561
        ]
      }
    },
    {
      "type": "Feature",
      "properties": {
        "feature_type": "station",
        "ref": "ILA302587",
        "name": "安永心",
        "name_en": "Anyo Museum",
        "line": "176（經羅東高中]）",
        "color": "#d97706",
        "direction": 0
      },
      "geometry": {
        "type": "Point",
        "coordinates": [
          121.817856,
          24.6153
        ]
      }
    },
    {
      "type": "Feature",
      "properties": {
        "feature_type": "station",
        "ref": "ILA244940",
        "name": "武荖坑",
        "name_en": "Wulaokeng",
        "line": "176（經羅東高中]）",
        "color": "#d97706",
        "direction": 0
      },
      "geometry": {
        "type": "Point",
        "coordinates": [
          121.81387,
          24.61503
        ]
      }
    },
    {
      "type": "Feature",
      "properties": {
        "feature_type": "station",
        "ref": "ILA244750",
        "name": "東城",
        "name_en": "Dongcheng",
        "line": "176（經羅東高中]）",
        "color": "#d97706",
        "direction": 0
      },
      "geometry": {
        "type": "Point",
        "coordinates": [
          121.81074,
          24.61607
        ]
      }
    },
    {
      "type": "Feature",
      "properties": {
        "feature_type": "station",
        "ref": "ILA244751",
        "name": "電石廠",
        "name_en": "Calcium Carbide Factory",
        "line": "176（經羅東高中]）",
        "color": "#d97706",
        "direction": 0
      },
      "geometry": {
        "type": "Point",
        "coordinates": [
          121.80699,
          24.61986
        ]
      }
    },
    {
      "type": "Feature",
      "properties": {
        "feature_type": "station",
        "ref": "ILA244320",
        "name": "東興",
        "name_en": "Dongxing",
        "line": "176（經羅東高中]）",
        "color": "#d97706",
        "direction": 0
      },
      "geometry": {
        "type": "Point",
        "coordinates": [
          121.80299,
          24.62443
        ]
      }
    },
    {
      "type": "Feature",
      "properties": {
        "feature_type": "station",
        "ref": "ILA244426",
        "name": "下香和",
        "name_en": "Xiaxianghe",
        "line": "176（經羅東高中]）",
        "color": "#d97706",
        "direction": 0
      },
      "geometry": {
        "type": "Point",
        "coordinates": [
          121.80031,
          24.6276
        ]
      }
    },
    {
      "type": "Feature",
      "properties": {
        "feature_type": "station",
        "ref": "ILA244427",
        "name": "香和",
        "name_en": "Xianghe",
        "line": "176（經羅東高中]）",
        "color": "#d97706",
        "direction": 0
      },
      "geometry": {
        "type": "Point",
        "coordinates": [
          121.79813,
          24.63006
        ]
      }
    },
    {
      "type": "Feature",
      "properties": {
        "feature_type": "station",
        "ref": "ILA244429",
        "name": "冬山鄉公所",
        "name_en": "Dungshan Township Office",
        "line": "176（經羅東高中]）",
        "color": "#d97706",
        "direction": 0
      },
      "geometry": {
        "type": "Point",
        "coordinates": [
          121.7931,
          24.63387
        ]
      }
    },
    {
      "type": "Feature",
      "properties": {
        "feature_type": "station",
        "ref": "ILA244431",
        "name": "冬山",
        "name_en": "Dongshan",
        "line": "176（經羅東高中]）",
        "color": "#d97706",
        "direction": 0
      },
      "geometry": {
        "type": "Point",
        "coordinates": [
          121.78973,
          24.63491
        ]
      }
    },
    {
      "type": "Feature",
      "properties": {
        "feature_type": "station",
        "ref": "ILA244432",
        "name": "生態綠舟(天照宮)",
        "name_en": "Eco Green Boat(Tianzhao Temple)",
        "line": "176（經羅東高中]）",
        "color": "#d97706",
        "direction": 0
      },
      "geometry": {
        "type": "Point",
        "coordinates": [
          121.78727,
          24.63753
        ]
      }
    },
    {
      "type": "Feature",
      "properties": {
        "feature_type": "station",
        "ref": "ILA116821",
        "name": "楓橋",
        "name_en": "Fengqiao",
        "line": "176（經羅東高中]）",
        "color": "#d97706",
        "direction": 0
      },
      "geometry": {
        "type": "Point",
        "coordinates": [
          121.78671,
          24.64347
        ]
      }
    },
    {
      "type": "Feature",
      "properties": {
        "feature_type": "station",
        "ref": "ILA222167",
        "name": "珍珠村",
        "name_en": "Zhenzhu Village",
        "line": "176（經羅東高中]）",
        "color": "#d97706",
        "direction": 0
      },
      "geometry": {
        "type": "Point",
        "coordinates": [
          121.78448,
          24.6479
        ]
      }
    },
    {
      "type": "Feature",
      "properties": {
        "feature_type": "station",
        "ref": "ILA222168",
        "name": "砂港",
        "name_en": "Shagang",
        "line": "176（經羅東高中]）",
        "color": "#d97706",
        "direction": 0
      },
      "geometry": {
        "type": "Point",
        "coordinates": [
          121.78182,
          24.65285
        ]
      }
    },
    {
      "type": "Feature",
      "properties": {
        "feature_type": "station",
        "ref": "ILA244448",
        "name": "慕光",
        "name_en": "Muguang",
        "line": "176（經羅東高中]）",
        "color": "#d97706",
        "direction": 0
      },
      "geometry": {
        "type": "Point",
        "coordinates": [
          121.77888,
          24.65692
        ]
      }
    },
    {
      "type": "Feature",
      "properties": {
        "feature_type": "station",
        "ref": "ILA244497",
        "name": "八仙橋",
        "name_en": "Baxian Bridge",
        "line": "176（經羅東高中]）",
        "color": "#d97706",
        "direction": 0
      },
      "geometry": {
        "type": "Point",
        "coordinates": [
          121.77576,
          24.66211
        ]
      }
    },
    {
      "type": "Feature",
      "properties": {
        "feature_type": "station",
        "ref": "ILA244691",
        "name": "群英路",
        "name_en": "Qunying Rd.",
        "line": "176（經羅東高中]）",
        "color": "#d97706",
        "direction": 0
      },
      "geometry": {
        "type": "Point",
        "coordinates": [
          121.77389,
          24.66547
        ]
      }
    },
    {
      "type": "Feature",
      "properties": {
        "feature_type": "station",
        "ref": "ILA303084",
        "name": "義成路口",
        "name_en": "Yicheng Rd. Intersection",
        "line": "176（經羅東高中]）",
        "color": "#d97706",
        "direction": 0
      },
      "geometry": {
        "type": "Point",
        "coordinates": [
          121.767546,
          24.668504
        ]
      }
    },
    {
      "type": "Feature",
      "properties": {
        "feature_type": "station",
        "ref": "ILA222174",
        "name": "中山西路",
        "name_en": "Zhongshan W. Rd.",
        "line": "176（經羅東高中]）",
        "color": "#d97706",
        "direction": 0
      },
      "geometry": {
        "type": "Point",
        "coordinates": [
          121.763785,
          24.675022
        ]
      }
    },
    {
      "type": "Feature",
      "properties": {
        "feature_type": "station",
        "ref": "ILA222175",
        "name": "民生路口",
        "name_en": "Minsheng Rd. Intersection",
        "line": "176（經羅東高中]）",
        "color": "#d97706",
        "direction": 0
      },
      "geometry": {
        "type": "Point",
        "coordinates": [
          121.76377,
          24.67781
        ]
      }
    },
    {
      "type": "Feature",
      "properties": {
        "feature_type": "station",
        "ref": "ILA222176",
        "name": "公正路口",
        "name_en": "Gongzheng Rd. Intersection",
        "line": "176（經羅東高中]）",
        "color": "#d97706",
        "direction": 0
      },
      "geometry": {
        "type": "Point",
        "coordinates": [
          121.76462,
          24.68132
        ]
      }
    },
    {
      "type": "Feature",
      "properties": {
        "feature_type": "station",
        "ref": "ILA244700",
        "name": "清水橋",
        "name_en": "Qingshui Bridge",
        "line": "176（經羅東高中]）",
        "color": "#d97706",
        "direction": 0
      },
      "geometry": {
        "type": "Point",
        "coordinates": [
          121.77041,
          24.68992
        ]
      }
    },
    {
      "type": "Feature",
      "properties": {
        "feature_type": "station",
        "ref": "ILA244701",
        "name": "中興國小",
        "name_en": "Zhongxing Elementary School",
        "line": "176（經羅東高中]）",
        "color": "#d97706",
        "direction": 0
      },
      "geometry": {
        "type": "Point",
        "coordinates": [
          121.77,
          24.69251
        ]
      }
    },
    {
      "type": "Feature",
      "properties": {
        "feature_type": "station",
        "ref": "ILA303074",
        "name": "中興文創(四結)",
        "name_en": "Chung Hsing Cultural And Creative Park",
        "line": "176（經羅東高中]）",
        "color": "#d97706",
        "direction": 0
      },
      "geometry": {
        "type": "Point",
        "coordinates": [
          121.769468,
          24.695317
        ]
      }
    },
    {
      "type": "Feature",
      "properties": {
        "feature_type": "station",
        "ref": "ILA244752",
        "name": "石油公司",
        "name_en": "Oil Company",
        "line": "176（經羅東高中]）",
        "color": "#d97706",
        "direction": 0
      },
      "geometry": {
        "type": "Point",
        "coordinates": [
          121.76908,
          24.69828
        ]
      }
    },
    {
      "type": "Feature",
      "properties": {
        "feature_type": "station",
        "ref": "ILA245075",
        "name": "學進村",
        "name_en": "Xuejin Village",
        "line": "176（經羅東高中]）",
        "color": "#d97706",
        "direction": 0
      },
      "geometry": {
        "type": "Point",
        "coordinates": [
          121.77041,
          24.70319
        ]
      }
    },
    {
      "type": "Feature",
      "properties": {
        "feature_type": "station",
        "ref": "ILA222182",
        "name": "二結村",
        "name_en": "Erjie Village",
        "line": "176（經羅東高中]）",
        "color": "#d97706",
        "direction": 0
      },
      "geometry": {
        "type": "Point",
        "coordinates": [
          121.771383,
          24.706101
        ]
      }
    },
    {
      "type": "Feature",
      "properties": {
        "feature_type": "station",
        "ref": "ILA275215",
        "name": "南橋頭",
        "name_en": "Nanqiaotou",
        "line": "176（經羅東高中]）",
        "color": "#d97706",
        "direction": 0
      },
      "geometry": {
        "type": "Point",
        "coordinates": [
          121.77264,
          24.70983
        ]
      }
    },
    {
      "type": "Feature",
      "properties": {
        "feature_type": "station",
        "ref": "ILA116836",
        "name": "北橋頭",
        "name_en": "Beiqiaotou",
        "line": "176（經羅東高中]）",
        "color": "#d97706",
        "direction": 0
      },
      "geometry": {
        "type": "Point",
        "coordinates": [
          121.76996,
          24.72184
        ]
      }
    },
    {
      "type": "Feature",
      "properties": {
        "feature_type": "station",
        "ref": "ILA244760",
        "name": "城仔",
        "name_en": "Chengzi",
        "line": "176（經羅東高中]）",
        "color": "#d97706",
        "direction": 0
      },
      "geometry": {
        "type": "Point",
        "coordinates": [
          121.76711,
          24.72704
        ]
      }
    },
    {
      "type": "Feature",
      "properties": {
        "feature_type": "station",
        "ref": "ILA244761",
        "name": "宜蘭縣政府",
        "name_en": "Yilan County Hall",
        "line": "176（經羅東高中]）",
        "color": "#d97706",
        "direction": 0
      },
      "geometry": {
        "type": "Point",
        "coordinates": [
          121.76482,
          24.73132
        ]
      }
    },
    {
      "type": "Feature",
      "properties": {
        "feature_type": "station",
        "ref": "ILA244762",
        "name": "宜蘭運動公園",
        "name_en": "Yilan Sports Park",
        "line": "176（經羅東高中]）",
        "color": "#d97706",
        "direction": 0
      },
      "geometry": {
        "type": "Point",
        "coordinates": [
          121.75951,
          24.73996
        ]
      }
    },
    {
      "type": "Feature",
      "properties": {
        "feature_type": "station",
        "ref": "ILA244763",
        "name": "三角",
        "name_en": "Sanjiao",
        "line": "176（經羅東高中]）",
        "color": "#d97706",
        "direction": 0
      },
      "geometry": {
        "type": "Point",
        "coordinates": [
          121.756719,
          24.742592
        ]
      }
    },
    {
      "type": "Feature",
      "properties": {
        "feature_type": "station",
        "ref": "ILA244764",
        "name": "蘭陽女中",
        "name_en": "National Lan-Yang  Girls Senior High School",
        "line": "176（經羅東高中]）",
        "color": "#d97706",
        "direction": 0
      },
      "geometry": {
        "type": "Point",
        "coordinates": [
          121.75553,
          24.74586
        ]
      }
    },
    {
      "type": "Feature",
      "properties": {
        "feature_type": "station",
        "ref": "ILA116530",
        "name": "綠九市場",
        "name_en": "Lujiu Market",
        "line": "176（經羅東高中]）",
        "color": "#d97706",
        "direction": 0
      },
      "geometry": {
        "type": "Point",
        "coordinates": [
          121.755546,
          24.749304
        ]
      }
    },
    {
      "type": "Feature",
      "properties": {
        "feature_type": "station",
        "ref": "ILA271120",
        "name": "宜蘭轉運站",
        "name_en": "Yilan Transfer Station",
        "line": "176（經羅東高中]）",
        "color": "#d97706",
        "direction": 0
      },
      "geometry": {
        "type": "Point",
        "coordinates": [
          121.759368,
          24.751301
        ]
      }
    },
    {
      "type": "Feature",
      "properties": {
        "feature_type": "station",
        "ref": "ILA303086",
        "name": "幸福轉運站",
        "name_en": "Happy Station",
        "line": "176（經羅東高中]）",
        "color": "#d97706",
        "direction": 0
      },
      "geometry": {
        "type": "Point",
        "coordinates": [
          121.75655,
          24.7519
        ]
      }
    },
    {
      "type": "Feature",
      "properties": {
        "feature_type": "station",
        "ref": "ILA303079",
        "name": "宜蘭火車站(光復路)",
        "name_en": "Yilan Train Station(Guangfu Rd.)",
        "line": "176（經羅東高中]）",
        "color": "#d97706",
        "direction": 0
      },
      "geometry": {
        "type": "Point",
        "coordinates": [
          121.75684,
          24.75501
        ]
      }
    },
    {
      "type": "Feature",
      "properties": {
        "feature_type": "station",
        "ref": "ILA266471",
        "name": "宜蘭中山公園",
        "name_en": "Yilan Park",
        "line": "176（經羅東高中]）",
        "color": "#d97706",
        "direction": 0
      },
      "geometry": {
        "type": "Point",
        "coordinates": [
          121.75381,
          24.75447
        ]
      }
    },
    {
      "type": "Feature",
      "properties": {
        "feature_type": "station",
        "ref": "ILA259431",
        "name": "第一銀行",
        "name_en": "First Bank",
        "line": "176（經羅東高中]）",
        "color": "#d97706",
        "direction": 0
      },
      "geometry": {
        "type": "Point",
        "coordinates": [
          121.75266,
          24.75755
        ]
      }
    },
    {
      "type": "Feature",
      "properties": {
        "feature_type": "station",
        "ref": "ILA222194",
        "name": "北門",
        "name_en": "Beimen",
        "line": "176（經羅東高中]）",
        "color": "#d97706",
        "direction": 0
      },
      "geometry": {
        "type": "Point",
        "coordinates": [
          121.753009,
          24.759172
        ]
      }
    },
    {
      "type": "Feature",
      "properties": {
        "feature_type": "station",
        "ref": "ILA303080",
        "name": "蘭陽別院(念佛會)",
        "name_en": "Lan Yang House",
        "line": "176（經羅東高中]）",
        "color": "#d97706",
        "direction": 0
      },
      "geometry": {
        "type": "Point",
        "coordinates": [
          121.754012,
          24.762247
        ]
      }
    },
    {
      "type": "Feature",
      "properties": {
        "feature_type": "station",
        "ref": "ILA278127",
        "name": "河濱公園",
        "name_en": "Riverside Park",
        "line": "176（經羅東高中]）",
        "color": "#d97706",
        "direction": 0
      },
      "geometry": {
        "type": "Point",
        "coordinates": [
          121.754738,
          24.764166
        ]
      }
    },
    {
      "type": "Feature",
      "properties": {
        "feature_type": "station",
        "ref": "ILA277807",
        "name": "新生里",
        "name_en": "Xinsheng Village",
        "line": "176（經羅東高中]）",
        "color": "#d97706",
        "direction": 0
      },
      "geometry": {
        "type": "Point",
        "coordinates": [
          121.756098,
          24.767954
        ]
      }
    },
    {
      "type": "Feature",
      "properties": {
        "feature_type": "station",
        "ref": "ILA115304",
        "name": "吳沙路",
        "name_en": "Wusha Rd.",
        "line": "176（經羅東高中]）",
        "color": "#d97706",
        "direction": 0
      },
      "geometry": {
        "type": "Point",
        "coordinates": [
          121.7579,
          24.77354
        ]
      }
    },
    {
      "type": "Feature",
      "properties": {
        "feature_type": "station",
        "ref": "ILA108472",
        "name": "台富",
        "name_en": "Taifu",
        "line": "176（經羅東高中]）",
        "color": "#d97706",
        "direction": 0
      },
      "geometry": {
        "type": "Point",
        "coordinates": [
          121.758829,
          24.776343
        ]
      }
    },
    {
      "type": "Feature",
      "properties": {
        "feature_type": "station",
        "ref": "ILA244858",
        "name": "茭白里",
        "name_en": "Jiaobai Village",
        "line": "176（經羅東高中]）",
        "color": "#d97706",
        "direction": 0
      },
      "geometry": {
        "type": "Point",
        "coordinates": [
          121.75975,
          24.77965
        ]
      }
    },
    {
      "type": "Feature",
      "properties": {
        "feature_type": "station",
        "ref": "ILA108474",
        "name": "一結",
        "name_en": "Yijie",
        "line": "176（經羅東高中]）",
        "color": "#d97706",
        "direction": 0
      },
      "geometry": {
        "type": "Point",
        "coordinates": [
          121.76058,
          24.78239
        ]
      }
    },
    {
      "type": "Feature",
      "properties": {
        "feature_type": "station",
        "ref": "ILA247514",
        "name": "四城",
        "name_en": "Sicheng",
        "line": "176（經羅東高中]）",
        "color": "#d97706",
        "direction": 0
      },
      "geometry": {
        "type": "Point",
        "coordinates": [
          121.76176,
          24.78716
        ]
      }
    },
    {
      "type": "Feature",
      "properties": {
        "feature_type": "station",
        "ref": "ILA115309",
        "name": "玉光村",
        "name_en": "Yuguang Village",
        "line": "176（經羅東高中]）",
        "color": "#d97706",
        "direction": 0
      },
      "geometry": {
        "type": "Point",
        "coordinates": [
          121.762238,
          24.790796
        ]
      }
    },
    {
      "type": "Feature",
      "properties": {
        "feature_type": "station",
        "ref": "ILA108477",
        "name": "公埔",
        "name_en": "Gongpu",
        "line": "176（經羅東高中]）",
        "color": "#d97706",
        "direction": 0
      },
      "geometry": {
        "type": "Point",
        "coordinates": [
          121.76293,
          24.79321
        ]
      }
    },
    {
      "type": "Feature",
      "properties": {
        "feature_type": "station",
        "ref": "ILA116544",
        "name": "白鵝村",
        "name_en": "Baie Village",
        "line": "176（經羅東高中]）",
        "color": "#d97706",
        "direction": 0
      },
      "geometry": {
        "type": "Point",
        "coordinates": [
          121.76438,
          24.79886
        ]
      }
    },
    {
      "type": "Feature",
      "properties": {
        "feature_type": "station",
        "ref": "ILA108479",
        "name": "番割田",
        "name_en": "Fangetian",
        "line": "176（經羅東高中]）",
        "color": "#d97706",
        "direction": 0
      },
      "geometry": {
        "type": "Point",
        "coordinates": [
          121.76508,
          24.80172
        ]
      }
    },
    {
      "type": "Feature",
      "properties": {
        "feature_type": "station",
        "ref": "ILA279230",
        "name": "三民村",
        "name_en": "Sanmin Village",
        "line": "176（經羅東高中]）",
        "color": "#d97706",
        "direction": 0
      },
      "geometry": {
        "type": "Point",
        "coordinates": [
          121.7658,
          24.80523
        ]
      }
    },
    {
      "type": "Feature",
      "properties": {
        "feature_type": "station",
        "ref": "ILA244860",
        "name": "十六結",
        "name_en": "Shiliujie",
        "line": "176（經羅東高中]）",
        "color": "#d97706",
        "direction": 0
      },
      "geometry": {
        "type": "Point",
        "coordinates": [
          121.76723,
          24.80986
        ]
      }
    },
    {
      "type": "Feature",
      "properties": {
        "feature_type": "station",
        "ref": "ILA115315",
        "name": "礁溪國中",
        "name_en": "Jiaoxi Junior High School",
        "line": "176（經羅東高中]）",
        "color": "#d97706",
        "direction": 0
      },
      "geometry": {
        "type": "Point",
        "coordinates": [
          121.76805,
          24.81665
        ]
      }
    },
    {
      "type": "Feature",
      "properties": {
        "feature_type": "station",
        "ref": "ILA244415",
        "name": "協天廟",
        "name_en": "SieTian Temple",
        "line": "176（經羅東高中]）",
        "color": "#d97706",
        "direction": 0
      },
      "geometry": {
        "type": "Point",
        "coordinates": [
          121.76881,
          24.818813
        ]
      }
    },
    {
      "type": "Feature",
      "properties": {
        "feature_type": "station",
        "ref": "ILA271461",
        "name": "礁溪國小",
        "name_en": "Jiaoxi Elementary School",
        "line": "176（經羅東高中]）",
        "color": "#d97706",
        "direction": 0
      },
      "geometry": {
        "type": "Point",
        "coordinates": [
          121.76965,
          24.82107
        ]
      }
    },
    {
      "type": "Feature",
      "properties": {
        "feature_type": "station",
        "ref": "ILA271463",
        "name": "礁溪電池廠",
        "name_en": "Jiaoxi Battery Factory",
        "line": "176（經羅東高中]）",
        "color": "#d97706",
        "direction": 0
      },
      "geometry": {
        "type": "Point",
        "coordinates": [
          121.7709,
          24.82454
        ]
      }
    },
    {
      "type": "Feature",
      "properties": {
        "feature_type": "station",
        "ref": "ILA293532",
        "name": "礁溪湯圍溝",
        "name_en": "Jiaoxi Hot Spring",
        "line": "176（經羅東高中]）",
        "color": "#d97706",
        "direction": 0
      },
      "geometry": {
        "type": "Point",
        "coordinates": [
          121.77333,
          24.82839
        ]
      }
    },
    {
      "type": "Feature",
      "properties": {
        "feature_type": "station",
        "ref": "ILA302784",
        "name": "礁溪轉運站",
        "name_en": "Jiaoxi Transfer Station",
        "line": "176（經羅東高中]）",
        "color": "#d97706",
        "direction": 0
      },
      "geometry": {
        "type": "Point",
        "coordinates": [
          121.7775,
          24.82999
        ]
      }
    },
    {
      "type": "Feature",
      "properties": {
        "feature_type": "station",
        "ref": "ILA115321",
        "name": "玉石村",
        "name_en": "Yushi Village",
        "line": "176（經羅東高中]）",
        "color": "#d97706",
        "direction": 0
      },
      "geometry": {
        "type": "Point",
        "coordinates": [
          121.78027,
          24.83353
        ]
      }
    },
    {
      "type": "Feature",
      "properties": {
        "feature_type": "station",
        "ref": "ILA108489",
        "name": "白石腳",
        "name_en": "Baishijiao",
        "line": "176（經羅東高中]）",
        "color": "#d97706",
        "direction": 0
      },
      "geometry": {
        "type": "Point",
        "coordinates": [
          121.78285,
          24.83551
        ]
      }
    },
    {
      "type": "Feature",
      "properties": {
        "feature_type": "station",
        "ref": "ILA116556",
        "name": "白雲路",
        "name_en": "Baiyun Rd.",
        "line": "176（經羅東高中]）",
        "color": "#d97706",
        "direction": 0
      },
      "geometry": {
        "type": "Point",
        "coordinates": [
          121.78646,
          24.83669
        ]
      }
    },
    {
      "type": "Feature",
      "properties": {
        "feature_type": "station",
        "ref": "ILA302598",
        "name": "頭城交流道",
        "name_en": "Toucheng IC.",
        "line": "176（經羅東高中]）",
        "color": "#d97706",
        "direction": 0
      },
      "geometry": {
        "type": "Point",
        "coordinates": [
          121.787954,
          24.837169
        ]
      }
    },
    {
      "type": "Feature",
      "properties": {
        "feature_type": "station",
        "ref": "ILA222219",
        "name": "二城",
        "name_en": "Ercheng",
        "line": "176（經羅東高中]）",
        "color": "#d97706",
        "direction": 0
      },
      "geometry": {
        "type": "Point",
        "coordinates": [
          121.79331,
          24.83857
        ]
      }
    },
    {
      "type": "Feature",
      "properties": {
        "feature_type": "station",
        "ref": "ILA116559",
        "name": "中崙",
        "name_en": "Zhonglun",
        "line": "176（經羅東高中]）",
        "color": "#d97706",
        "direction": 0
      },
      "geometry": {
        "type": "Point",
        "coordinates": [
          121.80181,
          24.84157
        ]
      }
    },
    {
      "type": "Feature",
      "properties": {
        "feature_type": "station",
        "ref": "ILA115327",
        "name": "二城國小",
        "name_en": "Ercheng Elementary School",
        "line": "176（經羅東高中]）",
        "color": "#d97706",
        "direction": 0
      },
      "geometry": {
        "type": "Point",
        "coordinates": [
          121.80561,
          24.84419
        ]
      }
    },
    {
      "type": "Feature",
      "properties": {
        "feature_type": "station",
        "ref": "ILA116570",
        "name": "頂埔",
        "name_en": "Dingpu",
        "line": "176（經羅東高中]）",
        "color": "#d97706",
        "direction": 0
      },
      "geometry": {
        "type": "Point",
        "coordinates": [
          121.808134,
          24.845501
        ]
      }
    },
    {
      "type": "Feature",
      "properties": {
        "feature_type": "station",
        "ref": "ILA115329",
        "name": "實踐農村",
        "name_en": "Shijian Rural Village",
        "line": "176（經羅東高中]）",
        "color": "#d97706",
        "direction": 0
      },
      "geometry": {
        "type": "Point",
        "coordinates": [
          121.81258,
          24.84721
        ]
      }
    },
    {
      "type": "Feature",
      "properties": {
        "feature_type": "station",
        "ref": "ILA222224",
        "name": "頭城家商",
        "name_en": "Tou Cheng Domesti-Affair And Commercial Senior Hig",
        "line": "176（經羅東高中]）",
        "color": "#d97706",
        "direction": 0
      },
      "geometry": {
        "type": "Point",
        "coordinates": [
          121.81561,
          24.84965
        ]
      }
    },
    {
      "type": "Feature",
      "properties": {
        "feature_type": "station",
        "ref": "ILA280673",
        "name": "青雲路",
        "name_en": "Qingyun Rd.",
        "line": "176（經羅東高中]）",
        "color": "#d97706",
        "direction": 0
      },
      "geometry": {
        "type": "Point",
        "coordinates": [
          121.82359,
          24.85544
        ]
      }
    },
    {
      "type": "Feature",
      "properties": {
        "feature_type": "station",
        "ref": "ILA115497",
        "name": "頭城站",
        "name_en": "Toucheng Station",
        "line": "176（經羅東高中]）",
        "color": "#d97706",
        "direction": 0
      },
      "geometry": {
        "type": "Point",
        "coordinates": [
          121.82603,
          24.85858
        ]
      }
    },
    {
      "type": "Feature",
      "properties": {
        "feature_type": "station",
        "ref": "ILA299280",
        "name": "頭城國小",
        "name_en": "Toucheng Elementary school",
        "line": "176（經羅東高中]）",
        "color": "#d97706",
        "direction": 0
      },
      "geometry": {
        "type": "Point",
        "coordinates": [
          121.828702,
          24.862545
        ]
      }
    },
    {
      "type": "Feature",
      "properties": {
        "feature_type": "station",
        "ref": "ILA299278",
        "name": "武營橋",
        "name_en": "Wuying Bridge",
        "line": "176（經羅東高中]）",
        "color": "#d97706",
        "direction": 0
      },
      "geometry": {
        "type": "Point",
        "coordinates": [
          121.829589,
          24.866028
        ]
      }
    },
    {
      "type": "Feature",
      "properties": {
        "feature_type": "station",
        "ref": "ILA290031",
        "name": "蘭陽博物館",
        "name_en": "LANYANG MUSEUM",
        "line": "176（經羅東高中]）",
        "color": "#d97706",
        "direction": 0
      },
      "geometry": {
        "type": "Point",
        "coordinates": [
          121.832581,
          24.869489
        ]
      }
    },
    {
      "type": "Feature",
      "properties": {
        "feature_type": "station",
        "ref": "ILA302579",
        "name": "烏石港轉運站",
        "name_en": "Wush Harbor( Wush Harbor Bus Station)",
        "line": "176（經羅東高中]）",
        "color": "#d97706",
        "direction": 0
      },
      "geometry": {
        "type": "Point",
        "coordinates": [
          121.834961,
          24.868788
        ]
      }
    },
    {
      "type": "Feature",
      "properties": {
        "feature_type": "station",
        "ref": "ILA294093",
        "name": "羅東高中",
        "name_en": "Luo Dong Senior high school",
        "line": "176（經羅東高中]）",
        "color": "#d97706",
        "direction": 0
      },
      "geometry": {
        "type": "Point",
        "coordinates": [
          121.761883,
          24.680625
        ]
      }
    },
    {
      "type": "Feature",
      "properties": {
        "feature_type": "station",
        "ref": "ILA280573",
        "name": "羅東夜市(中山公園)",
        "name_en": "Luodong Night Market(Zhongshan Park)",
        "line": "176（經羅東高中]）",
        "color": "#d97706",
        "direction": 0
      },
      "geometry": {
        "type": "Point",
        "coordinates": [
          121.76807,
          24.67644
        ]
      }
    }
  ]
}
