{
  "type": "FeatureCollection",
  "name": "7317（半天岩）",
  "properties": {
    "id": "inter_city_7317",
    "name": "7317（半天岩）",
    "name_en": "7317 (半天岩)",
    "ref": "7317",
    "color": "#dc2626",
    "city_id": "InterCity",
    "source": "TDX Bus Shape / StopOfRoute",
    "via": "半天岩",
    "official_map_url": "https://web.taiwanbus.tw/MISUploadData/Schematic/file/7317.jpg",
    "operator_id": "22",
    "operator": "嘉義縣公車處",
    "operator_en": "Chiayi County Bus Service Administration"
  },
  "features": [
    {
      "type": "Feature",
      "properties": {
        "feature_type": "route",
        "ref": "7317",
        "name": "7317（半天岩）",
        "name_en": "7317 (半天岩)",
        "color": "#dc2626",
        "direction": 0
      },
      "geometry": {
        "type": "LineString",
        "coordinates": [
          [
            120.46546,
            23.47687
          ],
          [
            120.46514,
            23.47679
          ],
          [
            120.46492,
            23.47675
          ],
          [
            120.46482,
            23.47674
          ],
          [
            120.46453,
            23.47674
          ],
          [
            120.46443,
            23.47674
          ],
          [
            120.46438,
            23.47675
          ],
          [
            120.46419,
            23.47676
          ],
          [
            120.46259,
            23.47694
          ],
          [
            120.46218,
            23.477
          ],
          [
            120.46199,
            23.47705
          ],
          [
            120.46188,
            23.47707
          ],
          [
            120.46177,
            23.47707
          ],
          [
            120.46177,
            23.47707
          ],
          [
            120.46165,
            23.47602
          ],
          [
            120.46161,
            23.47554
          ],
          [
            120.46161,
            23.47554
          ],
          [
            120.46159,
            23.47533
          ],
          [
            120.46155,
            23.47497
          ],
          [
            120.46138,
            23.47495
          ],
          [
            120.46131,
            23.47495
          ],
          [
            120.46117,
            23.47493
          ],
          [
            120.46096,
            23.47491
          ],
          [
            120.4605,
            23.47486
          ],
          [
            120.45971,
            23.47479
          ],
          [
            120.45859,
            23.47469
          ],
          [
            120.45781,
            23.47463
          ],
          [
            120.45761,
            23.47461
          ],
          [
            120.45744,
            23.47459
          ],
          [
            120.45717,
            23.47456
          ],
          [
            120.45695,
            23.47454
          ],
          [
            120.45687,
            23.47453
          ],
          [
            120.45669,
            23.47452
          ],
          [
            120.45654,
            23.47451
          ],
          [
            120.45643,
            23.4745
          ],
          [
            120.45624,
            23.47449
          ],
          [
            120.45613,
            23.47448
          ],
          [
            120.45595,
            23.47446
          ],
          [
            120.45579,
            23.47444
          ],
          [
            120.45545,
            23.47442
          ],
          [
            120.45533,
            23.47441
          ],
          [
            120.45521,
            23.4744
          ],
          [
            120.45521,
            23.4744
          ],
          [
            120.45497,
            23.47437
          ],
          [
            120.45391,
            23.47426
          ],
          [
            120.45382,
            23.47425
          ],
          [
            120.45371,
            23.47424
          ],
          [
            120.45318,
            23.4742
          ],
          [
            120.45279,
            23.47416
          ],
          [
            120.4518,
            23.47408
          ],
          [
            120.45155,
            23.47405
          ],
          [
            120.45125,
            23.47402
          ],
          [
            120.45105,
            23.47401
          ],
          [
            120.45064,
            23.47399
          ],
          [
            120.45055,
            23.47398
          ],
          [
            120.45055,
            23.47398
          ],
          [
            120.45025,
            23.47396
          ],
          [
            120.45016,
            23.47394
          ],
          [
            120.44944,
            23.47386
          ],
          [
            120.44919,
            23.47384
          ],
          [
            120.44909,
            23.47383
          ],
          [
            120.44795,
            23.47373
          ],
          [
            120.4473,
            23.47368
          ],
          [
            120.44683,
            23.47365
          ],
          [
            120.44649,
            23.47361
          ],
          [
            120.44614,
            23.47358
          ],
          [
            120.44573,
            23.47354
          ],
          [
            120.44563,
            23.47353
          ],
          [
            120.44542,
            23.47351
          ],
          [
            120.44531,
            23.4735
          ],
          [
            120.44518,
            23.47349
          ],
          [
            120.44496,
            23.47348
          ],
          [
            120.44494,
            23.47348
          ],
          [
            120.44477,
            23.47347
          ],
          [
            120.44363,
            23.47337
          ],
          [
            120.44327,
            23.47333
          ],
          [
            120.44327,
            23.47333
          ],
          [
            120.44304,
            23.47332
          ],
          [
            120.44266,
            23.47326
          ],
          [
            120.44266,
            23.47326
          ],
          [
            120.44241,
            23.47323
          ],
          [
            120.44221,
            23.47321
          ],
          [
            120.44171,
            23.47317
          ],
          [
            120.44139,
            23.47315
          ],
          [
            120.44081,
            23.4731
          ],
          [
            120.44037,
            23.47306
          ],
          [
            120.44005,
            23.47304
          ],
          [
            120.43954,
            23.47299
          ],
          [
            120.43944,
            23.47403
          ],
          [
            120.43941,
            23.4743
          ],
          [
            120.43938,
            23.47467
          ],
          [
            120.43935,
            23.47501
          ],
          [
            120.43938,
            23.47509
          ],
          [
            120.43944,
            23.47521
          ],
          [
            120.43992,
            23.47619
          ],
          [
            120.44013,
            23.47663
          ],
          [
            120.44024,
            23.47687
          ],
          [
            120.44037,
            23.4771
          ],
          [
            120.44043,
            23.47723
          ],
          [
            120.44048,
            23.4773
          ],
          [
            120.44073,
            23.47758
          ],
          [
            120.44087,
            23.47774
          ],
          [
            120.44087,
            23.47774
          ],
          [
            120.44106,
            23.47796
          ],
          [
            120.44111,
            23.478
          ],
          [
            120.44153,
            23.47849
          ],
          [
            120.44183,
            23.47879
          ],
          [
            120.44218,
            23.47914
          ],
          [
            120.44229,
            23.47927
          ],
          [
            120.443,
            23.47932
          ],
          [
            120.44327,
            23.47934
          ],
          [
            120.44358,
            23.47937
          ],
          [
            120.44411,
            23.47942
          ],
          [
            120.44459,
            23.47946
          ],
          [
            120.44459,
            23.47946
          ],
          [
            120.4447,
            23.47947
          ],
          [
            120.4451,
            23.47951
          ],
          [
            120.44619,
            23.47961
          ],
          [
            120.44682,
            23.47966
          ],
          [
            120.44733,
            23.4797
          ],
          [
            120.44778,
            23.47974
          ],
          [
            120.44846,
            23.47981
          ],
          [
            120.44912,
            23.47987
          ],
          [
            120.44944,
            23.47991
          ],
          [
            120.44944,
            23.4799
          ],
          [
            120.44944,
            23.47989
          ],
          [
            120.44945,
            23.47988
          ],
          [
            120.44945,
            23.47987
          ],
          [
            120.44945,
            23.47986
          ],
          [
            120.44946,
            23.47985
          ],
          [
            120.44946,
            23.47984
          ],
          [
            120.44947,
            23.47983
          ],
          [
            120.44948,
            23.47982
          ],
          [
            120.44948,
            23.47981
          ],
          [
            120.4495,
            23.47979
          ],
          [
            120.44951,
            23.47979
          ],
          [
            120.44952,
            23.47978
          ],
          [
            120.44953,
            23.47978
          ],
          [
            120.44954,
            23.47977
          ],
          [
            120.44955,
            23.47977
          ],
          [
            120.44956,
            23.47976
          ],
          [
            120.44958,
            23.47976
          ],
          [
            120.44959,
            23.47976
          ],
          [
            120.4496,
            23.47976
          ],
          [
            120.44961,
            23.47976
          ],
          [
            120.44962,
            23.47976
          ],
          [
            120.44963,
            23.47976
          ],
          [
            120.44964,
            23.47976
          ],
          [
            120.44965,
            23.47976
          ],
          [
            120.44966,
            23.47976
          ],
          [
            120.44967,
            23.47977
          ],
          [
            120.44968,
            23.47977
          ],
          [
            120.44969,
            23.47978
          ],
          [
            120.4497,
            23.47978
          ],
          [
            120.44971,
            23.47979
          ],
          [
            120.44972,
            23.47979
          ],
          [
            120.44973,
            23.4798
          ],
          [
            120.44974,
            23.47981
          ],
          [
            120.44975,
            23.47982
          ],
          [
            120.44976,
            23.47983
          ],
          [
            120.44976,
            23.47984
          ],
          [
            120.44977,
            23.47985
          ],
          [
            120.44977,
            23.47986
          ],
          [
            120.44978,
            23.47987
          ],
          [
            120.44978,
            23.47988
          ],
          [
            120.44978,
            23.47989
          ],
          [
            120.44978,
            23.4799
          ],
          [
            120.44978,
            23.47991
          ],
          [
            120.44978,
            23.47992
          ],
          [
            120.44978,
            23.47993
          ],
          [
            120.44978,
            23.47995
          ],
          [
            120.44978,
            23.47996
          ],
          [
            120.44977,
            23.47997
          ],
          [
            120.44977,
            23.47998
          ],
          [
            120.44983,
            23.48002
          ],
          [
            120.45022,
            23.48018
          ],
          [
            120.45022,
            23.48018
          ],
          [
            120.4507,
            23.48039
          ],
          [
            120.45106,
            23.48055
          ],
          [
            120.45198,
            23.48097
          ],
          [
            120.45248,
            23.4812
          ],
          [
            120.45249,
            23.4812
          ],
          [
            120.45258,
            23.48124
          ],
          [
            120.45258,
            23.48124
          ],
          [
            120.45289,
            23.48137
          ],
          [
            120.45304,
            23.48062
          ],
          [
            120.4531,
            23.48031
          ],
          [
            120.45315,
            23.47989
          ],
          [
            120.45324,
            23.47923
          ],
          [
            120.45334,
            23.47853
          ],
          [
            120.45337,
            23.47833
          ],
          [
            120.45345,
            23.47779
          ],
          [
            120.45345,
            23.47773
          ],
          [
            120.45351,
            23.4771
          ],
          [
            120.45353,
            23.47688
          ],
          [
            120.45353,
            23.47688
          ],
          [
            120.45359,
            23.47634
          ],
          [
            120.45399,
            23.47637
          ],
          [
            120.45427,
            23.4764
          ],
          [
            120.45451,
            23.47642
          ],
          [
            120.45451,
            23.47642
          ],
          [
            120.45478,
            23.47644
          ],
          [
            120.4552,
            23.47648
          ],
          [
            120.45533,
            23.47649
          ],
          [
            120.45553,
            23.47651
          ],
          [
            120.4559,
            23.47654
          ],
          [
            120.45631,
            23.47657
          ],
          [
            120.45643,
            23.47658
          ],
          [
            120.45663,
            23.4766
          ],
          [
            120.45758,
            23.47669
          ],
          [
            120.45835,
            23.47677
          ],
          [
            120.45948,
            23.47687
          ],
          [
            120.46011,
            23.47694
          ],
          [
            120.46031,
            23.47696
          ],
          [
            120.46031,
            23.47696
          ],
          [
            120.46066,
            23.477
          ],
          [
            120.46103,
            23.47702
          ],
          [
            120.46137,
            23.47705
          ],
          [
            120.4615,
            23.47707
          ],
          [
            120.46157,
            23.47707
          ],
          [
            120.46164,
            23.47708
          ],
          [
            120.46177,
            23.47707
          ],
          [
            120.46188,
            23.47707
          ],
          [
            120.46199,
            23.47705
          ],
          [
            120.46218,
            23.477
          ],
          [
            120.46259,
            23.47694
          ],
          [
            120.46419,
            23.47676
          ],
          [
            120.46438,
            23.47675
          ],
          [
            120.46443,
            23.47674
          ],
          [
            120.46453,
            23.47674
          ],
          [
            120.46482,
            23.47674
          ],
          [
            120.46492,
            23.47675
          ],
          [
            120.46514,
            23.47679
          ],
          [
            120.46547,
            23.47687
          ],
          [
            120.46547,
            23.47687
          ],
          [
            120.46652,
            23.47711
          ],
          [
            120.46701,
            23.47718
          ],
          [
            120.46712,
            23.4772
          ],
          [
            120.46729,
            23.47725
          ],
          [
            120.46761,
            23.47731
          ],
          [
            120.46802,
            23.47739
          ],
          [
            120.46821,
            23.47743
          ],
          [
            120.46842,
            23.47747
          ],
          [
            120.46842,
            23.47747
          ],
          [
            120.46984,
            23.47776
          ],
          [
            120.47021,
            23.47777
          ],
          [
            120.47097,
            23.47771
          ],
          [
            120.47149,
            23.47766
          ],
          [
            120.47149,
            23.47766
          ],
          [
            120.47158,
            23.47766
          ],
          [
            120.47221,
            23.47759
          ],
          [
            120.47255,
            23.47757
          ],
          [
            120.47291,
            23.47754
          ],
          [
            120.47309,
            23.47752
          ],
          [
            120.47355,
            23.47749
          ],
          [
            120.47379,
            23.47747
          ],
          [
            120.47431,
            23.47741
          ],
          [
            120.47547,
            23.47721
          ],
          [
            120.47566,
            23.47719
          ],
          [
            120.47573,
            23.47718
          ],
          [
            120.47583,
            23.47719
          ],
          [
            120.47596,
            23.47722
          ],
          [
            120.47612,
            23.47729
          ],
          [
            120.47614,
            23.4773
          ],
          [
            120.4762,
            23.47733
          ],
          [
            120.4764,
            23.47745
          ],
          [
            120.47663,
            23.47762
          ],
          [
            120.47685,
            23.47777
          ],
          [
            120.47685,
            23.47777
          ],
          [
            120.47705,
            23.47791
          ],
          [
            120.47733,
            23.47811
          ],
          [
            120.47785,
            23.47849
          ],
          [
            120.47878,
            23.47914
          ],
          [
            120.47933,
            23.47951
          ],
          [
            120.47956,
            23.47964
          ],
          [
            120.47965,
            23.47967
          ],
          [
            120.47995,
            23.47978
          ],
          [
            120.48008,
            23.4798
          ],
          [
            120.48012,
            23.47981
          ],
          [
            120.48012,
            23.47981
          ],
          [
            120.4804,
            23.47988
          ],
          [
            120.48083,
            23.47991
          ],
          [
            120.48103,
            23.47993
          ],
          [
            120.48117,
            23.47994
          ],
          [
            120.48122,
            23.47994
          ],
          [
            120.48135,
            23.47995
          ],
          [
            120.48168,
            23.47997
          ],
          [
            120.48188,
            23.47999
          ],
          [
            120.48201,
            23.48
          ],
          [
            120.48201,
            23.48
          ],
          [
            120.48244,
            23.48003
          ],
          [
            120.48261,
            23.48005
          ],
          [
            120.48287,
            23.48007
          ],
          [
            120.48296,
            23.48009
          ],
          [
            120.48403,
            23.48021
          ],
          [
            120.48448,
            23.48024
          ],
          [
            120.48448,
            23.48024
          ],
          [
            120.48455,
            23.48025
          ],
          [
            120.48509,
            23.4803
          ],
          [
            120.48567,
            23.48036
          ],
          [
            120.48591,
            23.4804
          ],
          [
            120.48637,
            23.48048
          ],
          [
            120.4881,
            23.48093
          ],
          [
            120.48841,
            23.48102
          ],
          [
            120.48868,
            23.48107
          ],
          [
            120.48875,
            23.48109
          ],
          [
            120.4892,
            23.48115
          ],
          [
            120.48971,
            23.48122
          ],
          [
            120.48993,
            23.48126
          ],
          [
            120.49003,
            23.48127
          ],
          [
            120.49016,
            23.48129
          ],
          [
            120.49016,
            23.48129
          ],
          [
            120.49047,
            23.48133
          ],
          [
            120.49081,
            23.48139
          ],
          [
            120.49097,
            23.48142
          ],
          [
            120.49142,
            23.48148
          ],
          [
            120.49175,
            23.48153
          ],
          [
            120.49185,
            23.48154
          ],
          [
            120.49194,
            23.48155
          ],
          [
            120.49218,
            23.48157
          ],
          [
            120.4925,
            23.48159
          ],
          [
            120.49282,
            23.4816
          ],
          [
            120.49387,
            23.48165
          ],
          [
            120.49417,
            23.48167
          ],
          [
            120.49417,
            23.48167
          ],
          [
            120.49423,
            23.48167
          ],
          [
            120.4945,
            23.48169
          ],
          [
            120.49534,
            23.48172
          ],
          [
            120.49566,
            23.48173
          ],
          [
            120.49601,
            23.48173
          ],
          [
            120.49636,
            23.48173
          ],
          [
            120.49738,
            23.48177
          ],
          [
            120.49773,
            23.48177
          ],
          [
            120.49814,
            23.48174
          ],
          [
            120.49821,
            23.48172
          ],
          [
            120.49821,
            23.48172
          ],
          [
            120.49839,
            23.48169
          ],
          [
            120.49874,
            23.48152
          ],
          [
            120.50027,
            23.48071
          ],
          [
            120.50058,
            23.48061
          ],
          [
            120.50144,
            23.48047
          ],
          [
            120.50314,
            23.48022
          ],
          [
            120.50455,
            23.48006
          ],
          [
            120.50455,
            23.48006
          ],
          [
            120.50488,
            23.48002
          ],
          [
            120.50492,
            23.48002
          ],
          [
            120.50528,
            23.47996
          ],
          [
            120.50542,
            23.47994
          ],
          [
            120.50548,
            23.47993
          ],
          [
            120.50553,
            23.47992
          ],
          [
            120.50559,
            23.4799
          ],
          [
            120.50566,
            23.47988
          ],
          [
            120.50587,
            23.47975
          ],
          [
            120.50605,
            23.47962
          ],
          [
            120.50625,
            23.47946
          ],
          [
            120.50647,
            23.47931
          ],
          [
            120.50658,
            23.47925
          ],
          [
            120.50661,
            23.47924
          ],
          [
            120.50669,
            23.47921
          ],
          [
            120.50679,
            23.47918
          ],
          [
            120.50682,
            23.47917
          ],
          [
            120.50697,
            23.47913
          ],
          [
            120.50714,
            23.4791
          ],
          [
            120.50729,
            23.47907
          ],
          [
            120.50751,
            23.479
          ],
          [
            120.50766,
            23.47895
          ],
          [
            120.50774,
            23.47892
          ],
          [
            120.50781,
            23.4789
          ],
          [
            120.50797,
            23.47878
          ],
          [
            120.50798,
            23.47877
          ],
          [
            120.50802,
            23.47873
          ],
          [
            120.50806,
            23.47868
          ],
          [
            120.5081,
            23.47863
          ],
          [
            120.50813,
            23.47856
          ],
          [
            120.50815,
            23.47852
          ],
          [
            120.50819,
            23.47841
          ],
          [
            120.50822,
            23.47828
          ],
          [
            120.50829,
            23.47773
          ],
          [
            120.50832,
            23.47755
          ],
          [
            120.50836,
            23.47741
          ],
          [
            120.5084,
            23.4773
          ],
          [
            120.50847,
            23.47713
          ],
          [
            120.50854,
            23.47698
          ],
          [
            120.50868,
            23.47676
          ],
          [
            120.50882,
            23.47657
          ],
          [
            120.50898,
            23.4764
          ],
          [
            120.50912,
            23.47627
          ],
          [
            120.50925,
            23.47618
          ],
          [
            120.50957,
            23.47598
          ],
          [
            120.50982,
            23.47586
          ],
          [
            120.51006,
            23.47575
          ],
          [
            120.5101,
            23.47575
          ],
          [
            120.5101,
            23.47575
          ],
          [
            120.51029,
            23.4757
          ],
          [
            120.51049,
            23.47567
          ],
          [
            120.5105,
            23.47567
          ],
          [
            120.51064,
            23.47568
          ],
          [
            120.5107,
            23.47569
          ],
          [
            120.51075,
            23.47569
          ],
          [
            120.51089,
            23.47572
          ],
          [
            120.51102,
            23.47577
          ],
          [
            120.51114,
            23.47582
          ],
          [
            120.51124,
            23.47588
          ],
          [
            120.51129,
            23.4759
          ],
          [
            120.51147,
            23.47601
          ],
          [
            120.51162,
            23.47612
          ],
          [
            120.51171,
            23.4762
          ],
          [
            120.51184,
            23.47643
          ],
          [
            120.5119,
            23.47664
          ],
          [
            120.51192,
            23.47674
          ],
          [
            120.51196,
            23.47696
          ],
          [
            120.51199,
            23.47713
          ],
          [
            120.51202,
            23.4772
          ],
          [
            120.51208,
            23.47729
          ],
          [
            120.51209,
            23.4773
          ],
          [
            120.51212,
            23.47733
          ],
          [
            120.51217,
            23.47737
          ],
          [
            120.51224,
            23.4774
          ],
          [
            120.51234,
            23.47742
          ],
          [
            120.51244,
            23.47743
          ],
          [
            120.51272,
            23.47747
          ],
          [
            120.51291,
            23.47747
          ],
          [
            120.51299,
            23.47747
          ],
          [
            120.51313,
            23.47747
          ],
          [
            120.51329,
            23.47746
          ],
          [
            120.5138,
            23.47738
          ],
          [
            120.51399,
            23.47735
          ],
          [
            120.51409,
            23.47733
          ],
          [
            120.51411,
            23.47733
          ],
          [
            120.51411,
            23.47733
          ],
          [
            120.51418,
            23.47732
          ],
          [
            120.51426,
            23.47732
          ],
          [
            120.51448,
            23.4773
          ],
          [
            120.51479,
            23.47728
          ],
          [
            120.5158,
            23.47726
          ],
          [
            120.51592,
            23.47726
          ],
          [
            120.51612,
            23.47726
          ],
          [
            120.51647,
            23.47725
          ],
          [
            120.5167,
            23.47726
          ],
          [
            120.51692,
            23.47725
          ],
          [
            120.51731,
            23.47723
          ],
          [
            120.5175,
            23.47722
          ],
          [
            120.51848,
            23.47715
          ],
          [
            120.51868,
            23.47714
          ],
          [
            120.51895,
            23.47712
          ],
          [
            120.51946,
            23.47709
          ],
          [
            120.51999,
            23.47706
          ],
          [
            120.52033,
            23.47704
          ],
          [
            120.52047,
            23.47703
          ],
          [
            120.52062,
            23.47702
          ],
          [
            120.52077,
            23.47701
          ],
          [
            120.52082,
            23.477
          ],
          [
            120.52082,
            23.477
          ],
          [
            120.52101,
            23.47698
          ],
          [
            120.52168,
            23.47688
          ],
          [
            120.52212,
            23.47678
          ],
          [
            120.52213,
            23.47678
          ],
          [
            120.52277,
            23.47667
          ],
          [
            120.52359,
            23.47652
          ],
          [
            120.52371,
            23.4765
          ],
          [
            120.52436,
            23.47638
          ],
          [
            120.52446,
            23.47636
          ],
          [
            120.52455,
            23.47634
          ],
          [
            120.52466,
            23.47632
          ],
          [
            120.52466,
            23.47632
          ],
          [
            120.52514,
            23.47627
          ],
          [
            120.52552,
            23.47627
          ],
          [
            120.52591,
            23.47629
          ],
          [
            120.5265,
            23.47638
          ],
          [
            120.52691,
            23.47646
          ],
          [
            120.5275,
            23.4766
          ],
          [
            120.52801,
            23.47671
          ],
          [
            120.5283,
            23.47677
          ],
          [
            120.5283,
            23.47677
          ],
          [
            120.52901,
            23.47691
          ],
          [
            120.52914,
            23.47691
          ],
          [
            120.52928,
            23.47688
          ],
          [
            120.52944,
            23.4768
          ],
          [
            120.53037,
            23.47606
          ],
          [
            120.53096,
            23.47559
          ],
          [
            120.53153,
            23.47525
          ],
          [
            120.53167,
            23.47518
          ],
          [
            120.53167,
            23.47518
          ],
          [
            120.53215,
            23.47493
          ],
          [
            120.53267,
            23.47474
          ],
          [
            120.53298,
            23.47469
          ],
          [
            120.53351,
            23.47476
          ],
          [
            120.53401,
            23.47486
          ],
          [
            120.53414,
            23.47486
          ],
          [
            120.53429,
            23.47483
          ],
          [
            120.53442,
            23.47476
          ],
          [
            120.53453,
            23.47466
          ],
          [
            120.53469,
            23.47453
          ],
          [
            120.53482,
            23.47438
          ],
          [
            120.53495,
            23.47418
          ],
          [
            120.53512,
            23.47381
          ],
          [
            120.53527,
            23.47357
          ],
          [
            120.53552,
            23.47335
          ],
          [
            120.53607,
            23.47306
          ],
          [
            120.53701,
            23.47257
          ],
          [
            120.53701,
            23.47257
          ],
          [
            120.53834,
            23.47188
          ],
          [
            120.53834,
            23.47188
          ],
          [
            120.54101,
            23.47053
          ],
          [
            120.54101,
            23.47053
          ],
          [
            120.5421,
            23.47001
          ],
          [
            120.54259,
            23.46979
          ],
          [
            120.54291,
            23.4696
          ],
          [
            120.54394,
            23.46901
          ],
          [
            120.54606,
            23.46775
          ],
          [
            120.54655,
            23.46747
          ],
          [
            120.54655,
            23.46747
          ],
          [
            120.55041,
            23.46523
          ],
          [
            120.55105,
            23.46489
          ],
          [
            120.55128,
            23.46481
          ],
          [
            120.55141,
            23.46476
          ],
          [
            120.55141,
            23.46476
          ],
          [
            120.55251,
            23.46447
          ],
          [
            120.55363,
            23.46419
          ],
          [
            120.55402,
            23.46412
          ],
          [
            120.55402,
            23.46412
          ],
          [
            120.55444,
            23.46415
          ],
          [
            120.5551,
            23.46423
          ],
          [
            120.55541,
            23.46425
          ],
          [
            120.55561,
            23.46422
          ],
          [
            120.55731,
            23.46401
          ],
          [
            120.55731,
            23.46401
          ],
          [
            120.5589,
            23.46377
          ],
          [
            120.55989,
            23.4636
          ],
          [
            120.56071,
            23.46348
          ],
          [
            120.56095,
            23.46345
          ],
          [
            120.56174,
            23.46342
          ],
          [
            120.56227,
            23.46346
          ],
          [
            120.56255,
            23.4635
          ],
          [
            120.56255,
            23.4635
          ],
          [
            120.56258,
            23.46351
          ],
          [
            120.56323,
            23.46369
          ],
          [
            120.5652,
            23.46422
          ],
          [
            120.56613,
            23.46449
          ],
          [
            120.56632,
            23.46454
          ],
          [
            120.56633,
            23.46454
          ],
          [
            120.56657,
            23.46455
          ],
          [
            120.56688,
            23.46455
          ],
          [
            120.56728,
            23.46453
          ],
          [
            120.56756,
            23.4645
          ],
          [
            120.56787,
            23.46448
          ],
          [
            120.56787,
            23.46448
          ],
          [
            120.56805,
            23.46446
          ],
          [
            120.56825,
            23.46445
          ],
          [
            120.56832,
            23.46444
          ],
          [
            120.56843,
            23.46442
          ],
          [
            120.56856,
            23.4644
          ],
          [
            120.56865,
            23.4644
          ],
          [
            120.56873,
            23.4644
          ],
          [
            120.56884,
            23.46443
          ],
          [
            120.56893,
            23.46446
          ],
          [
            120.56906,
            23.46448
          ],
          [
            120.56915,
            23.46449
          ],
          [
            120.56916,
            23.46449
          ],
          [
            120.56935,
            23.46449
          ],
          [
            120.56945,
            23.46447
          ],
          [
            120.56961,
            23.46442
          ],
          [
            120.5697,
            23.46439
          ],
          [
            120.56987,
            23.46432
          ],
          [
            120.5702,
            23.4642
          ],
          [
            120.5702,
            23.4642
          ],
          [
            120.57021,
            23.46419
          ],
          [
            120.57061,
            23.46404
          ],
          [
            120.57101,
            23.4639
          ],
          [
            120.57126,
            23.4638
          ],
          [
            120.57149,
            23.46371
          ],
          [
            120.57165,
            23.46365
          ],
          [
            120.57179,
            23.46357
          ],
          [
            120.57194,
            23.46347
          ],
          [
            120.572,
            23.46341
          ],
          [
            120.57244,
            23.46307
          ],
          [
            120.57294,
            23.46268
          ],
          [
            120.57294,
            23.46268
          ],
          [
            120.57299,
            23.46264
          ],
          [
            120.57326,
            23.46245
          ],
          [
            120.57346,
            23.46233
          ],
          [
            120.57372,
            23.46218
          ],
          [
            120.57389,
            23.46209
          ],
          [
            120.57413,
            23.46196
          ],
          [
            120.57507,
            23.46146
          ],
          [
            120.57521,
            23.46138
          ],
          [
            120.57528,
            23.46133
          ],
          [
            120.57531,
            23.46131
          ],
          [
            120.57536,
            23.46128
          ],
          [
            120.57552,
            23.46115
          ],
          [
            120.57564,
            23.46105
          ],
          [
            120.57564,
            23.46105
          ],
          [
            120.57567,
            23.46103
          ],
          [
            120.57595,
            23.46079
          ],
          [
            120.57636,
            23.46042
          ],
          [
            120.57657,
            23.46023
          ],
          [
            120.57659,
            23.46022
          ],
          [
            120.57671,
            23.46011
          ],
          [
            120.57689,
            23.45995
          ],
          [
            120.57714,
            23.45975
          ],
          [
            120.57727,
            23.45964
          ],
          [
            120.57738,
            23.45956
          ],
          [
            120.57745,
            23.45951
          ],
          [
            120.57753,
            23.45946
          ],
          [
            120.57781,
            23.45927
          ],
          [
            120.57781,
            23.45927
          ],
          [
            120.57831,
            23.45895
          ],
          [
            120.57881,
            23.45865
          ],
          [
            120.57929,
            23.45838
          ],
          [
            120.57955,
            23.45828
          ],
          [
            120.57982,
            23.45822
          ],
          [
            120.58007,
            23.45819
          ],
          [
            120.58007,
            23.45819
          ],
          [
            120.58034,
            23.4582
          ],
          [
            120.58092,
            23.45826
          ],
          [
            120.58165,
            23.45832
          ],
          [
            120.58252,
            23.45836
          ],
          [
            120.58369,
            23.45844
          ],
          [
            120.58369,
            23.45844
          ],
          [
            120.58379,
            23.45845
          ],
          [
            120.58458,
            23.4585
          ],
          [
            120.58477,
            23.45852
          ],
          [
            120.58479,
            23.45852
          ],
          [
            120.58479,
            23.45852
          ],
          [
            120.58497,
            23.45853
          ],
          [
            120.58498,
            23.45853
          ],
          [
            120.58504,
            23.45853
          ],
          [
            120.58523,
            23.45856
          ],
          [
            120.5855,
            23.45859
          ],
          [
            120.58575,
            23.45861
          ],
          [
            120.58588,
            23.45863
          ],
          [
            120.58596,
            23.45864
          ],
          [
            120.58604,
            23.45865
          ],
          [
            120.58613,
            23.45867
          ],
          [
            120.5862,
            23.45869
          ],
          [
            120.58625,
            23.45871
          ],
          [
            120.5863,
            23.45872
          ],
          [
            120.58636,
            23.45874
          ],
          [
            120.58644,
            23.45877
          ],
          [
            120.58653,
            23.45881
          ],
          [
            120.58661,
            23.45885
          ],
          [
            120.58661,
            23.45885
          ],
          [
            120.58663,
            23.45887
          ],
          [
            120.58679,
            23.45895
          ],
          [
            120.58684,
            23.45897
          ],
          [
            120.58687,
            23.45898
          ],
          [
            120.5869,
            23.459
          ],
          [
            120.58693,
            23.459
          ],
          [
            120.58695,
            23.459
          ],
          [
            120.58698,
            23.45899
          ],
          [
            120.58709,
            23.45896
          ],
          [
            120.58717,
            23.45893
          ],
          [
            120.58731,
            23.45889
          ],
          [
            120.58736,
            23.45889
          ],
          [
            120.58741,
            23.45889
          ],
          [
            120.58747,
            23.45889
          ],
          [
            120.58754,
            23.4589
          ],
          [
            120.58762,
            23.45891
          ],
          [
            120.5877,
            23.45892
          ],
          [
            120.58787,
            23.45894
          ],
          [
            120.58793,
            23.45895
          ],
          [
            120.58799,
            23.45896
          ],
          [
            120.58804,
            23.45897
          ],
          [
            120.58809,
            23.45898
          ],
          [
            120.5881,
            23.45898
          ],
          [
            120.58815,
            23.45899
          ],
          [
            120.5882,
            23.45901
          ],
          [
            120.58826,
            23.45903
          ],
          [
            120.58831,
            23.45905
          ],
          [
            120.58835,
            23.45907
          ],
          [
            120.58839,
            23.45909
          ],
          [
            120.58842,
            23.45911
          ],
          [
            120.58845,
            23.45914
          ],
          [
            120.58848,
            23.45917
          ],
          [
            120.58851,
            23.4592
          ],
          [
            120.58854,
            23.45924
          ],
          [
            120.58871,
            23.45948
          ],
          [
            120.58875,
            23.45953
          ],
          [
            120.58886,
            23.45968
          ],
          [
            120.58889,
            23.45972
          ],
          [
            120.58896,
            23.45981
          ],
          [
            120.58897,
            23.45982
          ],
          [
            120.58898,
            23.45984
          ],
          [
            120.58901,
            23.45986
          ],
          [
            120.58904,
            23.45988
          ],
          [
            120.58907,
            23.4599
          ],
          [
            120.5891,
            23.45991
          ],
          [
            120.58913,
            23.45993
          ],
          [
            120.58922,
            23.45995
          ],
          [
            120.58928,
            23.45997
          ],
          [
            120.58962,
            23.46005
          ],
          [
            120.58969,
            23.46008
          ],
          [
            120.58975,
            23.4601
          ],
          [
            120.5898,
            23.46013
          ],
          [
            120.58985,
            23.46015
          ],
          [
            120.58989,
            23.46018
          ],
          [
            120.58995,
            23.46021
          ],
          [
            120.59,
            23.46025
          ],
          [
            120.59004,
            23.46028
          ],
          [
            120.59009,
            23.46032
          ],
          [
            120.59014,
            23.46038
          ],
          [
            120.59022,
            23.46046
          ],
          [
            120.59023,
            23.46046
          ],
          [
            120.59023,
            23.46046
          ],
          [
            120.59026,
            23.4605
          ],
          [
            120.59028,
            23.46051
          ],
          [
            120.5903,
            23.46052
          ],
          [
            120.59032,
            23.46053
          ],
          [
            120.59034,
            23.46053
          ],
          [
            120.59037,
            23.46052
          ],
          [
            120.59038,
            23.46052
          ],
          [
            120.5904,
            23.46051
          ],
          [
            120.59042,
            23.46049
          ],
          [
            120.59042,
            23.46049
          ],
          [
            120.59043,
            23.46046
          ],
          [
            120.59044,
            23.46045
          ],
          [
            120.59044,
            23.46043
          ],
          [
            120.59044,
            23.46041
          ],
          [
            120.59044,
            23.46039
          ],
          [
            120.59042,
            23.46037
          ],
          [
            120.5904,
            23.46035
          ],
          [
            120.59032,
            23.46026
          ],
          [
            120.59025,
            23.46019
          ],
          [
            120.59016,
            23.46008
          ],
          [
            120.59014,
            23.46005
          ],
          [
            120.59012,
            23.46001
          ],
          [
            120.59008,
            23.45994
          ],
          [
            120.59004,
            23.45986
          ],
          [
            120.59003,
            23.45982
          ],
          [
            120.59002,
            23.45977
          ],
          [
            120.59002,
            23.45972
          ],
          [
            120.59003,
            23.45968
          ],
          [
            120.59004,
            23.45964
          ],
          [
            120.59006,
            23.4595
          ],
          [
            120.59007,
            23.45941
          ],
          [
            120.59008,
            23.45937
          ],
          [
            120.59008,
            23.45934
          ],
          [
            120.59009,
            23.4593
          ],
          [
            120.59011,
            23.45927
          ],
          [
            120.59013,
            23.45925
          ],
          [
            120.59015,
            23.45922
          ],
          [
            120.59018,
            23.4592
          ],
          [
            120.59027,
            23.45914
          ],
          [
            120.59035,
            23.45907
          ],
          [
            120.5904,
            23.45902
          ],
          [
            120.59044,
            23.45898
          ],
          [
            120.59048,
            23.45892
          ],
          [
            120.59052,
            23.45886
          ],
          [
            120.59057,
            23.45876
          ],
          [
            120.59063,
            23.45863
          ],
          [
            120.59067,
            23.45855
          ],
          [
            120.59069,
            23.45851
          ],
          [
            120.5907,
            23.45849
          ],
          [
            120.59073,
            23.45846
          ],
          [
            120.59076,
            23.45844
          ],
          [
            120.5908,
            23.45842
          ],
          [
            120.59082,
            23.45842
          ],
          [
            120.59084,
            23.45842
          ],
          [
            120.59085,
            23.45843
          ],
          [
            120.59087,
            23.45843
          ],
          [
            120.59088,
            23.45844
          ],
          [
            120.59089,
            23.45844
          ],
          [
            120.5909,
            23.45845
          ],
          [
            120.59091,
            23.45846
          ],
          [
            120.59091,
            23.45848
          ],
          [
            120.59092,
            23.45849
          ],
          [
            120.59092,
            23.45851
          ],
          [
            120.59092,
            23.45852
          ],
          [
            120.59092,
            23.45854
          ],
          [
            120.5909,
            23.45857
          ],
          [
            120.59088,
            23.45861
          ],
          [
            120.59083,
            23.45868
          ],
          [
            120.59079,
            23.45875
          ],
          [
            120.59076,
            23.4588
          ],
          [
            120.59073,
            23.45888
          ],
          [
            120.59065,
            23.45907
          ],
          [
            120.59064,
            23.4591
          ],
          [
            120.59063,
            23.45913
          ],
          [
            120.59063,
            23.45915
          ],
          [
            120.59063,
            23.45917
          ],
          [
            120.59063,
            23.45919
          ],
          [
            120.59063,
            23.45921
          ],
          [
            120.59064,
            23.45924
          ],
          [
            120.59065,
            23.45926
          ],
          [
            120.59066,
            23.45931
          ],
          [
            120.59069,
            23.45938
          ],
          [
            120.59072,
            23.45945
          ],
          [
            120.59076,
            23.45954
          ],
          [
            120.59083,
            23.4597
          ],
          [
            120.59084,
            23.45973
          ],
          [
            120.59085,
            23.45974
          ],
          [
            120.59085,
            23.45974
          ],
          [
            120.59086,
            23.45975
          ],
          [
            120.59088,
            23.45977
          ],
          [
            120.59092,
            23.45982
          ],
          [
            120.59094,
            23.45983
          ],
          [
            120.59096,
            23.45984
          ],
          [
            120.59098,
            23.45985
          ],
          [
            120.591,
            23.45985
          ],
          [
            120.59102,
            23.45985
          ],
          [
            120.59105,
            23.45985
          ],
          [
            120.59107,
            23.45984
          ],
          [
            120.59108,
            23.45983
          ],
          [
            120.59109,
            23.45982
          ],
          [
            120.5911,
            23.45981
          ],
          [
            120.5911,
            23.4598
          ],
          [
            120.59111,
            23.45978
          ],
          [
            120.59111,
            23.45975
          ],
          [
            120.59112,
            23.45972
          ],
          [
            120.59112,
            23.45969
          ],
          [
            120.59111,
            23.45966
          ],
          [
            120.5911,
            23.45963
          ],
          [
            120.59109,
            23.45959
          ],
          [
            120.59106,
            23.45951
          ],
          [
            120.59105,
            23.45946
          ],
          [
            120.59105,
            23.45943
          ],
          [
            120.59105,
            23.45939
          ],
          [
            120.59105,
            23.45935
          ],
          [
            120.59106,
            23.45931
          ],
          [
            120.59107,
            23.45926
          ],
          [
            120.59107,
            23.45925
          ],
          [
            120.59111,
            23.45912
          ],
          [
            120.59112,
            23.45908
          ],
          [
            120.59114,
            23.45901
          ],
          [
            120.59116,
            23.45895
          ],
          [
            120.59117,
            23.45891
          ],
          [
            120.59118,
            23.45887
          ],
          [
            120.5912,
            23.45885
          ],
          [
            120.59121,
            23.45883
          ],
          [
            120.59128,
            23.45876
          ],
          [
            120.59129,
            23.45874
          ],
          [
            120.59137,
            23.45865
          ],
          [
            120.5914,
            23.45862
          ],
          [
            120.5915,
            23.45851
          ],
          [
            120.59155,
            23.45847
          ],
          [
            120.5916,
            23.45843
          ],
          [
            120.59165,
            23.45841
          ],
          [
            120.59168,
            23.45839
          ],
          [
            120.5917,
            23.45839
          ],
          [
            120.59171,
            23.45838
          ],
          [
            120.59174,
            23.45838
          ],
          [
            120.59178,
            23.45838
          ],
          [
            120.59181,
            23.45839
          ],
          [
            120.59185,
            23.4584
          ],
          [
            120.59188,
            23.45842
          ],
          [
            120.59189,
            23.45842
          ],
          [
            120.5919,
            23.45843
          ],
          [
            120.59192,
            23.45844
          ],
          [
            120.59195,
            23.45847
          ],
          [
            120.59199,
            23.45852
          ],
          [
            120.59203,
            23.45858
          ],
          [
            120.59208,
            23.45864
          ],
          [
            120.59212,
            23.4587
          ],
          [
            120.59215,
            23.45873
          ],
          [
            120.59221,
            23.45879
          ],
          [
            120.59226,
            23.45883
          ],
          [
            120.59227,
            23.45885
          ],
          [
            120.59254,
            23.45908
          ],
          [
            120.59256,
            23.45909
          ],
          [
            120.59267,
            23.45919
          ],
          [
            120.59269,
            23.4592
          ],
          [
            120.5927,
            23.45921
          ],
          [
            120.59273,
            23.45922
          ],
          [
            120.59276,
            23.45923
          ],
          [
            120.59281,
            23.45924
          ],
          [
            120.59284,
            23.45925
          ],
          [
            120.59291,
            23.45925
          ],
          [
            120.59298,
            23.45925
          ],
          [
            120.59303,
            23.45926
          ],
          [
            120.59307,
            23.45926
          ],
          [
            120.59308,
            23.45927
          ],
          [
            120.59313,
            23.45928
          ],
          [
            120.59317,
            23.45929
          ],
          [
            120.59323,
            23.45932
          ],
          [
            120.59325,
            23.45933
          ],
          [
            120.59331,
            23.45936
          ],
          [
            120.59337,
            23.4594
          ],
          [
            120.59348,
            23.45947
          ],
          [
            120.59375,
            23.45963
          ],
          [
            120.59383,
            23.45969
          ],
          [
            120.59391,
            23.45975
          ],
          [
            120.594,
            23.45981
          ],
          [
            120.59406,
            23.45984
          ],
          [
            120.5941,
            23.45986
          ],
          [
            120.59416,
            23.45988
          ],
          [
            120.59422,
            23.4599
          ],
          [
            120.59427,
            23.4599
          ],
          [
            120.59432,
            23.4599
          ],
          [
            120.59436,
            23.45989
          ],
          [
            120.59443,
            23.45987
          ],
          [
            120.59446,
            23.45987
          ],
          [
            120.59459,
            23.45983
          ],
          [
            120.59472,
            23.4598
          ],
          [
            120.59477,
            23.45979
          ],
          [
            120.59486,
            23.45978
          ],
          [
            120.59491,
            23.45977
          ],
          [
            120.59496,
            23.45977
          ],
          [
            120.59499,
            23.45977
          ],
          [
            120.59501,
            23.45977
          ],
          [
            120.59503,
            23.45977
          ],
          [
            120.59505,
            23.45978
          ],
          [
            120.59507,
            23.45978
          ],
          [
            120.59511,
            23.45979
          ],
          [
            120.59516,
            23.45981
          ],
          [
            120.59529,
            23.45987
          ],
          [
            120.5954,
            23.45992
          ],
          [
            120.59546,
            23.45995
          ],
          [
            120.5955,
            23.45997
          ],
          [
            120.59553,
            23.45999
          ],
          [
            120.59555,
            23.46001
          ],
          [
            120.59557,
            23.46003
          ],
          [
            120.59558,
            23.46004
          ],
          [
            120.59559,
            23.46006
          ],
          [
            120.59559,
            23.46008
          ],
          [
            120.5956,
            23.46011
          ],
          [
            120.59561,
            23.46015
          ],
          [
            120.59565,
            23.46034
          ],
          [
            120.59567,
            23.4604
          ],
          [
            120.59569,
            23.46043
          ],
          [
            120.59571,
            23.46046
          ],
          [
            120.59574,
            23.46049
          ],
          [
            120.59584,
            23.4606
          ],
          [
            120.59589,
            23.46065
          ],
          [
            120.5959,
            23.46067
          ],
          [
            120.59591,
            23.4607
          ],
          [
            120.59592,
            23.46072
          ],
          [
            120.59593,
            23.46074
          ],
          [
            120.59593,
            23.46076
          ],
          [
            120.59594,
            23.46078
          ],
          [
            120.59594,
            23.46081
          ],
          [
            120.59593,
            23.46085
          ],
          [
            120.59593,
            23.46088
          ],
          [
            120.59592,
            23.4609
          ],
          [
            120.59592,
            23.46094
          ],
          [
            120.59591,
            23.46098
          ],
          [
            120.59589,
            23.46102
          ],
          [
            120.59588,
            23.46106
          ],
          [
            120.59586,
            23.4611
          ],
          [
            120.59584,
            23.46115
          ],
          [
            120.5958,
            23.46122
          ],
          [
            120.59575,
            23.46131
          ],
          [
            120.5957,
            23.4614
          ],
          [
            120.59562,
            23.46151
          ],
          [
            120.5956,
            23.46153
          ],
          [
            120.59556,
            23.4616
          ],
          [
            120.59551,
            23.46166
          ],
          [
            120.59551,
            23.46166
          ],
          [
            120.59549,
            23.46168
          ],
          [
            120.59547,
            23.46171
          ],
          [
            120.59543,
            23.46174
          ],
          [
            120.5954,
            23.46176
          ],
          [
            120.59537,
            23.46178
          ],
          [
            120.59528,
            23.46182
          ],
          [
            120.59518,
            23.46187
          ],
          [
            120.59511,
            23.46191
          ],
          [
            120.59504,
            23.46195
          ],
          [
            120.59499,
            23.46199
          ],
          [
            120.59496,
            23.46201
          ],
          [
            120.59495,
            23.46202
          ],
          [
            120.59492,
            23.46206
          ],
          [
            120.5949,
            23.46208
          ],
          [
            120.59488,
            23.46212
          ],
          [
            120.59487,
            23.46215
          ],
          [
            120.59486,
            23.46218
          ],
          [
            120.59485,
            23.46221
          ],
          [
            120.59484,
            23.46225
          ],
          [
            120.59484,
            23.4623
          ],
          [
            120.59485,
            23.46235
          ],
          [
            120.59485,
            23.46241
          ],
          [
            120.59488,
            23.4625
          ],
          [
            120.59492,
            23.4626
          ],
          [
            120.59496,
            23.4627
          ],
          [
            120.59503,
            23.46274
          ],
          [
            120.59506,
            23.46277
          ],
          [
            120.59509,
            23.46279
          ],
          [
            120.59513,
            23.46282
          ],
          [
            120.59519,
            23.46286
          ],
          [
            120.59523,
            23.46289
          ],
          [
            120.59531,
            23.46294
          ],
          [
            120.59536,
            23.46296
          ],
          [
            120.59541,
            23.46298
          ],
          [
            120.59554,
            23.46303
          ],
          [
            120.59559,
            23.46305
          ],
          [
            120.59562,
            23.46307
          ],
          [
            120.59564,
            23.46308
          ],
          [
            120.5957,
            23.46313
          ],
          [
            120.59576,
            23.46318
          ],
          [
            120.59583,
            23.46324
          ],
          [
            120.59587,
            23.46327
          ],
          [
            120.59589,
            23.46328
          ],
          [
            120.59594,
            23.46332
          ],
          [
            120.596,
            23.46336
          ],
          [
            120.59607,
            23.4634
          ],
          [
            120.59636,
            23.46352
          ],
          [
            120.59654,
            23.46359
          ],
          [
            120.5967,
            23.46366
          ],
          [
            120.59681,
            23.46372
          ],
          [
            120.59688,
            23.46375
          ],
          [
            120.59697,
            23.46379
          ],
          [
            120.59705,
            23.46383
          ],
          [
            120.59716,
            23.46387
          ],
          [
            120.59725,
            23.4639
          ],
          [
            120.59738,
            23.46394
          ],
          [
            120.59748,
            23.46396
          ],
          [
            120.59755,
            23.46397
          ],
          [
            120.59765,
            23.46398
          ],
          [
            120.59776,
            23.46398
          ],
          [
            120.59791,
            23.46399
          ],
          [
            120.59809,
            23.464
          ],
          [
            120.5983,
            23.46402
          ],
          [
            120.59846,
            23.46403
          ],
          [
            120.59858,
            23.46404
          ],
          [
            120.59864,
            23.46405
          ],
          [
            120.59869,
            23.46406
          ],
          [
            120.59876,
            23.46407
          ],
          [
            120.59886,
            23.46411
          ],
          [
            120.59895,
            23.46414
          ],
          [
            120.59908,
            23.46419
          ],
          [
            120.59914,
            23.46421
          ],
          [
            120.59916,
            23.46422
          ],
          [
            120.59923,
            23.46424
          ],
          [
            120.59926,
            23.46425
          ],
          [
            120.59928,
            23.46425
          ],
          [
            120.5993,
            23.46425
          ],
          [
            120.59931,
            23.46425
          ],
          [
            120.59932,
            23.46424
          ],
          [
            120.59933,
            23.46424
          ],
          [
            120.59934,
            23.46423
          ],
          [
            120.59935,
            23.46422
          ],
          [
            120.59936,
            23.46421
          ],
          [
            120.59936,
            23.4642
          ],
          [
            120.59936,
            23.46418
          ],
          [
            120.59936,
            23.46417
          ],
          [
            120.59935,
            23.46414
          ],
          [
            120.59935,
            23.46413
          ],
          [
            120.59934,
            23.46412
          ],
          [
            120.59931,
            23.4641
          ],
          [
            120.5993,
            23.4641
          ],
          [
            120.59928,
            23.46408
          ],
          [
            120.59925,
            23.46407
          ],
          [
            120.59921,
            23.46405
          ],
          [
            120.59913,
            23.46402
          ],
          [
            120.59904,
            23.46399
          ],
          [
            120.5988,
            23.4639
          ],
          [
            120.5987,
            23.46386
          ],
          [
            120.59865,
            23.46384
          ],
          [
            120.59861,
            23.46382
          ],
          [
            120.59858,
            23.4638
          ],
          [
            120.59855,
            23.46377
          ],
          [
            120.59845,
            23.46365
          ],
          [
            120.59835,
            23.46353
          ],
          [
            120.59826,
            23.46343
          ],
          [
            120.59816,
            23.46333
          ],
          [
            120.59808,
            23.46325
          ],
          [
            120.59802,
            23.46318
          ],
          [
            120.59799,
            23.46315
          ],
          [
            120.59798,
            23.46313
          ],
          [
            120.59797,
            23.46311
          ],
          [
            120.59797,
            23.46308
          ],
          [
            120.59797,
            23.46305
          ],
          [
            120.59797,
            23.46303
          ],
          [
            120.59798,
            23.46301
          ],
          [
            120.59799,
            23.463
          ],
          [
            120.59799,
            23.46298
          ],
          [
            120.598,
            23.46297
          ],
          [
            120.59802,
            23.46296
          ],
          [
            120.59804,
            23.46295
          ],
          [
            120.59806,
            23.46294
          ],
          [
            120.59808,
            23.46294
          ],
          [
            120.59811,
            23.46293
          ],
          [
            120.59814,
            23.46293
          ],
          [
            120.59818,
            23.46293
          ],
          [
            120.59824,
            23.46294
          ],
          [
            120.59834,
            23.46295
          ],
          [
            120.59843,
            23.46296
          ],
          [
            120.59856,
            23.46299
          ],
          [
            120.59867,
            23.46301
          ],
          [
            120.59879,
            23.46303
          ],
          [
            120.59886,
            23.46305
          ],
          [
            120.59894,
            23.46307
          ],
          [
            120.59898,
            23.46307
          ],
          [
            120.59904,
            23.46308
          ],
          [
            120.59913,
            23.46309
          ],
          [
            120.59925,
            23.4631
          ],
          [
            120.59928,
            23.46311
          ],
          [
            120.59939,
            23.46313
          ],
          [
            120.59944,
            23.46314
          ],
          [
            120.59951,
            23.46315
          ],
          [
            120.59963,
            23.46319
          ],
          [
            120.59979,
            23.46325
          ],
          [
            120.59981,
            23.46326
          ],
          [
            120.59987,
            23.46328
          ],
          [
            120.59993,
            23.46331
          ],
          [
            120.59997,
            23.46333
          ],
          [
            120.60001,
            23.46336
          ],
          [
            120.60003,
            23.46338
          ],
          [
            120.60006,
            23.4634
          ],
          [
            120.60009,
            23.46343
          ],
          [
            120.60011,
            23.46347
          ],
          [
            120.60016,
            23.46353
          ],
          [
            120.60021,
            23.46358
          ],
          [
            120.60024,
            23.4636
          ],
          [
            120.60027,
            23.46361
          ],
          [
            120.60032,
            23.46363
          ],
          [
            120.60039,
            23.46364
          ],
          [
            120.60053,
            23.46366
          ],
          [
            120.60063,
            23.46367
          ],
          [
            120.60072,
            23.46369
          ],
          [
            120.6008,
            23.4637
          ],
          [
            120.60082,
            23.46371
          ],
          [
            120.60087,
            23.46373
          ],
          [
            120.60091,
            23.46376
          ],
          [
            120.60099,
            23.46381
          ],
          [
            120.60105,
            23.46384
          ],
          [
            120.60111,
            23.46387
          ],
          [
            120.60116,
            23.46388
          ],
          [
            120.6012,
            23.46389
          ],
          [
            120.60128,
            23.46389
          ],
          [
            120.60145,
            23.46387
          ],
          [
            120.60153,
            23.46386
          ],
          [
            120.60162,
            23.46384
          ],
          [
            120.60166,
            23.46383
          ],
          [
            120.6017,
            23.46382
          ],
          [
            120.60172,
            23.46382
          ],
          [
            120.60174,
            23.46382
          ],
          [
            120.60176,
            23.46383
          ],
          [
            120.60178,
            23.46384
          ],
          [
            120.60179,
            23.46384
          ],
          [
            120.60179,
            23.46385
          ],
          [
            120.6018,
            23.46386
          ],
          [
            120.6018,
            23.46387
          ],
          [
            120.6018,
            23.46389
          ],
          [
            120.6018,
            23.4639
          ],
          [
            120.6018,
            23.46392
          ],
          [
            120.60179,
            23.46395
          ],
          [
            120.60177,
            23.46398
          ],
          [
            120.60175,
            23.46402
          ],
          [
            120.60173,
            23.46405
          ],
          [
            120.60171,
            23.46408
          ],
          [
            120.60167,
            23.46413
          ],
          [
            120.60162,
            23.46418
          ],
          [
            120.60158,
            23.46424
          ],
          [
            120.60155,
            23.46429
          ],
          [
            120.60153,
            23.46432
          ],
          [
            120.60152,
            23.46435
          ],
          [
            120.60151,
            23.46437
          ],
          [
            120.60149,
            23.46444
          ],
          [
            120.60145,
            23.46453
          ],
          [
            120.60144,
            23.46459
          ],
          [
            120.60142,
            23.46463
          ],
          [
            120.60142,
            23.46465
          ],
          [
            120.60142,
            23.46467
          ],
          [
            120.60142,
            23.46468
          ],
          [
            120.60143,
            23.4647
          ],
          [
            120.60144,
            23.46471
          ],
          [
            120.60145,
            23.46471
          ],
          [
            120.60146,
            23.46471
          ],
          [
            120.60148,
            23.46471
          ],
          [
            120.6015,
            23.4647
          ],
          [
            120.60151,
            23.46469
          ],
          [
            120.60153,
            23.46468
          ],
          [
            120.60155,
            23.46466
          ],
          [
            120.60156,
            23.46464
          ],
          [
            120.60158,
            23.46462
          ],
          [
            120.60159,
            23.4646
          ],
          [
            120.6016,
            23.46457
          ],
          [
            120.60161,
            23.46455
          ],
          [
            120.60161,
            23.46451
          ],
          [
            120.60161,
            23.46447
          ],
          [
            120.60162,
            23.46442
          ],
          [
            120.60163,
            23.4644
          ],
          [
            120.60164,
            23.46438
          ],
          [
            120.60165,
            23.46436
          ],
          [
            120.60166,
            23.46434
          ],
          [
            120.60168,
            23.46432
          ],
          [
            120.60171,
            23.4643
          ],
          [
            120.60176,
            23.46426
          ],
          [
            120.60183,
            23.46422
          ],
          [
            120.60189,
            23.46417
          ],
          [
            120.60196,
            23.46412
          ],
          [
            120.602,
            23.46409
          ],
          [
            120.60203,
            23.46407
          ],
          [
            120.60205,
            23.46405
          ],
          [
            120.60207,
            23.46403
          ],
          [
            120.6021,
            23.464
          ],
          [
            120.60213,
            23.46396
          ],
          [
            120.60215,
            23.46394
          ],
          [
            120.60219,
            23.4639
          ],
          [
            120.60223,
            23.46387
          ],
          [
            120.60226,
            23.46385
          ],
          [
            120.60227,
            23.46384
          ],
          [
            120.6023,
            23.46382
          ],
          [
            120.60233,
            23.46381
          ],
          [
            120.60236,
            23.46379
          ],
          [
            120.6024,
            23.46376
          ],
          [
            120.60242,
            23.46375
          ],
          [
            120.60243,
            23.46374
          ],
          [
            120.60244,
            23.46373
          ],
          [
            120.60245,
            23.46372
          ],
          [
            120.60247,
            23.4637
          ],
          [
            120.60248,
            23.46369
          ],
          [
            120.60249,
            23.46367
          ],
          [
            120.60249,
            23.46366
          ],
          [
            120.6025,
            23.46365
          ],
          [
            120.6025,
            23.46363
          ],
          [
            120.60251,
            23.46362
          ],
          [
            120.60251,
            23.46361
          ],
          [
            120.60251,
            23.4636
          ],
          [
            120.60251,
            23.46359
          ],
          [
            120.6025,
            23.46358
          ],
          [
            120.60249,
            23.46357
          ],
          [
            120.60247,
            23.46356
          ],
          [
            120.60245,
            23.46355
          ],
          [
            120.60242,
            23.46354
          ],
          [
            120.60239,
            23.46354
          ],
          [
            120.60234,
            23.46353
          ],
          [
            120.60229,
            23.46353
          ],
          [
            120.60218,
            23.46353
          ],
          [
            120.6021,
            23.46354
          ],
          [
            120.60204,
            23.46354
          ],
          [
            120.602,
            23.46354
          ],
          [
            120.60196,
            23.46353
          ],
          [
            120.60193,
            23.46352
          ],
          [
            120.60191,
            23.46351
          ],
          [
            120.60186,
            23.4635
          ],
          [
            120.60179,
            23.46346
          ],
          [
            120.60175,
            23.46344
          ],
          [
            120.60163,
            23.4634
          ],
          [
            120.60158,
            23.46337
          ],
          [
            120.60157,
            23.46337
          ],
          [
            120.60155,
            23.46336
          ],
          [
            120.60154,
            23.46334
          ],
          [
            120.60153,
            23.46333
          ],
          [
            120.60152,
            23.46332
          ],
          [
            120.60152,
            23.46331
          ],
          [
            120.60152,
            23.4633
          ],
          [
            120.60152,
            23.46329
          ],
          [
            120.60152,
            23.46328
          ],
          [
            120.60153,
            23.46328
          ],
          [
            120.60154,
            23.46326
          ],
          [
            120.60155,
            23.46325
          ],
          [
            120.60156,
            23.46324
          ],
          [
            120.60159,
            23.46324
          ],
          [
            120.60161,
            23.46323
          ],
          [
            120.60164,
            23.46323
          ],
          [
            120.60166,
            23.46323
          ],
          [
            120.60172,
            23.46324
          ],
          [
            120.60177,
            23.46325
          ],
          [
            120.60182,
            23.46326
          ],
          [
            120.60186,
            23.46326
          ],
          [
            120.60189,
            23.46326
          ],
          [
            120.60191,
            23.46326
          ],
          [
            120.60194,
            23.46325
          ],
          [
            120.60195,
            23.46324
          ],
          [
            120.60197,
            23.46323
          ],
          [
            120.60199,
            23.46321
          ],
          [
            120.60201,
            23.46319
          ],
          [
            120.60203,
            23.46317
          ],
          [
            120.60205,
            23.46315
          ],
          [
            120.60206,
            23.46312
          ],
          [
            120.60207,
            23.46309
          ],
          [
            120.60209,
            23.46306
          ],
          [
            120.60211,
            23.463
          ],
          [
            120.60213,
            23.46295
          ],
          [
            120.60214,
            23.4629
          ],
          [
            120.60216,
            23.46286
          ],
          [
            120.60217,
            23.46281
          ],
          [
            120.60217,
            23.46278
          ],
          [
            120.60218,
            23.46275
          ],
          [
            120.60218,
            23.46272
          ],
          [
            120.60218,
            23.46269
          ],
          [
            120.60218,
            23.46266
          ],
          [
            120.60217,
            23.46265
          ],
          [
            120.60216,
            23.46262
          ],
          [
            120.60215,
            23.46259
          ],
          [
            120.60213,
            23.46257
          ],
          [
            120.60212,
            23.46255
          ],
          [
            120.6021,
            23.46252
          ],
          [
            120.60207,
            23.46246
          ],
          [
            120.60205,
            23.46242
          ],
          [
            120.60205,
            23.46241
          ],
          [
            120.60203,
            23.46237
          ],
          [
            120.602,
            23.46233
          ],
          [
            120.60197,
            23.46229
          ],
          [
            120.60194,
            23.46225
          ],
          [
            120.6019,
            23.46222
          ],
          [
            120.60187,
            23.46218
          ],
          [
            120.60184,
            23.46214
          ],
          [
            120.60182,
            23.46212
          ],
          [
            120.6018,
            23.46209
          ],
          [
            120.60177,
            23.46204
          ],
          [
            120.60174,
            23.46199
          ],
          [
            120.60173,
            23.46196
          ],
          [
            120.60172,
            23.46194
          ],
          [
            120.60171,
            23.46191
          ],
          [
            120.60171,
            23.46189
          ],
          [
            120.60171,
            23.46187
          ],
          [
            120.60171,
            23.46186
          ],
          [
            120.60172,
            23.46182
          ],
          [
            120.60173,
            23.46181
          ],
          [
            120.60175,
            23.46179
          ],
          [
            120.60178,
            23.46176
          ],
          [
            120.60181,
            23.46174
          ],
          [
            120.60186,
            23.46171
          ],
          [
            120.6019,
            23.46168
          ],
          [
            120.60194,
            23.46165
          ],
          [
            120.60198,
            23.46162
          ],
          [
            120.60203,
            23.46158
          ],
          [
            120.60208,
            23.46154
          ],
          [
            120.60211,
            23.46151
          ],
          [
            120.60215,
            23.46146
          ],
          [
            120.60218,
            23.46143
          ],
          [
            120.60219,
            23.46142
          ],
          [
            120.60221,
            23.46142
          ],
          [
            120.60223,
            23.46141
          ],
          [
            120.60225,
            23.46141
          ],
          [
            120.60226,
            23.46141
          ],
          [
            120.60227,
            23.46142
          ],
          [
            120.60228,
            23.46142
          ],
          [
            120.60229,
            23.46143
          ],
          [
            120.6023,
            23.46144
          ],
          [
            120.60231,
            23.46145
          ],
          [
            120.60231,
            23.46147
          ],
          [
            120.60231,
            23.46148
          ],
          [
            120.60232,
            23.46151
          ],
          [
            120.60232,
            23.46154
          ],
          [
            120.60232,
            23.46161
          ],
          [
            120.60231,
            23.46168
          ],
          [
            120.60231,
            23.46169
          ],
          [
            120.60231,
            23.46173
          ],
          [
            120.6023,
            23.46179
          ],
          [
            120.6023,
            23.46185
          ],
          [
            120.6023,
            23.46187
          ],
          [
            120.6023,
            23.46191
          ],
          [
            120.6023,
            23.46196
          ],
          [
            120.60231,
            23.46204
          ],
          [
            120.60234,
            23.46226
          ],
          [
            120.60236,
            23.46233
          ],
          [
            120.60237,
            23.46236
          ],
          [
            120.60238,
            23.46238
          ],
          [
            120.60239,
            23.46239
          ],
          [
            120.6024,
            23.46241
          ],
          [
            120.60241,
            23.46242
          ],
          [
            120.60243,
            23.46243
          ],
          [
            120.60245,
            23.46244
          ],
          [
            120.60247,
            23.46245
          ],
          [
            120.6025,
            23.46246
          ],
          [
            120.60254,
            23.46247
          ],
          [
            120.6026,
            23.46248
          ],
          [
            120.60271,
            23.46249
          ],
          [
            120.60276,
            23.4625
          ],
          [
            120.6028,
            23.46252
          ],
          [
            120.60281,
            23.46252
          ],
          [
            120.60283,
            23.46253
          ],
          [
            120.60285,
            23.46254
          ],
          [
            120.60286,
            23.46255
          ],
          [
            120.60288,
            23.46259
          ],
          [
            120.60291,
            23.46264
          ],
          [
            120.60295,
            23.46273
          ],
          [
            120.60306,
            23.46294
          ],
          [
            120.60307,
            23.46297
          ],
          [
            120.60312,
            23.46306
          ],
          [
            120.60314,
            23.46309
          ],
          [
            120.60314,
            23.4631
          ],
          [
            120.60316,
            23.46312
          ],
          [
            120.60318,
            23.46315
          ],
          [
            120.6032,
            23.46317
          ],
          [
            120.60322,
            23.46319
          ],
          [
            120.60326,
            23.46321
          ],
          [
            120.60328,
            23.46322
          ],
          [
            120.60331,
            23.46323
          ],
          [
            120.60334,
            23.46324
          ],
          [
            120.60338,
            23.46325
          ],
          [
            120.6034,
            23.46325
          ],
          [
            120.60342,
            23.46325
          ],
          [
            120.60344,
            23.46324
          ],
          [
            120.60346,
            23.46324
          ],
          [
            120.60347,
            23.46323
          ],
          [
            120.6035,
            23.46321
          ],
          [
            120.60352,
            23.46318
          ],
          [
            120.60356,
            23.46314
          ],
          [
            120.60359,
            23.4631
          ],
          [
            120.60362,
            23.46307
          ],
          [
            120.60365,
            23.46305
          ],
          [
            120.60368,
            23.46303
          ],
          [
            120.60369,
            23.46302
          ],
          [
            120.60372,
            23.46301
          ],
          [
            120.60375,
            23.46301
          ],
          [
            120.6038,
            23.46301
          ],
          [
            120.60386,
            23.46303
          ],
          [
            120.60389,
            23.46304
          ],
          [
            120.60394,
            23.46306
          ],
          [
            120.60395,
            23.46306
          ],
          [
            120.604,
            23.46308
          ],
          [
            120.60403,
            23.4631
          ],
          [
            120.60406,
            23.4631
          ],
          [
            120.60408,
            23.46311
          ],
          [
            120.6041,
            23.46311
          ],
          [
            120.60414,
            23.4631
          ],
          [
            120.60415,
            23.46309
          ],
          [
            120.60416,
            23.46307
          ],
          [
            120.60417,
            23.46306
          ],
          [
            120.60418,
            23.46304
          ],
          [
            120.60418,
            23.46302
          ],
          [
            120.60418,
            23.463
          ],
          [
            120.60417,
            23.46298
          ],
          [
            120.60416,
            23.46296
          ],
          [
            120.60414,
            23.46295
          ],
          [
            120.60413,
            23.46294
          ],
          [
            120.60412,
            23.46294
          ],
          [
            120.60407,
            23.46293
          ],
          [
            120.60399,
            23.46292
          ],
          [
            120.60397,
            23.46292
          ],
          [
            120.6039,
            23.46292
          ],
          [
            120.60384,
            23.46292
          ],
          [
            120.60376,
            23.46292
          ],
          [
            120.6037,
            23.46293
          ],
          [
            120.60363,
            23.46294
          ],
          [
            120.60358,
            23.46294
          ],
          [
            120.60355,
            23.46295
          ],
          [
            120.60352,
            23.46295
          ],
          [
            120.60349,
            23.46295
          ],
          [
            120.60347,
            23.46294
          ],
          [
            120.60344,
            23.46293
          ],
          [
            120.60342,
            23.46291
          ],
          [
            120.60341,
            23.4629
          ],
          [
            120.60339,
            23.46286
          ],
          [
            120.60336,
            23.46279
          ],
          [
            120.60334,
            23.46275
          ],
          [
            120.60334,
            23.46273
          ],
          [
            120.60332,
            23.46266
          ],
          [
            120.60331,
            23.46258
          ],
          [
            120.60329,
            23.46252
          ],
          [
            120.60328,
            23.46247
          ],
          [
            120.60327,
            23.46241
          ],
          [
            120.60324,
            23.46235
          ],
          [
            120.60319,
            23.46224
          ],
          [
            120.60315,
            23.46216
          ],
          [
            120.60313,
            23.4621
          ],
          [
            120.60312,
            23.46205
          ],
          [
            120.60311,
            23.46202
          ],
          [
            120.60311,
            23.462
          ],
          [
            120.60311,
            23.46196
          ],
          [
            120.60313,
            23.46189
          ],
          [
            120.60313,
            23.46187
          ],
          [
            120.60315,
            23.46177
          ],
          [
            120.60315,
            23.46169
          ],
          [
            120.60315,
            23.46168
          ],
          [
            120.60316,
            23.46163
          ],
          [
            120.60316,
            23.46159
          ],
          [
            120.60317,
            23.46156
          ],
          [
            120.60319,
            23.46152
          ],
          [
            120.60319,
            23.46151
          ],
          [
            120.60321,
            23.46148
          ],
          [
            120.60323,
            23.46146
          ],
          [
            120.60327,
            23.46143
          ],
          [
            120.60332,
            23.4614
          ],
          [
            120.60333,
            23.46139
          ],
          [
            120.60337,
            23.46137
          ],
          [
            120.6034,
            23.46135
          ],
          [
            120.60344,
            23.46132
          ],
          [
            120.60348,
            23.46128
          ],
          [
            120.60349,
            23.46128
          ],
          [
            120.60355,
            23.46121
          ],
          [
            120.60361,
            23.46114
          ],
          [
            120.60362,
            23.46113
          ],
          [
            120.60368,
            23.46104
          ],
          [
            120.60371,
            23.46099
          ],
          [
            120.60376,
            23.46092
          ],
          [
            120.60383,
            23.46084
          ],
          [
            120.60384,
            23.46083
          ],
          [
            120.6039,
            23.46076
          ],
          [
            120.60394,
            23.46071
          ],
          [
            120.60394,
            23.4607
          ],
          [
            120.60395,
            23.46068
          ],
          [
            120.60396,
            23.46066
          ],
          [
            120.60397,
            23.46063
          ],
          [
            120.60398,
            23.4606
          ],
          [
            120.60398,
            23.46057
          ],
          [
            120.60398,
            23.46054
          ],
          [
            120.60398,
            23.46052
          ],
          [
            120.60398,
            23.4605
          ],
          [
            120.60398,
            23.46046
          ],
          [
            120.60399,
            23.46042
          ],
          [
            120.60399,
            23.46039
          ],
          [
            120.604,
            23.46035
          ],
          [
            120.60402,
            23.46032
          ],
          [
            120.60404,
            23.46028
          ],
          [
            120.60408,
            23.46022
          ],
          [
            120.6041,
            23.46018
          ],
          [
            120.60415,
            23.46012
          ],
          [
            120.60422,
            23.46004
          ],
          [
            120.60427,
            23.45999
          ],
          [
            120.60434,
            23.45991
          ],
          [
            120.60439,
            23.45989
          ],
          [
            120.60441,
            23.45989
          ],
          [
            120.60444,
            23.45989
          ],
          [
            120.60446,
            23.4599
          ],
          [
            120.60449,
            23.45991
          ],
          [
            120.60452,
            23.45992
          ],
          [
            120.60453,
            23.45993
          ],
          [
            120.60454,
            23.45994
          ],
          [
            120.60458,
            23.45996
          ],
          [
            120.60463,
            23.46002
          ],
          [
            120.60465,
            23.46003
          ],
          [
            120.60465,
            23.46003
          ],
          [
            120.60469,
            23.46007
          ],
          [
            120.60478,
            23.46016
          ],
          [
            120.60481,
            23.46018
          ],
          [
            120.60486,
            23.46021
          ],
          [
            120.60489,
            23.46023
          ],
          [
            120.60494,
            23.46025
          ],
          [
            120.60498,
            23.46026
          ],
          [
            120.60502,
            23.46027
          ],
          [
            120.60505,
            23.46028
          ],
          [
            120.60512,
            23.46028
          ],
          [
            120.60519,
            23.46029
          ],
          [
            120.60525,
            23.4603
          ],
          [
            120.60527,
            23.46031
          ],
          [
            120.60529,
            23.46032
          ],
          [
            120.60532,
            23.46033
          ],
          [
            120.60535,
            23.46035
          ],
          [
            120.60538,
            23.46037
          ],
          [
            120.60542,
            23.4604
          ],
          [
            120.60547,
            23.46045
          ],
          [
            120.6055,
            23.4605
          ],
          [
            120.60555,
            23.46056
          ],
          [
            120.60558,
            23.46058
          ],
          [
            120.6056,
            23.46061
          ],
          [
            120.60562,
            23.46062
          ],
          [
            120.60564,
            23.46063
          ],
          [
            120.60565,
            23.46064
          ],
          [
            120.60567,
            23.46065
          ],
          [
            120.6057,
            23.46066
          ],
          [
            120.60574,
            23.46066
          ],
          [
            120.60579,
            23.46067
          ],
          [
            120.60582,
            23.46067
          ],
          [
            120.60585,
            23.46068
          ],
          [
            120.60588,
            23.46068
          ],
          [
            120.6059,
            23.46069
          ],
          [
            120.60593,
            23.46071
          ],
          [
            120.60595000000001,
            23.46073
          ],
          [
            120.60599,
            23.46077
          ],
          [
            120.60601,
            23.46079
          ],
          [
            120.60602,
            23.46082
          ],
          [
            120.60603,
            23.46084
          ],
          [
            120.60604,
            23.46086
          ],
          [
            120.60604,
            23.46089
          ],
          [
            120.60605,
            23.4609
          ],
          [
            120.60605,
            23.46092
          ],
          [
            120.60605,
            23.46094
          ],
          [
            120.60605,
            23.46097
          ],
          [
            120.60605,
            23.46104
          ],
          [
            120.60604,
            23.46108
          ],
          [
            120.60604,
            23.46119
          ],
          [
            120.60604,
            23.46125
          ],
          [
            120.60604,
            23.46127
          ],
          [
            120.60605,
            23.4613
          ],
          [
            120.60607,
            23.46133
          ],
          [
            120.60609,
            23.46135
          ],
          [
            120.6061,
            23.46137
          ],
          [
            120.60612,
            23.46138
          ],
          [
            120.60614,
            23.4614
          ],
          [
            120.60616,
            23.4614
          ],
          [
            120.60617,
            23.46141
          ],
          [
            120.60621,
            23.46142
          ],
          [
            120.60633,
            23.46145
          ],
          [
            120.6064,
            23.46148
          ],
          [
            120.60643,
            23.4615
          ],
          [
            120.60646,
            23.46152
          ],
          [
            120.60648,
            23.46154
          ],
          [
            120.6065,
            23.46156
          ],
          [
            120.60653,
            23.46163
          ],
          [
            120.60658,
            23.46174
          ],
          [
            120.60661,
            23.46179
          ],
          [
            120.60664,
            23.46182
          ],
          [
            120.60667,
            23.46186
          ],
          [
            120.6067,
            23.46189
          ],
          [
            120.60674,
            23.46193
          ],
          [
            120.60677,
            23.46196
          ],
          [
            120.60684,
            23.46201
          ],
          [
            120.60691,
            23.46206
          ],
          [
            120.60701,
            23.46212
          ],
          [
            120.60707,
            23.46216
          ],
          [
            120.60709,
            23.46217
          ],
          [
            120.60713,
            23.46219
          ],
          [
            120.60719,
            23.46221
          ],
          [
            120.60724,
            23.46224
          ],
          [
            120.60727,
            23.46225
          ],
          [
            120.60729,
            23.46226
          ],
          [
            120.60738,
            23.46228
          ],
          [
            120.60746,
            23.46229
          ],
          [
            120.60755,
            23.4623
          ],
          [
            120.60764,
            23.46231
          ],
          [
            120.60773,
            23.46233
          ],
          [
            120.60781,
            23.46235
          ],
          [
            120.60784,
            23.46236
          ],
          [
            120.60789,
            23.46237
          ],
          [
            120.60796,
            23.4624
          ],
          [
            120.60802,
            23.46243
          ],
          [
            120.60808,
            23.46246
          ],
          [
            120.60813,
            23.46249
          ],
          [
            120.60816,
            23.46252
          ],
          [
            120.60819,
            23.46256
          ],
          [
            120.60822,
            23.4626
          ],
          [
            120.60825,
            23.46265
          ],
          [
            120.60827,
            23.46269
          ],
          [
            120.6083,
            23.46273
          ],
          [
            120.60832,
            23.46277
          ],
          [
            120.60835,
            23.4628
          ],
          [
            120.60838,
            23.46283
          ],
          [
            120.60839,
            23.46283
          ],
          [
            120.60843,
            23.46286
          ],
          [
            120.60848,
            23.46289
          ],
          [
            120.60854,
            23.46291
          ],
          [
            120.6086,
            23.46293
          ],
          [
            120.60866,
            23.46294
          ],
          [
            120.60872,
            23.46295
          ],
          [
            120.60875,
            23.46294
          ],
          [
            120.60879,
            23.46294
          ],
          [
            120.60889,
            23.46293
          ],
          [
            120.60894,
            23.46292
          ],
          [
            120.60895,
            23.46292
          ],
          [
            120.60898,
            23.46291
          ],
          [
            120.60901,
            23.4629
          ],
          [
            120.60904,
            23.46288
          ],
          [
            120.60908,
            23.46286
          ],
          [
            120.60912,
            23.46281
          ],
          [
            120.60919,
            23.46274
          ],
          [
            120.60925,
            23.46269
          ],
          [
            120.60931,
            23.46264
          ],
          [
            120.60937,
            23.4626
          ],
          [
            120.60943,
            23.46257
          ],
          [
            120.60953,
            23.46253
          ],
          [
            120.60965,
            23.46248
          ],
          [
            120.60969,
            23.46247
          ],
          [
            120.60971,
            23.46245
          ],
          [
            120.60973,
            23.46244
          ],
          [
            120.60975,
            23.46243
          ],
          [
            120.6098,
            23.46239
          ],
          [
            120.60981,
            23.46239
          ],
          [
            120.60986,
            23.46235
          ],
          [
            120.6099,
            23.46233
          ],
          [
            120.60992,
            23.46232
          ],
          [
            120.60994,
            23.46231
          ],
          [
            120.60996,
            23.46231
          ],
          [
            120.60997,
            23.46231
          ],
          [
            120.61,
            23.46231
          ],
          [
            120.61004,
            23.46232
          ],
          [
            120.61011,
            23.46235
          ],
          [
            120.61018,
            23.46237
          ],
          [
            120.61023,
            23.46238
          ],
          [
            120.61029,
            23.46239
          ],
          [
            120.61037,
            23.4624
          ],
          [
            120.61051,
            23.46241
          ],
          [
            120.61066,
            23.46243
          ],
          [
            120.61076,
            23.46244
          ],
          [
            120.61081,
            23.46245
          ],
          [
            120.61088,
            23.46246
          ],
          [
            120.61094,
            23.46248
          ],
          [
            120.61101,
            23.4625
          ],
          [
            120.61106,
            23.46252
          ],
          [
            120.6111,
            23.46253
          ],
          [
            120.61112,
            23.46255
          ],
          [
            120.61115,
            23.46256
          ],
          [
            120.6112,
            23.46258
          ],
          [
            120.61122,
            23.46259
          ],
          [
            120.61124,
            23.4626
          ],
          [
            120.61128,
            23.4626
          ],
          [
            120.61131,
            23.46261
          ],
          [
            120.61132,
            23.4626
          ],
          [
            120.61134,
            23.4626
          ],
          [
            120.61137,
            23.46259
          ],
          [
            120.61139,
            23.46258
          ],
          [
            120.61141,
            23.46257
          ],
          [
            120.61145,
            23.46254
          ],
          [
            120.61148,
            23.46252
          ],
          [
            120.61149,
            23.46251
          ],
          [
            120.61155,
            23.46247
          ],
          [
            120.61162,
            23.46242
          ],
          [
            120.61163,
            23.46241
          ],
          [
            120.61168,
            23.46239
          ],
          [
            120.61173,
            23.46236
          ],
          [
            120.61179,
            23.46233
          ],
          [
            120.6118,
            23.46233
          ],
          [
            120.61185,
            23.4623
          ],
          [
            120.61194,
            23.46227
          ],
          [
            120.61198,
            23.46226
          ],
          [
            120.61199,
            23.46226
          ],
          [
            120.61201,
            23.46226
          ],
          [
            120.61204,
            23.46225
          ],
          [
            120.61207,
            23.46225
          ],
          [
            120.61209,
            23.46225
          ],
          [
            120.61211,
            23.46225
          ],
          [
            120.61212,
            23.46226
          ],
          [
            120.61213,
            23.46227
          ],
          [
            120.61214,
            23.46228
          ],
          [
            120.61215,
            23.4623
          ],
          [
            120.61215,
            23.46232
          ],
          [
            120.61215,
            23.46234
          ],
          [
            120.61215,
            23.46237
          ],
          [
            120.61214,
            23.46239
          ],
          [
            120.61214,
            23.46242
          ],
          [
            120.61212,
            23.46248
          ],
          [
            120.61211,
            23.4625
          ],
          [
            120.61208,
            23.46261
          ],
          [
            120.61208,
            23.46266
          ],
          [
            120.61207,
            23.46268
          ],
          [
            120.61207,
            23.4627
          ],
          [
            120.61208,
            23.46272
          ],
          [
            120.61209,
            23.46274
          ],
          [
            120.6121,
            23.46275
          ],
          [
            120.61211,
            23.46276
          ],
          [
            120.61212,
            23.46277
          ],
          [
            120.61214,
            23.46278
          ],
          [
            120.61217,
            23.46278
          ],
          [
            120.61218,
            23.46278
          ],
          [
            120.6122,
            23.46278
          ],
          [
            120.61224,
            23.46277
          ],
          [
            120.6123,
            23.46276
          ],
          [
            120.61237,
            23.46275
          ],
          [
            120.61244,
            23.46275
          ],
          [
            120.61249,
            23.46275
          ],
          [
            120.61254,
            23.46276
          ],
          [
            120.61257,
            23.46276
          ],
          [
            120.61266,
            23.46278
          ],
          [
            120.61276,
            23.4628
          ],
          [
            120.61279,
            23.46281
          ],
          [
            120.61295,
            23.46285
          ],
          [
            120.61302,
            23.46286
          ],
          [
            120.61308,
            23.46288
          ],
          [
            120.61313,
            23.46289
          ],
          [
            120.61314,
            23.46289
          ],
          [
            120.61317,
            23.46289
          ],
          [
            120.61321,
            23.4629
          ],
          [
            120.61327,
            23.46291
          ],
          [
            120.61332,
            23.46291
          ],
          [
            120.61333,
            23.46291
          ],
          [
            120.61337,
            23.46292
          ],
          [
            120.61339,
            23.46293
          ],
          [
            120.61342,
            23.46293
          ],
          [
            120.61344,
            23.46294
          ],
          [
            120.61346,
            23.46295
          ],
          [
            120.61347,
            23.46296
          ],
          [
            120.61349,
            23.46297
          ],
          [
            120.6135,
            23.46298
          ],
          [
            120.61351,
            23.46299
          ],
          [
            120.61351,
            23.463
          ],
          [
            120.61352,
            23.46302
          ],
          [
            120.61352,
            23.46303
          ],
          [
            120.61352,
            23.46306
          ],
          [
            120.61352,
            23.46307
          ],
          [
            120.61352,
            23.46309
          ],
          [
            120.61351,
            23.46312
          ],
          [
            120.61349,
            23.46332
          ],
          [
            120.61344,
            23.46358
          ],
          [
            120.61343,
            23.4637
          ],
          [
            120.61343,
            23.46371
          ],
          [
            120.61342,
            23.46375
          ],
          [
            120.61342,
            23.46377
          ],
          [
            120.61343,
            23.46379
          ],
          [
            120.61343,
            23.46381
          ],
          [
            120.61344,
            23.46383
          ],
          [
            120.61345,
            23.46386
          ],
          [
            120.61346,
            23.46388
          ],
          [
            120.6135,
            23.46393
          ],
          [
            120.61361,
            23.46406
          ],
          [
            120.61365,
            23.46412
          ],
          [
            120.61368,
            23.46417
          ],
          [
            120.61371,
            23.46421
          ],
          [
            120.61373,
            23.46425
          ],
          [
            120.61374,
            23.46429
          ],
          [
            120.61375,
            23.46435
          ],
          [
            120.61378,
            23.46451
          ],
          [
            120.61379,
            23.46452
          ],
          [
            120.61381,
            23.46462
          ],
          [
            120.61383,
            23.46471
          ],
          [
            120.61384,
            23.46478
          ],
          [
            120.61387,
            23.46488
          ],
          [
            120.6139,
            23.46495
          ],
          [
            120.61391,
            23.46502
          ],
          [
            120.61391,
            23.46502
          ],
          [
            120.61392,
            23.46506
          ],
          [
            120.61393,
            23.46509
          ],
          [
            120.61393,
            23.46512
          ],
          [
            120.61392,
            23.46514
          ],
          [
            120.61391,
            23.46516
          ],
          [
            120.6139,
            23.46519
          ],
          [
            120.61388,
            23.46522
          ],
          [
            120.61385,
            23.46525
          ],
          [
            120.61378,
            23.46534
          ],
          [
            120.61375,
            23.46538
          ],
          [
            120.61374,
            23.46541
          ],
          [
            120.61373,
            23.46544
          ],
          [
            120.61372,
            23.46548
          ],
          [
            120.61372,
            23.46551
          ],
          [
            120.61372,
            23.46552
          ],
          [
            120.61371,
            23.4656
          ],
          [
            120.61371,
            23.46574
          ],
          [
            120.61371,
            23.46583
          ],
          [
            120.61371,
            23.46593
          ],
          [
            120.61371,
            23.46598
          ],
          [
            120.6137,
            23.46602
          ],
          [
            120.61369,
            23.46604
          ],
          [
            120.61369,
            23.46605
          ],
          [
            120.61368,
            23.46608
          ],
          [
            120.61366,
            23.46613
          ],
          [
            120.61364,
            23.46617
          ],
          [
            120.61361,
            23.46621
          ],
          [
            120.6136,
            23.46622
          ],
          [
            120.61356,
            23.46625
          ],
          [
            120.61353,
            23.46627
          ],
          [
            120.61345,
            23.4663
          ],
          [
            120.61345,
            23.46631
          ],
          [
            120.6134,
            23.46633
          ],
          [
            120.61335,
            23.46635
          ],
          [
            120.61332,
            23.46637
          ],
          [
            120.61329,
            23.4664
          ],
          [
            120.61327,
            23.46642
          ],
          [
            120.61325,
            23.46645
          ],
          [
            120.61324,
            23.46648
          ],
          [
            120.61324,
            23.4665
          ],
          [
            120.61324,
            23.46653
          ],
          [
            120.61324,
            23.46655
          ],
          [
            120.61325,
            23.46658
          ],
          [
            120.61327,
            23.46661
          ],
          [
            120.61328,
            23.46665
          ],
          [
            120.61329,
            23.46667
          ],
          [
            120.6133,
            23.46671
          ],
          [
            120.61331,
            23.46674
          ],
          [
            120.61332,
            23.46678
          ],
          [
            120.61332,
            23.46682
          ],
          [
            120.61333,
            23.46687
          ],
          [
            120.61332,
            23.466919999999998
          ],
          [
            120.61332,
            23.46701
          ],
          [
            120.61331,
            23.4671
          ],
          [
            120.6133,
            23.46711
          ],
          [
            120.61327,
            23.4673
          ],
          [
            120.61326,
            23.46736
          ],
          [
            120.61326,
            23.46743
          ],
          [
            120.61326,
            23.46746
          ],
          [
            120.61326,
            23.46749
          ],
          [
            120.61326,
            23.46756
          ],
          [
            120.61327,
            23.46763
          ],
          [
            120.61329,
            23.46777
          ],
          [
            120.6133,
            23.46788
          ],
          [
            120.61331,
            23.46794
          ],
          [
            120.61332,
            23.46799
          ],
          [
            120.61332,
            23.46801
          ],
          [
            120.61334,
            23.46807
          ],
          [
            120.61335,
            23.46812
          ],
          [
            120.61336,
            23.46816
          ],
          [
            120.61338,
            23.46822
          ],
          [
            120.6134,
            23.46828
          ],
          [
            120.61342,
            23.46834
          ],
          [
            120.61344,
            23.46837
          ],
          [
            120.61347,
            23.46846
          ],
          [
            120.61349,
            23.46851
          ],
          [
            120.6135,
            23.46855
          ],
          [
            120.61352,
            23.46863
          ],
          [
            120.61353,
            23.46868
          ],
          [
            120.61354,
            23.46874
          ],
          [
            120.61355,
            23.46878
          ],
          [
            120.61356,
            23.46881
          ],
          [
            120.61358,
            23.46884
          ],
          [
            120.61359,
            23.46885
          ],
          [
            120.6136,
            23.46886
          ],
          [
            120.61361,
            23.46888
          ],
          [
            120.61363,
            23.46889
          ],
          [
            120.61366,
            23.46891
          ],
          [
            120.61371,
            23.46893
          ],
          [
            120.61375,
            23.46894
          ],
          [
            120.61378,
            23.46895
          ],
          [
            120.61384,
            23.46897
          ],
          [
            120.61387,
            23.46897
          ],
          [
            120.61391,
            23.46898
          ],
          [
            120.61393,
            23.46898
          ],
          [
            120.61394,
            23.46898
          ],
          [
            120.61395,
            23.46898
          ],
          [
            120.61398,
            23.46898
          ],
          [
            120.614,
            23.46897
          ],
          [
            120.61405,
            23.46896
          ],
          [
            120.61409,
            23.46895
          ],
          [
            120.61413,
            23.46893
          ],
          [
            120.61418,
            23.46892
          ],
          [
            120.61419,
            23.46891
          ],
          [
            120.61419,
            23.46891
          ],
          [
            120.61421,
            23.46891
          ],
          [
            120.61424,
            23.46891
          ],
          [
            120.61429,
            23.46891
          ],
          [
            120.61436,
            23.46891
          ],
          [
            120.61444,
            23.46891
          ],
          [
            120.61451,
            23.46891
          ],
          [
            120.61455,
            23.46892
          ],
          [
            120.61459,
            23.46892
          ],
          [
            120.61462,
            23.46893
          ],
          [
            120.61466,
            23.46895
          ],
          [
            120.6147,
            23.46896
          ],
          [
            120.6148,
            23.46901
          ],
          [
            120.61487,
            23.46905
          ],
          [
            120.61496,
            23.46909
          ],
          [
            120.61508,
            23.46916
          ],
          [
            120.61515,
            23.4692
          ],
          [
            120.61518,
            23.46923
          ],
          [
            120.61521,
            23.46925
          ],
          [
            120.61522,
            23.46927
          ],
          [
            120.61523,
            23.46928
          ],
          [
            120.61524,
            23.4693
          ],
          [
            120.61525,
            23.46932
          ],
          [
            120.61526,
            23.46933
          ],
          [
            120.61526,
            23.4694
          ],
          [
            120.61525,
            23.46942
          ],
          [
            120.61525,
            23.46944
          ],
          [
            120.61524,
            23.46946
          ],
          [
            120.61523,
            23.46949
          ],
          [
            120.61522,
            23.46952
          ],
          [
            120.61519,
            23.46956
          ],
          [
            120.61513,
            23.46965
          ],
          [
            120.61511,
            23.46968
          ],
          [
            120.61511,
            23.4697
          ],
          [
            120.6151,
            23.46972
          ],
          [
            120.61509,
            23.46975
          ],
          [
            120.61509,
            23.46978
          ],
          [
            120.61509,
            23.46984
          ],
          [
            120.61509,
            23.46986
          ],
          [
            120.61508,
            23.46994
          ],
          [
            120.61507,
            23.47002
          ],
          [
            120.61507,
            23.47003
          ],
          [
            120.61505,
            23.47009
          ],
          [
            120.61502,
            23.47015
          ],
          [
            120.615,
            23.47018
          ],
          [
            120.61498,
            23.47022
          ],
          [
            120.61494,
            23.47028
          ],
          [
            120.6149,
            23.47034
          ],
          [
            120.61489,
            23.47035
          ],
          [
            120.61483,
            23.47041
          ],
          [
            120.61477,
            23.47045
          ],
          [
            120.61476,
            23.47046
          ],
          [
            120.6147,
            23.4705
          ],
          [
            120.61467,
            23.47053
          ],
          [
            120.61463,
            23.47056
          ],
          [
            120.61461,
            23.470580000000002
          ],
          [
            120.61459,
            23.47059
          ],
          [
            120.61457,
            23.47062
          ],
          [
            120.61456,
            23.47065
          ],
          [
            120.61455,
            23.47068
          ],
          [
            120.61455,
            23.47072
          ],
          [
            120.61456,
            23.47074
          ],
          [
            120.61456,
            23.47076
          ],
          [
            120.61457,
            23.47079
          ],
          [
            120.61459,
            23.47083
          ],
          [
            120.61462,
            23.47088
          ],
          [
            120.61466,
            23.47092
          ],
          [
            120.61469,
            23.47095
          ],
          [
            120.61471,
            23.47096
          ],
          [
            120.61474,
            23.47097
          ],
          [
            120.61477,
            23.47098
          ],
          [
            120.61481,
            23.47098
          ],
          [
            120.61484,
            23.47098
          ],
          [
            120.61488,
            23.47098
          ],
          [
            120.61493,
            23.47096
          ],
          [
            120.615,
            23.47094
          ],
          [
            120.61506,
            23.47092
          ],
          [
            120.61511,
            23.4709
          ],
          [
            120.61516,
            23.4709
          ],
          [
            120.61522,
            23.47091
          ],
          [
            120.61527,
            23.47092
          ],
          [
            120.61531,
            23.47094
          ],
          [
            120.61534,
            23.47096
          ],
          [
            120.61536,
            23.47098
          ],
          [
            120.61536,
            23.47099
          ],
          [
            120.61538,
            23.47102
          ],
          [
            120.61541,
            23.47108
          ],
          [
            120.61546,
            23.47118
          ],
          [
            120.6155,
            23.47125
          ],
          [
            120.61553,
            23.47131
          ],
          [
            120.61554,
            23.47133
          ],
          [
            120.61559,
            23.47139
          ],
          [
            120.61561,
            23.47142
          ],
          [
            120.61564,
            23.47145
          ],
          [
            120.61565,
            23.47145
          ],
          [
            120.61569,
            23.47147
          ],
          [
            120.61572,
            23.47148
          ],
          [
            120.61574,
            23.47149
          ],
          [
            120.61577,
            23.47149
          ],
          [
            120.61579,
            23.47149
          ],
          [
            120.61583,
            23.47149
          ],
          [
            120.61588,
            23.47148
          ],
          [
            120.61594,
            23.47147
          ],
          [
            120.616,
            23.47145
          ],
          [
            120.61602,
            23.47145
          ],
          [
            120.61605,
            23.47144
          ],
          [
            120.6161,
            23.47143
          ],
          [
            120.61613,
            23.47143
          ],
          [
            120.61618,
            23.47143
          ],
          [
            120.61621,
            23.47144
          ],
          [
            120.61626,
            23.47146
          ],
          [
            120.61632,
            23.47149
          ],
          [
            120.61638,
            23.47153
          ],
          [
            120.61641,
            23.47155
          ],
          [
            120.61647,
            23.4716
          ],
          [
            120.61653,
            23.47162
          ],
          [
            120.61655,
            23.47162
          ],
          [
            120.61656,
            23.47162
          ],
          [
            120.6166,
            23.47163
          ],
          [
            120.61666,
            23.47162
          ],
          [
            120.61672,
            23.47161
          ],
          [
            120.61677,
            23.47159
          ],
          [
            120.61683,
            23.47156
          ],
          [
            120.61687,
            23.47154
          ],
          [
            120.61691,
            23.47151
          ],
          [
            120.61691,
            23.4715
          ],
          [
            120.61696,
            23.47146
          ],
          [
            120.61699,
            23.47142
          ],
          [
            120.61703,
            23.47136
          ],
          [
            120.61707,
            23.47131
          ],
          [
            120.61712,
            23.47125
          ],
          [
            120.61716,
            23.47121
          ],
          [
            120.6172,
            23.47118
          ],
          [
            120.61725,
            23.47116
          ],
          [
            120.61734,
            23.47112
          ],
          [
            120.6174,
            23.4711
          ],
          [
            120.61746,
            23.47108
          ],
          [
            120.6175,
            23.47107
          ],
          [
            120.61754,
            23.47107
          ],
          [
            120.61757,
            23.47107
          ],
          [
            120.61761,
            23.47107
          ],
          [
            120.61765,
            23.47108
          ],
          [
            120.61767,
            23.47108
          ],
          [
            120.61769,
            23.47109
          ],
          [
            120.61771,
            23.4711
          ],
          [
            120.61772,
            23.47111
          ],
          [
            120.61773,
            23.47113
          ],
          [
            120.61774,
            23.47114
          ],
          [
            120.61775,
            23.47116
          ],
          [
            120.61775,
            23.47117
          ],
          [
            120.61775,
            23.47118
          ],
          [
            120.61775,
            23.4712
          ],
          [
            120.61775,
            23.47121
          ],
          [
            120.61774,
            23.47122
          ],
          [
            120.61774,
            23.47124
          ],
          [
            120.61772,
            23.47126
          ],
          [
            120.6177,
            23.47129
          ],
          [
            120.61767,
            23.47131
          ],
          [
            120.61765,
            23.47134
          ],
          [
            120.61763,
            23.47139
          ],
          [
            120.6176,
            23.47145
          ],
          [
            120.61758,
            23.47152
          ],
          [
            120.61756,
            23.47158
          ],
          [
            120.61756,
            23.47164
          ],
          [
            120.61756,
            23.47167
          ],
          [
            120.61756,
            23.47171
          ],
          [
            120.61757,
            23.47175
          ],
          [
            120.61758,
            23.47178
          ],
          [
            120.6176,
            23.47181
          ],
          [
            120.61761,
            23.47184
          ],
          [
            120.61762,
            23.47184
          ],
          [
            120.61764,
            23.47187
          ],
          [
            120.61765,
            23.4719
          ],
          [
            120.61766,
            23.47193
          ],
          [
            120.61766,
            23.47194
          ],
          [
            120.61767,
            23.47195
          ],
          [
            120.61766,
            23.47197
          ],
          [
            120.61766,
            23.47198
          ],
          [
            120.61765,
            23.472
          ],
          [
            120.61764,
            23.47202
          ],
          [
            120.61763,
            23.47203
          ],
          [
            120.61762,
            23.47204
          ],
          [
            120.61759,
            23.47205
          ],
          [
            120.61757,
            23.47207
          ],
          [
            120.61754,
            23.47208
          ],
          [
            120.61749,
            23.47209
          ],
          [
            120.61745,
            23.4721
          ],
          [
            120.61741,
            23.47212
          ],
          [
            120.61739,
            23.47213
          ],
          [
            120.61738,
            23.47214
          ],
          [
            120.61737,
            23.47215
          ],
          [
            120.61736,
            23.47216
          ],
          [
            120.61735,
            23.47217
          ],
          [
            120.61735,
            23.47219
          ],
          [
            120.61735,
            23.4722
          ],
          [
            120.61735,
            23.47222
          ],
          [
            120.61735,
            23.47225
          ],
          [
            120.61736,
            23.47227
          ],
          [
            120.61737,
            23.47228
          ],
          [
            120.61739,
            23.4723
          ],
          [
            120.6174,
            23.47231
          ],
          [
            120.61742,
            23.47232
          ],
          [
            120.61745,
            23.47233
          ],
          [
            120.61749,
            23.47235
          ],
          [
            120.61753,
            23.47236
          ],
          [
            120.61756,
            23.47236
          ],
          [
            120.61759,
            23.47237
          ],
          [
            120.61761,
            23.47237
          ],
          [
            120.61764,
            23.47238
          ],
          [
            120.6177,
            23.47239
          ],
          [
            120.61774,
            23.47239
          ],
          [
            120.6178,
            23.47239
          ],
          [
            120.61782,
            23.47239
          ],
          [
            120.61793,
            23.47239
          ],
          [
            120.61798,
            23.47239
          ],
          [
            120.618,
            23.4724
          ],
          [
            120.61802,
            23.4724
          ],
          [
            120.61806,
            23.4724
          ],
          [
            120.6181,
            23.47241
          ],
          [
            120.61815,
            23.47243
          ],
          [
            120.61818,
            23.47244
          ],
          [
            120.61819,
            23.47244
          ],
          [
            120.61827,
            23.47247
          ],
          [
            120.61832,
            23.47249
          ],
          [
            120.61834,
            23.4725
          ],
          [
            120.61836,
            23.4725
          ],
          [
            120.61837,
            23.4725
          ],
          [
            120.61839,
            23.4725
          ],
          [
            120.61841,
            23.4725
          ],
          [
            120.61844,
            23.4725
          ],
          [
            120.61847,
            23.47249
          ],
          [
            120.61851,
            23.47248
          ],
          [
            120.61855,
            23.47247
          ],
          [
            120.6186,
            23.47247
          ],
          [
            120.61863,
            23.47247
          ],
          [
            120.61866,
            23.47248
          ],
          [
            120.61869,
            23.4725
          ],
          [
            120.61872,
            23.47252
          ],
          [
            120.61877,
            23.47256
          ],
          [
            120.61888,
            23.47266
          ],
          [
            120.61895,
            23.47273
          ],
          [
            120.61898,
            23.47276
          ],
          [
            120.619,
            23.47279
          ],
          [
            120.61901,
            23.47281
          ],
          [
            120.61902,
            23.47283
          ],
          [
            120.61902,
            23.47285
          ],
          [
            120.61902,
            23.47287
          ],
          [
            120.61901,
            23.47289
          ],
          [
            120.61899,
            23.47292
          ],
          [
            120.61897,
            23.47295
          ],
          [
            120.61896,
            23.47297
          ],
          [
            120.61895,
            23.47299
          ],
          [
            120.61895,
            23.47301
          ],
          [
            120.61894,
            23.47305
          ],
          [
            120.61895,
            23.47309
          ],
          [
            120.61895,
            23.47312
          ],
          [
            120.61896,
            23.47315
          ],
          [
            120.61897,
            23.47318
          ],
          [
            120.61898,
            23.4732
          ],
          [
            120.61899,
            23.47321
          ],
          [
            120.61902,
            23.47325
          ],
          [
            120.61904,
            23.47327
          ],
          [
            120.61909,
            23.47331
          ],
          [
            120.61914,
            23.47335
          ],
          [
            120.61921,
            23.4734
          ],
          [
            120.61926,
            23.47343
          ],
          [
            120.6193,
            23.47347
          ],
          [
            120.61939,
            23.47353
          ],
          [
            120.61943,
            23.47356
          ],
          [
            120.61947,
            23.47358
          ],
          [
            120.61952,
            23.47363
          ],
          [
            120.61955,
            23.47366
          ],
          [
            120.6196,
            23.47371
          ],
          [
            120.61968,
            23.47379
          ],
          [
            120.61972,
            23.47383
          ],
          [
            120.61977,
            23.47386
          ],
          [
            120.6198,
            23.47388
          ],
          [
            120.6198,
            23.47388
          ],
          [
            120.61981,
            23.47389
          ],
          [
            120.61984,
            23.47391
          ],
          [
            120.61991,
            23.47394
          ],
          [
            120.62016,
            23.47409
          ],
          [
            120.62029,
            23.47419
          ],
          [
            120.62035,
            23.47423
          ],
          [
            120.6204,
            23.47427
          ],
          [
            120.6205,
            23.47436
          ],
          [
            120.62056,
            23.47442
          ],
          [
            120.62061,
            23.47448
          ],
          [
            120.62065,
            23.47452
          ],
          [
            120.62069,
            23.47457
          ],
          [
            120.62072,
            23.47461
          ],
          [
            120.62074,
            23.47464
          ],
          [
            120.62076,
            23.4747
          ],
          [
            120.62078,
            23.47477
          ],
          [
            120.62078,
            23.47481
          ],
          [
            120.62077,
            23.47484
          ],
          [
            120.62076,
            23.47487
          ],
          [
            120.62076,
            23.47488
          ],
          [
            120.62074,
            23.47491
          ],
          [
            120.6207,
            23.47497
          ],
          [
            120.62065,
            23.47504
          ],
          [
            120.62054,
            23.47517
          ],
          [
            120.62046,
            23.47523
          ],
          [
            120.62045,
            23.47523
          ],
          [
            120.62034,
            23.47531
          ],
          [
            120.6203,
            23.47534
          ],
          [
            120.62029,
            23.47534
          ],
          [
            120.62023,
            23.47537
          ],
          [
            120.62017,
            23.47538
          ],
          [
            120.62017,
            23.47538
          ],
          [
            120.62017,
            23.47539
          ],
          [
            120.62006,
            23.47541
          ],
          [
            120.62,
            23.47542
          ],
          [
            120.61995,
            23.47544
          ],
          [
            120.61992,
            23.47545
          ],
          [
            120.61989,
            23.47546
          ],
          [
            120.61987,
            23.47548
          ],
          [
            120.61985,
            23.47549
          ],
          [
            120.61982,
            23.47551
          ],
          [
            120.61978,
            23.47555
          ],
          [
            120.61977,
            23.47556
          ],
          [
            120.6197,
            23.47562
          ],
          [
            120.61962,
            23.47568
          ],
          [
            120.61957,
            23.47573
          ],
          [
            120.6195,
            23.47579
          ],
          [
            120.61949,
            23.47581
          ],
          [
            120.61947,
            23.47584
          ],
          [
            120.61945,
            23.47586
          ],
          [
            120.61945,
            23.47588
          ],
          [
            120.61944,
            23.4759
          ],
          [
            120.61944,
            23.47591
          ],
          [
            120.61944,
            23.47593
          ],
          [
            120.61945,
            23.47595
          ],
          [
            120.61946,
            23.47597
          ],
          [
            120.61947,
            23.47599
          ],
          [
            120.61948,
            23.47601
          ],
          [
            120.61949,
            23.47603
          ],
          [
            120.61951,
            23.47605
          ],
          [
            120.61953,
            23.47607
          ],
          [
            120.61955,
            23.47609
          ],
          [
            120.61959,
            23.4761
          ],
          [
            120.61964,
            23.47612
          ],
          [
            120.61967,
            23.47613
          ],
          [
            120.61971,
            23.47612
          ],
          [
            120.61975,
            23.47611
          ],
          [
            120.61978,
            23.47611
          ],
          [
            120.61979,
            23.4761
          ],
          [
            120.61983,
            23.4761
          ],
          [
            120.61987,
            23.4761
          ],
          [
            120.61992,
            23.4761
          ],
          [
            120.62001,
            23.47611
          ],
          [
            120.62011,
            23.47612
          ],
          [
            120.62021,
            23.47614
          ],
          [
            120.62032,
            23.47619
          ],
          [
            120.62035,
            23.4762
          ],
          [
            120.62042,
            23.47623
          ],
          [
            120.62051,
            23.4763
          ],
          [
            120.62053,
            23.47631
          ],
          [
            120.62057,
            23.47635
          ],
          [
            120.62072,
            23.47654
          ],
          [
            120.62072,
            23.47654
          ],
          [
            120.62074,
            23.47656
          ],
          [
            120.62093,
            23.47679
          ],
          [
            120.62099,
            23.47686
          ],
          [
            120.62101,
            23.47689
          ],
          [
            120.62104,
            23.47694
          ],
          [
            120.62107,
            23.47701
          ],
          [
            120.62111,
            23.47707
          ],
          [
            120.6212,
            23.47723
          ],
          [
            120.62129,
            23.47734
          ],
          [
            120.62139,
            23.47746
          ],
          [
            120.6214,
            23.47747
          ],
          [
            120.62151,
            23.47762
          ],
          [
            120.62159,
            23.47772
          ],
          [
            120.62166,
            23.47781
          ],
          [
            120.62171,
            23.47787
          ],
          [
            120.62174,
            23.47791
          ],
          [
            120.62175,
            23.47793
          ],
          [
            120.6218,
            23.478
          ],
          [
            120.62184,
            23.47806
          ],
          [
            120.62184,
            23.47807
          ],
          [
            120.62189,
            23.47812
          ],
          [
            120.62192,
            23.47818
          ],
          [
            120.62193,
            23.47822
          ],
          [
            120.62194,
            23.47826
          ],
          [
            120.62193,
            23.47828
          ],
          [
            120.62191,
            23.47835
          ],
          [
            120.62189,
            23.4784
          ],
          [
            120.62188,
            23.47841
          ],
          [
            120.62183,
            23.4785
          ],
          [
            120.62179,
            23.47855
          ],
          [
            120.62178,
            23.47858
          ],
          [
            120.62174,
            23.47865
          ],
          [
            120.62173,
            23.47872
          ],
          [
            120.62172,
            23.47875
          ],
          [
            120.62171,
            23.47881
          ],
          [
            120.6217,
            23.47883
          ],
          [
            120.62169,
            23.47885
          ],
          [
            120.62166,
            23.47888
          ],
          [
            120.62163,
            23.4789
          ],
          [
            120.62159,
            23.47892
          ],
          [
            120.62154,
            23.47893
          ],
          [
            120.62148,
            23.47894
          ],
          [
            120.62142,
            23.47895
          ],
          [
            120.62136,
            23.47897
          ],
          [
            120.62131,
            23.47897
          ],
          [
            120.62128,
            23.47899
          ],
          [
            120.62126,
            23.479
          ],
          [
            120.62119,
            23.47907
          ],
          [
            120.62118,
            23.47909
          ],
          [
            120.62118,
            23.47911
          ],
          [
            120.62118,
            23.47913
          ],
          [
            120.62118,
            23.47915
          ],
          [
            120.6212,
            23.47918
          ],
          [
            120.62123,
            23.47921
          ],
          [
            120.62127,
            23.47925
          ],
          [
            120.62129,
            23.47928
          ],
          [
            120.62129,
            23.47929
          ],
          [
            120.6213,
            23.4793
          ],
          [
            120.62131,
            23.47932
          ],
          [
            120.62131,
            23.47934
          ],
          [
            120.6213,
            23.47936
          ],
          [
            120.6213,
            23.47938
          ],
          [
            120.62129,
            23.47942
          ],
          [
            120.62127,
            23.47945
          ],
          [
            120.62124,
            23.47949
          ],
          [
            120.62121,
            23.47952
          ],
          [
            120.62119,
            23.47953
          ],
          [
            120.62115,
            23.47957
          ],
          [
            120.62112,
            23.47963
          ],
          [
            120.62108,
            23.47969
          ],
          [
            120.62106,
            23.47972
          ],
          [
            120.62105,
            23.47975
          ],
          [
            120.62104,
            23.4798
          ],
          [
            120.62105,
            23.47985
          ],
          [
            120.62106,
            23.4799
          ],
          [
            120.62108,
            23.47994
          ],
          [
            120.62111,
            23.48
          ],
          [
            120.62113,
            23.48005
          ],
          [
            120.62115,
            23.48009
          ],
          [
            120.62117,
            23.48017
          ],
          [
            120.62117,
            23.48017
          ],
          [
            120.62118,
            23.48027
          ],
          [
            120.62124,
            23.48043
          ],
          [
            120.62133,
            23.48063
          ],
          [
            120.6214,
            23.48073
          ],
          [
            120.62143,
            23.48076
          ],
          [
            120.6215,
            23.48082
          ],
          [
            120.62154,
            23.48085
          ],
          [
            120.62157,
            23.48088
          ],
          [
            120.6216,
            23.48091
          ],
          [
            120.62161,
            23.48094
          ],
          [
            120.62162,
            23.48098
          ],
          [
            120.62161,
            23.48101
          ],
          [
            120.6216,
            23.48103
          ],
          [
            120.6216,
            23.48105
          ],
          [
            120.62159,
            23.48106
          ],
          [
            120.62159,
            23.48111
          ],
          [
            120.62158,
            23.48115
          ],
          [
            120.62158,
            23.48118
          ],
          [
            120.62158,
            23.48122
          ],
          [
            120.62158,
            23.48123
          ],
          [
            120.62158,
            23.48127
          ],
          [
            120.62159,
            23.48132
          ],
          [
            120.62159,
            23.48135
          ],
          [
            120.62161,
            23.48141
          ],
          [
            120.62164,
            23.48149
          ],
          [
            120.62167,
            23.48156
          ],
          [
            120.62169,
            23.48158
          ],
          [
            120.6217,
            23.4816
          ],
          [
            120.62172,
            23.48162
          ],
          [
            120.62174,
            23.48164
          ],
          [
            120.62176,
            23.48165
          ],
          [
            120.62178,
            23.48167
          ],
          [
            120.62182,
            23.48169
          ],
          [
            120.62183,
            23.48169
          ],
          [
            120.62184,
            23.4817
          ],
          [
            120.62188,
            23.48172
          ],
          [
            120.62192,
            23.48173
          ],
          [
            120.62196,
            23.48173
          ],
          [
            120.62198,
            23.48173
          ],
          [
            120.62201,
            23.48173
          ],
          [
            120.62203,
            23.48173
          ],
          [
            120.62206,
            23.48173
          ],
          [
            120.62211,
            23.48173
          ],
          [
            120.62216,
            23.48173
          ],
          [
            120.62219,
            23.48172
          ],
          [
            120.62221,
            23.48171
          ],
          [
            120.62224,
            23.4817
          ],
          [
            120.62227,
            23.4817
          ],
          [
            120.62231,
            23.4817
          ],
          [
            120.62234,
            23.4817
          ],
          [
            120.62236,
            23.4817
          ],
          [
            120.62239,
            23.48171
          ],
          [
            120.6224,
            23.48171
          ],
          [
            120.62244,
            23.48173
          ],
          [
            120.62255,
            23.48182
          ],
          [
            120.62259,
            23.48185
          ],
          [
            120.62271,
            23.48193
          ],
          [
            120.62274,
            23.48194
          ],
          [
            120.62288,
            23.48201
          ],
          [
            120.62289,
            23.48202
          ],
          [
            120.62297,
            23.48206
          ],
          [
            120.62305,
            23.48211
          ],
          [
            120.62321,
            23.48217
          ],
          [
            120.62332,
            23.48222
          ],
          [
            120.62339,
            23.48228
          ],
          [
            120.62343,
            23.48231
          ],
          [
            120.62351,
            23.48242
          ],
          [
            120.62358,
            23.48255
          ],
          [
            120.62359,
            23.48258
          ],
          [
            120.62368,
            23.4828
          ],
          [
            120.62372,
            23.48296
          ],
          [
            120.62373,
            23.48303
          ],
          [
            120.62373,
            23.48308
          ],
          [
            120.62372,
            23.48311
          ],
          [
            120.62372,
            23.48316
          ],
          [
            120.62372,
            23.48321
          ],
          [
            120.62372,
            23.48322
          ],
          [
            120.62372,
            23.48322
          ],
          [
            120.62372,
            23.48326
          ],
          [
            120.62372,
            23.4833
          ],
          [
            120.62372,
            23.48333
          ],
          [
            120.62373,
            23.48336
          ],
          [
            120.62377,
            23.48343
          ],
          [
            120.62384,
            23.48352
          ],
          [
            120.62395,
            23.48363
          ],
          [
            120.62403,
            23.48366
          ],
          [
            120.62413,
            23.4837
          ],
          [
            120.62424,
            23.48372
          ],
          [
            120.62433,
            23.48373
          ],
          [
            120.62435,
            23.48373
          ],
          [
            120.6245,
            23.48372
          ],
          [
            120.62452,
            23.48372
          ],
          [
            120.62464,
            23.48372
          ],
          [
            120.62472,
            23.48372
          ],
          [
            120.62475,
            23.48373
          ],
          [
            120.62483,
            23.48371
          ],
          [
            120.62489,
            23.4837
          ],
          [
            120.62496,
            23.48369
          ],
          [
            120.62501,
            23.48367
          ],
          [
            120.62504,
            23.48366
          ],
          [
            120.62506,
            23.48365
          ],
          [
            120.62509,
            23.48363
          ],
          [
            120.62511,
            23.4836
          ],
          [
            120.62512,
            23.48359
          ],
          [
            120.62513,
            23.48358
          ],
          [
            120.62513,
            23.48357
          ],
          [
            120.62513,
            23.48357
          ],
          [
            120.62514,
            23.48355
          ],
          [
            120.62514,
            23.48352
          ],
          [
            120.62514,
            23.48349
          ],
          [
            120.62513,
            23.48347
          ],
          [
            120.62513,
            23.48346
          ],
          [
            120.62512,
            23.48344
          ],
          [
            120.6251,
            23.48341
          ],
          [
            120.62509,
            23.48338
          ],
          [
            120.62509,
            23.48336
          ],
          [
            120.62508,
            23.48333
          ],
          [
            120.62507,
            23.4833
          ],
          [
            120.62507,
            23.48329
          ],
          [
            120.62506,
            23.48327
          ],
          [
            120.62506,
            23.48325
          ],
          [
            120.62506,
            23.48322
          ],
          [
            120.62505,
            23.4832
          ],
          [
            120.62506,
            23.48318
          ],
          [
            120.62506,
            23.48316
          ],
          [
            120.62507,
            23.48314
          ],
          [
            120.62508,
            23.48312
          ],
          [
            120.62514,
            23.48304
          ],
          [
            120.62519,
            23.48298
          ],
          [
            120.6252,
            23.48298
          ],
          [
            120.6253,
            23.48288
          ],
          [
            120.62537,
            23.48277
          ],
          [
            120.6254,
            23.48273
          ],
          [
            120.62543,
            23.48269
          ],
          [
            120.62547,
            23.48264
          ],
          [
            120.62554,
            23.48259
          ],
          [
            120.62556,
            23.48258
          ],
          [
            120.62573,
            23.4825
          ],
          [
            120.62579,
            23.48247
          ],
          [
            120.62587,
            23.48243
          ],
          [
            120.62588,
            23.48242
          ],
          [
            120.62595,
            23.48239
          ],
          [
            120.62598,
            23.48237
          ],
          [
            120.62601,
            23.48234
          ],
          [
            120.62603,
            23.48231
          ],
          [
            120.62605,
            23.48229
          ],
          [
            120.62605,
            23.48226
          ],
          [
            120.62605,
            23.48224
          ],
          [
            120.62604,
            23.48219
          ],
          [
            120.62604,
            23.48217
          ],
          [
            120.62603,
            23.48215
          ],
          [
            120.62602,
            23.48214
          ],
          [
            120.62602,
            23.48213
          ],
          [
            120.626,
            23.48211
          ],
          [
            120.62598,
            23.48209
          ],
          [
            120.62596,
            23.48207
          ],
          [
            120.62593,
            23.48205
          ],
          [
            120.62588,
            23.48201
          ],
          [
            120.62583,
            23.48195
          ],
          [
            120.62583,
            23.48195
          ],
          [
            120.62582,
            23.48195
          ],
          [
            120.62576,
            23.48187
          ],
          [
            120.62572,
            23.4818
          ],
          [
            120.6257,
            23.48176
          ],
          [
            120.62568,
            23.48172
          ],
          [
            120.62568,
            23.48169
          ],
          [
            120.62567,
            23.48167
          ],
          [
            120.62567,
            23.48166
          ],
          [
            120.62568,
            23.48163
          ],
          [
            120.62568,
            23.4816
          ],
          [
            120.6257,
            23.48154
          ],
          [
            120.62572,
            23.4815
          ],
          [
            120.62579,
            23.48133
          ],
          [
            120.62583,
            23.48125
          ],
          [
            120.6259,
            23.48108
          ],
          [
            120.62599,
            23.48094
          ],
          [
            120.62604,
            23.48083
          ],
          [
            120.62607,
            23.48077
          ],
          [
            120.6261,
            23.48074
          ],
          [
            120.62613,
            23.48071
          ],
          [
            120.62615,
            23.48068
          ],
          [
            120.62619,
            23.48067
          ],
          [
            120.62623,
            23.48065
          ],
          [
            120.62626,
            23.48064
          ],
          [
            120.62629,
            23.48063
          ],
          [
            120.62633,
            23.48062
          ],
          [
            120.62635,
            23.4806
          ],
          [
            120.62639,
            23.48059
          ],
          [
            120.62641,
            23.48057
          ],
          [
            120.62643,
            23.48056
          ],
          [
            120.62646,
            23.48054
          ],
          [
            120.62648,
            23.48052
          ],
          [
            120.6265,
            23.4805
          ],
          [
            120.62651,
            23.48048
          ],
          [
            120.62651,
            23.48047
          ],
          [
            120.62651,
            23.48045
          ],
          [
            120.62651,
            23.48043
          ],
          [
            120.62651,
            23.48042
          ],
          [
            120.62651,
            23.48039
          ],
          [
            120.6265,
            23.48038
          ],
          [
            120.62648,
            23.48036
          ],
          [
            120.62648,
            23.48035
          ],
          [
            120.62644,
            23.48031
          ],
          [
            120.62638,
            23.48025
          ],
          [
            120.62627,
            23.48015
          ],
          [
            120.62607,
            23.47997
          ],
          [
            120.62598,
            23.47989
          ],
          [
            120.62593,
            23.47984
          ],
          [
            120.62583,
            23.47973
          ],
          [
            120.6257,
            23.47955
          ],
          [
            120.62569,
            23.47954
          ],
          [
            120.62566,
            23.47949
          ],
          [
            120.62564,
            23.47945
          ],
          [
            120.62563,
            23.4794
          ],
          [
            120.62563,
            23.47939
          ],
          [
            120.6256,
            23.47917
          ],
          [
            120.62558,
            23.47894
          ],
          [
            120.62558,
            23.47882
          ],
          [
            120.62557,
            23.47864
          ],
          [
            120.62557,
            23.47846
          ],
          [
            120.62557,
            23.47828
          ],
          [
            120.62553,
            23.4781
          ],
          [
            120.62545,
            23.47794
          ],
          [
            120.62537,
            23.47774
          ],
          [
            120.62537,
            23.47769
          ],
          [
            120.62537,
            23.47769
          ],
          [
            120.62537,
            23.47768
          ],
          [
            120.62537,
            23.47767
          ],
          [
            120.62538,
            23.47761
          ],
          [
            120.6254,
            23.47755
          ],
          [
            120.62544,
            23.47748
          ],
          [
            120.6255,
            23.47739
          ],
          [
            120.62554,
            23.47736
          ],
          [
            120.62557,
            23.47732
          ],
          [
            120.62568,
            23.47724
          ],
          [
            120.62573,
            23.47721
          ],
          [
            120.62587,
            23.47709
          ],
          [
            120.62602,
            23.47697
          ],
          [
            120.62621,
            23.47677
          ],
          [
            120.62643,
            23.47658
          ],
          [
            120.62646,
            23.47655
          ],
          [
            120.62659,
            23.47648
          ],
          [
            120.62664,
            23.47646
          ],
          [
            120.6268,
            23.47631
          ],
          [
            120.62686,
            23.47626
          ],
          [
            120.62701,
            23.4761
          ],
          [
            120.62722,
            23.47582
          ],
          [
            120.62723,
            23.4758
          ],
          [
            120.62725,
            23.47578
          ]
        ]
      }
    },
    {
      "type": "Feature",
      "properties": {
        "feature_type": "route",
        "ref": "7317",
        "name": "7317（半天岩）",
        "name_en": "7317 (半天岩)",
        "color": "#dc2626",
        "direction": 1
      },
      "geometry": {
        "type": "LineString",
        "coordinates": [
          [
            120.62725,
            23.47579
          ],
          [
            120.62723,
            23.4758
          ],
          [
            120.62722,
            23.47582
          ],
          [
            120.62701,
            23.4761
          ],
          [
            120.62686,
            23.47626
          ],
          [
            120.6268,
            23.47631
          ],
          [
            120.62664,
            23.47646
          ],
          [
            120.62659,
            23.47648
          ],
          [
            120.62646,
            23.47655
          ],
          [
            120.62643,
            23.47658
          ],
          [
            120.62621,
            23.47677
          ],
          [
            120.62602,
            23.47697
          ],
          [
            120.62587,
            23.47709
          ],
          [
            120.62573,
            23.47721
          ],
          [
            120.62568,
            23.47724
          ],
          [
            120.62557,
            23.47732
          ],
          [
            120.62554,
            23.47736
          ],
          [
            120.6255,
            23.47739
          ],
          [
            120.62544,
            23.47748
          ],
          [
            120.6254,
            23.47755
          ],
          [
            120.62538,
            23.47761
          ],
          [
            120.62537,
            23.47767
          ],
          [
            120.62537,
            23.47768
          ],
          [
            120.62537,
            23.47774
          ],
          [
            120.62545,
            23.47794
          ],
          [
            120.62549,
            23.47801
          ],
          [
            120.62549,
            23.47801
          ],
          [
            120.62553,
            23.4781
          ],
          [
            120.62557,
            23.47828
          ],
          [
            120.62557,
            23.47846
          ],
          [
            120.62557,
            23.47864
          ],
          [
            120.62558,
            23.47882
          ],
          [
            120.62558,
            23.47894
          ],
          [
            120.6256,
            23.47917
          ],
          [
            120.62563,
            23.47939
          ],
          [
            120.62563,
            23.4794
          ],
          [
            120.62564,
            23.47945
          ],
          [
            120.62566,
            23.47949
          ],
          [
            120.62569,
            23.47954
          ],
          [
            120.6257,
            23.47955
          ],
          [
            120.62583,
            23.47973
          ],
          [
            120.62593,
            23.47984
          ],
          [
            120.62598,
            23.47989
          ],
          [
            120.62607,
            23.47997
          ],
          [
            120.62627,
            23.48015
          ],
          [
            120.62638,
            23.48025
          ],
          [
            120.62644,
            23.48031
          ],
          [
            120.62648,
            23.48035
          ],
          [
            120.62648,
            23.48036
          ],
          [
            120.6265,
            23.48038
          ],
          [
            120.62651,
            23.48039
          ],
          [
            120.62651,
            23.48042
          ],
          [
            120.62651,
            23.48043
          ],
          [
            120.62651,
            23.48045
          ],
          [
            120.62651,
            23.48047
          ],
          [
            120.62651,
            23.48048
          ],
          [
            120.6265,
            23.4805
          ],
          [
            120.62648,
            23.48052
          ],
          [
            120.62646,
            23.48054
          ],
          [
            120.62643,
            23.48056
          ],
          [
            120.62641,
            23.48057
          ],
          [
            120.62639,
            23.48059
          ],
          [
            120.62635,
            23.4806
          ],
          [
            120.62633,
            23.48062
          ],
          [
            120.62629,
            23.48063
          ],
          [
            120.62626,
            23.48064
          ],
          [
            120.62623,
            23.48065
          ],
          [
            120.62619,
            23.48067
          ],
          [
            120.62615,
            23.48068
          ],
          [
            120.62613,
            23.48071
          ],
          [
            120.6261,
            23.48074
          ],
          [
            120.62607,
            23.48077
          ],
          [
            120.62604,
            23.48083
          ],
          [
            120.62599,
            23.48094
          ],
          [
            120.6259,
            23.48108
          ],
          [
            120.62583,
            23.48125
          ],
          [
            120.62579,
            23.48133
          ],
          [
            120.62572,
            23.4815
          ],
          [
            120.6257,
            23.48154
          ],
          [
            120.62568,
            23.4816
          ],
          [
            120.62568,
            23.48163
          ],
          [
            120.62567,
            23.48166
          ],
          [
            120.62567,
            23.48167
          ],
          [
            120.62568,
            23.48169
          ],
          [
            120.62568,
            23.48172
          ],
          [
            120.6257,
            23.48176
          ],
          [
            120.62572,
            23.4818
          ],
          [
            120.62576,
            23.48187
          ],
          [
            120.62582,
            23.48195
          ],
          [
            120.62582,
            23.48195
          ],
          [
            120.62588,
            23.48201
          ],
          [
            120.62593,
            23.48205
          ],
          [
            120.62596,
            23.48207
          ],
          [
            120.62598,
            23.48209
          ],
          [
            120.626,
            23.48211
          ],
          [
            120.62602,
            23.48213
          ],
          [
            120.62602,
            23.48214
          ],
          [
            120.62603,
            23.48215
          ],
          [
            120.62604,
            23.48217
          ],
          [
            120.62604,
            23.48219
          ],
          [
            120.62605,
            23.48224
          ],
          [
            120.62605,
            23.48226
          ],
          [
            120.62605,
            23.48229
          ],
          [
            120.62603,
            23.48231
          ],
          [
            120.62601,
            23.48234
          ],
          [
            120.62598,
            23.48237
          ],
          [
            120.62595,
            23.48239
          ],
          [
            120.62588,
            23.48242
          ],
          [
            120.62587,
            23.48243
          ],
          [
            120.62579,
            23.48247
          ],
          [
            120.62573,
            23.4825
          ],
          [
            120.62556,
            23.48258
          ],
          [
            120.62554,
            23.48259
          ],
          [
            120.62547,
            23.48264
          ],
          [
            120.62543,
            23.48269
          ],
          [
            120.6254,
            23.48273
          ],
          [
            120.62537,
            23.48277
          ],
          [
            120.6253,
            23.48288
          ],
          [
            120.6252,
            23.48298
          ],
          [
            120.62519,
            23.48298
          ],
          [
            120.62514,
            23.48304
          ],
          [
            120.62508,
            23.48312
          ],
          [
            120.62507,
            23.48314
          ],
          [
            120.62506,
            23.48316
          ],
          [
            120.62506,
            23.48318
          ],
          [
            120.62505,
            23.4832
          ],
          [
            120.62506,
            23.48322
          ],
          [
            120.62506,
            23.48325
          ],
          [
            120.62506,
            23.48327
          ],
          [
            120.62507,
            23.48329
          ],
          [
            120.62507,
            23.4833
          ],
          [
            120.62508,
            23.48333
          ],
          [
            120.62509,
            23.48336
          ],
          [
            120.62509,
            23.48338
          ],
          [
            120.6251,
            23.48341
          ],
          [
            120.62512,
            23.48344
          ],
          [
            120.62513,
            23.48346
          ],
          [
            120.62513,
            23.48347
          ],
          [
            120.62514,
            23.48349
          ],
          [
            120.62514,
            23.48352
          ],
          [
            120.62514,
            23.48355
          ],
          [
            120.62513,
            23.48358
          ],
          [
            120.62512,
            23.48359
          ],
          [
            120.62512,
            23.4836
          ],
          [
            120.62512,
            23.4836
          ],
          [
            120.62511,
            23.4836
          ],
          [
            120.62509,
            23.48363
          ],
          [
            120.62506,
            23.48365
          ],
          [
            120.62504,
            23.48366
          ],
          [
            120.62501,
            23.48367
          ],
          [
            120.62496,
            23.48369
          ],
          [
            120.62489,
            23.4837
          ],
          [
            120.62483,
            23.48371
          ],
          [
            120.62475,
            23.48373
          ],
          [
            120.62472,
            23.48372
          ],
          [
            120.62464,
            23.48372
          ],
          [
            120.62452,
            23.48372
          ],
          [
            120.6245,
            23.48372
          ],
          [
            120.62435,
            23.48373
          ],
          [
            120.62433,
            23.48373
          ],
          [
            120.62424,
            23.48372
          ],
          [
            120.62413,
            23.4837
          ],
          [
            120.62403,
            23.48366
          ],
          [
            120.62395,
            23.48363
          ],
          [
            120.62384,
            23.48352
          ],
          [
            120.62377,
            23.48343
          ],
          [
            120.62373,
            23.48336
          ],
          [
            120.62372,
            23.48333
          ],
          [
            120.62372,
            23.4833
          ],
          [
            120.62372,
            23.48326
          ],
          [
            120.62372,
            23.48326
          ],
          [
            120.62372,
            23.48321
          ],
          [
            120.62372,
            23.48316
          ],
          [
            120.62372,
            23.48311
          ],
          [
            120.62373,
            23.48308
          ],
          [
            120.62373,
            23.48303
          ],
          [
            120.62372,
            23.48296
          ],
          [
            120.62368,
            23.4828
          ],
          [
            120.62359,
            23.48258
          ],
          [
            120.62358,
            23.48255
          ],
          [
            120.62351,
            23.48242
          ],
          [
            120.62343,
            23.48231
          ],
          [
            120.62339,
            23.48228
          ],
          [
            120.62332,
            23.48222
          ],
          [
            120.62321,
            23.48217
          ],
          [
            120.62305,
            23.48211
          ],
          [
            120.62297,
            23.48206
          ],
          [
            120.62289,
            23.48202
          ],
          [
            120.62288,
            23.48201
          ],
          [
            120.62274,
            23.48194
          ],
          [
            120.62271,
            23.48193
          ],
          [
            120.62259,
            23.48185
          ],
          [
            120.62255,
            23.48182
          ],
          [
            120.62244,
            23.48173
          ],
          [
            120.6224,
            23.48171
          ],
          [
            120.62239,
            23.48171
          ],
          [
            120.62236,
            23.4817
          ],
          [
            120.62234,
            23.4817
          ],
          [
            120.62231,
            23.4817
          ],
          [
            120.62227,
            23.4817
          ],
          [
            120.62224,
            23.4817
          ],
          [
            120.62221,
            23.48171
          ],
          [
            120.62219,
            23.48172
          ],
          [
            120.62216,
            23.48173
          ],
          [
            120.62211,
            23.48173
          ],
          [
            120.62206,
            23.48173
          ],
          [
            120.62203,
            23.48173
          ],
          [
            120.62201,
            23.48173
          ],
          [
            120.62198,
            23.48173
          ],
          [
            120.62196,
            23.48173
          ],
          [
            120.62192,
            23.48173
          ],
          [
            120.62188,
            23.48172
          ],
          [
            120.62184,
            23.4817
          ],
          [
            120.62183,
            23.48169
          ],
          [
            120.62182,
            23.48169
          ],
          [
            120.62178,
            23.48167
          ],
          [
            120.62176,
            23.48165
          ],
          [
            120.62174,
            23.48164
          ],
          [
            120.62172,
            23.48162
          ],
          [
            120.6217,
            23.4816
          ],
          [
            120.62169,
            23.48158
          ],
          [
            120.62167,
            23.48156
          ],
          [
            120.62164,
            23.48149
          ],
          [
            120.62161,
            23.48141
          ],
          [
            120.62159,
            23.48135
          ],
          [
            120.62159,
            23.48132
          ],
          [
            120.62158,
            23.48127
          ],
          [
            120.62158,
            23.48123
          ],
          [
            120.62158,
            23.48122
          ],
          [
            120.62158,
            23.48118
          ],
          [
            120.62158,
            23.48115
          ],
          [
            120.62159,
            23.48111
          ],
          [
            120.62159,
            23.48106
          ],
          [
            120.6216,
            23.48105
          ],
          [
            120.6216,
            23.48103
          ],
          [
            120.62161,
            23.48101
          ],
          [
            120.62162,
            23.48098
          ],
          [
            120.62161,
            23.48094
          ],
          [
            120.6216,
            23.48091
          ],
          [
            120.62157,
            23.48088
          ],
          [
            120.62154,
            23.48085
          ],
          [
            120.6215,
            23.48082
          ],
          [
            120.62143,
            23.48076
          ],
          [
            120.6214,
            23.48073
          ],
          [
            120.62133,
            23.48063
          ],
          [
            120.62124,
            23.48043
          ],
          [
            120.62118,
            23.48027
          ],
          [
            120.62117,
            23.48022
          ],
          [
            120.62117,
            23.48022
          ],
          [
            120.62117,
            23.48017
          ],
          [
            120.62115,
            23.48009
          ],
          [
            120.62113,
            23.48005
          ],
          [
            120.62111,
            23.48
          ],
          [
            120.62108,
            23.47994
          ],
          [
            120.62106,
            23.4799
          ],
          [
            120.62105,
            23.47985
          ],
          [
            120.62104,
            23.4798
          ],
          [
            120.62105,
            23.47975
          ],
          [
            120.62106,
            23.47972
          ],
          [
            120.62108,
            23.47969
          ],
          [
            120.62112,
            23.47963
          ],
          [
            120.62115,
            23.47957
          ],
          [
            120.62119,
            23.47953
          ],
          [
            120.62121,
            23.47952
          ],
          [
            120.62124,
            23.47949
          ],
          [
            120.62127,
            23.47945
          ],
          [
            120.62129,
            23.47942
          ],
          [
            120.6213,
            23.47938
          ],
          [
            120.6213,
            23.47936
          ],
          [
            120.62131,
            23.47934
          ],
          [
            120.62131,
            23.47932
          ],
          [
            120.6213,
            23.4793
          ],
          [
            120.62129,
            23.47929
          ],
          [
            120.62129,
            23.47928
          ],
          [
            120.62127,
            23.47925
          ],
          [
            120.62123,
            23.47921
          ],
          [
            120.6212,
            23.47918
          ],
          [
            120.62118,
            23.47915
          ],
          [
            120.62118,
            23.47913
          ],
          [
            120.62118,
            23.47911
          ],
          [
            120.62118,
            23.47909
          ],
          [
            120.62119,
            23.47907
          ],
          [
            120.62126,
            23.479
          ],
          [
            120.62128,
            23.47899
          ],
          [
            120.62131,
            23.47897
          ],
          [
            120.62136,
            23.47897
          ],
          [
            120.62142,
            23.47895
          ],
          [
            120.62148,
            23.47894
          ],
          [
            120.62154,
            23.47893
          ],
          [
            120.62159,
            23.47892
          ],
          [
            120.62163,
            23.4789
          ],
          [
            120.62166,
            23.47888
          ],
          [
            120.62169,
            23.47885
          ],
          [
            120.6217,
            23.47883
          ],
          [
            120.62171,
            23.47881
          ],
          [
            120.62172,
            23.47875
          ],
          [
            120.62173,
            23.47872
          ],
          [
            120.62174,
            23.47865
          ],
          [
            120.62178,
            23.47858
          ],
          [
            120.62179,
            23.47855
          ],
          [
            120.62183,
            23.4785
          ],
          [
            120.62188,
            23.47841
          ],
          [
            120.62189,
            23.4784
          ],
          [
            120.62191,
            23.47835
          ],
          [
            120.62193,
            23.47828
          ],
          [
            120.62194,
            23.47826
          ],
          [
            120.62193,
            23.47822
          ],
          [
            120.62192,
            23.47818
          ],
          [
            120.62189,
            23.47812
          ],
          [
            120.62184,
            23.47807
          ],
          [
            120.62184,
            23.47806
          ],
          [
            120.6218,
            23.478
          ],
          [
            120.62175,
            23.47793
          ],
          [
            120.62174,
            23.47791
          ],
          [
            120.62171,
            23.47787
          ],
          [
            120.62166,
            23.47781
          ],
          [
            120.62159,
            23.47772
          ],
          [
            120.62151,
            23.47762
          ],
          [
            120.6214,
            23.47747
          ],
          [
            120.62139,
            23.47746
          ],
          [
            120.62129,
            23.47734
          ],
          [
            120.6212,
            23.47723
          ],
          [
            120.62111,
            23.47707
          ],
          [
            120.62107,
            23.47701
          ],
          [
            120.62104,
            23.47694
          ],
          [
            120.62101,
            23.47689
          ],
          [
            120.62099,
            23.47686
          ],
          [
            120.62093,
            23.47679
          ],
          [
            120.62074,
            23.47656
          ],
          [
            120.6207,
            23.47652
          ],
          [
            120.6207,
            23.47652
          ],
          [
            120.62057,
            23.47635
          ],
          [
            120.62053,
            23.47631
          ],
          [
            120.62051,
            23.4763
          ],
          [
            120.62042,
            23.47623
          ],
          [
            120.62035,
            23.4762
          ],
          [
            120.62032,
            23.47619
          ],
          [
            120.62021,
            23.47614
          ],
          [
            120.62011,
            23.47612
          ],
          [
            120.62001,
            23.47611
          ],
          [
            120.61992,
            23.4761
          ],
          [
            120.61987,
            23.4761
          ],
          [
            120.61983,
            23.4761
          ],
          [
            120.61979,
            23.4761
          ],
          [
            120.61978,
            23.47611
          ],
          [
            120.61975,
            23.47611
          ],
          [
            120.61971,
            23.47612
          ],
          [
            120.61967,
            23.47613
          ],
          [
            120.61964,
            23.47612
          ],
          [
            120.61959,
            23.4761
          ],
          [
            120.61955,
            23.47609
          ],
          [
            120.61953,
            23.47607
          ],
          [
            120.61951,
            23.47605
          ],
          [
            120.61949,
            23.47603
          ],
          [
            120.61948,
            23.47601
          ],
          [
            120.61947,
            23.47599
          ],
          [
            120.61946,
            23.47597
          ],
          [
            120.61945,
            23.47595
          ],
          [
            120.61944,
            23.47593
          ],
          [
            120.61944,
            23.47591
          ],
          [
            120.61944,
            23.4759
          ],
          [
            120.61945,
            23.47588
          ],
          [
            120.61945,
            23.47586
          ],
          [
            120.61947,
            23.47584
          ],
          [
            120.61949,
            23.47581
          ],
          [
            120.6195,
            23.47579
          ],
          [
            120.61957,
            23.47573
          ],
          [
            120.61962,
            23.47568
          ],
          [
            120.6197,
            23.47562
          ],
          [
            120.61977,
            23.47556
          ],
          [
            120.61978,
            23.47555
          ],
          [
            120.61982,
            23.47551
          ],
          [
            120.61985,
            23.47549
          ],
          [
            120.61987,
            23.47548
          ],
          [
            120.61989,
            23.47546
          ],
          [
            120.61992,
            23.47545
          ],
          [
            120.61995,
            23.47544
          ],
          [
            120.62,
            23.47542
          ],
          [
            120.62006,
            23.47541
          ],
          [
            120.62017,
            23.47539
          ],
          [
            120.62019,
            23.47538
          ],
          [
            120.62019,
            23.47538
          ],
          [
            120.62023,
            23.47537
          ],
          [
            120.62029,
            23.47534
          ],
          [
            120.6203,
            23.47534
          ],
          [
            120.62034,
            23.47531
          ],
          [
            120.62045,
            23.47523
          ],
          [
            120.62046,
            23.47523
          ],
          [
            120.62054,
            23.47517
          ],
          [
            120.62065,
            23.47504
          ],
          [
            120.6207,
            23.47497
          ],
          [
            120.62074,
            23.47491
          ],
          [
            120.62076,
            23.47488
          ],
          [
            120.62076,
            23.47487
          ],
          [
            120.62077,
            23.47484
          ],
          [
            120.62078,
            23.47481
          ],
          [
            120.62078,
            23.47477
          ],
          [
            120.62076,
            23.4747
          ],
          [
            120.62074,
            23.47464
          ],
          [
            120.62072,
            23.47461
          ],
          [
            120.62069,
            23.47457
          ],
          [
            120.62065,
            23.47452
          ],
          [
            120.62061,
            23.47448
          ],
          [
            120.62056,
            23.47442
          ],
          [
            120.6205,
            23.47436
          ],
          [
            120.6204,
            23.47427
          ],
          [
            120.62035,
            23.47423
          ],
          [
            120.62029,
            23.47419
          ],
          [
            120.62016,
            23.47409
          ],
          [
            120.61991,
            23.47394
          ],
          [
            120.61984,
            23.47391
          ],
          [
            120.61981,
            23.47389
          ],
          [
            120.61978,
            23.47387
          ],
          [
            120.61978,
            23.47387
          ],
          [
            120.61977,
            23.47386
          ],
          [
            120.61972,
            23.47383
          ],
          [
            120.61968,
            23.47379
          ],
          [
            120.6196,
            23.47371
          ],
          [
            120.61955,
            23.47366
          ],
          [
            120.61952,
            23.47363
          ],
          [
            120.61947,
            23.47358
          ],
          [
            120.61943,
            23.47356
          ],
          [
            120.61939,
            23.47353
          ],
          [
            120.6193,
            23.47347
          ],
          [
            120.61926,
            23.47343
          ],
          [
            120.61921,
            23.4734
          ],
          [
            120.61914,
            23.47335
          ],
          [
            120.61909,
            23.47331
          ],
          [
            120.61904,
            23.47327
          ],
          [
            120.61902,
            23.47325
          ],
          [
            120.61899,
            23.47321
          ],
          [
            120.61898,
            23.4732
          ],
          [
            120.61897,
            23.47318
          ],
          [
            120.61896,
            23.47315
          ],
          [
            120.61895,
            23.47312
          ],
          [
            120.61895,
            23.47309
          ],
          [
            120.61894,
            23.47305
          ],
          [
            120.61895,
            23.47301
          ],
          [
            120.61895,
            23.47299
          ],
          [
            120.61896,
            23.47297
          ],
          [
            120.61897,
            23.47295
          ],
          [
            120.61899,
            23.47292
          ],
          [
            120.61901,
            23.47289
          ],
          [
            120.61902,
            23.47287
          ],
          [
            120.61902,
            23.47285
          ],
          [
            120.61902,
            23.47283
          ],
          [
            120.61901,
            23.47281
          ],
          [
            120.619,
            23.47279
          ],
          [
            120.61898,
            23.47276
          ],
          [
            120.61895,
            23.47273
          ],
          [
            120.61888,
            23.47266
          ],
          [
            120.61877,
            23.47256
          ],
          [
            120.61872,
            23.47252
          ],
          [
            120.61869,
            23.4725
          ],
          [
            120.61866,
            23.47248
          ],
          [
            120.61863,
            23.47247
          ],
          [
            120.6186,
            23.47247
          ],
          [
            120.61855,
            23.47247
          ],
          [
            120.61851,
            23.47248
          ],
          [
            120.61847,
            23.47249
          ],
          [
            120.61844,
            23.4725
          ],
          [
            120.61841,
            23.4725
          ],
          [
            120.61839,
            23.4725
          ],
          [
            120.61837,
            23.4725
          ],
          [
            120.61836,
            23.4725
          ],
          [
            120.61834,
            23.4725
          ],
          [
            120.61832,
            23.47249
          ],
          [
            120.61827,
            23.47247
          ],
          [
            120.61819,
            23.47244
          ],
          [
            120.61818,
            23.47244
          ],
          [
            120.61815,
            23.47243
          ],
          [
            120.6181,
            23.47241
          ],
          [
            120.61806,
            23.4724
          ],
          [
            120.61802,
            23.4724
          ],
          [
            120.618,
            23.4724
          ],
          [
            120.61798,
            23.47239
          ],
          [
            120.61793,
            23.47239
          ],
          [
            120.61782,
            23.47239
          ],
          [
            120.6178,
            23.47239
          ],
          [
            120.61774,
            23.47239
          ],
          [
            120.6177,
            23.47239
          ],
          [
            120.61764,
            23.47238
          ],
          [
            120.61761,
            23.47237
          ],
          [
            120.61759,
            23.47237
          ],
          [
            120.61756,
            23.47236
          ],
          [
            120.61753,
            23.47236
          ],
          [
            120.61749,
            23.47235
          ],
          [
            120.61745,
            23.47233
          ],
          [
            120.61742,
            23.47232
          ],
          [
            120.6174,
            23.47231
          ],
          [
            120.61739,
            23.4723
          ],
          [
            120.61737,
            23.47228
          ],
          [
            120.61736,
            23.47227
          ],
          [
            120.61735,
            23.47225
          ],
          [
            120.61735,
            23.47222
          ],
          [
            120.61735,
            23.4722
          ],
          [
            120.61735,
            23.47219
          ],
          [
            120.61735,
            23.47217
          ],
          [
            120.61736,
            23.47216
          ],
          [
            120.61737,
            23.47215
          ],
          [
            120.61738,
            23.47214
          ],
          [
            120.61739,
            23.47213
          ],
          [
            120.61741,
            23.47212
          ],
          [
            120.61745,
            23.4721
          ],
          [
            120.61749,
            23.47209
          ],
          [
            120.61754,
            23.47208
          ],
          [
            120.61757,
            23.47207
          ],
          [
            120.61759,
            23.47205
          ],
          [
            120.61762,
            23.47204
          ],
          [
            120.61763,
            23.47203
          ],
          [
            120.61764,
            23.47202
          ],
          [
            120.61765,
            23.472
          ],
          [
            120.61766,
            23.47198
          ],
          [
            120.61766,
            23.47197
          ],
          [
            120.61767,
            23.47195
          ],
          [
            120.61766,
            23.47194
          ],
          [
            120.61766,
            23.47193
          ],
          [
            120.61765,
            23.4719
          ],
          [
            120.61764,
            23.47187
          ],
          [
            120.61762,
            23.47184
          ],
          [
            120.61761,
            23.47184
          ],
          [
            120.6176,
            23.47181
          ],
          [
            120.61758,
            23.47178
          ],
          [
            120.61757,
            23.47175
          ],
          [
            120.61756,
            23.47171
          ],
          [
            120.61756,
            23.47167
          ],
          [
            120.61756,
            23.47164
          ],
          [
            120.61756,
            23.47158
          ],
          [
            120.61758,
            23.47152
          ],
          [
            120.6176,
            23.47145
          ],
          [
            120.61763,
            23.47139
          ],
          [
            120.61765,
            23.47134
          ],
          [
            120.61767,
            23.47131
          ],
          [
            120.6177,
            23.47129
          ],
          [
            120.61772,
            23.47126
          ],
          [
            120.61774,
            23.47124
          ],
          [
            120.61774,
            23.47122
          ],
          [
            120.61775,
            23.47121
          ],
          [
            120.61775,
            23.4712
          ],
          [
            120.61775,
            23.47118
          ],
          [
            120.61775,
            23.47117
          ],
          [
            120.61775,
            23.47116
          ],
          [
            120.61774,
            23.47114
          ],
          [
            120.61773,
            23.47113
          ],
          [
            120.61772,
            23.47111
          ],
          [
            120.61771,
            23.4711
          ],
          [
            120.61769,
            23.47109
          ],
          [
            120.61767,
            23.47108
          ],
          [
            120.61765,
            23.47108
          ],
          [
            120.61761,
            23.47107
          ],
          [
            120.61757,
            23.47107
          ],
          [
            120.61754,
            23.47107
          ],
          [
            120.6175,
            23.47107
          ],
          [
            120.61746,
            23.47108
          ],
          [
            120.6174,
            23.4711
          ],
          [
            120.61734,
            23.47112
          ],
          [
            120.61725,
            23.47116
          ],
          [
            120.6172,
            23.47118
          ],
          [
            120.61716,
            23.47121
          ],
          [
            120.61712,
            23.47125
          ],
          [
            120.61707,
            23.47131
          ],
          [
            120.61703,
            23.47136
          ],
          [
            120.61699,
            23.47142
          ],
          [
            120.61696,
            23.47146
          ],
          [
            120.61691,
            23.4715
          ],
          [
            120.61691,
            23.47151
          ],
          [
            120.61687,
            23.47154
          ],
          [
            120.61683,
            23.47156
          ],
          [
            120.61677,
            23.47159
          ],
          [
            120.61672,
            23.47161
          ],
          [
            120.61666,
            23.47162
          ],
          [
            120.6166,
            23.47163
          ],
          [
            120.61656,
            23.47162
          ],
          [
            120.61655,
            23.47162
          ],
          [
            120.61653,
            23.47162
          ],
          [
            120.61647,
            23.4716
          ],
          [
            120.61641,
            23.47155
          ],
          [
            120.61638,
            23.47153
          ],
          [
            120.61632,
            23.47149
          ],
          [
            120.61626,
            23.47146
          ],
          [
            120.61621,
            23.47144
          ],
          [
            120.61618,
            23.47143
          ],
          [
            120.61613,
            23.47143
          ],
          [
            120.6161,
            23.47143
          ],
          [
            120.61605,
            23.47144
          ],
          [
            120.61602,
            23.47145
          ],
          [
            120.616,
            23.47145
          ],
          [
            120.61594,
            23.47147
          ],
          [
            120.61588,
            23.47148
          ],
          [
            120.61583,
            23.47149
          ],
          [
            120.61579,
            23.47149
          ],
          [
            120.61577,
            23.47149
          ],
          [
            120.61574,
            23.47149
          ],
          [
            120.61572,
            23.47148
          ],
          [
            120.61569,
            23.47147
          ],
          [
            120.61565,
            23.47145
          ],
          [
            120.61564,
            23.47145
          ],
          [
            120.61561,
            23.47142
          ],
          [
            120.61559,
            23.47139
          ],
          [
            120.61554,
            23.47133
          ],
          [
            120.61553,
            23.47131
          ],
          [
            120.6155,
            23.47125
          ],
          [
            120.61546,
            23.47118
          ],
          [
            120.61541,
            23.47108
          ],
          [
            120.61538,
            23.47102
          ],
          [
            120.61536,
            23.47099
          ],
          [
            120.61536,
            23.47098
          ],
          [
            120.61534,
            23.47096
          ],
          [
            120.61531,
            23.47094
          ],
          [
            120.61527,
            23.47092
          ],
          [
            120.61522,
            23.47091
          ],
          [
            120.61516,
            23.4709
          ],
          [
            120.61511,
            23.4709
          ],
          [
            120.61506,
            23.47092
          ],
          [
            120.615,
            23.47094
          ],
          [
            120.61493,
            23.47096
          ],
          [
            120.61488,
            23.47098
          ],
          [
            120.61484,
            23.47098
          ],
          [
            120.61481,
            23.47098
          ],
          [
            120.61477,
            23.47098
          ],
          [
            120.61474,
            23.47097
          ],
          [
            120.61471,
            23.47096
          ],
          [
            120.61469,
            23.47095
          ],
          [
            120.61466,
            23.47092
          ],
          [
            120.61462,
            23.47088
          ],
          [
            120.61459,
            23.47083
          ],
          [
            120.61457,
            23.47079
          ],
          [
            120.61456,
            23.47076
          ],
          [
            120.61456,
            23.47074
          ],
          [
            120.61455,
            23.47072
          ],
          [
            120.61455,
            23.47068
          ],
          [
            120.61456,
            23.47065
          ],
          [
            120.61457,
            23.47062
          ],
          [
            120.61459,
            23.47059
          ],
          [
            120.61461,
            23.470580000000002
          ],
          [
            120.61463,
            23.47056
          ],
          [
            120.61467,
            23.47053
          ],
          [
            120.6147,
            23.4705
          ],
          [
            120.61476,
            23.47046
          ],
          [
            120.61477,
            23.47045
          ],
          [
            120.61483,
            23.47041
          ],
          [
            120.61489,
            23.47035
          ],
          [
            120.6149,
            23.47034
          ],
          [
            120.61494,
            23.47028
          ],
          [
            120.61498,
            23.47022
          ],
          [
            120.615,
            23.47018
          ],
          [
            120.61502,
            23.47015
          ],
          [
            120.61505,
            23.47009
          ],
          [
            120.61507,
            23.47003
          ],
          [
            120.61507,
            23.47002
          ],
          [
            120.61508,
            23.46994
          ],
          [
            120.61509,
            23.46986
          ],
          [
            120.61509,
            23.46984
          ],
          [
            120.61509,
            23.46978
          ],
          [
            120.61509,
            23.46975
          ],
          [
            120.6151,
            23.46972
          ],
          [
            120.61511,
            23.4697
          ],
          [
            120.61511,
            23.46968
          ],
          [
            120.61513,
            23.46965
          ],
          [
            120.61519,
            23.46956
          ],
          [
            120.61522,
            23.46952
          ],
          [
            120.61523,
            23.46949
          ],
          [
            120.61524,
            23.46946
          ],
          [
            120.61525,
            23.46944
          ],
          [
            120.61525,
            23.46942
          ],
          [
            120.61526,
            23.4694
          ],
          [
            120.61526,
            23.46933
          ],
          [
            120.61525,
            23.46932
          ],
          [
            120.61524,
            23.4693
          ],
          [
            120.61523,
            23.46928
          ],
          [
            120.61522,
            23.46927
          ],
          [
            120.61521,
            23.46925
          ],
          [
            120.61518,
            23.46923
          ],
          [
            120.61515,
            23.4692
          ],
          [
            120.61508,
            23.46916
          ],
          [
            120.61496,
            23.46909
          ],
          [
            120.61487,
            23.46905
          ],
          [
            120.6148,
            23.46901
          ],
          [
            120.6147,
            23.46896
          ],
          [
            120.61466,
            23.46895
          ],
          [
            120.61462,
            23.46893
          ],
          [
            120.61459,
            23.46892
          ],
          [
            120.61455,
            23.46892
          ],
          [
            120.61451,
            23.46891
          ],
          [
            120.61444,
            23.46891
          ],
          [
            120.61436,
            23.46891
          ],
          [
            120.61429,
            23.46891
          ],
          [
            120.61424,
            23.46891
          ],
          [
            120.61421,
            23.46891
          ],
          [
            120.61419,
            23.46891
          ],
          [
            120.61419,
            23.46891
          ],
          [
            120.61418,
            23.46892
          ],
          [
            120.61413,
            23.46893
          ],
          [
            120.61409,
            23.46895
          ],
          [
            120.61405,
            23.46896
          ],
          [
            120.614,
            23.46897
          ],
          [
            120.61398,
            23.46898
          ],
          [
            120.61395,
            23.46898
          ],
          [
            120.61394,
            23.46898
          ],
          [
            120.61393,
            23.46898
          ],
          [
            120.61391,
            23.46898
          ],
          [
            120.61387,
            23.46897
          ],
          [
            120.61384,
            23.46897
          ],
          [
            120.61378,
            23.46895
          ],
          [
            120.61375,
            23.46894
          ],
          [
            120.61371,
            23.46893
          ],
          [
            120.61366,
            23.46891
          ],
          [
            120.61363,
            23.46889
          ],
          [
            120.61361,
            23.46888
          ],
          [
            120.6136,
            23.46886
          ],
          [
            120.61359,
            23.46885
          ],
          [
            120.61358,
            23.46884
          ],
          [
            120.61356,
            23.46881
          ],
          [
            120.61355,
            23.46878
          ],
          [
            120.61354,
            23.46874
          ],
          [
            120.61353,
            23.46868
          ],
          [
            120.61352,
            23.46863
          ],
          [
            120.6135,
            23.46855
          ],
          [
            120.61349,
            23.46851
          ],
          [
            120.61347,
            23.46846
          ],
          [
            120.61344,
            23.46837
          ],
          [
            120.61342,
            23.46834
          ],
          [
            120.6134,
            23.46828
          ],
          [
            120.61338,
            23.46822
          ],
          [
            120.61336,
            23.46816
          ],
          [
            120.61335,
            23.46812
          ],
          [
            120.61334,
            23.46807
          ],
          [
            120.61332,
            23.46801
          ],
          [
            120.61332,
            23.46799
          ],
          [
            120.61331,
            23.46794
          ],
          [
            120.6133,
            23.46788
          ],
          [
            120.61329,
            23.46777
          ],
          [
            120.61327,
            23.46763
          ],
          [
            120.61326,
            23.46756
          ],
          [
            120.61326,
            23.46749
          ],
          [
            120.61326,
            23.46746
          ],
          [
            120.61326,
            23.46743
          ],
          [
            120.61326,
            23.46736
          ],
          [
            120.61327,
            23.4673
          ],
          [
            120.6133,
            23.46711
          ],
          [
            120.61331,
            23.4671
          ],
          [
            120.61332,
            23.46701
          ],
          [
            120.61332,
            23.466919999999998
          ],
          [
            120.61333,
            23.46687
          ],
          [
            120.61332,
            23.46682
          ],
          [
            120.61332,
            23.46678
          ],
          [
            120.61331,
            23.46674
          ],
          [
            120.6133,
            23.46671
          ],
          [
            120.61329,
            23.46667
          ],
          [
            120.61328,
            23.46665
          ],
          [
            120.61327,
            23.46661
          ],
          [
            120.61325,
            23.46658
          ],
          [
            120.61324,
            23.46655
          ],
          [
            120.61324,
            23.46653
          ],
          [
            120.61324,
            23.4665
          ],
          [
            120.61324,
            23.46648
          ],
          [
            120.61325,
            23.46645
          ],
          [
            120.61327,
            23.46642
          ],
          [
            120.61329,
            23.4664
          ],
          [
            120.61332,
            23.46637
          ],
          [
            120.61335,
            23.46635
          ],
          [
            120.6134,
            23.46633
          ],
          [
            120.61345,
            23.46631
          ],
          [
            120.61345,
            23.4663
          ],
          [
            120.61353,
            23.46627
          ],
          [
            120.61356,
            23.46625
          ],
          [
            120.6136,
            23.46622
          ],
          [
            120.61361,
            23.46621
          ],
          [
            120.61364,
            23.46617
          ],
          [
            120.61366,
            23.46613
          ],
          [
            120.61368,
            23.46608
          ],
          [
            120.61369,
            23.46605
          ],
          [
            120.61369,
            23.46604
          ],
          [
            120.6137,
            23.46602
          ],
          [
            120.61371,
            23.46598
          ],
          [
            120.61371,
            23.46593
          ],
          [
            120.61371,
            23.46583
          ],
          [
            120.61371,
            23.46574
          ],
          [
            120.61371,
            23.4656
          ],
          [
            120.61372,
            23.46552
          ],
          [
            120.61372,
            23.46551
          ],
          [
            120.61372,
            23.46548
          ],
          [
            120.61373,
            23.46544
          ],
          [
            120.61374,
            23.46541
          ],
          [
            120.61375,
            23.46538
          ],
          [
            120.61378,
            23.46534
          ],
          [
            120.61385,
            23.46525
          ],
          [
            120.61388,
            23.46522
          ],
          [
            120.6139,
            23.46519
          ],
          [
            120.61391,
            23.46516
          ],
          [
            120.61392,
            23.46514
          ],
          [
            120.61393,
            23.46512
          ],
          [
            120.61393,
            23.46509
          ],
          [
            120.61392,
            23.46506
          ],
          [
            120.61392,
            23.46506
          ],
          [
            120.61391,
            23.46502
          ],
          [
            120.6139,
            23.46495
          ],
          [
            120.61387,
            23.46488
          ],
          [
            120.61384,
            23.46478
          ],
          [
            120.61383,
            23.46471
          ],
          [
            120.61381,
            23.46462
          ],
          [
            120.61379,
            23.46452
          ],
          [
            120.61378,
            23.46451
          ],
          [
            120.61375,
            23.46435
          ],
          [
            120.61374,
            23.46429
          ],
          [
            120.61373,
            23.46425
          ],
          [
            120.61371,
            23.46421
          ],
          [
            120.61368,
            23.46417
          ],
          [
            120.61365,
            23.46412
          ],
          [
            120.61361,
            23.46406
          ],
          [
            120.6135,
            23.46393
          ],
          [
            120.61346,
            23.46388
          ],
          [
            120.61345,
            23.46386
          ],
          [
            120.61344,
            23.46383
          ],
          [
            120.61343,
            23.46381
          ],
          [
            120.61343,
            23.46379
          ],
          [
            120.61342,
            23.46377
          ],
          [
            120.61342,
            23.46375
          ],
          [
            120.61343,
            23.46371
          ],
          [
            120.61343,
            23.4637
          ],
          [
            120.61344,
            23.46358
          ],
          [
            120.61349,
            23.46332
          ],
          [
            120.61351,
            23.46312
          ],
          [
            120.61352,
            23.46309
          ],
          [
            120.61352,
            23.46307
          ],
          [
            120.61352,
            23.46306
          ],
          [
            120.61352,
            23.46303
          ],
          [
            120.61352,
            23.46302
          ],
          [
            120.61351,
            23.463
          ],
          [
            120.61351,
            23.46299
          ],
          [
            120.6135,
            23.46298
          ],
          [
            120.61349,
            23.46297
          ],
          [
            120.61347,
            23.46296
          ],
          [
            120.61346,
            23.46295
          ],
          [
            120.61344,
            23.46294
          ],
          [
            120.61342,
            23.46293
          ],
          [
            120.61339,
            23.46293
          ],
          [
            120.61337,
            23.46292
          ],
          [
            120.61333,
            23.46291
          ],
          [
            120.61332,
            23.46291
          ],
          [
            120.61327,
            23.46291
          ],
          [
            120.61321,
            23.4629
          ],
          [
            120.61317,
            23.46289
          ],
          [
            120.61314,
            23.46289
          ],
          [
            120.61313,
            23.46289
          ],
          [
            120.61308,
            23.46288
          ],
          [
            120.61302,
            23.46286
          ],
          [
            120.61295,
            23.46285
          ],
          [
            120.61279,
            23.46281
          ],
          [
            120.61276,
            23.4628
          ],
          [
            120.61266,
            23.46278
          ],
          [
            120.61257,
            23.46276
          ],
          [
            120.61254,
            23.46276
          ],
          [
            120.61249,
            23.46275
          ],
          [
            120.61244,
            23.46275
          ],
          [
            120.61237,
            23.46275
          ],
          [
            120.6123,
            23.46276
          ],
          [
            120.61224,
            23.46277
          ],
          [
            120.6122,
            23.46278
          ],
          [
            120.61218,
            23.46278
          ],
          [
            120.61217,
            23.46278
          ],
          [
            120.61214,
            23.46278
          ],
          [
            120.61212,
            23.46277
          ],
          [
            120.61211,
            23.46276
          ],
          [
            120.6121,
            23.46275
          ],
          [
            120.61209,
            23.46274
          ],
          [
            120.61208,
            23.46272
          ],
          [
            120.61207,
            23.4627
          ],
          [
            120.61207,
            23.46268
          ],
          [
            120.61208,
            23.46266
          ],
          [
            120.61208,
            23.46261
          ],
          [
            120.61211,
            23.4625
          ],
          [
            120.61212,
            23.46248
          ],
          [
            120.61214,
            23.46242
          ],
          [
            120.61214,
            23.46239
          ],
          [
            120.61215,
            23.46237
          ],
          [
            120.61215,
            23.46234
          ],
          [
            120.61215,
            23.46232
          ],
          [
            120.61215,
            23.4623
          ],
          [
            120.61214,
            23.46228
          ],
          [
            120.61213,
            23.46227
          ],
          [
            120.61212,
            23.46226
          ],
          [
            120.61211,
            23.46225
          ],
          [
            120.61209,
            23.46225
          ],
          [
            120.61207,
            23.46225
          ],
          [
            120.61204,
            23.46225
          ],
          [
            120.61201,
            23.46226
          ],
          [
            120.61199,
            23.46226
          ],
          [
            120.61198,
            23.46226
          ],
          [
            120.61194,
            23.46227
          ],
          [
            120.61185,
            23.4623
          ],
          [
            120.6118,
            23.46233
          ],
          [
            120.61179,
            23.46233
          ],
          [
            120.61173,
            23.46236
          ],
          [
            120.61168,
            23.46239
          ],
          [
            120.61163,
            23.46241
          ],
          [
            120.61162,
            23.46242
          ],
          [
            120.61155,
            23.46247
          ],
          [
            120.61149,
            23.46251
          ],
          [
            120.61148,
            23.46252
          ],
          [
            120.61145,
            23.46254
          ],
          [
            120.61141,
            23.46257
          ],
          [
            120.61139,
            23.46258
          ],
          [
            120.61137,
            23.46259
          ],
          [
            120.61134,
            23.4626
          ],
          [
            120.61132,
            23.4626
          ],
          [
            120.61131,
            23.46261
          ],
          [
            120.61128,
            23.4626
          ],
          [
            120.61124,
            23.4626
          ],
          [
            120.61122,
            23.46259
          ],
          [
            120.6112,
            23.46258
          ],
          [
            120.61115,
            23.46256
          ],
          [
            120.61112,
            23.46255
          ],
          [
            120.6111,
            23.46253
          ],
          [
            120.61106,
            23.46252
          ],
          [
            120.61101,
            23.4625
          ],
          [
            120.61094,
            23.46248
          ],
          [
            120.61088,
            23.46246
          ],
          [
            120.61081,
            23.46245
          ],
          [
            120.61076,
            23.46244
          ],
          [
            120.61066,
            23.46243
          ],
          [
            120.61051,
            23.46241
          ],
          [
            120.61037,
            23.4624
          ],
          [
            120.61029,
            23.46239
          ],
          [
            120.61023,
            23.46238
          ],
          [
            120.61018,
            23.46237
          ],
          [
            120.61011,
            23.46235
          ],
          [
            120.61004,
            23.46232
          ],
          [
            120.61,
            23.46231
          ],
          [
            120.60997,
            23.46231
          ],
          [
            120.60996,
            23.46231
          ],
          [
            120.60994,
            23.46231
          ],
          [
            120.60992,
            23.46232
          ],
          [
            120.6099,
            23.46233
          ],
          [
            120.60986,
            23.46235
          ],
          [
            120.60981,
            23.46239
          ],
          [
            120.6098,
            23.46239
          ],
          [
            120.60975,
            23.46243
          ],
          [
            120.60973,
            23.46244
          ],
          [
            120.60971,
            23.46245
          ],
          [
            120.60969,
            23.46247
          ],
          [
            120.60965,
            23.46248
          ],
          [
            120.60953,
            23.46253
          ],
          [
            120.60943,
            23.46257
          ],
          [
            120.60937,
            23.4626
          ],
          [
            120.60931,
            23.46264
          ],
          [
            120.60925,
            23.46269
          ],
          [
            120.60919,
            23.46274
          ],
          [
            120.60912,
            23.46281
          ],
          [
            120.60908,
            23.46286
          ],
          [
            120.60904,
            23.46288
          ],
          [
            120.60901,
            23.4629
          ],
          [
            120.60898,
            23.46291
          ],
          [
            120.60894,
            23.46292
          ],
          [
            120.60889,
            23.46293
          ],
          [
            120.60879,
            23.46294
          ],
          [
            120.60875,
            23.46294
          ],
          [
            120.60872,
            23.46295
          ],
          [
            120.60866,
            23.46294
          ],
          [
            120.6086,
            23.46293
          ],
          [
            120.60854,
            23.46291
          ],
          [
            120.60848,
            23.46289
          ],
          [
            120.60843,
            23.46286
          ],
          [
            120.60839,
            23.46283
          ],
          [
            120.60838,
            23.46283
          ],
          [
            120.60835,
            23.4628
          ],
          [
            120.60832,
            23.46277
          ],
          [
            120.6083,
            23.46273
          ],
          [
            120.60827,
            23.46269
          ],
          [
            120.60825,
            23.46265
          ],
          [
            120.60822,
            23.4626
          ],
          [
            120.60819,
            23.46256
          ],
          [
            120.60816,
            23.46252
          ],
          [
            120.60813,
            23.46249
          ],
          [
            120.60808,
            23.46246
          ],
          [
            120.60802,
            23.46243
          ],
          [
            120.60796,
            23.4624
          ],
          [
            120.60789,
            23.46237
          ],
          [
            120.60784,
            23.46236
          ],
          [
            120.60781,
            23.46235
          ],
          [
            120.60773,
            23.46233
          ],
          [
            120.60764,
            23.46231
          ],
          [
            120.60755,
            23.4623
          ],
          [
            120.60746,
            23.46229
          ],
          [
            120.60738,
            23.46228
          ],
          [
            120.60729,
            23.46226
          ],
          [
            120.60727,
            23.46225
          ],
          [
            120.60724,
            23.46224
          ],
          [
            120.60719,
            23.46221
          ],
          [
            120.60713,
            23.46219
          ],
          [
            120.60709,
            23.46217
          ],
          [
            120.60707,
            23.46216
          ],
          [
            120.60701,
            23.46212
          ],
          [
            120.60691,
            23.46206
          ],
          [
            120.60684,
            23.46201
          ],
          [
            120.60677,
            23.46196
          ],
          [
            120.60674,
            23.46193
          ],
          [
            120.6067,
            23.46189
          ],
          [
            120.60667,
            23.46186
          ],
          [
            120.60664,
            23.46182
          ],
          [
            120.60661,
            23.46179
          ],
          [
            120.60658,
            23.46174
          ],
          [
            120.60653,
            23.46163
          ],
          [
            120.6065,
            23.46156
          ],
          [
            120.60648,
            23.46154
          ],
          [
            120.60646,
            23.46152
          ],
          [
            120.60643,
            23.4615
          ],
          [
            120.6064,
            23.46148
          ],
          [
            120.60633,
            23.46145
          ],
          [
            120.60621,
            23.46142
          ],
          [
            120.60617,
            23.46141
          ],
          [
            120.60616,
            23.4614
          ],
          [
            120.60614,
            23.4614
          ],
          [
            120.60612,
            23.46138
          ],
          [
            120.6061,
            23.46137
          ],
          [
            120.60609,
            23.46135
          ],
          [
            120.60607,
            23.46133
          ],
          [
            120.60605,
            23.4613
          ],
          [
            120.60604,
            23.46127
          ],
          [
            120.60604,
            23.46125
          ],
          [
            120.60604,
            23.46119
          ],
          [
            120.60605,
            23.46104
          ],
          [
            120.60605,
            23.46097
          ],
          [
            120.60605,
            23.46094
          ],
          [
            120.60605,
            23.46092
          ],
          [
            120.60605,
            23.4609
          ],
          [
            120.60604,
            23.46089
          ],
          [
            120.60604,
            23.46086
          ],
          [
            120.60603,
            23.46084
          ],
          [
            120.60602,
            23.46082
          ],
          [
            120.60601,
            23.46079
          ],
          [
            120.60599,
            23.46077
          ],
          [
            120.60595000000001,
            23.46073
          ],
          [
            120.60593,
            23.46071
          ],
          [
            120.6059,
            23.46069
          ],
          [
            120.60588,
            23.46068
          ],
          [
            120.60585,
            23.46068
          ],
          [
            120.60582,
            23.46067
          ],
          [
            120.60579,
            23.46067
          ],
          [
            120.60574,
            23.46066
          ],
          [
            120.6057,
            23.46066
          ],
          [
            120.60567,
            23.46065
          ],
          [
            120.60565,
            23.46064
          ],
          [
            120.60564,
            23.46063
          ],
          [
            120.60562,
            23.46062
          ],
          [
            120.6056,
            23.46061
          ],
          [
            120.60558,
            23.46058
          ],
          [
            120.60555,
            23.46056
          ],
          [
            120.6055,
            23.4605
          ],
          [
            120.60547,
            23.46045
          ],
          [
            120.60542,
            23.4604
          ],
          [
            120.60538,
            23.46037
          ],
          [
            120.60535,
            23.46035
          ],
          [
            120.60532,
            23.46033
          ],
          [
            120.60529,
            23.46032
          ],
          [
            120.60527,
            23.46031
          ],
          [
            120.60525,
            23.4603
          ],
          [
            120.60519,
            23.46029
          ],
          [
            120.60512,
            23.46028
          ],
          [
            120.60505,
            23.46028
          ],
          [
            120.60502,
            23.46027
          ],
          [
            120.60498,
            23.46026
          ],
          [
            120.60494,
            23.46025
          ],
          [
            120.60489,
            23.46023
          ],
          [
            120.60486,
            23.46021
          ],
          [
            120.60481,
            23.46018
          ],
          [
            120.60478,
            23.46016
          ],
          [
            120.60469,
            23.46007
          ],
          [
            120.60463,
            23.46002
          ],
          [
            120.60462,
            23.46
          ],
          [
            120.60462,
            23.46
          ],
          [
            120.60458,
            23.45996
          ],
          [
            120.60454,
            23.45994
          ],
          [
            120.60453,
            23.45993
          ],
          [
            120.60452,
            23.45992
          ],
          [
            120.60449,
            23.45991
          ],
          [
            120.60446,
            23.4599
          ],
          [
            120.60444,
            23.45989
          ],
          [
            120.60441,
            23.45989
          ],
          [
            120.60439,
            23.45989
          ],
          [
            120.60434,
            23.45991
          ],
          [
            120.60427,
            23.45999
          ],
          [
            120.60422,
            23.46004
          ],
          [
            120.60415,
            23.46012
          ],
          [
            120.6041,
            23.46018
          ],
          [
            120.60408,
            23.46022
          ],
          [
            120.60404,
            23.46028
          ],
          [
            120.60402,
            23.46032
          ],
          [
            120.604,
            23.46035
          ],
          [
            120.60399,
            23.46039
          ],
          [
            120.60399,
            23.46042
          ],
          [
            120.60398,
            23.46046
          ],
          [
            120.60398,
            23.4605
          ],
          [
            120.60398,
            23.46052
          ],
          [
            120.60398,
            23.46054
          ],
          [
            120.60398,
            23.46057
          ],
          [
            120.60398,
            23.4606
          ],
          [
            120.60397,
            23.46063
          ],
          [
            120.60396,
            23.46066
          ],
          [
            120.60395,
            23.46068
          ],
          [
            120.60394,
            23.4607
          ],
          [
            120.60394,
            23.46071
          ],
          [
            120.6039,
            23.46076
          ],
          [
            120.60384,
            23.46083
          ],
          [
            120.60383,
            23.46084
          ],
          [
            120.60376,
            23.46092
          ],
          [
            120.60371,
            23.46099
          ],
          [
            120.60368,
            23.46104
          ],
          [
            120.60362,
            23.46113
          ],
          [
            120.60361,
            23.46114
          ],
          [
            120.60355,
            23.46121
          ],
          [
            120.60349,
            23.46128
          ],
          [
            120.60348,
            23.46128
          ],
          [
            120.60344,
            23.46132
          ],
          [
            120.6034,
            23.46135
          ],
          [
            120.60337,
            23.46137
          ],
          [
            120.60333,
            23.46139
          ],
          [
            120.60332,
            23.4614
          ],
          [
            120.60327,
            23.46143
          ],
          [
            120.60323,
            23.46146
          ],
          [
            120.60321,
            23.46148
          ],
          [
            120.60319,
            23.46151
          ],
          [
            120.60319,
            23.46152
          ],
          [
            120.60317,
            23.46156
          ],
          [
            120.60316,
            23.46159
          ],
          [
            120.60316,
            23.46163
          ],
          [
            120.60315,
            23.46168
          ],
          [
            120.60315,
            23.46169
          ],
          [
            120.60315,
            23.46177
          ],
          [
            120.60313,
            23.46187
          ],
          [
            120.60313,
            23.46189
          ],
          [
            120.60311,
            23.46196
          ],
          [
            120.60311,
            23.462
          ],
          [
            120.60311,
            23.46202
          ],
          [
            120.60312,
            23.46205
          ],
          [
            120.60313,
            23.4621
          ],
          [
            120.60315,
            23.46216
          ],
          [
            120.60319,
            23.46224
          ],
          [
            120.60324,
            23.46235
          ],
          [
            120.60327,
            23.46241
          ],
          [
            120.60328,
            23.46247
          ],
          [
            120.60329,
            23.46252
          ],
          [
            120.60331,
            23.46258
          ],
          [
            120.60332,
            23.46266
          ],
          [
            120.60334,
            23.46273
          ],
          [
            120.60334,
            23.46275
          ],
          [
            120.60336,
            23.46279
          ],
          [
            120.60339,
            23.46286
          ],
          [
            120.60341,
            23.4629
          ],
          [
            120.60342,
            23.46291
          ],
          [
            120.60344,
            23.46293
          ],
          [
            120.60347,
            23.46294
          ],
          [
            120.60349,
            23.46295
          ],
          [
            120.60352,
            23.46295
          ],
          [
            120.60355,
            23.46295
          ],
          [
            120.60358,
            23.46294
          ],
          [
            120.60363,
            23.46294
          ],
          [
            120.6037,
            23.46293
          ],
          [
            120.60376,
            23.46292
          ],
          [
            120.60384,
            23.46292
          ],
          [
            120.6039,
            23.46292
          ],
          [
            120.60397,
            23.46292
          ],
          [
            120.60399,
            23.46292
          ],
          [
            120.60407,
            23.46293
          ],
          [
            120.60412,
            23.46294
          ],
          [
            120.60413,
            23.46294
          ],
          [
            120.60414,
            23.46295
          ],
          [
            120.60416,
            23.46296
          ],
          [
            120.60417,
            23.46298
          ],
          [
            120.60418,
            23.463
          ],
          [
            120.60418,
            23.46302
          ],
          [
            120.60418,
            23.46304
          ],
          [
            120.60417,
            23.46306
          ],
          [
            120.60416,
            23.46307
          ],
          [
            120.60415,
            23.46309
          ],
          [
            120.60414,
            23.4631
          ],
          [
            120.6041,
            23.46311
          ],
          [
            120.60408,
            23.46311
          ],
          [
            120.60406,
            23.4631
          ],
          [
            120.60403,
            23.4631
          ],
          [
            120.604,
            23.46308
          ],
          [
            120.60395,
            23.46306
          ],
          [
            120.60394,
            23.46306
          ],
          [
            120.60389,
            23.46304
          ],
          [
            120.60386,
            23.46303
          ],
          [
            120.6038,
            23.46301
          ],
          [
            120.60375,
            23.46301
          ],
          [
            120.60372,
            23.46301
          ],
          [
            120.60369,
            23.46302
          ],
          [
            120.60368,
            23.46303
          ],
          [
            120.60365,
            23.46305
          ],
          [
            120.60362,
            23.46307
          ],
          [
            120.60359,
            23.4631
          ],
          [
            120.60356,
            23.46314
          ],
          [
            120.60352,
            23.46318
          ],
          [
            120.6035,
            23.46321
          ],
          [
            120.60347,
            23.46323
          ],
          [
            120.60346,
            23.46324
          ],
          [
            120.60344,
            23.46324
          ],
          [
            120.60342,
            23.46325
          ],
          [
            120.6034,
            23.46325
          ],
          [
            120.60338,
            23.46325
          ],
          [
            120.60334,
            23.46324
          ],
          [
            120.60331,
            23.46323
          ],
          [
            120.60328,
            23.46322
          ],
          [
            120.60326,
            23.46321
          ],
          [
            120.60322,
            23.46319
          ],
          [
            120.6032,
            23.46317
          ],
          [
            120.60318,
            23.46315
          ],
          [
            120.60316,
            23.46312
          ],
          [
            120.60314,
            23.4631
          ],
          [
            120.60314,
            23.46309
          ],
          [
            120.60312,
            23.46306
          ],
          [
            120.60307,
            23.46297
          ],
          [
            120.60306,
            23.46294
          ],
          [
            120.60295,
            23.46273
          ],
          [
            120.60291,
            23.46264
          ],
          [
            120.60288,
            23.46259
          ],
          [
            120.60286,
            23.46255
          ],
          [
            120.60285,
            23.46254
          ],
          [
            120.60283,
            23.46253
          ],
          [
            120.60281,
            23.46252
          ],
          [
            120.6028,
            23.46252
          ],
          [
            120.60276,
            23.4625
          ],
          [
            120.60271,
            23.46249
          ],
          [
            120.6026,
            23.46248
          ],
          [
            120.60254,
            23.46247
          ],
          [
            120.6025,
            23.46246
          ],
          [
            120.60247,
            23.46245
          ],
          [
            120.60245,
            23.46244
          ],
          [
            120.60243,
            23.46243
          ],
          [
            120.60241,
            23.46242
          ],
          [
            120.6024,
            23.46241
          ],
          [
            120.60239,
            23.46239
          ],
          [
            120.60238,
            23.46238
          ],
          [
            120.60237,
            23.46236
          ],
          [
            120.60236,
            23.46233
          ],
          [
            120.60234,
            23.46226
          ],
          [
            120.60231,
            23.46204
          ],
          [
            120.6023,
            23.46196
          ],
          [
            120.6023,
            23.46191
          ],
          [
            120.6023,
            23.46187
          ],
          [
            120.6023,
            23.46185
          ],
          [
            120.6023,
            23.46179
          ],
          [
            120.60231,
            23.46173
          ],
          [
            120.60231,
            23.46169
          ],
          [
            120.60231,
            23.46168
          ],
          [
            120.60232,
            23.46161
          ],
          [
            120.60232,
            23.46154
          ],
          [
            120.60232,
            23.46151
          ],
          [
            120.60231,
            23.46148
          ],
          [
            120.60231,
            23.46147
          ],
          [
            120.60231,
            23.46145
          ],
          [
            120.6023,
            23.46144
          ],
          [
            120.60229,
            23.46143
          ],
          [
            120.60228,
            23.46142
          ],
          [
            120.60227,
            23.46142
          ],
          [
            120.60226,
            23.46141
          ],
          [
            120.60225,
            23.46141
          ],
          [
            120.60223,
            23.46141
          ],
          [
            120.60221,
            23.46142
          ],
          [
            120.60219,
            23.46142
          ],
          [
            120.60218,
            23.46143
          ],
          [
            120.60215,
            23.46146
          ],
          [
            120.60211,
            23.46151
          ],
          [
            120.60208,
            23.46154
          ],
          [
            120.60203,
            23.46158
          ],
          [
            120.60198,
            23.46162
          ],
          [
            120.60194,
            23.46165
          ],
          [
            120.6019,
            23.46168
          ],
          [
            120.60186,
            23.46171
          ],
          [
            120.60181,
            23.46174
          ],
          [
            120.60178,
            23.46176
          ],
          [
            120.60175,
            23.46179
          ],
          [
            120.60173,
            23.46181
          ],
          [
            120.60172,
            23.46182
          ],
          [
            120.60171,
            23.46186
          ],
          [
            120.60171,
            23.46187
          ],
          [
            120.60171,
            23.46189
          ],
          [
            120.60171,
            23.46191
          ],
          [
            120.60172,
            23.46194
          ],
          [
            120.60173,
            23.46196
          ],
          [
            120.60174,
            23.46199
          ],
          [
            120.60177,
            23.46204
          ],
          [
            120.6018,
            23.46209
          ],
          [
            120.60182,
            23.46212
          ],
          [
            120.60184,
            23.46214
          ],
          [
            120.60187,
            23.46218
          ],
          [
            120.6019,
            23.46222
          ],
          [
            120.60194,
            23.46225
          ],
          [
            120.60197,
            23.46229
          ],
          [
            120.602,
            23.46233
          ],
          [
            120.60203,
            23.46237
          ],
          [
            120.60205,
            23.46241
          ],
          [
            120.60205,
            23.46242
          ],
          [
            120.60207,
            23.46246
          ],
          [
            120.6021,
            23.46252
          ],
          [
            120.60212,
            23.46255
          ],
          [
            120.60213,
            23.46257
          ],
          [
            120.60215,
            23.46259
          ],
          [
            120.60216,
            23.46262
          ],
          [
            120.60217,
            23.46265
          ],
          [
            120.60218,
            23.46266
          ],
          [
            120.60218,
            23.46269
          ],
          [
            120.60218,
            23.46272
          ],
          [
            120.60218,
            23.46275
          ],
          [
            120.60217,
            23.46278
          ],
          [
            120.60217,
            23.46281
          ],
          [
            120.60216,
            23.46286
          ],
          [
            120.60214,
            23.4629
          ],
          [
            120.60213,
            23.46295
          ],
          [
            120.60211,
            23.463
          ],
          [
            120.60209,
            23.46306
          ],
          [
            120.60207,
            23.46309
          ],
          [
            120.60206,
            23.46312
          ],
          [
            120.60205,
            23.46315
          ],
          [
            120.60203,
            23.46317
          ],
          [
            120.60201,
            23.46319
          ],
          [
            120.60199,
            23.46321
          ],
          [
            120.60197,
            23.46323
          ],
          [
            120.60195,
            23.46324
          ],
          [
            120.60194,
            23.46325
          ],
          [
            120.60191,
            23.46326
          ],
          [
            120.60189,
            23.46326
          ],
          [
            120.60186,
            23.46326
          ],
          [
            120.60182,
            23.46326
          ],
          [
            120.60177,
            23.46325
          ],
          [
            120.60172,
            23.46324
          ],
          [
            120.60166,
            23.46323
          ],
          [
            120.60164,
            23.46323
          ],
          [
            120.60161,
            23.46323
          ],
          [
            120.60159,
            23.46324
          ],
          [
            120.60156,
            23.46324
          ],
          [
            120.60155,
            23.46325
          ],
          [
            120.60154,
            23.46326
          ],
          [
            120.60153,
            23.46328
          ],
          [
            120.60152,
            23.46328
          ],
          [
            120.60152,
            23.46329
          ],
          [
            120.60152,
            23.4633
          ],
          [
            120.60152,
            23.46331
          ],
          [
            120.60152,
            23.46332
          ],
          [
            120.60153,
            23.46333
          ],
          [
            120.60154,
            23.46334
          ],
          [
            120.60155,
            23.46336
          ],
          [
            120.60157,
            23.46337
          ],
          [
            120.60158,
            23.46337
          ],
          [
            120.60163,
            23.4634
          ],
          [
            120.60175,
            23.46344
          ],
          [
            120.60179,
            23.46346
          ],
          [
            120.60186,
            23.4635
          ],
          [
            120.60191,
            23.46351
          ],
          [
            120.60193,
            23.46352
          ],
          [
            120.60196,
            23.46353
          ],
          [
            120.602,
            23.46354
          ],
          [
            120.60204,
            23.46354
          ],
          [
            120.6021,
            23.46354
          ],
          [
            120.60218,
            23.46353
          ],
          [
            120.60229,
            23.46353
          ],
          [
            120.60234,
            23.46353
          ],
          [
            120.60239,
            23.46354
          ],
          [
            120.60242,
            23.46354
          ],
          [
            120.60245,
            23.46355
          ],
          [
            120.60247,
            23.46356
          ],
          [
            120.60249,
            23.46357
          ],
          [
            120.6025,
            23.46358
          ],
          [
            120.60251,
            23.46359
          ],
          [
            120.60251,
            23.4636
          ],
          [
            120.60251,
            23.46361
          ],
          [
            120.60251,
            23.46362
          ],
          [
            120.6025,
            23.46363
          ],
          [
            120.6025,
            23.46365
          ],
          [
            120.60249,
            23.46366
          ],
          [
            120.60249,
            23.46367
          ],
          [
            120.60248,
            23.46369
          ],
          [
            120.60247,
            23.4637
          ],
          [
            120.60245,
            23.46372
          ],
          [
            120.60244,
            23.46373
          ],
          [
            120.60243,
            23.46374
          ],
          [
            120.60242,
            23.46375
          ],
          [
            120.6024,
            23.46376
          ],
          [
            120.60236,
            23.46379
          ],
          [
            120.60233,
            23.46381
          ],
          [
            120.6023,
            23.46382
          ],
          [
            120.60227,
            23.46384
          ],
          [
            120.60226,
            23.46385
          ],
          [
            120.60223,
            23.46387
          ],
          [
            120.60219,
            23.4639
          ],
          [
            120.60215,
            23.46394
          ],
          [
            120.60213,
            23.46396
          ],
          [
            120.6021,
            23.464
          ],
          [
            120.60207,
            23.46403
          ],
          [
            120.60205,
            23.46405
          ],
          [
            120.60203,
            23.46407
          ],
          [
            120.602,
            23.46409
          ],
          [
            120.60196,
            23.46412
          ],
          [
            120.60189,
            23.46417
          ],
          [
            120.60183,
            23.46422
          ],
          [
            120.60176,
            23.46426
          ],
          [
            120.60171,
            23.4643
          ],
          [
            120.60168,
            23.46432
          ],
          [
            120.60166,
            23.46434
          ],
          [
            120.60165,
            23.46436
          ],
          [
            120.60164,
            23.46438
          ],
          [
            120.60163,
            23.4644
          ],
          [
            120.60162,
            23.46442
          ],
          [
            120.60161,
            23.46447
          ],
          [
            120.60161,
            23.46451
          ],
          [
            120.60161,
            23.46455
          ],
          [
            120.6016,
            23.46457
          ],
          [
            120.60159,
            23.4646
          ],
          [
            120.60158,
            23.46462
          ],
          [
            120.60156,
            23.46464
          ],
          [
            120.60155,
            23.46466
          ],
          [
            120.60153,
            23.46468
          ],
          [
            120.60151,
            23.46469
          ],
          [
            120.6015,
            23.4647
          ],
          [
            120.60148,
            23.46471
          ],
          [
            120.60146,
            23.46471
          ],
          [
            120.60145,
            23.46471
          ],
          [
            120.60144,
            23.46471
          ],
          [
            120.60143,
            23.4647
          ],
          [
            120.60142,
            23.46468
          ],
          [
            120.60142,
            23.46467
          ],
          [
            120.60142,
            23.46465
          ],
          [
            120.60142,
            23.46463
          ],
          [
            120.60144,
            23.46459
          ],
          [
            120.60145,
            23.46453
          ],
          [
            120.60149,
            23.46444
          ],
          [
            120.60151,
            23.46437
          ],
          [
            120.60152,
            23.46435
          ],
          [
            120.60153,
            23.46432
          ],
          [
            120.60155,
            23.46429
          ],
          [
            120.60158,
            23.46424
          ],
          [
            120.60162,
            23.46418
          ],
          [
            120.60167,
            23.46413
          ],
          [
            120.60171,
            23.46408
          ],
          [
            120.60173,
            23.46405
          ],
          [
            120.60175,
            23.46402
          ],
          [
            120.60177,
            23.46398
          ],
          [
            120.60179,
            23.46395
          ],
          [
            120.6018,
            23.46392
          ],
          [
            120.6018,
            23.4639
          ],
          [
            120.6018,
            23.46389
          ],
          [
            120.6018,
            23.46387
          ],
          [
            120.6018,
            23.46386
          ],
          [
            120.60179,
            23.46385
          ],
          [
            120.60179,
            23.46384
          ],
          [
            120.60178,
            23.46384
          ],
          [
            120.60176,
            23.46383
          ],
          [
            120.60174,
            23.46382
          ],
          [
            120.60172,
            23.46382
          ],
          [
            120.6017,
            23.46382
          ],
          [
            120.60166,
            23.46383
          ],
          [
            120.60162,
            23.46384
          ],
          [
            120.60153,
            23.46386
          ],
          [
            120.60145,
            23.46387
          ],
          [
            120.60128,
            23.46389
          ],
          [
            120.6012,
            23.46389
          ],
          [
            120.60116,
            23.46388
          ],
          [
            120.60111,
            23.46387
          ],
          [
            120.60105,
            23.46384
          ],
          [
            120.60099,
            23.46381
          ],
          [
            120.60091,
            23.46376
          ],
          [
            120.60087,
            23.46373
          ],
          [
            120.60082,
            23.46371
          ],
          [
            120.6008,
            23.4637
          ],
          [
            120.60072,
            23.46369
          ],
          [
            120.60063,
            23.46367
          ],
          [
            120.60053,
            23.46366
          ],
          [
            120.60039,
            23.46364
          ],
          [
            120.60032,
            23.46363
          ],
          [
            120.60027,
            23.46361
          ],
          [
            120.60024,
            23.4636
          ],
          [
            120.60021,
            23.46358
          ],
          [
            120.60016,
            23.46353
          ],
          [
            120.60011,
            23.46347
          ],
          [
            120.60009,
            23.46343
          ],
          [
            120.60006,
            23.4634
          ],
          [
            120.60003,
            23.46338
          ],
          [
            120.60001,
            23.46336
          ],
          [
            120.59997,
            23.46333
          ],
          [
            120.59993,
            23.46331
          ],
          [
            120.59987,
            23.46328
          ],
          [
            120.59981,
            23.46326
          ],
          [
            120.59979,
            23.46325
          ],
          [
            120.59963,
            23.46319
          ],
          [
            120.59951,
            23.46315
          ],
          [
            120.59944,
            23.46314
          ],
          [
            120.59939,
            23.46313
          ],
          [
            120.59928,
            23.46311
          ],
          [
            120.59925,
            23.4631
          ],
          [
            120.59913,
            23.46309
          ],
          [
            120.59904,
            23.46308
          ],
          [
            120.59898,
            23.46307
          ],
          [
            120.59894,
            23.46307
          ],
          [
            120.59886,
            23.46305
          ],
          [
            120.59879,
            23.46303
          ],
          [
            120.59867,
            23.46301
          ],
          [
            120.59856,
            23.46299
          ],
          [
            120.59843,
            23.46296
          ],
          [
            120.59834,
            23.46295
          ],
          [
            120.59824,
            23.46294
          ],
          [
            120.59818,
            23.46293
          ],
          [
            120.59814,
            23.46293
          ],
          [
            120.59811,
            23.46293
          ],
          [
            120.59808,
            23.46294
          ],
          [
            120.59806,
            23.46294
          ],
          [
            120.59804,
            23.46295
          ],
          [
            120.59802,
            23.46296
          ],
          [
            120.598,
            23.46297
          ],
          [
            120.59799,
            23.46298
          ],
          [
            120.59799,
            23.463
          ],
          [
            120.59798,
            23.46301
          ],
          [
            120.59797,
            23.46303
          ],
          [
            120.59797,
            23.46305
          ],
          [
            120.59797,
            23.46308
          ],
          [
            120.59797,
            23.46311
          ],
          [
            120.59798,
            23.46313
          ],
          [
            120.59799,
            23.46315
          ],
          [
            120.59802,
            23.46318
          ],
          [
            120.59808,
            23.46325
          ],
          [
            120.59816,
            23.46333
          ],
          [
            120.59826,
            23.46343
          ],
          [
            120.59835,
            23.46353
          ],
          [
            120.59845,
            23.46365
          ],
          [
            120.59855,
            23.46377
          ],
          [
            120.59858,
            23.4638
          ],
          [
            120.59861,
            23.46382
          ],
          [
            120.59865,
            23.46384
          ],
          [
            120.5987,
            23.46386
          ],
          [
            120.5988,
            23.4639
          ],
          [
            120.59904,
            23.46399
          ],
          [
            120.59913,
            23.46402
          ],
          [
            120.59921,
            23.46405
          ],
          [
            120.59925,
            23.46407
          ],
          [
            120.59928,
            23.46408
          ],
          [
            120.5993,
            23.4641
          ],
          [
            120.59931,
            23.4641
          ],
          [
            120.59934,
            23.46412
          ],
          [
            120.59935,
            23.46413
          ],
          [
            120.59935,
            23.46414
          ],
          [
            120.59936,
            23.46417
          ],
          [
            120.59936,
            23.46418
          ],
          [
            120.59936,
            23.4642
          ],
          [
            120.59936,
            23.46421
          ],
          [
            120.59935,
            23.46422
          ],
          [
            120.59934,
            23.46423
          ],
          [
            120.59933,
            23.46424
          ],
          [
            120.59932,
            23.46424
          ],
          [
            120.59931,
            23.46425
          ],
          [
            120.5993,
            23.46425
          ],
          [
            120.59928,
            23.46425
          ],
          [
            120.59926,
            23.46425
          ],
          [
            120.59923,
            23.46424
          ],
          [
            120.59916,
            23.46422
          ],
          [
            120.59914,
            23.46421
          ],
          [
            120.59908,
            23.46419
          ],
          [
            120.59895,
            23.46414
          ],
          [
            120.59886,
            23.46411
          ],
          [
            120.59876,
            23.46407
          ],
          [
            120.59869,
            23.46406
          ],
          [
            120.59864,
            23.46405
          ],
          [
            120.59858,
            23.46404
          ],
          [
            120.59846,
            23.46403
          ],
          [
            120.5983,
            23.46402
          ],
          [
            120.59809,
            23.464
          ],
          [
            120.59791,
            23.46399
          ],
          [
            120.59776,
            23.46398
          ],
          [
            120.59765,
            23.46398
          ],
          [
            120.59755,
            23.46397
          ],
          [
            120.59748,
            23.46396
          ],
          [
            120.59738,
            23.46394
          ],
          [
            120.59725,
            23.4639
          ],
          [
            120.59716,
            23.46387
          ],
          [
            120.59705,
            23.46383
          ],
          [
            120.59697,
            23.46379
          ],
          [
            120.59688,
            23.46375
          ],
          [
            120.59681,
            23.46372
          ],
          [
            120.5967,
            23.46366
          ],
          [
            120.59654,
            23.46359
          ],
          [
            120.59636,
            23.46352
          ],
          [
            120.59607,
            23.4634
          ],
          [
            120.596,
            23.46336
          ],
          [
            120.59594,
            23.46332
          ],
          [
            120.59589,
            23.46328
          ],
          [
            120.59587,
            23.46327
          ],
          [
            120.59583,
            23.46324
          ],
          [
            120.59576,
            23.46318
          ],
          [
            120.5957,
            23.46313
          ],
          [
            120.59564,
            23.46308
          ],
          [
            120.59562,
            23.46307
          ],
          [
            120.59559,
            23.46305
          ],
          [
            120.59554,
            23.46303
          ],
          [
            120.59541,
            23.46298
          ],
          [
            120.59536,
            23.46296
          ],
          [
            120.59531,
            23.46294
          ],
          [
            120.59523,
            23.46289
          ],
          [
            120.59519,
            23.46286
          ],
          [
            120.59513,
            23.46282
          ],
          [
            120.59509,
            23.46279
          ],
          [
            120.59506,
            23.46277
          ],
          [
            120.59503,
            23.46274
          ],
          [
            120.59496,
            23.4627
          ],
          [
            120.59492,
            23.4626
          ],
          [
            120.59488,
            23.4625
          ],
          [
            120.59485,
            23.46241
          ],
          [
            120.59485,
            23.46235
          ],
          [
            120.59484,
            23.4623
          ],
          [
            120.59484,
            23.46225
          ],
          [
            120.59485,
            23.46221
          ],
          [
            120.59486,
            23.46218
          ],
          [
            120.59487,
            23.46215
          ],
          [
            120.59488,
            23.46212
          ],
          [
            120.5949,
            23.46208
          ],
          [
            120.59492,
            23.46206
          ],
          [
            120.59495,
            23.46202
          ],
          [
            120.59496,
            23.46201
          ],
          [
            120.59499,
            23.46199
          ],
          [
            120.59504,
            23.46195
          ],
          [
            120.59511,
            23.46191
          ],
          [
            120.59518,
            23.46187
          ],
          [
            120.59528,
            23.46182
          ],
          [
            120.59537,
            23.46178
          ],
          [
            120.5954,
            23.46176
          ],
          [
            120.59543,
            23.46174
          ],
          [
            120.59547,
            23.46171
          ],
          [
            120.59549,
            23.46168
          ],
          [
            120.59551,
            23.46166
          ],
          [
            120.59551,
            23.46166
          ],
          [
            120.59556,
            23.4616
          ],
          [
            120.5956,
            23.46153
          ],
          [
            120.59562,
            23.46151
          ],
          [
            120.5957,
            23.4614
          ],
          [
            120.59575,
            23.46131
          ],
          [
            120.5958,
            23.46122
          ],
          [
            120.59584,
            23.46115
          ],
          [
            120.59586,
            23.4611
          ],
          [
            120.59588,
            23.46106
          ],
          [
            120.59589,
            23.46102
          ],
          [
            120.59591,
            23.46098
          ],
          [
            120.59592,
            23.46094
          ],
          [
            120.59592,
            23.4609
          ],
          [
            120.59593,
            23.46088
          ],
          [
            120.59593,
            23.46085
          ],
          [
            120.59594,
            23.46081
          ],
          [
            120.59594,
            23.46078
          ],
          [
            120.59593,
            23.46076
          ],
          [
            120.59593,
            23.46074
          ],
          [
            120.59592,
            23.46072
          ],
          [
            120.59591,
            23.4607
          ],
          [
            120.5959,
            23.46067
          ],
          [
            120.59589,
            23.46065
          ],
          [
            120.59584,
            23.4606
          ],
          [
            120.59574,
            23.46049
          ],
          [
            120.59571,
            23.46046
          ],
          [
            120.59569,
            23.46043
          ],
          [
            120.59567,
            23.4604
          ],
          [
            120.59565,
            23.46034
          ],
          [
            120.59561,
            23.46015
          ],
          [
            120.5956,
            23.46011
          ],
          [
            120.59559,
            23.46008
          ],
          [
            120.59559,
            23.46006
          ],
          [
            120.59558,
            23.46004
          ],
          [
            120.59557,
            23.46003
          ],
          [
            120.59555,
            23.46001
          ],
          [
            120.59553,
            23.45999
          ],
          [
            120.5955,
            23.45997
          ],
          [
            120.59546,
            23.45995
          ],
          [
            120.5954,
            23.45992
          ],
          [
            120.59529,
            23.45987
          ],
          [
            120.59516,
            23.45981
          ],
          [
            120.59511,
            23.45979
          ],
          [
            120.59507,
            23.45978
          ],
          [
            120.59505,
            23.45978
          ],
          [
            120.59503,
            23.45977
          ],
          [
            120.59501,
            23.45977
          ],
          [
            120.59499,
            23.45977
          ],
          [
            120.59496,
            23.45977
          ],
          [
            120.59491,
            23.45977
          ],
          [
            120.59486,
            23.45978
          ],
          [
            120.59477,
            23.45979
          ],
          [
            120.59472,
            23.4598
          ],
          [
            120.59459,
            23.45983
          ],
          [
            120.59446,
            23.45987
          ],
          [
            120.59443,
            23.45987
          ],
          [
            120.59436,
            23.45989
          ],
          [
            120.59432,
            23.4599
          ],
          [
            120.59427,
            23.4599
          ],
          [
            120.59422,
            23.4599
          ],
          [
            120.59416,
            23.45988
          ],
          [
            120.5941,
            23.45986
          ],
          [
            120.59406,
            23.45984
          ],
          [
            120.594,
            23.45981
          ],
          [
            120.59391,
            23.45975
          ],
          [
            120.59383,
            23.45969
          ],
          [
            120.59375,
            23.45963
          ],
          [
            120.59348,
            23.45947
          ],
          [
            120.59337,
            23.4594
          ],
          [
            120.59331,
            23.45936
          ],
          [
            120.59325,
            23.45933
          ],
          [
            120.59323,
            23.45932
          ],
          [
            120.59317,
            23.45929
          ],
          [
            120.59313,
            23.45928
          ],
          [
            120.59308,
            23.45927
          ],
          [
            120.59307,
            23.45926
          ],
          [
            120.59303,
            23.45926
          ],
          [
            120.59298,
            23.45925
          ],
          [
            120.59291,
            23.45925
          ],
          [
            120.59284,
            23.45925
          ],
          [
            120.59281,
            23.45924
          ],
          [
            120.59276,
            23.45923
          ],
          [
            120.59273,
            23.45922
          ],
          [
            120.5927,
            23.45921
          ],
          [
            120.59269,
            23.4592
          ],
          [
            120.59267,
            23.45919
          ],
          [
            120.59256,
            23.45909
          ],
          [
            120.59254,
            23.45908
          ],
          [
            120.59227,
            23.45885
          ],
          [
            120.59226,
            23.45883
          ],
          [
            120.59221,
            23.45879
          ],
          [
            120.59215,
            23.45873
          ],
          [
            120.59212,
            23.4587
          ],
          [
            120.59208,
            23.45864
          ],
          [
            120.59203,
            23.45858
          ],
          [
            120.59199,
            23.45852
          ],
          [
            120.59195,
            23.45847
          ],
          [
            120.59192,
            23.45844
          ],
          [
            120.5919,
            23.45843
          ],
          [
            120.59189,
            23.45842
          ],
          [
            120.59188,
            23.45842
          ],
          [
            120.59185,
            23.4584
          ],
          [
            120.59181,
            23.45839
          ],
          [
            120.59178,
            23.45838
          ],
          [
            120.59174,
            23.45838
          ],
          [
            120.59171,
            23.45838
          ],
          [
            120.5917,
            23.45839
          ],
          [
            120.59168,
            23.45839
          ],
          [
            120.59165,
            23.45841
          ],
          [
            120.5916,
            23.45843
          ],
          [
            120.59155,
            23.45847
          ],
          [
            120.5915,
            23.45851
          ],
          [
            120.5914,
            23.45862
          ],
          [
            120.59137,
            23.45865
          ],
          [
            120.59129,
            23.45874
          ],
          [
            120.59128,
            23.45876
          ],
          [
            120.59121,
            23.45883
          ],
          [
            120.5912,
            23.45885
          ],
          [
            120.59118,
            23.45887
          ],
          [
            120.59117,
            23.45891
          ],
          [
            120.59116,
            23.45895
          ],
          [
            120.59114,
            23.45901
          ],
          [
            120.59112,
            23.45908
          ],
          [
            120.59111,
            23.45912
          ],
          [
            120.59107,
            23.45925
          ],
          [
            120.59107,
            23.45926
          ],
          [
            120.59106,
            23.45931
          ],
          [
            120.59105,
            23.45935
          ],
          [
            120.59105,
            23.45939
          ],
          [
            120.59105,
            23.45943
          ],
          [
            120.59105,
            23.45946
          ],
          [
            120.59106,
            23.45951
          ],
          [
            120.59109,
            23.45959
          ],
          [
            120.5911,
            23.45963
          ],
          [
            120.59111,
            23.45966
          ],
          [
            120.59112,
            23.45969
          ],
          [
            120.59112,
            23.45972
          ],
          [
            120.59111,
            23.45975
          ],
          [
            120.59111,
            23.45978
          ],
          [
            120.5911,
            23.4598
          ],
          [
            120.5911,
            23.45981
          ],
          [
            120.59109,
            23.45982
          ],
          [
            120.59108,
            23.45983
          ],
          [
            120.59107,
            23.45984
          ],
          [
            120.59106,
            23.45984
          ],
          [
            120.59106,
            23.45984
          ],
          [
            120.59105,
            23.45985
          ],
          [
            120.59102,
            23.45985
          ],
          [
            120.591,
            23.45985
          ],
          [
            120.59098,
            23.45985
          ],
          [
            120.59096,
            23.45984
          ],
          [
            120.59094,
            23.45983
          ],
          [
            120.59092,
            23.45982
          ],
          [
            120.59088,
            23.45977
          ],
          [
            120.59086,
            23.45975
          ],
          [
            120.59084,
            23.45973
          ],
          [
            120.59083,
            23.4597
          ],
          [
            120.59076,
            23.45954
          ],
          [
            120.59072,
            23.45945
          ],
          [
            120.59069,
            23.45938
          ],
          [
            120.59066,
            23.45931
          ],
          [
            120.59065,
            23.45926
          ],
          [
            120.59064,
            23.45924
          ],
          [
            120.59063,
            23.45921
          ],
          [
            120.59063,
            23.45919
          ],
          [
            120.59063,
            23.45917
          ],
          [
            120.59063,
            23.45915
          ],
          [
            120.59063,
            23.45913
          ],
          [
            120.59064,
            23.4591
          ],
          [
            120.59065,
            23.45907
          ],
          [
            120.59073,
            23.45888
          ],
          [
            120.59076,
            23.4588
          ],
          [
            120.59079,
            23.45875
          ],
          [
            120.59083,
            23.45868
          ],
          [
            120.59088,
            23.45861
          ],
          [
            120.5909,
            23.45857
          ],
          [
            120.59092,
            23.45854
          ],
          [
            120.59092,
            23.45852
          ],
          [
            120.59092,
            23.45851
          ],
          [
            120.59092,
            23.45849
          ],
          [
            120.59091,
            23.45848
          ],
          [
            120.59091,
            23.45846
          ],
          [
            120.5909,
            23.45845
          ],
          [
            120.59089,
            23.45844
          ],
          [
            120.59088,
            23.45844
          ],
          [
            120.59087,
            23.45843
          ],
          [
            120.59085,
            23.45843
          ],
          [
            120.59084,
            23.45842
          ],
          [
            120.59082,
            23.45842
          ],
          [
            120.5908,
            23.45842
          ],
          [
            120.59076,
            23.45844
          ],
          [
            120.59073,
            23.45846
          ],
          [
            120.5907,
            23.45849
          ],
          [
            120.59069,
            23.45851
          ],
          [
            120.59067,
            23.45855
          ],
          [
            120.59063,
            23.45863
          ],
          [
            120.59057,
            23.45876
          ],
          [
            120.59052,
            23.45886
          ],
          [
            120.59048,
            23.45892
          ],
          [
            120.59044,
            23.45898
          ],
          [
            120.5904,
            23.45902
          ],
          [
            120.59035,
            23.45907
          ],
          [
            120.59027,
            23.45914
          ],
          [
            120.59018,
            23.4592
          ],
          [
            120.59015,
            23.45922
          ],
          [
            120.59013,
            23.45925
          ],
          [
            120.59011,
            23.45927
          ],
          [
            120.59009,
            23.4593
          ],
          [
            120.59008,
            23.45934
          ],
          [
            120.59008,
            23.45937
          ],
          [
            120.59007,
            23.45941
          ],
          [
            120.59006,
            23.4595
          ],
          [
            120.59004,
            23.45964
          ],
          [
            120.59003,
            23.45968
          ],
          [
            120.59002,
            23.45972
          ],
          [
            120.59002,
            23.45977
          ],
          [
            120.59003,
            23.45982
          ],
          [
            120.59004,
            23.45986
          ],
          [
            120.59008,
            23.45994
          ],
          [
            120.59012,
            23.46001
          ],
          [
            120.59014,
            23.46005
          ],
          [
            120.59016,
            23.46008
          ],
          [
            120.59025,
            23.46019
          ],
          [
            120.59032,
            23.46026
          ],
          [
            120.5904,
            23.46035
          ],
          [
            120.59042,
            23.46037
          ],
          [
            120.59044,
            23.46039
          ],
          [
            120.59044,
            23.46041
          ],
          [
            120.59044,
            23.46043
          ],
          [
            120.59044,
            23.46045
          ],
          [
            120.59043,
            23.46046
          ],
          [
            120.59042,
            23.46049
          ],
          [
            120.5904,
            23.46051
          ],
          [
            120.59038,
            23.46052
          ],
          [
            120.59037,
            23.46052
          ],
          [
            120.59034,
            23.46053
          ],
          [
            120.59032,
            23.46053
          ],
          [
            120.5903,
            23.46052
          ],
          [
            120.59028,
            23.46051
          ],
          [
            120.59026,
            23.4605
          ],
          [
            120.59022,
            23.46046
          ],
          [
            120.59022,
            23.46045
          ],
          [
            120.59022,
            23.46045
          ],
          [
            120.59,
            23.46025
          ],
          [
            120.5898,
            23.46013
          ],
          [
            120.58969,
            23.46008
          ],
          [
            120.58922,
            23.45995
          ],
          [
            120.58904,
            23.45988
          ],
          [
            120.58896,
            23.45981
          ],
          [
            120.58871,
            23.45948
          ],
          [
            120.58845,
            23.45914
          ],
          [
            120.58831,
            23.45905
          ],
          [
            120.5881,
            23.45898
          ],
          [
            120.58793,
            23.45895
          ],
          [
            120.58754,
            23.4589
          ],
          [
            120.58736,
            23.45889
          ],
          [
            120.58698,
            23.45899
          ],
          [
            120.58693,
            23.459
          ],
          [
            120.58687,
            23.45898
          ],
          [
            120.58657,
            23.45884
          ],
          [
            120.58657,
            23.45884
          ],
          [
            120.5863,
            23.45872
          ],
          [
            120.58604,
            23.45865
          ],
          [
            120.58497,
            23.45853
          ],
          [
            120.58475,
            23.45851
          ],
          [
            120.58475,
            23.45851
          ],
          [
            120.58368,
            23.45844
          ],
          [
            120.58368,
            23.45844
          ],
          [
            120.58235,
            23.45835
          ],
          [
            120.58149,
            23.45831
          ],
          [
            120.58026,
            23.4582
          ],
          [
            120.58026,
            23.4582
          ],
          [
            120.57996,
            23.4582
          ],
          [
            120.57968,
            23.45825
          ],
          [
            120.57929,
            23.45838
          ],
          [
            120.57859,
            23.45878
          ],
          [
            120.57789,
            23.45922
          ],
          [
            120.57789,
            23.45922
          ],
          [
            120.57738,
            23.45956
          ],
          [
            120.57714,
            23.45975
          ],
          [
            120.57671,
            23.46011
          ],
          [
            120.57595,
            23.46079
          ],
          [
            120.5756,
            23.46108
          ],
          [
            120.5756,
            23.46108
          ],
          [
            120.57528,
            23.46133
          ],
          [
            120.57507,
            23.46146
          ],
          [
            120.57389,
            23.46209
          ],
          [
            120.57346,
            23.46233
          ],
          [
            120.57299,
            23.46264
          ],
          [
            120.57293,
            23.46269
          ],
          [
            120.57293,
            23.46269
          ],
          [
            120.572,
            23.46341
          ],
          [
            120.57179,
            23.46357
          ],
          [
            120.57149,
            23.46371
          ],
          [
            120.57101,
            23.4639
          ],
          [
            120.57019,
            23.4642
          ],
          [
            120.57019,
            23.4642
          ],
          [
            120.56987,
            23.46432
          ],
          [
            120.5697,
            23.46439
          ],
          [
            120.56961,
            23.46442
          ],
          [
            120.56945,
            23.46447
          ],
          [
            120.56935,
            23.46449
          ],
          [
            120.56916,
            23.46449
          ],
          [
            120.56915,
            23.46449
          ],
          [
            120.56906,
            23.46448
          ],
          [
            120.56893,
            23.46446
          ],
          [
            120.56884,
            23.46443
          ],
          [
            120.56873,
            23.4644
          ],
          [
            120.56865,
            23.4644
          ],
          [
            120.56856,
            23.4644
          ],
          [
            120.56843,
            23.46442
          ],
          [
            120.56832,
            23.46444
          ],
          [
            120.56825,
            23.46445
          ],
          [
            120.56805,
            23.46446
          ],
          [
            120.56787,
            23.46448
          ],
          [
            120.56787,
            23.46448
          ],
          [
            120.56756,
            23.4645
          ],
          [
            120.56728,
            23.46453
          ],
          [
            120.56688,
            23.46455
          ],
          [
            120.56657,
            23.46455
          ],
          [
            120.56633,
            23.46454
          ],
          [
            120.56632,
            23.46454
          ],
          [
            120.56613,
            23.46449
          ],
          [
            120.5652,
            23.46422
          ],
          [
            120.56323,
            23.46369
          ],
          [
            120.56258,
            23.46351
          ],
          [
            120.56254,
            23.4635
          ],
          [
            120.56254,
            23.4635
          ],
          [
            120.56246,
            23.46348
          ],
          [
            120.56227,
            23.46346
          ],
          [
            120.562,
            23.46342
          ],
          [
            120.56174,
            23.46342
          ],
          [
            120.56131,
            23.46342
          ],
          [
            120.56095,
            23.46345
          ],
          [
            120.56092,
            23.46345
          ],
          [
            120.56071,
            23.46348
          ],
          [
            120.56034,
            23.46354
          ],
          [
            120.55989,
            23.4636
          ],
          [
            120.55929,
            23.4637
          ],
          [
            120.5589,
            23.46377
          ],
          [
            120.55871,
            23.4638
          ],
          [
            120.55852,
            23.46384
          ],
          [
            120.5574,
            23.46399
          ],
          [
            120.5574,
            23.46399
          ],
          [
            120.55735,
            23.464
          ],
          [
            120.55721,
            23.46402
          ],
          [
            120.55678,
            23.46408
          ],
          [
            120.55615,
            23.46415
          ],
          [
            120.55561,
            23.46422
          ],
          [
            120.55558,
            23.46423
          ],
          [
            120.55541,
            23.46425
          ],
          [
            120.55526,
            23.46425
          ],
          [
            120.5551,
            23.46423
          ],
          [
            120.55504,
            23.46423
          ],
          [
            120.55495,
            23.46422
          ],
          [
            120.55458,
            23.46417
          ],
          [
            120.55444,
            23.46415
          ],
          [
            120.55429,
            23.46413
          ],
          [
            120.55429,
            23.46413
          ],
          [
            120.55424,
            23.46412
          ],
          [
            120.55414,
            23.46411
          ],
          [
            120.55406,
            23.46412
          ],
          [
            120.55393,
            23.46413
          ],
          [
            120.55384,
            23.46414
          ],
          [
            120.55363,
            23.46419
          ],
          [
            120.55313,
            23.4643
          ],
          [
            120.55289,
            23.46437
          ],
          [
            120.5527,
            23.46442
          ],
          [
            120.55251,
            23.46447
          ],
          [
            120.55237,
            23.4645
          ],
          [
            120.55187,
            23.46464
          ],
          [
            120.55151,
            23.46473
          ],
          [
            120.55134,
            23.46479
          ],
          [
            120.55134,
            23.46479
          ],
          [
            120.55128,
            23.46481
          ],
          [
            120.55117,
            23.46484
          ],
          [
            120.55105,
            23.46489
          ],
          [
            120.55092,
            23.46496
          ],
          [
            120.55041,
            23.46523
          ],
          [
            120.55011,
            23.46541
          ],
          [
            120.54774,
            23.46679
          ],
          [
            120.54681,
            23.46732
          ],
          [
            120.54655,
            23.46747
          ],
          [
            120.54655,
            23.46747
          ],
          [
            120.54606,
            23.46775
          ],
          [
            120.54552,
            23.46807
          ],
          [
            120.54485,
            23.46846
          ],
          [
            120.54417,
            23.46887
          ],
          [
            120.54394,
            23.46901
          ],
          [
            120.54376,
            23.46912
          ],
          [
            120.54339,
            23.46934
          ],
          [
            120.54313,
            23.46948
          ],
          [
            120.54291,
            23.4696
          ],
          [
            120.54277,
            23.46969
          ],
          [
            120.54259,
            23.46979
          ],
          [
            120.54227,
            23.46993
          ],
          [
            120.5421,
            23.47001
          ],
          [
            120.5419,
            23.4701
          ],
          [
            120.54184,
            23.47012
          ],
          [
            120.54163,
            23.47022
          ],
          [
            120.54104,
            23.47051
          ],
          [
            120.54104,
            23.47051
          ],
          [
            120.53839,
            23.47185
          ],
          [
            120.53839,
            23.47185
          ],
          [
            120.53683,
            23.47267
          ],
          [
            120.53683,
            23.47267
          ],
          [
            120.53571,
            23.47324
          ],
          [
            120.53543,
            23.47341
          ],
          [
            120.53525,
            23.4736
          ],
          [
            120.53519,
            23.47369
          ],
          [
            120.535,
            23.47408
          ],
          [
            120.5348,
            23.4744
          ],
          [
            120.53455,
            23.47464
          ],
          [
            120.53442,
            23.47476
          ],
          [
            120.53421,
            23.47485
          ],
          [
            120.5341,
            23.47486
          ],
          [
            120.5339,
            23.47485
          ],
          [
            120.5332,
            23.47471
          ],
          [
            120.53286,
            23.4747
          ],
          [
            120.53267,
            23.47474
          ],
          [
            120.53232,
            23.47486
          ],
          [
            120.53199,
            23.47501
          ],
          [
            120.53178,
            23.47513
          ],
          [
            120.53171,
            23.47516
          ],
          [
            120.53171,
            23.47516
          ],
          [
            120.53153,
            23.47525
          ],
          [
            120.53123,
            23.47542
          ],
          [
            120.53096,
            23.47559
          ],
          [
            120.5307,
            23.4758
          ],
          [
            120.53037,
            23.47606
          ],
          [
            120.5295,
            23.47676
          ],
          [
            120.52944,
            23.4768
          ],
          [
            120.52938,
            23.47683
          ],
          [
            120.52928,
            23.47688
          ],
          [
            120.52921,
            23.4769
          ],
          [
            120.52914,
            23.47691
          ],
          [
            120.52906,
            23.47691
          ],
          [
            120.52901,
            23.47691
          ],
          [
            120.52893,
            23.4769
          ],
          [
            120.52880999999999,
            23.47688
          ],
          [
            120.52873,
            23.47686
          ],
          [
            120.52801,
            23.47671
          ],
          [
            120.52794,
            23.4767
          ],
          [
            120.52794,
            23.4767
          ],
          [
            120.52786,
            23.47668
          ],
          [
            120.52777,
            23.47666
          ],
          [
            120.52757,
            23.47662
          ],
          [
            120.5275,
            23.4766
          ],
          [
            120.52707,
            23.47649
          ],
          [
            120.52691,
            23.47646
          ],
          [
            120.52669,
            23.47641
          ],
          [
            120.5265,
            23.47638
          ],
          [
            120.52635,
            23.47635
          ],
          [
            120.52611,
            23.47631
          ],
          [
            120.52604,
            23.47631
          ],
          [
            120.52591,
            23.47629
          ],
          [
            120.52572,
            23.47627
          ],
          [
            120.52552,
            23.47627
          ],
          [
            120.52539,
            23.47627
          ],
          [
            120.52514,
            23.47627
          ],
          [
            120.52504,
            23.47628
          ],
          [
            120.52484,
            23.47629
          ],
          [
            120.52475,
            23.47631
          ],
          [
            120.52464,
            23.47633
          ],
          [
            120.52464,
            23.47633
          ],
          [
            120.52455,
            23.47634
          ],
          [
            120.52446,
            23.47636
          ],
          [
            120.52436,
            23.47638
          ],
          [
            120.52371,
            23.4765
          ],
          [
            120.52359,
            23.47652
          ],
          [
            120.52277,
            23.47667
          ],
          [
            120.52213,
            23.47678
          ],
          [
            120.52212,
            23.47678
          ],
          [
            120.52168,
            23.47688
          ],
          [
            120.52101,
            23.47698
          ],
          [
            120.52083,
            23.477
          ],
          [
            120.52083,
            23.477
          ],
          [
            120.52077,
            23.47701
          ],
          [
            120.52062,
            23.47702
          ],
          [
            120.52047,
            23.47703
          ],
          [
            120.52033,
            23.47704
          ],
          [
            120.51999,
            23.47706
          ],
          [
            120.51946,
            23.47709
          ],
          [
            120.51895,
            23.47712
          ],
          [
            120.51868,
            23.47714
          ],
          [
            120.51848,
            23.47715
          ],
          [
            120.5175,
            23.47722
          ],
          [
            120.51731,
            23.47723
          ],
          [
            120.51692,
            23.47725
          ],
          [
            120.5167,
            23.47726
          ],
          [
            120.51647,
            23.47725
          ],
          [
            120.51612,
            23.47726
          ],
          [
            120.51592,
            23.47726
          ],
          [
            120.5158,
            23.47726
          ],
          [
            120.51479,
            23.47728
          ],
          [
            120.51448,
            23.4773
          ],
          [
            120.51426,
            23.47732
          ],
          [
            120.51418,
            23.47732
          ],
          [
            120.51414,
            23.47733
          ],
          [
            120.51414,
            23.47733
          ],
          [
            120.51409,
            23.47733
          ],
          [
            120.51399,
            23.47735
          ],
          [
            120.5138,
            23.47738
          ],
          [
            120.51329,
            23.47746
          ],
          [
            120.51313,
            23.47747
          ],
          [
            120.51299,
            23.47747
          ],
          [
            120.51291,
            23.47747
          ],
          [
            120.51272,
            23.47747
          ],
          [
            120.51244,
            23.47743
          ],
          [
            120.51234,
            23.47742
          ],
          [
            120.51224,
            23.4774
          ],
          [
            120.51217,
            23.47737
          ],
          [
            120.51212,
            23.47733
          ],
          [
            120.51209,
            23.4773
          ],
          [
            120.51208,
            23.47729
          ],
          [
            120.51202,
            23.4772
          ],
          [
            120.51199,
            23.47713
          ],
          [
            120.51196,
            23.47696
          ],
          [
            120.51192,
            23.47674
          ],
          [
            120.5119,
            23.47664
          ],
          [
            120.51184,
            23.47643
          ],
          [
            120.51171,
            23.4762
          ],
          [
            120.51162,
            23.47612
          ],
          [
            120.51147,
            23.47601
          ],
          [
            120.51129,
            23.4759
          ],
          [
            120.51124,
            23.47588
          ],
          [
            120.51114,
            23.47582
          ],
          [
            120.51102,
            23.47577
          ],
          [
            120.51089,
            23.47572
          ],
          [
            120.51075,
            23.47569
          ],
          [
            120.5107,
            23.47569
          ],
          [
            120.51064,
            23.47568
          ],
          [
            120.5105,
            23.47567
          ],
          [
            120.51049,
            23.47567
          ],
          [
            120.51029,
            23.4757
          ],
          [
            120.51011,
            23.47574
          ],
          [
            120.51011,
            23.47574
          ],
          [
            120.51006,
            23.47575
          ],
          [
            120.50982,
            23.47586
          ],
          [
            120.50957,
            23.47598
          ],
          [
            120.50925,
            23.47618
          ],
          [
            120.50912,
            23.47627
          ],
          [
            120.50898,
            23.4764
          ],
          [
            120.50882,
            23.47657
          ],
          [
            120.50868,
            23.47676
          ],
          [
            120.50854,
            23.47698
          ],
          [
            120.50847,
            23.47713
          ],
          [
            120.5084,
            23.4773
          ],
          [
            120.50836,
            23.47741
          ],
          [
            120.50832,
            23.47755
          ],
          [
            120.50829,
            23.47773
          ],
          [
            120.50822,
            23.47828
          ],
          [
            120.50819,
            23.47841
          ],
          [
            120.50815,
            23.47852
          ],
          [
            120.50813,
            23.47856
          ],
          [
            120.5081,
            23.47863
          ],
          [
            120.50806,
            23.47868
          ],
          [
            120.50802,
            23.47873
          ],
          [
            120.50798,
            23.47877
          ],
          [
            120.50797,
            23.47878
          ],
          [
            120.50781,
            23.4789
          ],
          [
            120.50774,
            23.47892
          ],
          [
            120.50766,
            23.47895
          ],
          [
            120.50751,
            23.479
          ],
          [
            120.50729,
            23.47907
          ],
          [
            120.50714,
            23.4791
          ],
          [
            120.50697,
            23.47913
          ],
          [
            120.50682,
            23.47917
          ],
          [
            120.50679,
            23.47918
          ],
          [
            120.50669,
            23.47921
          ],
          [
            120.50661,
            23.47924
          ],
          [
            120.50658,
            23.47925
          ],
          [
            120.50647,
            23.47931
          ],
          [
            120.50625,
            23.47946
          ],
          [
            120.50605,
            23.47962
          ],
          [
            120.50587,
            23.47975
          ],
          [
            120.50566,
            23.47988
          ],
          [
            120.50559,
            23.4799
          ],
          [
            120.50553,
            23.47992
          ],
          [
            120.50548,
            23.47993
          ],
          [
            120.50542,
            23.47994
          ],
          [
            120.50528,
            23.47996
          ],
          [
            120.50492,
            23.48002
          ],
          [
            120.50488,
            23.48002
          ],
          [
            120.50445,
            23.48007
          ],
          [
            120.50445,
            23.48007
          ],
          [
            120.50386,
            23.48012
          ],
          [
            120.50371,
            23.48015
          ],
          [
            120.50355,
            23.48017
          ],
          [
            120.50314,
            23.48022
          ],
          [
            120.50254,
            23.48031
          ],
          [
            120.50215,
            23.48036
          ],
          [
            120.50203,
            23.48038
          ],
          [
            120.50144,
            23.48047
          ],
          [
            120.5007,
            23.48059
          ],
          [
            120.50058,
            23.48061
          ],
          [
            120.50046,
            23.48064
          ],
          [
            120.50027,
            23.48071
          ],
          [
            120.50011,
            23.48081
          ],
          [
            120.5,
            23.48086
          ],
          [
            120.49962,
            23.48106
          ],
          [
            120.49874,
            23.48152
          ],
          [
            120.49863,
            23.48158
          ],
          [
            120.49839,
            23.48169
          ],
          [
            120.49858,
            23.48185
          ],
          [
            120.49827,
            23.48192
          ],
          [
            120.49822,
            23.48172
          ],
          [
            120.49773,
            23.48177
          ],
          [
            120.49636,
            23.48173
          ],
          [
            120.4945,
            23.48169
          ],
          [
            120.49401,
            23.48166
          ],
          [
            120.49401,
            23.48166
          ],
          [
            120.49218,
            23.48157
          ],
          [
            120.49142,
            23.48148
          ],
          [
            120.49032,
            23.48132
          ],
          [
            120.49032,
            23.48132
          ],
          [
            120.4892,
            23.48115
          ],
          [
            120.48868,
            23.48107
          ],
          [
            120.4881,
            23.48093
          ],
          [
            120.48637,
            23.48048
          ],
          [
            120.48591,
            23.4804
          ],
          [
            120.48509,
            23.4803
          ],
          [
            120.48444,
            23.48024
          ],
          [
            120.48444,
            23.48024
          ],
          [
            120.48403,
            23.48021
          ],
          [
            120.48296,
            23.48009
          ],
          [
            120.48287,
            23.48007
          ],
          [
            120.48261,
            23.48005
          ],
          [
            120.48244,
            23.48003
          ],
          [
            120.48192,
            23.47999
          ],
          [
            120.48188,
            23.47999
          ],
          [
            120.48168,
            23.47997
          ],
          [
            120.48135,
            23.47995
          ],
          [
            120.48122,
            23.47994
          ],
          [
            120.48117,
            23.47994
          ],
          [
            120.48103,
            23.47993
          ],
          [
            120.48083,
            23.47991
          ],
          [
            120.4804,
            23.47988
          ],
          [
            120.48017,
            23.47983
          ],
          [
            120.48017,
            23.47983
          ],
          [
            120.47995,
            23.47978
          ],
          [
            120.47956,
            23.47964
          ],
          [
            120.47933,
            23.47951
          ],
          [
            120.47785,
            23.47849
          ],
          [
            120.47705,
            23.47791
          ],
          [
            120.47685,
            23.47777
          ],
          [
            120.47685,
            23.47777
          ],
          [
            120.47663,
            23.47762
          ],
          [
            120.4764,
            23.47745
          ],
          [
            120.4762,
            23.47733
          ],
          [
            120.47614,
            23.4773
          ],
          [
            120.47612,
            23.47729
          ],
          [
            120.47596,
            23.47722
          ],
          [
            120.47583,
            23.47719
          ],
          [
            120.47573,
            23.47718
          ],
          [
            120.47566,
            23.47719
          ],
          [
            120.47547,
            23.47721
          ],
          [
            120.47431,
            23.47741
          ],
          [
            120.47379,
            23.47747
          ],
          [
            120.47355,
            23.47749
          ],
          [
            120.47309,
            23.47752
          ],
          [
            120.47291,
            23.47754
          ],
          [
            120.47255,
            23.47757
          ],
          [
            120.47221,
            23.47759
          ],
          [
            120.47158,
            23.47766
          ],
          [
            120.47122,
            23.47769
          ],
          [
            120.47122,
            23.47769
          ],
          [
            120.47117,
            23.47769
          ],
          [
            120.47097,
            23.47771
          ],
          [
            120.47061,
            23.47775
          ],
          [
            120.47021,
            23.47777
          ],
          [
            120.46996,
            23.47777
          ],
          [
            120.46983,
            23.47776
          ],
          [
            120.46976,
            23.47775
          ],
          [
            120.46896,
            23.47759
          ],
          [
            120.46854,
            23.4775
          ],
          [
            120.46821,
            23.47743
          ],
          [
            120.46821,
            23.47743
          ],
          [
            120.46539,
            23.47685
          ],
          [
            120.46539,
            23.47685
          ],
          [
            120.46514,
            23.47679
          ],
          [
            120.46492,
            23.47675
          ],
          [
            120.46482,
            23.47674
          ],
          [
            120.46453,
            23.47674
          ],
          [
            120.46443,
            23.47674
          ],
          [
            120.46438,
            23.47675
          ],
          [
            120.46419,
            23.47676
          ],
          [
            120.46259,
            23.47694
          ],
          [
            120.46218,
            23.477
          ],
          [
            120.46199,
            23.47705
          ],
          [
            120.46188,
            23.47707
          ],
          [
            120.46177,
            23.47707
          ],
          [
            120.46164,
            23.47708
          ],
          [
            120.46157,
            23.47707
          ],
          [
            120.4615,
            23.47707
          ],
          [
            120.46137,
            23.47705
          ],
          [
            120.46103,
            23.47702
          ],
          [
            120.46066,
            23.477
          ],
          [
            120.46011,
            23.47694
          ],
          [
            120.46008,
            23.47694
          ],
          [
            120.45948,
            23.47687
          ],
          [
            120.45835,
            23.47677
          ],
          [
            120.45758,
            23.47669
          ],
          [
            120.45719,
            23.47665
          ],
          [
            120.45719,
            23.47665
          ],
          [
            120.45663,
            23.4766
          ],
          [
            120.45643,
            23.47658
          ],
          [
            120.45631,
            23.47657
          ],
          [
            120.4559,
            23.47654
          ],
          [
            120.45553,
            23.47651
          ],
          [
            120.45533,
            23.47649
          ],
          [
            120.4552,
            23.47648
          ],
          [
            120.45478,
            23.47644
          ],
          [
            120.45427,
            23.4764
          ],
          [
            120.45399,
            23.47637
          ],
          [
            120.45359,
            23.47634
          ],
          [
            120.45359,
            23.47634
          ],
          [
            120.45351,
            23.4771
          ],
          [
            120.45349,
            23.47728
          ],
          [
            120.45349,
            23.47728
          ],
          [
            120.45345,
            23.47773
          ],
          [
            120.45345,
            23.47779
          ],
          [
            120.45337,
            23.47833
          ],
          [
            120.45334,
            23.47853
          ],
          [
            120.45324,
            23.47923
          ],
          [
            120.45315,
            23.47989
          ],
          [
            120.4531,
            23.48031
          ],
          [
            120.45304,
            23.48062
          ],
          [
            120.45289,
            23.48137
          ],
          [
            120.45289,
            23.48137
          ],
          [
            120.45249,
            23.4812
          ],
          [
            120.45248,
            23.4812
          ],
          [
            120.45198,
            23.48097
          ],
          [
            120.45106,
            23.48055
          ],
          [
            120.4507,
            23.48039
          ],
          [
            120.45022,
            23.48018
          ],
          [
            120.45022,
            23.48018
          ],
          [
            120.44983,
            23.48002
          ],
          [
            120.44977,
            23.47998
          ],
          [
            120.44977,
            23.47999
          ],
          [
            120.44976,
            23.48
          ],
          [
            120.44975,
            23.48001
          ],
          [
            120.44974,
            23.48002
          ],
          [
            120.44973,
            23.48003
          ],
          [
            120.44972,
            23.48004
          ],
          [
            120.44971,
            23.48004
          ],
          [
            120.4497,
            23.48005
          ],
          [
            120.44969,
            23.48006
          ],
          [
            120.44968,
            23.48006
          ],
          [
            120.44967,
            23.48006
          ],
          [
            120.44966,
            23.48007
          ],
          [
            120.44964,
            23.48007
          ],
          [
            120.44963,
            23.48007
          ],
          [
            120.44962,
            23.48007
          ],
          [
            120.44961,
            23.48007
          ],
          [
            120.4496,
            23.48007
          ],
          [
            120.44959,
            23.48007
          ],
          [
            120.44957,
            23.48007
          ],
          [
            120.44956,
            23.48007
          ],
          [
            120.44955,
            23.48006
          ],
          [
            120.44954,
            23.48006
          ],
          [
            120.44953,
            23.48005
          ],
          [
            120.44952,
            23.48005
          ],
          [
            120.44951,
            23.48004
          ],
          [
            120.4495,
            23.48003
          ],
          [
            120.44949,
            23.48002
          ],
          [
            120.44948,
            23.48002
          ],
          [
            120.44947,
            23.48001
          ],
          [
            120.44947,
            23.48
          ],
          [
            120.44946,
            23.47999
          ],
          [
            120.44946,
            23.47998
          ],
          [
            120.44945,
            23.47997
          ],
          [
            120.44945,
            23.47996
          ],
          [
            120.44944,
            23.47995
          ],
          [
            120.44944,
            23.47994
          ],
          [
            120.44944,
            23.47993
          ],
          [
            120.44944,
            23.47992
          ],
          [
            120.44944,
            23.47991
          ],
          [
            120.44912,
            23.47987
          ],
          [
            120.44846,
            23.47981
          ],
          [
            120.44778,
            23.47974
          ],
          [
            120.44733,
            23.4797
          ],
          [
            120.44682,
            23.47966
          ],
          [
            120.44619,
            23.47961
          ],
          [
            120.44588,
            23.47958
          ],
          [
            120.44588,
            23.47958
          ],
          [
            120.4451,
            23.47951
          ],
          [
            120.4447,
            23.47947
          ],
          [
            120.44411,
            23.47942
          ],
          [
            120.44358,
            23.47937
          ],
          [
            120.44327,
            23.47934
          ],
          [
            120.443,
            23.47932
          ],
          [
            120.44229,
            23.47927
          ],
          [
            120.44229,
            23.47927
          ],
          [
            120.44218,
            23.47934
          ],
          [
            120.44202,
            23.47918
          ],
          [
            120.44181,
            23.47897
          ],
          [
            120.44161,
            23.47876
          ],
          [
            120.44161,
            23.47876
          ],
          [
            120.44142,
            23.47857
          ],
          [
            120.44123,
            23.47836
          ],
          [
            120.44105,
            23.47815
          ],
          [
            120.44092,
            23.47799
          ],
          [
            120.44062,
            23.47766
          ],
          [
            120.44042,
            23.47743
          ],
          [
            120.4404,
            23.47741
          ],
          [
            120.44034,
            23.47732
          ],
          [
            120.44029,
            23.47725
          ],
          [
            120.44013,
            23.4769
          ],
          [
            120.44003,
            23.47666
          ],
          [
            120.43983,
            23.47623
          ],
          [
            120.43936,
            23.4753
          ],
          [
            120.43929,
            23.47519
          ],
          [
            120.43927,
            23.47514
          ],
          [
            120.43925,
            23.47507
          ],
          [
            120.43925,
            23.47507
          ],
          [
            120.43924,
            23.47498
          ],
          [
            120.43926,
            23.4747
          ],
          [
            120.43926,
            23.47459
          ],
          [
            120.43931,
            23.47427
          ],
          [
            120.43934,
            23.47402
          ],
          [
            120.43936,
            23.47379
          ],
          [
            120.4394,
            23.47338
          ],
          [
            120.43943,
            23.47298
          ],
          [
            120.43943,
            23.47298
          ],
          [
            120.43947,
            23.47283
          ],
          [
            120.43957,
            23.47285
          ],
          [
            120.43983,
            23.47286
          ],
          [
            120.44014,
            23.4729
          ],
          [
            120.44038,
            23.47291
          ],
          [
            120.44083,
            23.47294
          ],
          [
            120.4414,
            23.473
          ],
          [
            120.44161,
            23.47303
          ],
          [
            120.44161,
            23.47303
          ],
          [
            120.44176,
            23.47303
          ],
          [
            120.44217,
            23.47306
          ],
          [
            120.44229,
            23.47307
          ],
          [
            120.44229,
            23.47307
          ],
          [
            120.44242,
            23.47309
          ],
          [
            120.44348,
            23.4732
          ],
          [
            120.44364,
            23.47322
          ],
          [
            120.4442,
            23.47326
          ],
          [
            120.44434,
            23.47328
          ],
          [
            120.44478,
            23.47333
          ],
          [
            120.44495,
            23.47334
          ],
          [
            120.44498,
            23.47334
          ],
          [
            120.44502,
            23.47334
          ],
          [
            120.44522,
            23.47336
          ],
          [
            120.44537,
            23.47337
          ],
          [
            120.44554,
            23.47339
          ],
          [
            120.44574,
            23.47341
          ],
          [
            120.44647,
            23.47345
          ],
          [
            120.44685,
            23.4735
          ],
          [
            120.44731,
            23.47354
          ],
          [
            120.4474,
            23.47355
          ],
          [
            120.44796,
            23.47361
          ],
          [
            120.44863,
            23.47365
          ],
          [
            120.44882,
            23.47367
          ],
          [
            120.44911,
            23.47371
          ],
          [
            120.44951,
            23.47372
          ],
          [
            120.45003,
            23.47376
          ],
          [
            120.45003,
            23.47376
          ],
          [
            120.45007,
            23.47377
          ],
          [
            120.45027,
            23.47379
          ],
          [
            120.45182,
            23.47394
          ],
          [
            120.4528,
            23.47404
          ],
          [
            120.45299,
            23.47405
          ],
          [
            120.45372,
            23.47411
          ],
          [
            120.45384,
            23.47411
          ],
          [
            120.45393,
            23.47413
          ],
          [
            120.45419,
            23.47414
          ],
          [
            120.45434,
            23.47416
          ],
          [
            120.45461,
            23.47417
          ],
          [
            120.45476,
            23.4742
          ],
          [
            120.45476,
            23.4742
          ],
          [
            120.45498,
            23.47423
          ],
          [
            120.45529,
            23.47426
          ],
          [
            120.45568,
            23.47429
          ],
          [
            120.45579,
            23.4743
          ],
          [
            120.45598,
            23.47431
          ],
          [
            120.45606,
            23.47432
          ],
          [
            120.45614,
            23.47432
          ],
          [
            120.45622,
            23.47433
          ],
          [
            120.45633,
            23.47434
          ],
          [
            120.45645,
            23.47436
          ],
          [
            120.45655,
            23.47437
          ],
          [
            120.45673,
            23.47438
          ],
          [
            120.45691,
            23.4744
          ],
          [
            120.45708,
            23.47442
          ],
          [
            120.45725,
            23.47444
          ],
          [
            120.45744,
            23.47446
          ],
          [
            120.45764,
            23.47449
          ],
          [
            120.45782,
            23.47451
          ],
          [
            120.45859,
            23.47456
          ],
          [
            120.45872,
            23.47458
          ],
          [
            120.459,
            23.4746
          ],
          [
            120.45956,
            23.47465
          ],
          [
            120.45972,
            23.47467
          ],
          [
            120.46015,
            23.47472
          ],
          [
            120.46097,
            23.47479
          ],
          [
            120.46135,
            23.47482
          ],
          [
            120.46155,
            23.47484
          ],
          [
            120.46177,
            23.4749
          ],
          [
            120.46179,
            23.47502
          ],
          [
            120.46189,
            23.47514
          ],
          [
            120.4619,
            23.47516
          ],
          [
            120.46196,
            23.47524
          ],
          [
            120.46204,
            23.47535
          ],
          [
            120.46207,
            23.4754
          ],
          [
            120.46215,
            23.47548
          ],
          [
            120.46228,
            23.47564
          ],
          [
            120.46237,
            23.47575
          ],
          [
            120.46251,
            23.4759
          ],
          [
            120.46267,
            23.47604
          ],
          [
            120.46289,
            23.47618
          ],
          [
            120.46312,
            23.47632
          ],
          [
            120.46337,
            23.47641
          ],
          [
            120.4636,
            23.47647
          ],
          [
            120.46425,
            23.47661
          ],
          [
            120.46453,
            23.47674
          ],
          [
            120.46482,
            23.47674
          ],
          [
            120.46492,
            23.47675
          ],
          [
            120.46514,
            23.47679
          ],
          [
            120.46546,
            23.47687
          ]
        ]
      }
    },
    {
      "type": "Feature",
      "properties": {
        "feature_type": "station",
        "ref": "THB106419",
        "name": "大雅站",
        "name_en": "Daya Stop",
        "line": "7317（半天岩）",
        "color": "#dc2626",
        "direction": 0
      },
      "geometry": {
        "type": "Point",
        "coordinates": [
          120.46526,
          23.47667
        ]
      }
    },
    {
      "type": "Feature",
      "properties": {
        "feature_type": "station",
        "ref": "THB300822",
        "name": "228紀念館",
        "name_en": "228 Memorial Museum",
        "line": "7317（半天岩）",
        "color": "#dc2626",
        "direction": 0
      },
      "geometry": {
        "type": "Point",
        "coordinates": [
          120.46157,
          23.47623
        ]
      }
    },
    {
      "type": "Feature",
      "properties": {
        "feature_type": "station",
        "ref": "THB300832",
        "name": "民族停車場",
        "name_en": "Mingtsu Parking Lot",
        "line": "7317（半天岩）",
        "color": "#dc2626",
        "direction": 0
      },
      "geometry": {
        "type": "Point",
        "coordinates": [
          120.455207,
          23.474345
        ]
      }
    },
    {
      "type": "Feature",
      "properties": {
        "feature_type": "station",
        "ref": "THB300827",
        "name": "文化路口",
        "name_en": "Wenhua Road Intersection",
        "line": "7317（半天岩）",
        "color": "#dc2626",
        "direction": 0
      },
      "geometry": {
        "type": "Point",
        "coordinates": [
          120.45055,
          23.473955
        ]
      }
    },
    {
      "type": "Feature",
      "properties": {
        "feature_type": "station",
        "ref": "THB300828",
        "name": "新光三越遠東站",
        "name_en": "ShinKong MitsuKoshi - Far Eastern Station",
        "line": "7317（半天岩）",
        "color": "#dc2626",
        "direction": 0
      },
      "geometry": {
        "type": "Point",
        "coordinates": [
          120.44267,
          23.47323
        ]
      }
    },
    {
      "type": "Feature",
      "properties": {
        "feature_type": "station",
        "ref": "THB300829",
        "name": "嘉義火車站",
        "name_en": "Chiayi train station",
        "line": "7317（半天岩）",
        "color": "#dc2626",
        "direction": 0
      },
      "geometry": {
        "type": "Point",
        "coordinates": [
          120.44088,
          23.47773
        ]
      }
    },
    {
      "type": "Feature",
      "properties": {
        "feature_type": "station",
        "ref": "THB245505",
        "name": "彰化銀行(嘉義)",
        "name_en": "Chang Hwa Bank(Chiayi)",
        "line": "7317（半天岩）",
        "color": "#dc2626",
        "direction": 0
      },
      "geometry": {
        "type": "Point",
        "coordinates": [
          120.4446,
          23.4794
        ]
      }
    },
    {
      "type": "Feature",
      "properties": {
        "feature_type": "station",
        "ref": "THB242019",
        "name": "中央噴水站",
        "name_en": "Central Fountain Stop",
        "line": "7317（半天岩）",
        "color": "#dc2626",
        "direction": 0
      },
      "geometry": {
        "type": "Point",
        "coordinates": [
          120.450434,
          23.480238
        ]
      }
    },
    {
      "type": "Feature",
      "properties": {
        "feature_type": "station",
        "ref": "THB106502",
        "name": "市政府",
        "name_en": "CITY HALL",
        "line": "7317（半天岩）",
        "color": "#dc2626",
        "direction": 0
      },
      "geometry": {
        "type": "Point",
        "coordinates": [
          120.452644,
          23.481232
        ]
      }
    },
    {
      "type": "Feature",
      "properties": {
        "feature_type": "station",
        "ref": "THB120397",
        "name": "嘉邑城隍廟",
        "name_en": "Chiayi Chenghuang Temple",
        "line": "7317（半天岩）",
        "color": "#dc2626",
        "direction": 0
      },
      "geometry": {
        "type": "Point",
        "coordinates": [
          120.45346,
          23.47689
        ]
      }
    },
    {
      "type": "Feature",
      "properties": {
        "feature_type": "station",
        "ref": "THB105486",
        "name": "民族國小",
        "name_en": "MINZU Elementary School",
        "line": "7317（半天岩）",
        "color": "#dc2626",
        "direction": 0
      },
      "geometry": {
        "type": "Point",
        "coordinates": [
          120.45451,
          23.47638
        ]
      }
    },
    {
      "type": "Feature",
      "properties": {
        "feature_type": "station",
        "ref": "THB105487",
        "name": "民國路口",
        "name_en": "Minguo Road Intersection",
        "line": "7317（半天岩）",
        "color": "#dc2626",
        "direction": 0
      },
      "geometry": {
        "type": "Point",
        "coordinates": [
          120.460326,
          23.476928
        ]
      }
    },
    {
      "type": "Feature",
      "properties": {
        "feature_type": "station",
        "ref": "THB105488",
        "name": "嘉義高中",
        "name_en": "Chiayi Senior High School",
        "line": "7317（半天岩）",
        "color": "#dc2626",
        "direction": 0
      },
      "geometry": {
        "type": "Point",
        "coordinates": [
          120.46549,
          23.47682
        ]
      }
    },
    {
      "type": "Feature",
      "properties": {
        "feature_type": "station",
        "ref": "THB105489",
        "name": "下山仔頂",
        "name_en": "Xiashanziding",
        "line": "7317（半天岩）",
        "color": "#dc2626",
        "direction": 0
      },
      "geometry": {
        "type": "Point",
        "coordinates": [
          120.46843,
          23.47742
        ]
      }
    },
    {
      "type": "Feature",
      "properties": {
        "feature_type": "station",
        "ref": "THB105490",
        "name": "山子頂",
        "name_en": "Shanziding",
        "line": "7317（半天岩）",
        "color": "#dc2626",
        "direction": 0
      },
      "geometry": {
        "type": "Point",
        "coordinates": [
          120.47149,
          23.47762
        ]
      }
    },
    {
      "type": "Feature",
      "properties": {
        "feature_type": "station",
        "ref": "THB105491",
        "name": "長竹巷",
        "name_en": "Zhangzhu Lane",
        "line": "7317（半天岩）",
        "color": "#dc2626",
        "direction": 0
      },
      "geometry": {
        "type": "Point",
        "coordinates": [
          120.47685,
          23.47777
        ]
      }
    },
    {
      "type": "Feature",
      "properties": {
        "feature_type": "station",
        "ref": "THB105492",
        "name": "東山仔頂",
        "name_en": "Dongshanziding",
        "line": "7317（半天岩）",
        "color": "#dc2626",
        "direction": 0
      },
      "geometry": {
        "type": "Point",
        "coordinates": [
          120.48013,
          23.47977
        ]
      }
    },
    {
      "type": "Feature",
      "properties": {
        "feature_type": "station",
        "ref": "THB105493",
        "name": "崇仁護校",
        "name_en": "Chung Jen College of Nursing, Health Sciences and",
        "line": "7317（半天岩）",
        "color": "#dc2626",
        "direction": 0
      },
      "geometry": {
        "type": "Point",
        "coordinates": [
          120.48201,
          23.47999
        ]
      }
    },
    {
      "type": "Feature",
      "properties": {
        "feature_type": "station",
        "ref": "THB105496",
        "name": "盧厝",
        "name_en": "Lucuo",
        "line": "7317（半天岩）",
        "color": "#dc2626",
        "direction": 0
      },
      "geometry": {
        "type": "Point",
        "coordinates": [
          120.48449,
          23.48016
        ]
      }
    },
    {
      "type": "Feature",
      "properties": {
        "feature_type": "station",
        "ref": "THB105494",
        "name": "東洋新村",
        "name_en": "Dongyangxincun",
        "line": "7317（半天岩）",
        "color": "#dc2626",
        "direction": 0
      },
      "geometry": {
        "type": "Point",
        "coordinates": [
          120.49017,
          23.48122
        ]
      }
    },
    {
      "type": "Feature",
      "properties": {
        "feature_type": "station",
        "ref": "THB105495",
        "name": "姜母寮",
        "name_en": "Jiangmuliao",
        "line": "7317（半天岩）",
        "color": "#dc2626",
        "direction": 0
      },
      "geometry": {
        "type": "Point",
        "coordinates": [
          120.49419,
          23.48164
        ]
      }
    },
    {
      "type": "Feature",
      "properties": {
        "feature_type": "station",
        "ref": "THB282616",
        "name": "東盧厝",
        "name_en": "Donglucuo",
        "line": "7317（半天岩）",
        "color": "#dc2626",
        "direction": 0
      },
      "geometry": {
        "type": "Point",
        "coordinates": [
          120.4982,
          23.48169
        ]
      }
    },
    {
      "type": "Feature",
      "properties": {
        "feature_type": "station",
        "ref": "THB105497",
        "name": "三橋子",
        "name_en": "Sanqiaozi",
        "line": "7317（半天岩）",
        "color": "#dc2626",
        "direction": 0
      },
      "geometry": {
        "type": "Point",
        "coordinates": [
          120.50455,
          23.48002
        ]
      }
    },
    {
      "type": "Feature",
      "properties": {
        "feature_type": "station",
        "ref": "THB105498",
        "name": "南埤子",
        "name_en": "Nanbizi",
        "line": "7317（半天岩）",
        "color": "#dc2626",
        "direction": 0
      },
      "geometry": {
        "type": "Point",
        "coordinates": [
          120.510105,
          23.475708
        ]
      }
    },
    {
      "type": "Feature",
      "properties": {
        "feature_type": "station",
        "ref": "THB105499",
        "name": "土地公崎",
        "name_en": "Tudigongqi",
        "line": "7317（半天岩）",
        "color": "#dc2626",
        "direction": 0
      },
      "geometry": {
        "type": "Point",
        "coordinates": [
          120.51411,
          23.47731
        ]
      }
    },
    {
      "type": "Feature",
      "properties": {
        "feature_type": "station",
        "ref": "THB105500",
        "name": "平園",
        "name_en": "Pingyuan",
        "line": "7317（半天岩）",
        "color": "#dc2626",
        "direction": 0
      },
      "geometry": {
        "type": "Point",
        "coordinates": [
          120.52082,
          23.47691
        ]
      }
    },
    {
      "type": "Feature",
      "properties": {
        "feature_type": "station",
        "ref": "THB105501",
        "name": "江西寮",
        "name_en": "Jiangxiliao",
        "line": "7317（半天岩）",
        "color": "#dc2626",
        "direction": 0
      },
      "geometry": {
        "type": "Point",
        "coordinates": [
          120.52464,
          23.47625
        ]
      }
    },
    {
      "type": "Feature",
      "properties": {
        "feature_type": "station",
        "ref": "THB105502",
        "name": "江西寮店仔",
        "name_en": "Jiangxiliaodianzi",
        "line": "7317（半天岩）",
        "color": "#dc2626",
        "direction": 0
      },
      "geometry": {
        "type": "Point",
        "coordinates": [
          120.52831,
          23.47672
        ]
      }
    },
    {
      "type": "Feature",
      "properties": {
        "feature_type": "station",
        "ref": "THB105503",
        "name": "崎子頭",
        "name_en": "Qizitou",
        "line": "7317（半天岩）",
        "color": "#dc2626",
        "direction": 0
      },
      "geometry": {
        "type": "Point",
        "coordinates": [
          120.53163,
          23.4751
        ]
      }
    },
    {
      "type": "Feature",
      "properties": {
        "feature_type": "station",
        "ref": "THB105504",
        "name": "香蕉市場",
        "name_en": "Xiangjiao Market",
        "line": "7317（半天岩）",
        "color": "#dc2626",
        "direction": 0
      },
      "geometry": {
        "type": "Point",
        "coordinates": [
          120.53696,
          23.47252
        ]
      }
    },
    {
      "type": "Feature",
      "properties": {
        "feature_type": "station",
        "ref": "THB105505",
        "name": "下坑",
        "name_en": "Xiaken",
        "line": "7317（半天岩）",
        "color": "#dc2626",
        "direction": 0
      },
      "geometry": {
        "type": "Point",
        "coordinates": [
          120.53882,
          23.47161
        ]
      }
    },
    {
      "type": "Feature",
      "properties": {
        "feature_type": "station",
        "ref": "THB105506",
        "name": "柳枝橋",
        "name_en": "Liuzhiqiao",
        "line": "7317（半天岩）",
        "color": "#dc2626",
        "direction": 0
      },
      "geometry": {
        "type": "Point",
        "coordinates": [
          120.54099,
          23.47049
        ]
      }
    },
    {
      "type": "Feature",
      "properties": {
        "feature_type": "station",
        "ref": "THB105507",
        "name": "頂坑",
        "name_en": "Dingkeng",
        "line": "7317（半天岩）",
        "color": "#dc2626",
        "direction": 0
      },
      "geometry": {
        "type": "Point",
        "coordinates": [
          120.54655,
          23.46744
        ]
      }
    },
    {
      "type": "Feature",
      "properties": {
        "feature_type": "station",
        "ref": "THB105508",
        "name": "果菜市場",
        "name_en": "Fruit & Vegetable Market",
        "line": "7317（半天岩）",
        "color": "#dc2626",
        "direction": 0
      },
      "geometry": {
        "type": "Point",
        "coordinates": [
          120.55138,
          23.4647
        ]
      }
    },
    {
      "type": "Feature",
      "properties": {
        "feature_type": "station",
        "ref": "THB105509",
        "name": "菜公店",
        "name_en": "Caigongdian",
        "line": "7317（半天岩）",
        "color": "#dc2626",
        "direction": 0
      },
      "geometry": {
        "type": "Point",
        "coordinates": [
          120.55402,
          23.46411
        ]
      }
    },
    {
      "type": "Feature",
      "properties": {
        "feature_type": "station",
        "ref": "THB105510",
        "name": "北園商城",
        "name_en": "Beiyuan Shopping Center",
        "line": "7317（半天岩）",
        "color": "#dc2626",
        "direction": 0
      },
      "geometry": {
        "type": "Point",
        "coordinates": [
          120.55731,
          23.46398
        ]
      }
    },
    {
      "type": "Feature",
      "properties": {
        "feature_type": "station",
        "ref": "THB105511",
        "name": "石頭埔",
        "name_en": "Shitoupu",
        "line": "7317（半天岩）",
        "color": "#dc2626",
        "direction": 0
      },
      "geometry": {
        "type": "Point",
        "coordinates": [
          120.56255,
          23.46349
        ]
      }
    },
    {
      "type": "Feature",
      "properties": {
        "feature_type": "station",
        "ref": "THB105512",
        "name": "番路",
        "name_en": "Fanlu",
        "line": "7317（半天岩）",
        "color": "#dc2626",
        "direction": 0
      },
      "geometry": {
        "type": "Point",
        "coordinates": [
          120.567787,
          23.46443
        ]
      }
    },
    {
      "type": "Feature",
      "properties": {
        "feature_type": "station",
        "ref": "THB105513",
        "name": "民和商城",
        "name_en": "Minhe Shopping Center",
        "line": "7317（半天岩）",
        "color": "#dc2626",
        "direction": 0
      },
      "geometry": {
        "type": "Point",
        "coordinates": [
          120.57018,
          23.46416
        ]
      }
    },
    {
      "type": "Feature",
      "properties": {
        "feature_type": "station",
        "ref": "THB105514",
        "name": "頂番路",
        "name_en": "Dingfan Road",
        "line": "7317（半天岩）",
        "color": "#dc2626",
        "direction": 0
      },
      "geometry": {
        "type": "Point",
        "coordinates": [
          120.57291,
          23.46265
        ]
      }
    },
    {
      "type": "Feature",
      "properties": {
        "feature_type": "station",
        "ref": "THB105515",
        "name": "沈厝子",
        "name_en": "Shencuozi",
        "line": "7317（半天岩）",
        "color": "#dc2626",
        "direction": 0
      },
      "geometry": {
        "type": "Point",
        "coordinates": [
          120.5756,
          23.461
        ]
      }
    },
    {
      "type": "Feature",
      "properties": {
        "feature_type": "station",
        "ref": "THB105516",
        "name": "義興宮",
        "name_en": "YixingTemple",
        "line": "7317（半天岩）",
        "color": "#dc2626",
        "direction": 0
      },
      "geometry": {
        "type": "Point",
        "coordinates": [
          120.57779,
          23.45924
        ]
      }
    },
    {
      "type": "Feature",
      "properties": {
        "feature_type": "station",
        "ref": "THB105517",
        "name": "下客庄",
        "name_en": "Xiakezhuang",
        "line": "7317（半天岩）",
        "color": "#dc2626",
        "direction": 0
      },
      "geometry": {
        "type": "Point",
        "coordinates": [
          120.58007,
          23.45819
        ]
      }
    },
    {
      "type": "Feature",
      "properties": {
        "feature_type": "station",
        "ref": "THB105518",
        "name": "天主教堂",
        "name_en": "Catholic Church",
        "line": "7317（半天岩）",
        "color": "#dc2626",
        "direction": 0
      },
      "geometry": {
        "type": "Point",
        "coordinates": [
          120.58369,
          23.45841
        ]
      }
    },
    {
      "type": "Feature",
      "properties": {
        "feature_type": "station",
        "ref": "THB105519",
        "name": "客庄",
        "name_en": "Kezhuang",
        "line": "7317（半天岩）",
        "color": "#dc2626",
        "direction": 0
      },
      "geometry": {
        "type": "Point",
        "coordinates": [
          120.584763,
          23.458477
        ]
      }
    },
    {
      "type": "Feature",
      "properties": {
        "feature_type": "station",
        "ref": "THB242142",
        "name": "民和活動中心",
        "name_en": "Minhe Activity Center",
        "line": "7317（半天岩）",
        "color": "#dc2626",
        "direction": 0
      },
      "geometry": {
        "type": "Point",
        "coordinates": [
          120.586624,
          23.458819
        ]
      }
    },
    {
      "type": "Feature",
      "properties": {
        "feature_type": "station",
        "ref": "THB105520",
        "name": "岩子腳",
        "name_en": "Yanzijiao",
        "line": "7317（半天岩）",
        "color": "#dc2626",
        "direction": 0
      },
      "geometry": {
        "type": "Point",
        "coordinates": [
          120.59022,
          23.46045
        ]
      }
    },
    {
      "type": "Feature",
      "properties": {
        "feature_type": "station",
        "ref": "THB105521",
        "name": "小半天",
        "name_en": "Xiaobantian",
        "line": "7317（半天岩）",
        "color": "#dc2626",
        "direction": 0
      },
      "geometry": {
        "type": "Point",
        "coordinates": [
          120.59088,
          23.45972
        ]
      }
    },
    {
      "type": "Feature",
      "properties": {
        "feature_type": "station",
        "ref": "THB105522",
        "name": "半天岩",
        "name_en": "Bantianyan",
        "line": "7317（半天岩）",
        "color": "#dc2626",
        "direction": 0
      },
      "geometry": {
        "type": "Point",
        "coordinates": [
          120.595469,
          23.461638
        ]
      }
    },
    {
      "type": "Feature",
      "properties": {
        "feature_type": "station",
        "ref": "THB106048",
        "name": "大籠",
        "name_en": "Dalong",
        "line": "7317（半天岩）",
        "color": "#dc2626",
        "direction": 0
      },
      "geometry": {
        "type": "Point",
        "coordinates": [
          120.60469,
          23.45999
        ]
      }
    },
    {
      "type": "Feature",
      "properties": {
        "feature_type": "station",
        "ref": "THB106049",
        "name": "興化湖",
        "name_en": "Xinghua Lake",
        "line": "7317（半天岩）",
        "color": "#dc2626",
        "direction": 0
      },
      "geometry": {
        "type": "Point",
        "coordinates": [
          120.613952,
          23.465017
        ]
      }
    },
    {
      "type": "Feature",
      "properties": {
        "feature_type": "station",
        "ref": "THB106050",
        "name": "橫路",
        "name_en": "Henglu",
        "line": "7317（半天岩）",
        "color": "#dc2626",
        "direction": 0
      },
      "geometry": {
        "type": "Point",
        "coordinates": [
          120.614197,
          23.468962
        ]
      }
    },
    {
      "type": "Feature",
      "properties": {
        "feature_type": "station",
        "ref": "THB106051",
        "name": "下坪",
        "name_en": "Xiaping",
        "line": "7317（半天岩）",
        "color": "#dc2626",
        "direction": 0
      },
      "geometry": {
        "type": "Point",
        "coordinates": [
          120.619819,
          23.473854
        ]
      }
    },
    {
      "type": "Feature",
      "properties": {
        "feature_type": "station",
        "ref": "THB107166",
        "name": "大湖國小",
        "name_en": "Dahu Elementary School",
        "line": "7317（半天岩）",
        "color": "#dc2626",
        "direction": 0
      },
      "geometry": {
        "type": "Point",
        "coordinates": [
          120.62018,
          23.475342
        ]
      }
    },
    {
      "type": "Feature",
      "properties": {
        "feature_type": "station",
        "ref": "THB106053",
        "name": "頂下坪",
        "name_en": "Dingxiaping",
        "line": "7317（半天岩）",
        "color": "#dc2626",
        "direction": 0
      },
      "geometry": {
        "type": "Point",
        "coordinates": [
          120.620753,
          23.476518
        ]
      }
    },
    {
      "type": "Feature",
      "properties": {
        "feature_type": "station",
        "ref": "THB107168",
        "name": "五百因",
        "name_en": "Wubaiyin",
        "line": "7317（半天岩）",
        "color": "#dc2626",
        "direction": 0
      },
      "geometry": {
        "type": "Point",
        "coordinates": [
          120.62111,
          23.48019
        ]
      }
    },
    {
      "type": "Feature",
      "properties": {
        "feature_type": "station",
        "ref": "THB106055",
        "name": "火燒寮",
        "name_en": "Huoshaoliao",
        "line": "7317（半天岩）",
        "color": "#dc2626",
        "direction": 0
      },
      "geometry": {
        "type": "Point",
        "coordinates": [
          120.623758,
          23.483185
        ]
      }
    },
    {
      "type": "Feature",
      "properties": {
        "feature_type": "station",
        "ref": "THB106056",
        "name": "下火燒寮",
        "name_en": "Xiahuoshaoliao",
        "line": "7317（半天岩）",
        "color": "#dc2626",
        "direction": 0
      },
      "geometry": {
        "type": "Point",
        "coordinates": [
          120.62519,
          23.48358
        ]
      }
    },
    {
      "type": "Feature",
      "properties": {
        "feature_type": "station",
        "ref": "THB107169",
        "name": "茶科路口",
        "name_en": "Chake Road Intersection",
        "line": "7317（半天岩）",
        "color": "#dc2626",
        "direction": 0
      },
      "geometry": {
        "type": "Point",
        "coordinates": [
          120.625834,
          23.482023
        ]
      }
    },
    {
      "type": "Feature",
      "properties": {
        "feature_type": "station",
        "ref": "THB106058",
        "name": "何厝",
        "name_en": "Hecuo",
        "line": "7317（半天岩）",
        "color": "#dc2626",
        "direction": 0
      },
      "geometry": {
        "type": "Point",
        "coordinates": [
          120.625324,
          23.477676
        ]
      }
    },
    {
      "type": "Feature",
      "properties": {
        "feature_type": "station",
        "ref": "THB106059",
        "name": "大湖",
        "name_en": "Dahu",
        "line": "7317（半天岩）",
        "color": "#dc2626",
        "direction": 0
      },
      "geometry": {
        "type": "Point",
        "coordinates": [
          120.627206,
          23.47574
        ]
      }
    },
    {
      "type": "Feature",
      "properties": {
        "feature_type": "station",
        "ref": "THB106060",
        "name": "大湖",
        "name_en": "Dahu",
        "line": "7317（半天岩）",
        "color": "#dc2626",
        "direction": 1
      },
      "geometry": {
        "type": "Point",
        "coordinates": [
          120.627282,
          23.475807
        ]
      }
    },
    {
      "type": "Feature",
      "properties": {
        "feature_type": "station",
        "ref": "THB106061",
        "name": "何厝",
        "name_en": "Hecuo",
        "line": "7317（半天岩）",
        "color": "#dc2626",
        "direction": 1
      },
      "geometry": {
        "type": "Point",
        "coordinates": [
          120.625532,
          23.477991
        ]
      }
    },
    {
      "type": "Feature",
      "properties": {
        "feature_type": "station",
        "ref": "THB106062",
        "name": "茶科路口",
        "name_en": "Chake Road Intersection",
        "line": "7317（半天岩）",
        "color": "#dc2626",
        "direction": 1
      },
      "geometry": {
        "type": "Point",
        "coordinates": [
          120.625876,
          23.481922
        ]
      }
    },
    {
      "type": "Feature",
      "properties": {
        "feature_type": "station",
        "ref": "THB107200",
        "name": "下火燒寮",
        "name_en": "Xiahuoshaoliao",
        "line": "7317（半天岩）",
        "color": "#dc2626",
        "direction": 1
      },
      "geometry": {
        "type": "Point",
        "coordinates": [
          120.62508,
          23.48359
        ]
      }
    },
    {
      "type": "Feature",
      "properties": {
        "feature_type": "station",
        "ref": "THB106064",
        "name": "火燒寮",
        "name_en": "Huoshaoliao",
        "line": "7317（半天岩）",
        "color": "#dc2626",
        "direction": 1
      },
      "geometry": {
        "type": "Point",
        "coordinates": [
          120.623672,
          23.483273
        ]
      }
    },
    {
      "type": "Feature",
      "properties": {
        "feature_type": "station",
        "ref": "THB107202",
        "name": "五百因",
        "name_en": "Wubaiyin",
        "line": "7317（半天岩）",
        "color": "#dc2626",
        "direction": 1
      },
      "geometry": {
        "type": "Point",
        "coordinates": [
          120.62107,
          23.48023
        ]
      }
    },
    {
      "type": "Feature",
      "properties": {
        "feature_type": "station",
        "ref": "THB107203",
        "name": "頂下坪",
        "name_en": "Dingxiaping",
        "line": "7317（半天岩）",
        "color": "#dc2626",
        "direction": 1
      },
      "geometry": {
        "type": "Point",
        "coordinates": [
          120.620651,
          23.476517
        ]
      }
    },
    {
      "type": "Feature",
      "properties": {
        "feature_type": "station",
        "ref": "THB107204",
        "name": "大湖國小",
        "name_en": "Dahu Elementary School",
        "line": "7317（半天岩）",
        "color": "#dc2626",
        "direction": 1
      },
      "geometry": {
        "type": "Point",
        "coordinates": [
          120.620204,
          23.475413
        ]
      }
    },
    {
      "type": "Feature",
      "properties": {
        "feature_type": "station",
        "ref": "THB106065",
        "name": "下坪",
        "name_en": "Xiaping",
        "line": "7317（半天岩）",
        "color": "#dc2626",
        "direction": 1
      },
      "geometry": {
        "type": "Point",
        "coordinates": [
          120.61977,
          23.47388
        ]
      }
    },
    {
      "type": "Feature",
      "properties": {
        "feature_type": "station",
        "ref": "THB106066",
        "name": "橫路",
        "name_en": "Henglu",
        "line": "7317（半天岩）",
        "color": "#dc2626",
        "direction": 1
      },
      "geometry": {
        "type": "Point",
        "coordinates": [
          120.6142,
          23.46894
        ]
      }
    },
    {
      "type": "Feature",
      "properties": {
        "feature_type": "station",
        "ref": "THB106067",
        "name": "興化湖",
        "name_en": "Xinghua Lake",
        "line": "7317（半天岩）",
        "color": "#dc2626",
        "direction": 1
      },
      "geometry": {
        "type": "Point",
        "coordinates": [
          120.613911,
          23.465066
        ]
      }
    },
    {
      "type": "Feature",
      "properties": {
        "feature_type": "station",
        "ref": "THB107208",
        "name": "大籠",
        "name_en": "Dalong",
        "line": "7317（半天岩）",
        "color": "#dc2626",
        "direction": 1
      },
      "geometry": {
        "type": "Point",
        "coordinates": [
          120.604627,
          23.460061
        ]
      }
    },
    {
      "type": "Feature",
      "properties": {
        "feature_type": "station",
        "ref": "THB105522",
        "name": "半天岩",
        "name_en": "Bantianyan",
        "line": "7317（半天岩）",
        "color": "#dc2626",
        "direction": 1
      },
      "geometry": {
        "type": "Point",
        "coordinates": [
          120.595469,
          23.461638
        ]
      }
    },
    {
      "type": "Feature",
      "properties": {
        "feature_type": "station",
        "ref": "THB263801",
        "name": "小半天",
        "name_en": "Xiaobantian",
        "line": "7317（半天岩）",
        "color": "#dc2626",
        "direction": 1
      },
      "geometry": {
        "type": "Point",
        "coordinates": [
          120.591077,
          23.459878
        ]
      }
    },
    {
      "type": "Feature",
      "properties": {
        "feature_type": "station",
        "ref": "THB263800",
        "name": "岩子腳",
        "name_en": "Yanzijiao",
        "line": "7317（半天岩）",
        "color": "#dc2626",
        "direction": 1
      },
      "geometry": {
        "type": "Point",
        "coordinates": [
          120.59022,
          23.46045
        ]
      }
    },
    {
      "type": "Feature",
      "properties": {
        "feature_type": "station",
        "ref": "THB242147",
        "name": "民和活動中心",
        "name_en": "Minhe Activity Center",
        "line": "7317（半天岩）",
        "color": "#dc2626",
        "direction": 1
      },
      "geometry": {
        "type": "Point",
        "coordinates": [
          120.58654,
          23.45889
        ]
      }
    },
    {
      "type": "Feature",
      "properties": {
        "feature_type": "station",
        "ref": "THB105544",
        "name": "客庄",
        "name_en": "Kezhuang",
        "line": "7317（半天岩）",
        "color": "#dc2626",
        "direction": 1
      },
      "geometry": {
        "type": "Point",
        "coordinates": [
          120.58474,
          23.4586
        ]
      }
    },
    {
      "type": "Feature",
      "properties": {
        "feature_type": "station",
        "ref": "THB263799",
        "name": "天主教堂",
        "name_en": "Catholic Church",
        "line": "7317（半天岩）",
        "color": "#dc2626",
        "direction": 1
      },
      "geometry": {
        "type": "Point",
        "coordinates": [
          120.58368,
          23.4585
        ]
      }
    },
    {
      "type": "Feature",
      "properties": {
        "feature_type": "station",
        "ref": "THB105546",
        "name": "下客庄",
        "name_en": "Xiakezhuang",
        "line": "7317（半天岩）",
        "color": "#dc2626",
        "direction": 1
      },
      "geometry": {
        "type": "Point",
        "coordinates": [
          120.58026,
          23.45827
        ]
      }
    },
    {
      "type": "Feature",
      "properties": {
        "feature_type": "station",
        "ref": "THB105547",
        "name": "義興宮",
        "name_en": "YixingTemple",
        "line": "7317（半天岩）",
        "color": "#dc2626",
        "direction": 1
      },
      "geometry": {
        "type": "Point",
        "coordinates": [
          120.57792,
          23.45926
        ]
      }
    },
    {
      "type": "Feature",
      "properties": {
        "feature_type": "station",
        "ref": "THB105548",
        "name": "沈厝子",
        "name_en": "Shencuozi",
        "line": "7317（半天岩）",
        "color": "#dc2626",
        "direction": 1
      },
      "geometry": {
        "type": "Point",
        "coordinates": [
          120.57564,
          23.46112
        ]
      }
    },
    {
      "type": "Feature",
      "properties": {
        "feature_type": "station",
        "ref": "THB105549",
        "name": "頂番路",
        "name_en": "Dingfan Road",
        "line": "7317（半天岩）",
        "color": "#dc2626",
        "direction": 1
      },
      "geometry": {
        "type": "Point",
        "coordinates": [
          120.57296,
          23.46272
        ]
      }
    },
    {
      "type": "Feature",
      "properties": {
        "feature_type": "station",
        "ref": "THB105550",
        "name": "民和商城",
        "name_en": "Minhe Shopping Center",
        "line": "7317（半天岩）",
        "color": "#dc2626",
        "direction": 1
      },
      "geometry": {
        "type": "Point",
        "coordinates": [
          120.570232,
          23.464291
        ]
      }
    },
    {
      "type": "Feature",
      "properties": {
        "feature_type": "station",
        "ref": "THB105551",
        "name": "番路",
        "name_en": "Fanlu",
        "line": "7317（半天岩）",
        "color": "#dc2626",
        "direction": 1
      },
      "geometry": {
        "type": "Point",
        "coordinates": [
          120.56777,
          23.46471
        ]
      }
    },
    {
      "type": "Feature",
      "properties": {
        "feature_type": "station",
        "ref": "THB105552",
        "name": "石頭埔",
        "name_en": "Shitoupu",
        "line": "7317（半天岩）",
        "color": "#dc2626",
        "direction": 1
      },
      "geometry": {
        "type": "Point",
        "coordinates": [
          120.56253,
          23.46357
        ]
      }
    },
    {
      "type": "Feature",
      "properties": {
        "feature_type": "station",
        "ref": "THB105553",
        "name": "北園商城",
        "name_en": "Beiyuan Shopping Center",
        "line": "7317（半天岩）",
        "color": "#dc2626",
        "direction": 1
      },
      "geometry": {
        "type": "Point",
        "coordinates": [
          120.55742,
          23.46407
        ]
      }
    },
    {
      "type": "Feature",
      "properties": {
        "feature_type": "station",
        "ref": "THB105554",
        "name": "菜公店",
        "name_en": "Caigongdian",
        "line": "7317（半天岩）",
        "color": "#dc2626",
        "direction": 1
      },
      "geometry": {
        "type": "Point",
        "coordinates": [
          120.55428,
          23.46418
        ]
      }
    },
    {
      "type": "Feature",
      "properties": {
        "feature_type": "station",
        "ref": "THB105555",
        "name": "果菜市場",
        "name_en": "Fruit & Vegetable Market",
        "line": "7317（半天岩）",
        "color": "#dc2626",
        "direction": 1
      },
      "geometry": {
        "type": "Point",
        "coordinates": [
          120.5513,
          23.46483
        ]
      }
    },
    {
      "type": "Feature",
      "properties": {
        "feature_type": "station",
        "ref": "THB105556",
        "name": "頂坑",
        "name_en": "Dingkeng",
        "line": "7317（半天岩）",
        "color": "#dc2626",
        "direction": 1
      },
      "geometry": {
        "type": "Point",
        "coordinates": [
          120.546563,
          23.467508
        ]
      }
    },
    {
      "type": "Feature",
      "properties": {
        "feature_type": "station",
        "ref": "THB105557",
        "name": "柳枝橋",
        "name_en": "Liuzhiqiao",
        "line": "7317（半天岩）",
        "color": "#dc2626",
        "direction": 1
      },
      "geometry": {
        "type": "Point",
        "coordinates": [
          120.54106,
          23.47055
        ]
      }
    },
    {
      "type": "Feature",
      "properties": {
        "feature_type": "station",
        "ref": "THB105558",
        "name": "下坑",
        "name_en": "Xiaken",
        "line": "7317（半天岩）",
        "color": "#dc2626",
        "direction": 1
      },
      "geometry": {
        "type": "Point",
        "coordinates": [
          120.53842,
          23.47189
        ]
      }
    },
    {
      "type": "Feature",
      "properties": {
        "feature_type": "station",
        "ref": "THB105559",
        "name": "香蕉市場",
        "name_en": "Xiangjiao Market",
        "line": "7317（半天岩）",
        "color": "#dc2626",
        "direction": 1
      },
      "geometry": {
        "type": "Point",
        "coordinates": [
          120.53686,
          23.47272
        ]
      }
    },
    {
      "type": "Feature",
      "properties": {
        "feature_type": "station",
        "ref": "THB105560",
        "name": "崎子頭",
        "name_en": "Qizitou",
        "line": "7317（半天岩）",
        "color": "#dc2626",
        "direction": 1
      },
      "geometry": {
        "type": "Point",
        "coordinates": [
          120.53174,
          23.47521
        ]
      }
    },
    {
      "type": "Feature",
      "properties": {
        "feature_type": "station",
        "ref": "THB105561",
        "name": "江西寮店仔",
        "name_en": "Jiangxiliaodianzi",
        "line": "7317（半天岩）",
        "color": "#dc2626",
        "direction": 1
      },
      "geometry": {
        "type": "Point",
        "coordinates": [
          120.52789,
          23.47674
        ]
      }
    },
    {
      "type": "Feature",
      "properties": {
        "feature_type": "station",
        "ref": "THB105562",
        "name": "江西寮",
        "name_en": "Jiangxiliao",
        "line": "7317（半天岩）",
        "color": "#dc2626",
        "direction": 1
      },
      "geometry": {
        "type": "Point",
        "coordinates": [
          120.52464,
          23.47635
        ]
      }
    },
    {
      "type": "Feature",
      "properties": {
        "feature_type": "station",
        "ref": "THB105563",
        "name": "平園",
        "name_en": "Pingyuan",
        "line": "7317（半天岩）",
        "color": "#dc2626",
        "direction": 1
      },
      "geometry": {
        "type": "Point",
        "coordinates": [
          120.52075,
          23.47706
        ]
      }
    },
    {
      "type": "Feature",
      "properties": {
        "feature_type": "station",
        "ref": "THB105564",
        "name": "土地公崎",
        "name_en": "Tudigongqi",
        "line": "7317（半天岩）",
        "color": "#dc2626",
        "direction": 1
      },
      "geometry": {
        "type": "Point",
        "coordinates": [
          120.514137,
          23.477367
        ]
      }
    },
    {
      "type": "Feature",
      "properties": {
        "feature_type": "station",
        "ref": "THB105565",
        "name": "南埤子",
        "name_en": "Nanbizi",
        "line": "7317（半天岩）",
        "color": "#dc2626",
        "direction": 1
      },
      "geometry": {
        "type": "Point",
        "coordinates": [
          120.51011,
          23.47575
        ]
      }
    },
    {
      "type": "Feature",
      "properties": {
        "feature_type": "station",
        "ref": "THB105566",
        "name": "三橋子",
        "name_en": "Sanqiaozi",
        "line": "7317（半天岩）",
        "color": "#dc2626",
        "direction": 1
      },
      "geometry": {
        "type": "Point",
        "coordinates": [
          120.504457,
          23.480105
        ]
      }
    },
    {
      "type": "Feature",
      "properties": {
        "feature_type": "station",
        "ref": "THB105567",
        "name": "東盧厝",
        "name_en": "Donglucuo",
        "line": "7317（半天岩）",
        "color": "#dc2626",
        "direction": 1
      },
      "geometry": {
        "type": "Point",
        "coordinates": [
          120.498254,
          23.481869
        ]
      }
    },
    {
      "type": "Feature",
      "properties": {
        "feature_type": "station",
        "ref": "THB105568",
        "name": "姜母寮",
        "name_en": "Jiangmuliao",
        "line": "7317（半天岩）",
        "color": "#dc2626",
        "direction": 1
      },
      "geometry": {
        "type": "Point",
        "coordinates": [
          120.494,
          23.48174
        ]
      }
    },
    {
      "type": "Feature",
      "properties": {
        "feature_type": "station",
        "ref": "THB105569",
        "name": "東洋新村",
        "name_en": "Dongyangxincun",
        "line": "7317（半天岩）",
        "color": "#dc2626",
        "direction": 1
      },
      "geometry": {
        "type": "Point",
        "coordinates": [
          120.4903,
          23.48145
        ]
      }
    },
    {
      "type": "Feature",
      "properties": {
        "feature_type": "station",
        "ref": "THB107251",
        "name": "盧厝",
        "name_en": "Lucuo",
        "line": "7317（半天岩）",
        "color": "#dc2626",
        "direction": 1
      },
      "geometry": {
        "type": "Point",
        "coordinates": [
          120.48444,
          23.48029
        ]
      }
    },
    {
      "type": "Feature",
      "properties": {
        "feature_type": "station",
        "ref": "THB105570",
        "name": "崇仁護校",
        "name_en": "Chung Jen College of Nursing, Health Sciences and",
        "line": "7317（半天岩）",
        "color": "#dc2626",
        "direction": 1
      },
      "geometry": {
        "type": "Point",
        "coordinates": [
          120.481912,
          23.480028
        ]
      }
    },
    {
      "type": "Feature",
      "properties": {
        "feature_type": "station",
        "ref": "THB105571",
        "name": "東山仔頂",
        "name_en": "Dongshanziding",
        "line": "7317（半天岩）",
        "color": "#dc2626",
        "direction": 1
      },
      "geometry": {
        "type": "Point",
        "coordinates": [
          120.48013,
          23.47996
        ]
      }
    },
    {
      "type": "Feature",
      "properties": {
        "feature_type": "station",
        "ref": "THB105572",
        "name": "長竹巷",
        "name_en": "Zhangzhu Lane",
        "line": "7317（半天岩）",
        "color": "#dc2626",
        "direction": 1
      },
      "geometry": {
        "type": "Point",
        "coordinates": [
          120.47685,
          23.47777
        ]
      }
    },
    {
      "type": "Feature",
      "properties": {
        "feature_type": "station",
        "ref": "THB105573",
        "name": "山子頂",
        "name_en": "Shanziding",
        "line": "7317（半天岩）",
        "color": "#dc2626",
        "direction": 1
      },
      "geometry": {
        "type": "Point",
        "coordinates": [
          120.47114,
          23.4778
        ]
      }
    },
    {
      "type": "Feature",
      "properties": {
        "feature_type": "station",
        "ref": "THB105574",
        "name": "下山仔頂",
        "name_en": "XiaShanZiDing",
        "line": "7317（半天岩）",
        "color": "#dc2626",
        "direction": 1
      },
      "geometry": {
        "type": "Point",
        "coordinates": [
          120.46912,
          23.47769
        ]
      }
    },
    {
      "type": "Feature",
      "properties": {
        "feature_type": "station",
        "ref": "THB105575",
        "name": "嘉義高中",
        "name_en": "Chiayi Senior High School",
        "line": "7317（半天岩）",
        "color": "#dc2626",
        "direction": 1
      },
      "geometry": {
        "type": "Point",
        "coordinates": [
          120.46536,
          23.47696
        ]
      }
    },
    {
      "type": "Feature",
      "properties": {
        "feature_type": "station",
        "ref": "THB105576",
        "name": "民國路口",
        "name_en": "Minguo Road Intersection",
        "line": "7317（半天岩）",
        "color": "#dc2626",
        "direction": 1
      },
      "geometry": {
        "type": "Point",
        "coordinates": [
          120.460085,
          23.476926
        ]
      }
    },
    {
      "type": "Feature",
      "properties": {
        "feature_type": "station",
        "ref": "THB105577",
        "name": "五穀王廟",
        "name_en": "Wuguwang Temple",
        "line": "7317（半天岩）",
        "color": "#dc2626",
        "direction": 1
      },
      "geometry": {
        "type": "Point",
        "coordinates": [
          120.45711,
          23.476682
        ]
      }
    },
    {
      "type": "Feature",
      "properties": {
        "feature_type": "station",
        "ref": "THB106039",
        "name": "嘉邑城隍廟",
        "name_en": "Chiayi Chenghuang Temple",
        "line": "7317（半天岩）",
        "color": "#dc2626",
        "direction": 1
      },
      "geometry": {
        "type": "Point",
        "coordinates": [
          120.45351,
          23.47728
        ]
      }
    },
    {
      "type": "Feature",
      "properties": {
        "feature_type": "station",
        "ref": "THB242023",
        "name": "中央噴水站",
        "name_en": "Central Fountain Stop",
        "line": "7317（半天岩）",
        "color": "#dc2626",
        "direction": 1
      },
      "geometry": {
        "type": "Point",
        "coordinates": [
          120.450191,
          23.480207
        ]
      }
    },
    {
      "type": "Feature",
      "properties": {
        "feature_type": "station",
        "ref": "THB275823",
        "name": "彰化銀行(嘉義)",
        "name_en": "Chang Hwa Bank(Chiayi)",
        "line": "7317（半天岩）",
        "color": "#dc2626",
        "direction": 1
      },
      "geometry": {
        "type": "Point",
        "coordinates": [
          120.44587,
          23.479689
        ]
      }
    },
    {
      "type": "Feature",
      "properties": {
        "feature_type": "station",
        "ref": "THB300819",
        "name": "嘉義火車站",
        "name_en": "Chiayi train station",
        "line": "7317（半天岩）",
        "color": "#dc2626",
        "direction": 1
      },
      "geometry": {
        "type": "Point",
        "coordinates": [
          120.441611,
          23.478755
        ]
      }
    },
    {
      "type": "Feature",
      "properties": {
        "feature_type": "station",
        "ref": "THB300823",
        "name": "新光三越遠東站",
        "name_en": "ShinKong MitsuKoshi - Far Eastern Station",
        "line": "7317（半天岩）",
        "color": "#dc2626",
        "direction": 1
      },
      "geometry": {
        "type": "Point",
        "coordinates": [
          120.44229,
          23.473099
        ]
      }
    },
    {
      "type": "Feature",
      "properties": {
        "feature_type": "station",
        "ref": "THB300821",
        "name": "文化路口",
        "name_en": "Wenhua Road Intersection Stop",
        "line": "7317（半天岩）",
        "color": "#dc2626",
        "direction": 1
      },
      "geometry": {
        "type": "Point",
        "coordinates": [
          120.450028,
          23.473828
        ]
      }
    },
    {
      "type": "Feature",
      "properties": {
        "feature_type": "station",
        "ref": "THB300825",
        "name": "民族停車場",
        "name_en": "Mingtsu Parking Lot",
        "line": "7317（半天岩）",
        "color": "#dc2626",
        "direction": 1
      },
      "geometry": {
        "type": "Point",
        "coordinates": [
          120.454764,
          23.474211
        ]
      }
    },
    {
      "type": "Feature",
      "properties": {
        "feature_type": "station",
        "ref": "THB106419",
        "name": "大雅站",
        "name_en": "Daya Stop",
        "line": "7317（半天岩）",
        "color": "#dc2626",
        "direction": 1
      },
      "geometry": {
        "type": "Point",
        "coordinates": [
          120.46526,
          23.47667
        ]
      }
    }
  ]
}
