{
  "type": "FeatureCollection",
  "name": "黃16",
  "properties": {
    "id": "tainan_huang16",
    "name": "黃16",
    "name_en": "黃16",
    "ref": "黃16",
    "color": "#3f6212",
    "city_id": "Tainan",
    "source": "TDX Bus Shape / StopOfRoute",
    "official_map_url": "http://busmap.tainan.gov.tw/ebus/resources/PathPic/zh_TW/1516.jpg",
    "operator_id": "10190",
    "operator": "新營客運",
    "operator_en": "Sinying Bus Co., Ltd."
  },
  "features": [
    {
      "type": "Feature",
      "properties": {
        "feature_type": "route",
        "ref": "黃16",
        "name": "黃16",
        "name_en": "黃16",
        "color": "#3f6212",
        "direction": 0
      },
      "geometry": {
        "type": "LineString",
        "coordinates": [
          [
            120.35133,
            23.22638
          ],
          [
            120.35091,
            23.22539
          ],
          [
            120.34741899972178,
            23.22460489008068
          ],
          [
            120.34737878615508,
            23.22460237639312
          ],
          [
            120.3473401980421,
            23.22461253186581
          ],
          [
            120.34730756441517,
            23.22463412694983
          ],
          [
            120.34728470232623,
            23.224664635736627
          ],
          [
            120.34727428588144,
            23.22470048971004
          ],
          [
            120.34727748376429,
            23.224737316632726
          ],
          [
            120.34812570158962,
            23.22777477000042
          ],
          [
            120.34813727284775,
            23.227801325430512
          ],
          [
            120.3481558041408,
            23.227824026356753
          ],
          [
            120.34818007238827,
            23.227841491977898
          ],
          [
            120.34820841074169,
            23.22785252267935
          ],
          [
            120.34823887280011,
            23.22785636082471
          ],
          [
            120.3482695642068,
            23.2278526941157
          ],
          [
            120.34975,
            23.22749
          ],
          [
            120.35067770404194,
            23.22749
          ],
          [
            120.35070352613516,
            23.227492662807485
          ],
          [
            120.35072808145738,
            23.22750052057052
          ],
          [
            120.35075016538477,
            23.227513187806682
          ],
          [
            120.3507686945345,
            23.227530043092717
          ],
          [
            120.35078275991229,
            23.227550259549993
          ],
          [
            120.35079171615347,
            23.227573015570158
          ],
          [
            120.35126,
            23.22935
          ],
          [
            120.35206,
            23.23343
          ],
          [
            120.35398,
            23.23308
          ],
          [
            120.35431,
            23.23506
          ],
          [
            120.35275,
            23.24099
          ],
          [
            120.35421,
            23.24313
          ],
          [
            120.35582,
            23.24524
          ],
          [
            120.35607,
            23.24637
          ],
          [
            120.35645,
            23.24749
          ],
          [
            120.35737,
            23.24875
          ],
          [
            120.35866,
            23.24985
          ],
          [
            120.36351,
            23.25476
          ],
          [
            120.36499,
            23.25643
          ],
          [
            120.36574,
            23.25701
          ],
          [
            120.36664,
            23.25735
          ],
          [
            120.36674,
            23.25758
          ],
          [
            120.36748,
            23.25818
          ],
          [
            120.36861,
            23.25844
          ],
          [
            120.36993,
            23.25835
          ],
          [
            120.37064,
            23.25803
          ],
          [
            120.37129411493926,
            23.257928185464316
          ],
          [
            120.37132248722962,
            23.25792695936176
          ],
          [
            120.3713502178236,
            23.257932038022677
          ],
          [
            120.37137583072733,
            23.257943105731844
          ],
          [
            120.37139783920375,
            23.25795952004847
          ],
          [
            120.37141496573985,
            23.257980328180427
          ],
          [
            120.37142627983268,
            23.258004521396042
          ],
          [
            120.37164,
            23.25867
          ],
          [
            120.3781416613131,
            23.265578767640616
          ],
          [
            120.37815923025589,
            23.26559406149983
          ],
          [
            120.37817944027982,
            23.265605544650686
          ],
          [
            120.3782017333963,
            23.265613033316967
          ],
          [
            120.37822519882927,
            23.26561622155231
          ],
          [
            120.37824887790818,
            23.265614979102676
          ],
          [
            120.37827205855444,
            23.265609267416348
          ],
          [
            120.37959,
            23.26515
          ],
          [
            120.38099,
            23.26482
          ],
          [
            120.38225,
            23.26449
          ],
          [
            120.3828851528603,
            23.263676297058705
          ],
          [
            120.38290426455617,
            23.26365703068794
          ],
          [
            120.38292745258101,
            23.26364271480141
          ],
          [
            120.38295363637495,
            23.26363386364114
          ],
          [
            120.38298133802944,
            23.26363097679883
          ],
          [
            120.38300899396225,
            23.263634217218357
          ],
          [
            120.38303534411418,
            23.263643548613484
          ],
          [
            120.38513,
            23.26466
          ],
          [
            120.38646,
            23.26522
          ],
          [
            120.38807,
            23.26512
          ],
          [
            120.38808,
            23.26512
          ],
          [
            120.38787,
            23.26541
          ],
          [
            120.38530790415076,
            23.270421015861704
          ],
          [
            120.38529800533078,
            23.270436879155763
          ],
          [
            120.38528558737208,
            23.27045076682749
          ],
          [
            120.38527085684832,
            23.270462562317505
          ],
          [
            120.38525421980464,
            23.27047194048453
          ],
          [
            120.38523613483918,
            23.270478642820493
          ],
          [
            120.38521720729382,
            23.270482471440356
          ],
          [
            120.38351820417877,
            23.27069051643607
          ],
          [
            120.3834854628152,
            23.27069915877757
          ],
          [
            120.38345670039756,
            23.270716198420985
          ],
          [
            120.38343446024601,
            23.270740178728666
          ],
          [
            120.38342062650048,
            23.27076906813824
          ],
          [
            120.38341637112745,
            23.270800419198284
          ],
          [
            120.38342198052605,
            23.270831363578214
          ],
          [
            120.38401,
            23.27251
          ],
          [
            120.38344,
            23.28342
          ],
          [
            120.38326,
            23.28659
          ],
          [
            120.38321,
            23.28997
          ],
          [
            120.38335,
            23.29145
          ],
          [
            120.38377,
            23.29269
          ],
          [
            120.38415,
            23.29351
          ],
          [
            120.38522,
            23.29411
          ],
          [
            120.38556,
            23.29492
          ],
          [
            120.38677,
            23.29618
          ],
          [
            120.39257,
            23.30226
          ],
          [
            120.39322,
            23.30263
          ],
          [
            120.39463,
            23.30314
          ],
          [
            120.39639,
            23.30449
          ],
          [
            120.39715,
            23.30507
          ],
          [
            120.39805,
            23.30541
          ],
          [
            120.39871,
            23.30621
          ],
          [
            120.39944,
            23.30711
          ],
          [
            120.40002,
            23.30804
          ],
          [
            120.39971,
            23.30912
          ],
          [
            120.39981,
            23.30949
          ],
          [
            120.40241,
            23.31617
          ],
          [
            120.40286,
            23.31747
          ],
          [
            120.40296,
            23.31848
          ],
          [
            120.40480540619055,
            23.320519233694753
          ],
          [
            120.40481891580411,
            23.320537909550332
          ],
          [
            120.40482808952756,
            23.32055911851333
          ],
          [
            120.40483226117233,
            23.32058163318249
          ],
          [
            120.40483124603182,
            23.320604456682915
          ],
          [
            120.40482508905308,
            23.320626578465706
          ],
          [
            120.40481426350047,
            23.320646727398476
          ],
          [
            120.40408,
            23.32171
          ],
          [
            120.40354,
            23.32249
          ],
          [
            120.40341,
            23.32248
          ],
          [
            120.40344,
            23.32296
          ],
          [
            120.40323,
            23.32422
          ],
          [
            120.40324287982733,
            23.325561460578587
          ],
          [
            120.40324581818157,
            23.32558465862115
          ],
          [
            120.40325405130886,
            23.3256067324104
          ],
          [
            120.40326719845106,
            23.32562666746439
          ],
          [
            120.40328465136315,
            23.325643541499193
          ],
          [
            120.40330560259605,
            23.325656573847198
          ],
          [
            120.4033288784871,
            23.325665109322884
          ],
          [
            120.40484,
            23.32605
          ],
          [
            120.40498,
            23.32611
          ],
          [
            120.40511,
            23.32612
          ],
          [
            120.40514,
            23.32615
          ],
          [
            120.40627,
            23.32767
          ],
          [
            120.40694,
            23.32867
          ],
          [
            120.40695,
            23.33039
          ],
          [
            120.40679,
            23.33371
          ],
          [
            120.40659,
            23.33555
          ],
          [
            120.40795,
            23.33939
          ],
          [
            120.40904,
            23.34118
          ],
          [
            120.41046,
            23.34301
          ],
          [
            120.41047,
            23.34304
          ],
          [
            120.41067,
            23.34323
          ],
          [
            120.41368603376856,
            23.347134427123596
          ],
          [
            120.41370281140357,
            23.347166322564917
          ],
          [
            120.41370755834866,
            23.347201876081254
          ],
          [
            120.41369953154856,
            23.347236922283976
          ],
          [
            120.41367960508587,
            23.347267644798343
          ],
          [
            120.41364994886327,
            23.347290698079966
          ],
          [
            120.41361395165085,
            23.34730354148136
          ],
          [
            120.41358801612193,
            23.34730798886966
          ],
          [
            120.41355274945668,
            23.34732043675023
          ],
          [
            120.41352347037467,
            23.347342701547678
          ],
          [
            120.41350339058953,
            23.347372431901046
          ],
          [
            120.41349460343659,
            23.347406528394753
          ],
          [
            120.4134980249843,
            23.347441436439205
          ],
          [
            120.41351309348782,
            23.34747322449598
          ],
          [
            120.41361,
            23.34761
          ],
          [
            120.41393,
            23.34745
          ],
          [
            120.41473,
            23.34856
          ],
          [
            120.41497,
            23.34916
          ],
          [
            120.41511,
            23.34959
          ],
          [
            120.41532,
            23.35001
          ],
          [
            120.41586,
            23.35084
          ],
          [
            120.41619621547098,
            23.351124530843354
          ],
          [
            120.41622071355086,
            23.351154223584448
          ],
          [
            120.4162329324686,
            23.35119021228676
          ],
          [
            120.41623109441875,
            23.35122789420123
          ],
          [
            120.41621542131398,
            23.351262719890176
          ],
          [
            120.41618780540985,
            23.35129048475562
          ],
          [
            120.41615180606955,
            23.351307771260213
          ],
          [
            120.41606328238116,
            23.35133280666647
          ],
          [
            120.41603868446198,
            23.351342974506405
          ],
          [
            120.41601707114987,
            23.351358210486538
          ],
          [
            120.41599982577128,
            23.351377632817695
          ],
          [
            120.41598787236862,
            23.351400200811902
          ],
          [
            120.41598185142949,
            23.35142470523018
          ],
          [
            120.41598207298775,
            23.35144973998082
          ],
          [
            120.41618,
            23.35291
          ],
          [
            120.41743798292572,
            23.352827226238187
          ],
          [
            120.41745819563042,
            23.352827499378254
          ],
          [
            120.41747800158934,
            23.352830959285768
          ],
          [
            120.41749687566946,
            23.3528375001298
          ],
          [
            120.41751426166303,
            23.35284692915564
          ],
          [
            120.41752964721545,
            23.352858968495614
          ],
          [
            120.41754280046993,
            23.352873557142484
          ],
          [
            120.41941,
            23.35534
          ],
          [
            120.42426,
            23.36188
          ],
          [
            120.42426,
            23.36188
          ],
          [
            120.41941,
            23.35534
          ],
          [
            120.41754280046993,
            23.352873557142484
          ],
          [
            120.41752964721545,
            23.352858968495614
          ],
          [
            120.41751426166303,
            23.35284692915564
          ],
          [
            120.41749687566946,
            23.3528375001298
          ],
          [
            120.41747800158934,
            23.352830959285768
          ],
          [
            120.41745819563042,
            23.352827499378254
          ],
          [
            120.41743798292572,
            23.352827226238187
          ],
          [
            120.41618,
            23.35291
          ],
          [
            120.41598207298775,
            23.35144973998082
          ],
          [
            120.41598185142949,
            23.35142470523018
          ],
          [
            120.41598787236862,
            23.351400200811902
          ],
          [
            120.41599982577128,
            23.351377632817695
          ],
          [
            120.41601707114987,
            23.351358210486538
          ],
          [
            120.41603868446198,
            23.351342974506405
          ],
          [
            120.41606328238116,
            23.35133280666647
          ],
          [
            120.41615180606955,
            23.351307771260213
          ],
          [
            120.41618780540985,
            23.35129048475562
          ],
          [
            120.41621542131398,
            23.351262719890176
          ],
          [
            120.41623109441875,
            23.35122789420123
          ],
          [
            120.4162329324686,
            23.35119021228676
          ],
          [
            120.41622071355086,
            23.351154223584448
          ],
          [
            120.41619621547098,
            23.351124530843354
          ],
          [
            120.41586,
            23.35084
          ],
          [
            120.41532,
            23.35001
          ],
          [
            120.41511,
            23.34959
          ],
          [
            120.41497,
            23.34916
          ],
          [
            120.41473,
            23.34856
          ],
          [
            120.41393,
            23.34745
          ],
          [
            120.41361,
            23.34761
          ],
          [
            120.41351309348782,
            23.34747322449598
          ],
          [
            120.4134980249843,
            23.347441436439205
          ],
          [
            120.41349460343659,
            23.347406528394753
          ],
          [
            120.41350339058953,
            23.347372431901046
          ],
          [
            120.41352347037467,
            23.347342701547678
          ],
          [
            120.41355274945668,
            23.34732043675023
          ],
          [
            120.41358801612193,
            23.34730798886966
          ],
          [
            120.41361395165085,
            23.34730354148136
          ],
          [
            120.41364994886327,
            23.347290698079966
          ],
          [
            120.41367960508587,
            23.347267644798343
          ],
          [
            120.41369953154856,
            23.347236922283976
          ],
          [
            120.41370755834866,
            23.347201876081254
          ],
          [
            120.41370281140357,
            23.347166322564917
          ],
          [
            120.41368603376856,
            23.347134427123596
          ],
          [
            120.41067,
            23.34323
          ],
          [
            120.41047,
            23.34304
          ],
          [
            120.41046,
            23.34301
          ],
          [
            120.40904,
            23.34118
          ],
          [
            120.40795,
            23.33939
          ],
          [
            120.40659,
            23.33555
          ],
          [
            120.40679,
            23.33371
          ],
          [
            120.40695,
            23.33039
          ],
          [
            120.40694,
            23.32867
          ],
          [
            120.40627,
            23.32767
          ],
          [
            120.40514,
            23.32615
          ],
          [
            120.40511,
            23.32612
          ],
          [
            120.40498,
            23.32611
          ],
          [
            120.40484,
            23.32605
          ],
          [
            120.4033288784871,
            23.325665109322884
          ],
          [
            120.40330560259605,
            23.325656573847198
          ],
          [
            120.40328465136315,
            23.325643541499193
          ],
          [
            120.40326719845106,
            23.32562666746439
          ],
          [
            120.40325405130886,
            23.3256067324104
          ],
          [
            120.40324581818157,
            23.32558465862115
          ],
          [
            120.40324287982733,
            23.325561460578587
          ],
          [
            120.40323,
            23.32422
          ],
          [
            120.40344,
            23.32296
          ],
          [
            120.40341,
            23.32248
          ],
          [
            120.40354,
            23.32249
          ],
          [
            120.40408,
            23.32171
          ],
          [
            120.40481426350047,
            23.320646727398476
          ],
          [
            120.40482508905308,
            23.320626578465706
          ],
          [
            120.40483124603182,
            23.320604456682915
          ],
          [
            120.40483226117233,
            23.32058163318249
          ],
          [
            120.40482808952756,
            23.32055911851333
          ],
          [
            120.40481891580411,
            23.320537909550332
          ],
          [
            120.40480540619055,
            23.320519233694753
          ],
          [
            120.40296,
            23.31848
          ],
          [
            120.40286,
            23.31747
          ],
          [
            120.40241,
            23.31617
          ],
          [
            120.39981,
            23.30949
          ],
          [
            120.39971,
            23.30912
          ],
          [
            120.40002,
            23.30804
          ],
          [
            120.39944,
            23.30711
          ],
          [
            120.39871,
            23.30621
          ],
          [
            120.39805,
            23.30541
          ],
          [
            120.39715,
            23.30507
          ],
          [
            120.39639,
            23.30449
          ],
          [
            120.39463,
            23.30314
          ],
          [
            120.39322,
            23.30263
          ],
          [
            120.39257,
            23.30226
          ],
          [
            120.38677,
            23.29618
          ],
          [
            120.38556,
            23.29492
          ],
          [
            120.38522,
            23.29411
          ],
          [
            120.38415,
            23.29351
          ],
          [
            120.38377,
            23.29269
          ],
          [
            120.38335,
            23.29145
          ],
          [
            120.38321,
            23.28997
          ],
          [
            120.38326,
            23.28659
          ],
          [
            120.38344,
            23.28342
          ],
          [
            120.38401,
            23.27251
          ],
          [
            120.38342198052605,
            23.270831363578214
          ],
          [
            120.38341637112745,
            23.270800419198284
          ],
          [
            120.38342062650048,
            23.27076906813824
          ],
          [
            120.38343446024601,
            23.270740178728666
          ],
          [
            120.38345670039756,
            23.270716198420985
          ],
          [
            120.3834854628152,
            23.27069915877757
          ],
          [
            120.38351820417877,
            23.27069051643607
          ],
          [
            120.38521720729382,
            23.270482471440356
          ],
          [
            120.38523613483918,
            23.270478642820493
          ],
          [
            120.38525421980464,
            23.27047194048453
          ],
          [
            120.38527085684832,
            23.270462562317505
          ],
          [
            120.38528558737208,
            23.27045076682749
          ],
          [
            120.38529800533078,
            23.270436879155763
          ],
          [
            120.38530790415076,
            23.270421015861704
          ],
          [
            120.38787,
            23.26541
          ],
          [
            120.38808,
            23.26512
          ],
          [
            120.38807,
            23.26512
          ],
          [
            120.38646,
            23.26522
          ],
          [
            120.38513,
            23.26466
          ],
          [
            120.38303534411418,
            23.263643548613484
          ],
          [
            120.38300899396225,
            23.263634217218357
          ],
          [
            120.38298133802944,
            23.26363097679883
          ],
          [
            120.38295363637495,
            23.26363386364114
          ],
          [
            120.38292745258101,
            23.26364271480141
          ],
          [
            120.38290426455617,
            23.26365703068794
          ],
          [
            120.3828851528603,
            23.263676297058705
          ],
          [
            120.38225,
            23.26449
          ],
          [
            120.38099,
            23.26482
          ],
          [
            120.37959,
            23.26515
          ],
          [
            120.37827205855444,
            23.265609267416348
          ],
          [
            120.37824887790818,
            23.265614979102676
          ],
          [
            120.37822519882927,
            23.26561622155231
          ],
          [
            120.3782017333963,
            23.265613033316967
          ],
          [
            120.37817944027982,
            23.265605544650686
          ],
          [
            120.37815923025589,
            23.26559406149983
          ],
          [
            120.3781416613131,
            23.265578767640616
          ],
          [
            120.37164,
            23.25867
          ],
          [
            120.37142627983268,
            23.258004521396042
          ],
          [
            120.37141496573985,
            23.257980328180427
          ],
          [
            120.37139783920375,
            23.25795952004847
          ],
          [
            120.37137583072733,
            23.257943105731844
          ],
          [
            120.3713502178236,
            23.257932038022677
          ],
          [
            120.37132248722962,
            23.25792695936176
          ],
          [
            120.37129411493926,
            23.257928185464316
          ],
          [
            120.37064,
            23.25803
          ],
          [
            120.36993,
            23.25835
          ],
          [
            120.36861,
            23.25844
          ],
          [
            120.36748,
            23.25818
          ],
          [
            120.36674,
            23.25758
          ],
          [
            120.36664,
            23.25735
          ],
          [
            120.36574,
            23.25701
          ],
          [
            120.36499,
            23.25643
          ],
          [
            120.36351,
            23.25476
          ],
          [
            120.35866,
            23.24985
          ],
          [
            120.35737,
            23.24875
          ],
          [
            120.35645,
            23.24749
          ],
          [
            120.35607,
            23.24637
          ],
          [
            120.35582,
            23.24524
          ],
          [
            120.35421,
            23.24313
          ],
          [
            120.35275,
            23.24099
          ],
          [
            120.35431,
            23.23506
          ],
          [
            120.35398,
            23.23308
          ],
          [
            120.35206,
            23.23343
          ],
          [
            120.35126,
            23.22935
          ],
          [
            120.35079171615347,
            23.227573015570158
          ],
          [
            120.35078275991229,
            23.227550259549993
          ],
          [
            120.3507686945345,
            23.227530043092717
          ],
          [
            120.35075016538477,
            23.227513187806682
          ],
          [
            120.35072808145738,
            23.22750052057052
          ],
          [
            120.35070352613516,
            23.227492662807485
          ],
          [
            120.35067770404194,
            23.22749
          ],
          [
            120.34975,
            23.22749
          ],
          [
            120.3482695642068,
            23.2278526941157
          ],
          [
            120.34823887280011,
            23.22785636082471
          ],
          [
            120.34820841074169,
            23.22785252267935
          ],
          [
            120.34818007238827,
            23.227841491977898
          ],
          [
            120.3481558041408,
            23.227824026356753
          ],
          [
            120.34813727284775,
            23.227801325430512
          ],
          [
            120.34812570158962,
            23.22777477000042
          ],
          [
            120.34727748376429,
            23.224737316632726
          ],
          [
            120.34727428588144,
            23.22470048971004
          ],
          [
            120.34728470232623,
            23.224664635736627
          ],
          [
            120.34730756441517,
            23.22463412694983
          ],
          [
            120.3473401980421,
            23.22461253186581
          ],
          [
            120.34737878615508,
            23.22460237639312
          ],
          [
            120.34741899972178,
            23.22460489008068
          ],
          [
            120.35091,
            23.22539
          ],
          [
            120.35145334316552,
            23.226729498068618
          ],
          [
            120.35147492394756,
            23.226763027353915
          ],
          [
            120.35150768467221,
            23.226787208759088
          ],
          [
            120.35154753929461,
            23.226799190834008
          ],
          [
            120.35158940177752,
            23.22679744448932
          ],
          [
            120.35162792985112,
            23.22678219258434
          ],
          [
            120.35165843652122,
            23.226755087925035
          ],
          [
            120.35260854208374,
            23.22554595335608
          ],
          [
            120.35262627711901,
            23.225511953199494
          ],
          [
            120.35263032727107,
            23.225474026726786
          ],
          [
            120.35261996378988,
            23.22543714201022
          ],
          [
            120.35259646396146,
            23.22540584504459
          ],
          [
            120.35256272410999,
            23.22538399314142
          ],
          [
            120.35252296937874,
            23.22537428456143
          ],
          [
            120.35074,
            23.22524
          ],
          [
            120.34953685311844,
            23.2218951935489
          ],
          [
            120.34952662464036,
            23.22187428407711
          ],
          [
            120.34951204111199,
            23.221856000337645
          ],
          [
            120.34949366407747,
            23.221840927097116
          ],
          [
            120.34947229888387,
            23.221829724918535
          ],
          [
            120.34944888182994,
            23.221822884721224
          ],
          [
            120.34942443180479,
            23.221820706327765
          ],
          [
            120.34707,
            23.22184
          ],
          [
            120.34523,
            23.22214
          ],
          [
            120.34536228414103,
            23.22345215831245
          ],
          [
            120.34536057558256,
            23.223483130593994
          ],
          [
            120.34534943882704,
            23.2235124542644
          ],
          [
            120.34532977982924,
            23.22353765539876
          ],
          [
            120.34530321020517,
            23.223556668044804
          ],
          [
            120.34527190809393,
            23.223567933573506
          ],
          [
            120.34523839008556,
            23.223570525694207
          ],
          [
            120.34415,
            23.22351
          ],
          [
            120.33976,
            23.22264
          ],
          [
            120.33525,
            23.22204
          ],
          [
            120.33091,
            23.22131
          ],
          [
            120.33021,
            23.21879
          ],
          [
            120.32681,
            23.21801
          ],
          [
            120.32351959420556,
            23.217180217477967
          ],
          [
            120.3234974465223,
            23.217172284490303
          ],
          [
            120.32347731538405,
            23.217160264046882
          ],
          [
            120.32346024302531,
            23.217144708831167
          ],
          [
            120.32344694164345,
            23.217126267750803
          ],
          [
            120.32343796612432,
            23.21710571010133
          ],
          [
            120.32343368596987,
            23.217083835226784
          ],
          [
            120.32252,
            23.20614
          ],
          [
            120.32154,
            23.20614
          ],
          [
            120.31781,
            23.20566
          ],
          [
            120.31736,
            23.20551
          ],
          [
            120.31576,
            23.20384
          ],
          [
            120.31475,
            23.20278
          ],
          [
            120.31432,
            23.20261
          ],
          [
            120.31553,
            23.20063
          ],
          [
            120.31681,
            23.19897
          ],
          [
            120.31708,
            23.19863
          ],
          [
            120.31698,
            23.19836
          ],
          [
            120.31818,
            23.19671
          ],
          [
            120.31829310133772,
            23.19215969877734
          ],
          [
            120.31829784301019,
            23.19213152483773
          ],
          [
            120.31831033634214,
            23.192105480565196
          ],
          [
            120.31832972089666,
            23.192083343086907
          ],
          [
            120.31835466095829,
            23.192066637811763
          ],
          [
            120.31838343800284,
            23.192056515836352
          ],
          [
            120.31841409536486,
            23.192053675404914
          ],
          [
            120.31897,
            23.19207
          ],
          [
            120.31893,
            23.19251
          ]
        ]
      }
    },
    {
      "type": "Feature",
      "properties": {
        "feature_type": "route",
        "ref": "黃16",
        "name": "黃16",
        "name_en": "黃16",
        "color": "#3f6212",
        "direction": 1
      },
      "geometry": {
        "type": "LineString",
        "coordinates": [
          [
            120.31893,
            23.19245
          ],
          [
            120.31891976732203,
            23.19262377437181
          ],
          [
            120.31891530642376,
            23.19264640845063
          ],
          [
            120.31890488389897,
            23.192667257778922
          ],
          [
            120.31888916003217,
            23.192685032003897
          ],
          [
            120.31886913400885,
            23.192698601648466
          ],
          [
            120.31884607839837,
            23.192707104418908
          ],
          [
            120.31882145828715,
            23.192709999999998
          ],
          [
            120.31826,
            23.19271
          ],
          [
            120.31828,
            23.19389
          ],
          [
            120.31825,
            23.19608
          ],
          [
            120.31821,
            23.19626
          ],
          [
            120.31825,
            23.19647
          ],
          [
            120.31815,
            23.19678
          ],
          [
            120.31697,
            23.19833
          ],
          [
            120.31707,
            23.19881
          ],
          [
            120.31571,
            23.20063
          ],
          [
            120.31445,
            23.20263
          ],
          [
            120.31465,
            23.20271
          ],
          [
            120.31718,
            23.20533
          ],
          [
            120.31757,
            23.20557
          ],
          [
            120.31797,
            23.20572
          ],
          [
            120.31835,
            23.20571
          ],
          [
            120.32032,
            23.20595
          ],
          [
            120.32162,
            23.20612
          ],
          [
            120.32251,
            23.20612
          ],
          [
            120.32273,
            23.20731
          ],
          [
            120.32283,
            23.20882
          ],
          [
            120.32304,
            23.21159
          ],
          [
            120.32343451007033,
            23.21707315471221
          ],
          [
            120.32343857897776,
            23.217095197804493
          ],
          [
            120.32344741664697,
            23.217115956837752
          ],
          [
            120.32346065335332,
            23.217134605183308
          ],
          [
            120.32347772992587,
            23.217150355061147
          ],
          [
            120.32349792498256,
            23.217162541134016
          ],
          [
            120.3235201811741,
            23.217170596324518
          ],
          [
            120.32689,
            23.21803
          ],
          [
            120.33016992533723,
            23.218789745297496
          ],
          [
            120.33018943404836,
            23.21879603290045
          ],
          [
            120.33020760917167,
            23.218805492321334
          ],
          [
            120.33022368732583,
            23.21881778067674
          ],
          [
            120.3302371604106,
            23.218832509631312
          ],
          [
            120.33024760265096,
            23.2188492137221
          ],
          [
            120.33025473537467,
            23.21886754635211
          ],
          [
            120.33091,
            23.22117
          ],
          [
            120.33451,
            23.22181
          ],
          [
            120.33844,
            23.22235
          ],
          [
            120.33971,
            23.22252
          ],
          [
            120.34214,
            23.22311
          ],
          [
            120.34518585352365,
            23.223555579439424
          ],
          [
            120.34522082746895,
            23.223555847324217
          ],
          [
            120.34525421663514,
            23.223546610842643
          ],
          [
            120.34528320015474,
            23.22352870373002
          ],
          [
            120.34530521991574,
            23.223503706484546
          ],
          [
            120.34531833243382,
            23.223473825386048
          ],
          [
            120.3453213835916,
            23.22344174435298
          ],
          [
            120.34523681216162,
            23.222171932307962
          ],
          [
            120.34523866517206,
            23.22214498502582
          ],
          [
            120.34524766846519,
            23.22211925225333
          ],
          [
            120.34526326621751,
            23.22209637810422
          ],
          [
            120.3452844901214,
            23.22207778260447
          ],
          [
            120.34531002259804,
            23.222064620161728
          ],
          [
            120.34533817037946,
            23.22205772138899
          ],
          [
            120.34701,
            23.22185
          ],
          [
            120.34946484259513,
            23.221792025787483
          ],
          [
            120.3494892550119,
            23.22179381152277
          ],
          [
            120.34951271530032,
            23.221800241779817
          ],
          [
            120.34953422382655,
            23.22181103628257
          ],
          [
            120.34955284477068,
            23.221825725370273
          ],
          [
            120.34956776794934,
            23.221843669931683
          ],
          [
            120.34957843110168,
            23.221864316153443
          ],
          [
            120.35091,
            23.22532
          ],
          [
            120.3525590150065,
            23.225372859543644
          ],
          [
            120.35260019894011,
            23.22538120599753
          ],
          [
            120.35263555505698,
            23.225402506896824
          ],
          [
            120.35266048149946,
            23.225434006108973
          ],
          [
            120.35267175410385,
            23.225471629301403
          ],
          [
            120.35266791479114,
            23.2255105100223
          ],
          [
            120.35264969232003,
            23.225545325563516
          ],
          [
            120.35163342261363,
            23.226823411619137
          ],
          [
            120.35160340753151,
            23.22684995534398
          ],
          [
            120.35156566400177,
            23.2268650779171
          ],
          [
            120.35152459970486,
            23.226867213826722
          ],
          [
            120.35148526278535,
            23.226856100499724
          ],
          [
            120.35145248903663,
            23.22683310412731
          ],
          [
            120.35143019584109,
            23.226800802689723
          ],
          [
            120.35077,
            23.22533
          ],
          [
            120.34741826006696,
            23.224605712771535
          ],
          [
            120.34737820478598,
            23.22460351707873
          ],
          [
            120.34733985789637,
            23.22461386850516
          ],
          [
            120.34730748762736,
            23.22463552799297
          ],
          [
            120.34728484760552,
            23.224665983927892
          ],
          [
            120.34727456314698,
            23.22470170466774
          ],
          [
            120.34727777727674,
            23.22473836951751
          ],
          [
            120.34812570265099,
            23.2277747704385
          ],
          [
            120.34813727396276,
            23.227801325740874
          ],
          [
            120.34815580532866,
            23.227824026499754
          ],
          [
            120.3481800735832,
            23.227841491961154
          ],
          [
            120.34820841188834,
            23.22785252252928
          ],
          [
            120.34823887385907,
            23.22785636058185
          ],
          [
            120.34826956516586,
            23.227852693850423
          ],
          [
            120.34975,
            23.22749
          ],
          [
            120.35067930782111,
            23.22749
          ],
          [
            120.35070480357089,
            23.227492595093224
          ],
          [
            120.35072908036206,
            23.227500256300804
          ],
          [
            120.35075097751472,
            23.227512617338355
          ],
          [
            120.35076944812016,
            23.227529087221363
          ],
          [
            120.35078360909378,
            23.227548878520317
          ],
          [
            120.35079283423566,
            23.227571225546452
          ],
          [
            120.35139,
            23.22968
          ],
          [
            120.35206,
            23.23343
          ],
          [
            120.35398,
            23.23308
          ],
          [
            120.35431,
            23.23506
          ],
          [
            120.35275,
            23.24099
          ],
          [
            120.35421,
            23.24313
          ],
          [
            120.35582,
            23.24524
          ],
          [
            120.35607,
            23.24637
          ],
          [
            120.35645,
            23.24749
          ],
          [
            120.35737,
            23.24875
          ],
          [
            120.35866,
            23.24985
          ],
          [
            120.36108,
            23.25231
          ],
          [
            120.36351,
            23.25476
          ],
          [
            120.36499,
            23.25643
          ],
          [
            120.36574,
            23.25701
          ],
          [
            120.36664,
            23.25735
          ],
          [
            120.36674,
            23.25758
          ],
          [
            120.36748,
            23.25818
          ],
          [
            120.36861,
            23.25844
          ],
          [
            120.36932,
            23.25841
          ],
          [
            120.36993,
            23.25835
          ],
          [
            120.37122569753832,
            23.25776437486293
          ],
          [
            120.37125942293996,
            23.25775451097929
          ],
          [
            120.37129447033593,
            23.257754350250543
          ],
          [
            120.37132800548191,
            23.25776377406488
          ],
          [
            120.37135703619091,
            23.25778194157863
          ],
          [
            120.3713789721861,
            23.257807231788018
          ],
          [
            120.37139189635865,
            23.25783755050136
          ],
          [
            120.37146,
            23.25811
          ],
          [
            120.37164,
            23.25867
          ],
          [
            120.37814166714156,
            23.265578768468753
          ],
          [
            120.37815923611129,
            23.26559406164102
          ],
          [
            120.37817944597278,
            23.26560554417262
          ],
          [
            120.37820173876163,
            23.265613032348856
          ],
          [
            120.37822520375273,
            23.265616220256
          ],
          [
            120.37824888233308,
            23.265614977658792
          ],
          [
            120.378272062491,
            23.265609266023052
          ],
          [
            120.37959,
            23.26515
          ],
          [
            120.38099,
            23.26482
          ],
          [
            120.38225,
            23.26449
          ],
          [
            120.38288515257202,
            23.26367629754727
          ],
          [
            120.38290426423305,
            23.263657031146177
          ],
          [
            120.38292745219383,
            23.263642715180193
          ],
          [
            120.38295363594533,
            23.263633863927573
          ],
          [
            120.38298133758197,
            23.263630976985016
          ],
          [
            120.38300899352316,
            23.263634217302002
          ],
          [
            120.38303534369284,
            23.26364354862422
          ],
          [
            120.38513,
            23.26466
          ],
          [
            120.38646,
            23.26522
          ],
          [
            120.38807,
            23.26512
          ],
          [
            120.38808,
            23.26512
          ],
          [
            120.38787,
            23.26541
          ],
          [
            120.38530789952682,
            23.270421017908767
          ],
          [
            120.38529800063904,
            23.270436880861507
          ],
          [
            120.38528558268803,
            23.270450768190386
          ],
          [
            120.38527085226482,
            23.2704625633773
          ],
          [
            120.38525421539968,
            23.270471941299018
          ],
          [
            120.38523613067218,
            23.27047864346195
          ],
          [
            120.38521720340152,
            23.270482471986156
          ],
          [
            120.38355055815994,
            23.270686529904598
          ],
          [
            120.38351258049198,
            23.270697502532016
          ],
          [
            120.38348067526537,
            23.27071965705158
          ],
          [
            120.38345863659679,
            23.270750419840798
          ],
          [
            120.38344901162998,
            23.27078623545594
          ],
          [
            120.38345291278121,
            23.270822964467264
          ],
          [
            120.38346966787896,
            23.27085606808797
          ],
          [
            120.38367,
            23.27112
          ],
          [
            120.38401,
            23.27251
          ],
          [
            120.38344,
            23.28342
          ],
          [
            120.38326,
            23.28659
          ],
          [
            120.38321,
            23.28997
          ],
          [
            120.38335,
            23.29145
          ],
          [
            120.38377,
            23.29269
          ],
          [
            120.38415,
            23.29351
          ],
          [
            120.38522,
            23.29411
          ],
          [
            120.38556,
            23.29492
          ],
          [
            120.38612,
            23.29551
          ],
          [
            120.38677,
            23.29618
          ],
          [
            120.39257,
            23.30226
          ],
          [
            120.39322,
            23.30263
          ],
          [
            120.39463,
            23.30314
          ],
          [
            120.39639,
            23.30449
          ],
          [
            120.39715,
            23.30507
          ],
          [
            120.39805,
            23.30541
          ],
          [
            120.39871,
            23.30621
          ],
          [
            120.39944,
            23.30711
          ],
          [
            120.40002,
            23.30804
          ],
          [
            120.39971,
            23.30912
          ],
          [
            120.39981,
            23.30949
          ],
          [
            120.40241,
            23.31617
          ],
          [
            120.40286,
            23.31747
          ],
          [
            120.40296,
            23.31848
          ],
          [
            120.40480461588258,
            23.32051835500683
          ],
          [
            120.40481825096533,
            23.320537250629364
          ],
          [
            120.40482744446936,
            23.320558718325856
          ],
          [
            120.40483152052451,
            23.320581498518568
          ],
          [
            120.40483029472998,
            23.32060456063144
          ],
          [
            120.40482382254073,
            23.320626861334343
          ],
          [
            120.40481260420518,
            23.32064709902222
          ],
          [
            120.40348,
            23.32252
          ],
          [
            120.40342,
            23.32273
          ],
          [
            120.40344,
            23.32296
          ],
          [
            120.40337,
            23.32357
          ],
          [
            120.40325,
            23.32403
          ],
          [
            120.40321,
            23.32449
          ],
          [
            120.40328,
            23.32563
          ],
          [
            120.40517,
            23.32616
          ],
          [
            120.40627,
            23.32767
          ],
          [
            120.40694,
            23.32867
          ],
          [
            120.40695,
            23.33039
          ],
          [
            120.40679,
            23.33371
          ],
          [
            120.40664,
            23.33557
          ],
          [
            120.40795,
            23.33939
          ],
          [
            120.41052,
            23.34305
          ],
          [
            120.41384681441106,
            23.347343813748406
          ],
          [
            120.41386077942141,
            23.347367903015193
          ],
          [
            120.41386783795718,
            23.347394812495324
          ],
          [
            120.4138673040246,
            23.347422497672568
          ],
          [
            120.41385921236093,
            23.347449157369805
          ],
          [
            120.41384408940381,
            23.347473057126876
          ],
          [
            120.41382323496093,
            23.34749241554492
          ],
          [
            120.41372548733696,
            23.347561313588272
          ],
          [
            120.4137010613666,
            23.34757376575337
          ],
          [
            120.41367397001261,
            23.347578609878255
          ],
          [
            120.41364657556558,
            23.34757555245357
          ],
          [
            120.41362150902619,
            23.347564887118626
          ],
          [
            120.41360117781963,
            23.347547638186974
          ],
          [
            120.41358746161028,
            23.34752528353941
          ],
          [
            120.41356433046622,
            23.347469894240113
          ],
          [
            120.41355952190692,
            23.347452473058958
          ],
          [
            120.41355893488877,
            23.347434311730108
          ],
          [
            120.4135626708967,
            23.347416473673963
          ],
          [
            120.41357054794508,
            23.347399827804615
          ],
          [
            120.41358218233302,
            23.347385184963258
          ],
          [
            120.41359676640397,
            23.347373413143682
          ],
          [
            120.41379,
            23.34725
          ],
          [
            120.41473,
            23.34856
          ],
          [
            120.41497,
            23.34916
          ],
          [
            120.41511,
            23.34959
          ],
          [
            120.41532,
            23.35001
          ],
          [
            120.41583,
            23.35083
          ],
          [
            120.41621736111458,
            23.351123290104912
          ],
          [
            120.41624341824982,
            23.351151408096747
          ],
          [
            120.41625781610593,
            23.351186355112738
          ],
          [
            120.41625853342491,
            23.351223745741162
          ],
          [
            120.41624548508301,
            23.351259142860364
          ],
          [
            120.4162202195185,
            23.351288345917148
          ],
          [
            120.41618599816685,
            23.35130779275595
          ],
          [
            120.41604654338698,
            23.351358114404178
          ],
          [
            120.41602361931837,
            23.351369421580994
          ],
          [
            120.41600375377945,
            23.35138530539221
          ],
          [
            120.41598820391673,
            23.351404874463785
          ],
          [
            120.41597774775455,
            23.351427149673604
          ],
          [
            120.41597290845824,
            23.351451016500185
          ],
          [
            120.41597390990394,
            23.351475168980297
          ],
          [
            120.41621,
            23.35291
          ],
          [
            120.41732891335309,
            23.352732760575165
          ],
          [
            120.41735088981159,
            23.352731194327905
          ],
          [
            120.41737266059442,
            23.35273342720162
          ],
          [
            120.41739360396774,
            23.352739359866387
          ],
          [
            120.41741299105733,
            23.352748785852786
          ],
          [
            120.41743014715104,
            23.352761377116327
          ],
          [
            120.41744470099627,
            23.3527769892898
          ],
          [
            120.42095,
            23.35732
          ],
          [
            120.42426,
            23.36185
          ],
          [
            120.42426,
            23.36185
          ],
          [
            120.42095,
            23.35732
          ],
          [
            120.41744470099627,
            23.3527769892898
          ],
          [
            120.41743014715104,
            23.352761377116327
          ],
          [
            120.41741299105733,
            23.352748785852786
          ],
          [
            120.41739360396774,
            23.352739359866387
          ],
          [
            120.41737266059442,
            23.35273342720162
          ],
          [
            120.41735088981159,
            23.352731194327905
          ],
          [
            120.41732891335309,
            23.352732760575165
          ],
          [
            120.41621,
            23.35291
          ],
          [
            120.41597390990394,
            23.351475168980297
          ],
          [
            120.41597290845824,
            23.351451016500185
          ],
          [
            120.41597774775455,
            23.351427149673604
          ],
          [
            120.41598820391673,
            23.351404874463785
          ],
          [
            120.41600375377945,
            23.35138530539221
          ],
          [
            120.41602361931837,
            23.351369421580994
          ],
          [
            120.41604654338698,
            23.351358114404178
          ],
          [
            120.41618599816685,
            23.35130779275595
          ],
          [
            120.4162202195185,
            23.351288345917148
          ],
          [
            120.41624548508301,
            23.351259142860364
          ],
          [
            120.41625853342491,
            23.351223745741162
          ],
          [
            120.41625781610593,
            23.351186355112738
          ],
          [
            120.41624341824982,
            23.351151408096747
          ],
          [
            120.41621736111458,
            23.351123290104912
          ],
          [
            120.41583,
            23.35083
          ],
          [
            120.41532,
            23.35001
          ],
          [
            120.41511,
            23.34959
          ],
          [
            120.41497,
            23.34916
          ],
          [
            120.41473,
            23.34856
          ],
          [
            120.41379,
            23.34725
          ],
          [
            120.41359676640397,
            23.347373413143682
          ],
          [
            120.41358218233302,
            23.347385184963258
          ],
          [
            120.41357054794508,
            23.347399827804615
          ],
          [
            120.4135626708967,
            23.347416473673963
          ],
          [
            120.41355893488877,
            23.347434311730108
          ],
          [
            120.41355952190692,
            23.347452473058958
          ],
          [
            120.41356433046622,
            23.347469894240113
          ],
          [
            120.41358746161028,
            23.34752528353941
          ],
          [
            120.41360117781963,
            23.347547638186974
          ],
          [
            120.41362150902619,
            23.347564887118626
          ],
          [
            120.41364657556558,
            23.34757555245357
          ],
          [
            120.41367397001261,
            23.347578609878255
          ],
          [
            120.4137010613666,
            23.34757376575337
          ],
          [
            120.41372548733696,
            23.347561313588272
          ],
          [
            120.41382323496093,
            23.34749241554492
          ],
          [
            120.41384408940381,
            23.347473057126876
          ],
          [
            120.41385921236093,
            23.347449157369805
          ],
          [
            120.4138673040246,
            23.347422497672568
          ],
          [
            120.41386783795718,
            23.347394812495324
          ],
          [
            120.41386077942141,
            23.347367903015193
          ],
          [
            120.41384681441106,
            23.347343813748406
          ],
          [
            120.41052,
            23.34305
          ],
          [
            120.40795,
            23.33939
          ],
          [
            120.40664,
            23.33557
          ],
          [
            120.40679,
            23.33371
          ],
          [
            120.40695,
            23.33039
          ],
          [
            120.40694,
            23.32867
          ],
          [
            120.40627,
            23.32767
          ],
          [
            120.40517,
            23.32616
          ],
          [
            120.40328,
            23.32563
          ],
          [
            120.40321,
            23.32449
          ],
          [
            120.40325,
            23.32403
          ],
          [
            120.40337,
            23.32357
          ],
          [
            120.40344,
            23.32296
          ],
          [
            120.40342,
            23.32273
          ],
          [
            120.40348,
            23.32252
          ],
          [
            120.40481260420518,
            23.32064709902222
          ],
          [
            120.40482382254073,
            23.320626861334343
          ],
          [
            120.40483029472998,
            23.32060456063144
          ],
          [
            120.40483152052451,
            23.320581498518568
          ],
          [
            120.40482744446936,
            23.320558718325856
          ],
          [
            120.40481825096533,
            23.320537250629364
          ],
          [
            120.40480461588258,
            23.32051835500683
          ],
          [
            120.40296,
            23.31848
          ],
          [
            120.40286,
            23.31747
          ],
          [
            120.40241,
            23.31617
          ],
          [
            120.39981,
            23.30949
          ],
          [
            120.39971,
            23.30912
          ],
          [
            120.40002,
            23.30804
          ],
          [
            120.39944,
            23.30711
          ],
          [
            120.39871,
            23.30621
          ],
          [
            120.39805,
            23.30541
          ],
          [
            120.39715,
            23.30507
          ],
          [
            120.39639,
            23.30449
          ],
          [
            120.39463,
            23.30314
          ],
          [
            120.39322,
            23.30263
          ],
          [
            120.39257,
            23.30226
          ],
          [
            120.38677,
            23.29618
          ],
          [
            120.38612,
            23.29551
          ],
          [
            120.38556,
            23.29492
          ],
          [
            120.38522,
            23.29411
          ],
          [
            120.38415,
            23.29351
          ],
          [
            120.38377,
            23.29269
          ],
          [
            120.38335,
            23.29145
          ],
          [
            120.38321,
            23.28997
          ],
          [
            120.38326,
            23.28659
          ],
          [
            120.38344,
            23.28342
          ],
          [
            120.38401,
            23.27251
          ],
          [
            120.38367,
            23.27112
          ],
          [
            120.38346966787896,
            23.27085606808797
          ],
          [
            120.38345291278121,
            23.270822964467264
          ],
          [
            120.38344901162998,
            23.27078623545594
          ],
          [
            120.38345863659679,
            23.270750419840798
          ],
          [
            120.38348067526537,
            23.27071965705158
          ],
          [
            120.38351258049198,
            23.270697502532016
          ],
          [
            120.38355055815994,
            23.270686529904598
          ],
          [
            120.38521720340152,
            23.270482471986156
          ],
          [
            120.38523613067218,
            23.27047864346195
          ],
          [
            120.38525421539968,
            23.270471941299018
          ],
          [
            120.38527085226482,
            23.2704625633773
          ],
          [
            120.38528558268803,
            23.270450768190386
          ],
          [
            120.38529800063904,
            23.270436880861507
          ],
          [
            120.38530789952682,
            23.270421017908767
          ],
          [
            120.38787,
            23.26541
          ],
          [
            120.38808,
            23.26512
          ],
          [
            120.38807,
            23.26512
          ],
          [
            120.38646,
            23.26522
          ],
          [
            120.38513,
            23.26466
          ],
          [
            120.38303534369284,
            23.26364354862422
          ],
          [
            120.38300899352316,
            23.263634217302002
          ],
          [
            120.38298133758197,
            23.263630976985016
          ],
          [
            120.38295363594533,
            23.263633863927573
          ],
          [
            120.38292745219383,
            23.263642715180193
          ],
          [
            120.38290426423305,
            23.263657031146177
          ],
          [
            120.38288515257202,
            23.26367629754727
          ],
          [
            120.38225,
            23.26449
          ],
          [
            120.38099,
            23.26482
          ],
          [
            120.37959,
            23.26515
          ],
          [
            120.378272062491,
            23.265609266023052
          ],
          [
            120.37824888233308,
            23.265614977658792
          ],
          [
            120.37822520375273,
            23.265616220256
          ],
          [
            120.37820173876163,
            23.265613032348856
          ],
          [
            120.37817944597278,
            23.26560554417262
          ],
          [
            120.37815923611129,
            23.26559406164102
          ],
          [
            120.37814166714156,
            23.265578768468753
          ],
          [
            120.37164,
            23.25867
          ],
          [
            120.37146,
            23.25811
          ],
          [
            120.37139189635865,
            23.25783755050136
          ],
          [
            120.3713789721861,
            23.257807231788018
          ],
          [
            120.37135703619091,
            23.25778194157863
          ],
          [
            120.37132800548191,
            23.25776377406488
          ],
          [
            120.37129447033593,
            23.257754350250543
          ],
          [
            120.37125942293996,
            23.25775451097929
          ],
          [
            120.37122569753832,
            23.25776437486293
          ],
          [
            120.36993,
            23.25835
          ],
          [
            120.36932,
            23.25841
          ],
          [
            120.36861,
            23.25844
          ],
          [
            120.36748,
            23.25818
          ],
          [
            120.36674,
            23.25758
          ],
          [
            120.36664,
            23.25735
          ],
          [
            120.36574,
            23.25701
          ],
          [
            120.36499,
            23.25643
          ],
          [
            120.36351,
            23.25476
          ],
          [
            120.36108,
            23.25231
          ],
          [
            120.35866,
            23.24985
          ],
          [
            120.35737,
            23.24875
          ],
          [
            120.35645,
            23.24749
          ],
          [
            120.35607,
            23.24637
          ],
          [
            120.35582,
            23.24524
          ],
          [
            120.35421,
            23.24313
          ],
          [
            120.35275,
            23.24099
          ],
          [
            120.35431,
            23.23506
          ],
          [
            120.35398,
            23.23308
          ],
          [
            120.35206,
            23.23343
          ],
          [
            120.35139,
            23.22968
          ],
          [
            120.35079283423566,
            23.227571225546452
          ],
          [
            120.35078360909378,
            23.227548878520317
          ],
          [
            120.35076944812016,
            23.227529087221363
          ],
          [
            120.35075097751472,
            23.227512617338355
          ],
          [
            120.35072908036206,
            23.227500256300804
          ],
          [
            120.35070480357089,
            23.227492595093224
          ],
          [
            120.35067930782111,
            23.22749
          ],
          [
            120.34975,
            23.22749
          ],
          [
            120.34826956516586,
            23.227852693850423
          ],
          [
            120.34823887385907,
            23.22785636058185
          ],
          [
            120.34820841188834,
            23.22785252252928
          ],
          [
            120.3481800735832,
            23.227841491961154
          ],
          [
            120.34815580532866,
            23.227824026499754
          ],
          [
            120.34813727396276,
            23.227801325740874
          ],
          [
            120.34812570265099,
            23.2277747704385
          ],
          [
            120.34727777727674,
            23.22473836951751
          ],
          [
            120.34727456314698,
            23.22470170466774
          ],
          [
            120.34728484760552,
            23.224665983927892
          ],
          [
            120.34730748762736,
            23.22463552799297
          ],
          [
            120.34733985789637,
            23.22461386850516
          ],
          [
            120.34737820478598,
            23.22460351707873
          ],
          [
            120.34741826006696,
            23.224605712771535
          ],
          [
            120.35077,
            23.22533
          ],
          [
            120.35115,
            23.22625
          ]
        ]
      }
    },
    {
      "type": "Feature",
      "properties": {
        "feature_type": "station",
        "ref": "TNN31689",
        "name": "白河國中",
        "name_en": "Baihe Junior High School",
        "line": "黃16",
        "color": "#3f6212",
        "direction": 0,
        "station_id": "7002"
      },
      "geometry": {
        "type": "Point",
        "coordinates": [
          120.42431,
          23.36187
        ]
      }
    },
    {
      "type": "Feature",
      "properties": {
        "feature_type": "station",
        "ref": "TNN31690",
        "name": "舊地政",
        "name_en": "Jioudijheng",
        "line": "黃16",
        "color": "#3f6212",
        "direction": 0,
        "station_id": "7001"
      },
      "geometry": {
        "type": "Point",
        "coordinates": [
          120.41959,
          23.35571
        ]
      }
    },
    {
      "type": "Feature",
      "properties": {
        "feature_type": "station",
        "ref": "TNN31640",
        "name": "白河商工",
        "name_en": "P.H.V.S.",
        "line": "黃16",
        "color": "#3f6212",
        "direction": 0,
        "station_id": "8331"
      },
      "geometry": {
        "type": "Point",
        "coordinates": [
          120.41679,
          23.35287
        ]
      }
    },
    {
      "type": "Feature",
      "properties": {
        "feature_type": "station",
        "ref": "TNN17208",
        "name": "白河分局",
        "name_en": "Baihe Police Station",
        "line": "黃16",
        "color": "#3f6212",
        "direction": 0,
        "station_id": "7043"
      },
      "geometry": {
        "type": "Point",
        "coordinates": [
          120.41612,
          23.35111
        ]
      }
    },
    {
      "type": "Feature",
      "properties": {
        "feature_type": "station",
        "ref": "TNN17209",
        "name": "白河站",
        "name_en": "Baihe Bus Station",
        "line": "黃16",
        "color": "#3f6212",
        "direction": 0,
        "station_id": "7465"
      },
      "geometry": {
        "type": "Point",
        "coordinates": [
          120.41352,
          23.34741
        ]
      }
    },
    {
      "type": "Feature",
      "properties": {
        "feature_type": "station",
        "ref": "TNN17210",
        "name": "安養院",
        "name_en": "Nursing Home",
        "line": "黃16",
        "color": "#3f6212",
        "direction": 0,
        "station_id": "7466"
      },
      "geometry": {
        "type": "Point",
        "coordinates": [
          120.41047,
          23.34304
        ]
      }
    },
    {
      "type": "Feature",
      "properties": {
        "feature_type": "station",
        "ref": "TNN17221",
        "name": "東山加油站",
        "name_en": "Dongshan Gas Station",
        "line": "黃16",
        "color": "#3f6212",
        "direction": 0,
        "station_id": "7467"
      },
      "geometry": {
        "type": "Point",
        "coordinates": [
          120.40694,
          23.32981
        ]
      }
    },
    {
      "type": "Feature",
      "properties": {
        "feature_type": "station",
        "ref": "TNN17222",
        "name": "民眾服務社",
        "name_en": "Populace Service Association",
        "line": "黃16",
        "color": "#3f6212",
        "direction": 0,
        "station_id": "7468"
      },
      "geometry": {
        "type": "Point",
        "coordinates": [
          120.40573,
          23.32697
        ]
      }
    },
    {
      "type": "Feature",
      "properties": {
        "feature_type": "station",
        "ref": "TNN21046",
        "name": "東山區衛生所",
        "name_en": "Dongshan District Public Health Center",
        "line": "黃16",
        "color": "#3f6212",
        "direction": 0,
        "station_id": "1876"
      },
      "geometry": {
        "type": "Point",
        "coordinates": [
          120.40481,
          23.32608
        ]
      }
    },
    {
      "type": "Feature",
      "properties": {
        "feature_type": "station",
        "ref": "TNN17223",
        "name": "北東山",
        "name_en": "North Dongshan",
        "line": "黃16",
        "color": "#3f6212",
        "direction": 0,
        "station_id": "7469"
      },
      "geometry": {
        "type": "Point",
        "coordinates": [
          120.40324,
          23.32526
        ]
      }
    },
    {
      "type": "Feature",
      "properties": {
        "feature_type": "station",
        "ref": "TNN17224",
        "name": "東山",
        "name_en": "Dongshan",
        "line": "黃16",
        "color": "#3f6212",
        "direction": 0,
        "station_id": "7470"
      },
      "geometry": {
        "type": "Point",
        "coordinates": [
          120.40383,
          23.32206
        ]
      }
    },
    {
      "type": "Feature",
      "properties": {
        "feature_type": "station",
        "ref": "TNN31434",
        "name": "東山運動公園",
        "name_en": "Dongshan Sports Park",
        "line": "黃16",
        "color": "#3f6212",
        "direction": 0,
        "station_id": "2881"
      },
      "geometry": {
        "type": "Point",
        "coordinates": [
          120.40374,
          23.31943
        ]
      }
    },
    {
      "type": "Feature",
      "properties": {
        "feature_type": "station",
        "ref": "TNN17225",
        "name": "東山國中",
        "name_en": "Dongshan Junior High School",
        "line": "黃16",
        "color": "#3f6212",
        "direction": 0,
        "station_id": "8313"
      },
      "geometry": {
        "type": "Point",
        "coordinates": [
          120.40232,
          23.31621
        ]
      }
    },
    {
      "type": "Feature",
      "properties": {
        "feature_type": "station",
        "ref": "TNN17231",
        "name": "北馬",
        "name_en": "Beima",
        "line": "黃16",
        "color": "#3f6212",
        "direction": 0,
        "station_id": "8314"
      },
      "geometry": {
        "type": "Point",
        "coordinates": [
          120.39906,
          23.30678
        ]
      }
    },
    {
      "type": "Feature",
      "properties": {
        "feature_type": "station",
        "ref": "TNN17232",
        "name": "吉貝耍",
        "name_en": "Jibeishua",
        "line": "黃16",
        "color": "#3f6212",
        "direction": 0,
        "station_id": "8434"
      },
      "geometry": {
        "type": "Point",
        "coordinates": [
          120.38576,
          23.29522
        ]
      }
    },
    {
      "type": "Feature",
      "properties": {
        "feature_type": "station",
        "ref": "TNN17233",
        "name": "大腳腿路口",
        "name_en": "Dajiaotuei Rd. Intersection",
        "line": "黃16",
        "color": "#3f6212",
        "direction": 0,
        "station_id": "7175"
      },
      "geometry": {
        "type": "Point",
        "coordinates": [
          120.38338,
          23.28313
        ]
      }
    },
    {
      "type": "Feature",
      "properties": {
        "feature_type": "station",
        "ref": "TNN17237",
        "name": "山仔腳",
        "name_en": "Shanzihjiao",
        "line": "黃16",
        "color": "#3f6212",
        "direction": 0,
        "station_id": "7176"
      },
      "geometry": {
        "type": "Point",
        "coordinates": [
          120.38354,
          23.27117
        ]
      }
    },
    {
      "type": "Feature",
      "properties": {
        "feature_type": "station",
        "ref": "TNN17238",
        "name": "旭山農會",
        "name_en": "Syushan Farmers’ Assn.",
        "line": "黃16",
        "color": "#3f6212",
        "direction": 0,
        "station_id": "8430"
      },
      "geometry": {
        "type": "Point",
        "coordinates": [
          120.38475,
          23.27054
        ]
      }
    },
    {
      "type": "Feature",
      "properties": {
        "feature_type": "station",
        "ref": "TNN17239",
        "name": "新吉庄",
        "name_en": "Sinjijhuang",
        "line": "黃16",
        "color": "#3f6212",
        "direction": 0,
        "station_id": "8535"
      },
      "geometry": {
        "type": "Point",
        "coordinates": [
          120.38787,
          23.26541
        ]
      }
    },
    {
      "type": "Feature",
      "properties": {
        "feature_type": "station",
        "ref": "TNN17243",
        "name": "旭山里",
        "name_en": "Syushan Vil.",
        "line": "黃16",
        "color": "#3f6212",
        "direction": 0,
        "station_id": "7180"
      },
      "geometry": {
        "type": "Point",
        "coordinates": [
          120.38513,
          23.26466
        ]
      }
    },
    {
      "type": "Feature",
      "properties": {
        "feature_type": "station",
        "ref": "TNN17244",
        "name": "東瓦窯",
        "name_en": "East Wayao",
        "line": "黃16",
        "color": "#3f6212",
        "direction": 0,
        "station_id": "7181"
      },
      "geometry": {
        "type": "Point",
        "coordinates": [
          120.38099,
          23.26482
        ]
      }
    },
    {
      "type": "Feature",
      "properties": {
        "feature_type": "station",
        "ref": "TNN17247",
        "name": "瓦窯(柳營)",
        "name_en": "Wayao(Liouying)",
        "line": "黃16",
        "color": "#3f6212",
        "direction": 0,
        "station_id": "7182"
      },
      "geometry": {
        "type": "Point",
        "coordinates": [
          120.37804,
          23.26547
        ]
      }
    },
    {
      "type": "Feature",
      "properties": {
        "feature_type": "station",
        "ref": "TNN17248",
        "name": "果毅國小",
        "name_en": "Guoyi Elementary School",
        "line": "黃16",
        "color": "#3f6212",
        "direction": 0,
        "station_id": "7183"
      },
      "geometry": {
        "type": "Point",
        "coordinates": [
          120.37172,
          23.25891
        ]
      }
    },
    {
      "type": "Feature",
      "properties": {
        "feature_type": "station",
        "ref": "TNN17249",
        "name": "果毅後",
        "name_en": "Guoyihou",
        "line": "黃16",
        "color": "#3f6212",
        "direction": 0,
        "station_id": "7184"
      },
      "geometry": {
        "type": "Point",
        "coordinates": [
          120.36861,
          23.25844
        ]
      }
    },
    {
      "type": "Feature",
      "properties": {
        "feature_type": "station",
        "ref": "TNN17253",
        "name": "果毅後廟前",
        "name_en": "Guoyihou Temple",
        "line": "黃16",
        "color": "#3f6212",
        "direction": 0,
        "station_id": "7185"
      },
      "geometry": {
        "type": "Point",
        "coordinates": [
          120.36674,
          23.25758
        ]
      }
    },
    {
      "type": "Feature",
      "properties": {
        "feature_type": "station",
        "ref": "TNN17574",
        "name": "福德祠",
        "name_en": "Fudecih",
        "line": "黃16",
        "color": "#3f6212",
        "direction": 0,
        "station_id": "1746"
      },
      "geometry": {
        "type": "Point",
        "coordinates": [
          120.35421,
          23.23524
        ]
      }
    },
    {
      "type": "Feature",
      "properties": {
        "feature_type": "station",
        "ref": "TNN17254",
        "name": "六甲市場",
        "name_en": "Lioujia Market",
        "line": "黃16",
        "color": "#3f6212",
        "direction": 0,
        "station_id": "7415"
      },
      "geometry": {
        "type": "Point",
        "coordinates": [
          120.35126,
          23.22935
        ]
      }
    },
    {
      "type": "Feature",
      "properties": {
        "feature_type": "station",
        "ref": "TNN17255",
        "name": "六甲國中",
        "name_en": "Lioujia Junior High School",
        "line": "黃16",
        "color": "#3f6212",
        "direction": 0,
        "station_id": "7411"
      },
      "geometry": {
        "type": "Point",
        "coordinates": [
          120.34808,
          23.22761
        ]
      }
    },
    {
      "type": "Feature",
      "properties": {
        "feature_type": "station",
        "ref": "TNN17259",
        "name": "六甲衛生所",
        "name_en": "Lioujia Health Center",
        "line": "黃16",
        "color": "#3f6212",
        "direction": 0,
        "station_id": "7412"
      },
      "geometry": {
        "type": "Point",
        "coordinates": [
          120.34761,
          23.22454
        ]
      }
    },
    {
      "type": "Feature",
      "properties": {
        "feature_type": "station",
        "ref": "TNN17260",
        "name": "六甲",
        "name_en": "Lioujia",
        "line": "黃16",
        "color": "#3f6212",
        "direction": 0,
        "station_id": "7413"
      },
      "geometry": {
        "type": "Point",
        "coordinates": [
          120.35134,
          23.22638
        ]
      }
    },
    {
      "type": "Feature",
      "properties": {
        "feature_type": "station",
        "ref": "TNN33439",
        "name": "樹王公",
        "name_en": "Shuwanggong",
        "line": "黃16",
        "color": "#3f6212",
        "direction": 0,
        "station_id": "2953"
      },
      "geometry": {
        "type": "Point",
        "coordinates": [
          120.34865,
          23.22185
        ]
      }
    },
    {
      "type": "Feature",
      "properties": {
        "feature_type": "station",
        "ref": "TNN20395",
        "name": "七甲里",
        "name_en": "Cijia Vil.",
        "line": "黃16",
        "color": "#3f6212",
        "direction": 0,
        "station_id": "1721"
      },
      "geometry": {
        "type": "Point",
        "coordinates": [
          120.34459,
          23.22352
        ]
      }
    },
    {
      "type": "Feature",
      "properties": {
        "feature_type": "station",
        "ref": "TNN23272",
        "name": "蘭都觀光工廠",
        "name_en": "Landou Tourism Factory",
        "line": "黃16",
        "color": "#3f6212",
        "direction": 0,
        "station_id": "2079"
      },
      "geometry": {
        "type": "Point",
        "coordinates": [
          120.34073,
          23.22287
        ]
      }
    },
    {
      "type": "Feature",
      "properties": {
        "feature_type": "station",
        "ref": "TNN20396",
        "name": "瓦窯(六甲)",
        "name_en": "Wayao(Lioujia)",
        "line": "黃16",
        "color": "#3f6212",
        "direction": 0,
        "station_id": "1570"
      },
      "geometry": {
        "type": "Point",
        "coordinates": [
          120.33861,
          23.22252
        ]
      }
    },
    {
      "type": "Feature",
      "properties": {
        "feature_type": "station",
        "ref": "TNN25922",
        "name": "工社",
        "name_en": "Gongshe",
        "line": "黃16",
        "color": "#3f6212",
        "direction": 0,
        "station_id": "2654"
      },
      "geometry": {
        "type": "Point",
        "coordinates": [
          120.33077,
          23.22071
        ]
      }
    },
    {
      "type": "Feature",
      "properties": {
        "feature_type": "station",
        "ref": "TNN20397",
        "name": "二鎮",
        "name_en": "Erjhen",
        "line": "黃16",
        "color": "#3f6212",
        "direction": 0,
        "station_id": "4073"
      },
      "geometry": {
        "type": "Point",
        "coordinates": [
          120.33026,
          23.21899
        ]
      }
    },
    {
      "type": "Feature",
      "properties": {
        "feature_type": "station",
        "ref": "TNN25924",
        "name": "二鎮森林公園",
        "name_en": "Erjhen Forest Park",
        "line": "黃16",
        "color": "#3f6212",
        "direction": 0,
        "station_id": "2656"
      },
      "geometry": {
        "type": "Point",
        "coordinates": [
          120.32466,
          23.21748
        ]
      }
    },
    {
      "type": "Feature",
      "properties": {
        "feature_type": "station",
        "ref": "TNN20398",
        "name": "勞動力發展署",
        "name_en": "Workforce Development Agency",
        "line": "黃16",
        "color": "#3f6212",
        "direction": 0,
        "station_id": "8508"
      },
      "geometry": {
        "type": "Point",
        "coordinates": [
          120.32319,
          23.21478
        ]
      }
    },
    {
      "type": "Feature",
      "properties": {
        "feature_type": "station",
        "ref": "TNN20399",
        "name": "官田服務中心",
        "name_en": "Guantian Industrial Park Service Center",
        "line": "黃16",
        "color": "#3f6212",
        "direction": 0,
        "station_id": "8412"
      },
      "geometry": {
        "type": "Point",
        "coordinates": [
          120.32284,
          23.21004
        ]
      }
    },
    {
      "type": "Feature",
      "properties": {
        "feature_type": "station",
        "ref": "TNN20400",
        "name": "官田工業區",
        "name_en": "Guantian Industrial Park",
        "line": "黃16",
        "color": "#3f6212",
        "direction": 0,
        "station_id": "4074"
      },
      "geometry": {
        "type": "Point",
        "coordinates": [
          120.32184,
          23.20623
        ]
      }
    },
    {
      "type": "Feature",
      "properties": {
        "feature_type": "station",
        "ref": "TNN20401",
        "name": "隆田",
        "name_en": "Longtian",
        "line": "黃16",
        "color": "#3f6212",
        "direction": 0,
        "station_id": "4075"
      },
      "geometry": {
        "type": "Point",
        "coordinates": [
          120.31668,
          23.19905
        ]
      }
    },
    {
      "type": "Feature",
      "properties": {
        "feature_type": "station",
        "ref": "TNN20402",
        "name": "隆田火車站",
        "name_en": "Longtian Train Station",
        "line": "黃16",
        "color": "#3f6212",
        "direction": 0,
        "station_id": "4067"
      },
      "geometry": {
        "type": "Point",
        "coordinates": [
          120.31895,
          23.19246
        ]
      }
    },
    {
      "type": "Feature",
      "properties": {
        "feature_type": "station",
        "ref": "TNN20403",
        "name": "隆田火車站",
        "name_en": "Longtian Train Station",
        "line": "黃16",
        "color": "#3f6212",
        "direction": 1,
        "station_id": "4067"
      },
      "geometry": {
        "type": "Point",
        "coordinates": [
          120.31895,
          23.19246
        ]
      }
    },
    {
      "type": "Feature",
      "properties": {
        "feature_type": "station",
        "ref": "TNN20404",
        "name": "隆田",
        "name_en": "Longtian",
        "line": "黃16",
        "color": "#3f6212",
        "direction": 1,
        "station_id": "4068"
      },
      "geometry": {
        "type": "Point",
        "coordinates": [
          120.31693,
          23.19911
        ]
      }
    },
    {
      "type": "Feature",
      "properties": {
        "feature_type": "station",
        "ref": "TNN20405",
        "name": "官田工業區",
        "name_en": "Guantian Industrial Park",
        "line": "黃16",
        "color": "#3f6212",
        "direction": 1,
        "station_id": "4069"
      },
      "geometry": {
        "type": "Point",
        "coordinates": [
          120.32171,
          23.20607
        ]
      }
    },
    {
      "type": "Feature",
      "properties": {
        "feature_type": "station",
        "ref": "TNN20406",
        "name": "官田服務中心",
        "name_en": "Guantian Industrial Park Service Center",
        "line": "黃16",
        "color": "#3f6212",
        "direction": 1,
        "station_id": "8411"
      },
      "geometry": {
        "type": "Point",
        "coordinates": [
          120.32295,
          23.20969
        ]
      }
    },
    {
      "type": "Feature",
      "properties": {
        "feature_type": "station",
        "ref": "TNN20407",
        "name": "勞動力發展署",
        "name_en": "Workforce Development Agency",
        "line": "黃16",
        "color": "#3f6212",
        "direction": 1,
        "station_id": "8507"
      },
      "geometry": {
        "type": "Point",
        "coordinates": [
          120.32332,
          23.21467
        ]
      }
    },
    {
      "type": "Feature",
      "properties": {
        "feature_type": "station",
        "ref": "TNN25925",
        "name": "二鎮森林公園",
        "name_en": "Erjhen Forest Park",
        "line": "黃16",
        "color": "#3f6212",
        "direction": 1,
        "station_id": "2657"
      },
      "geometry": {
        "type": "Point",
        "coordinates": [
          120.32449,
          23.21741
        ]
      }
    },
    {
      "type": "Feature",
      "properties": {
        "feature_type": "station",
        "ref": "TNN20408",
        "name": "二鎮",
        "name_en": "Erjhen",
        "line": "黃16",
        "color": "#3f6212",
        "direction": 1,
        "station_id": "4070"
      },
      "geometry": {
        "type": "Point",
        "coordinates": [
          120.32957,
          23.21865
        ]
      }
    },
    {
      "type": "Feature",
      "properties": {
        "feature_type": "station",
        "ref": "TNN25923",
        "name": "工社",
        "name_en": "Gongshe",
        "line": "黃16",
        "color": "#3f6212",
        "direction": 1,
        "station_id": "2655"
      },
      "geometry": {
        "type": "Point",
        "coordinates": [
          120.33083,
          23.22069
        ]
      }
    },
    {
      "type": "Feature",
      "properties": {
        "feature_type": "station",
        "ref": "TNN20409",
        "name": "瓦窯(六甲)",
        "name_en": "Wayao(Lioujia)",
        "line": "黃16",
        "color": "#3f6212",
        "direction": 1,
        "station_id": "1499"
      },
      "geometry": {
        "type": "Point",
        "coordinates": [
          120.33844,
          23.22234
        ]
      }
    },
    {
      "type": "Feature",
      "properties": {
        "feature_type": "station",
        "ref": "TNN23273",
        "name": "蘭都觀光工廠",
        "name_en": "Landou Tourism Factory",
        "line": "黃16",
        "color": "#3f6212",
        "direction": 1,
        "station_id": "2078"
      },
      "geometry": {
        "type": "Point",
        "coordinates": [
          120.34214,
          23.22311
        ]
      }
    },
    {
      "type": "Feature",
      "properties": {
        "feature_type": "station",
        "ref": "TNN20410",
        "name": "七甲里",
        "name_en": "Cijia Vil.",
        "line": "黃16",
        "color": "#3f6212",
        "direction": 1,
        "station_id": "1720"
      },
      "geometry": {
        "type": "Point",
        "coordinates": [
          120.34451,
          23.22342
        ]
      }
    },
    {
      "type": "Feature",
      "properties": {
        "feature_type": "station",
        "ref": "TNN33440",
        "name": "樹王公",
        "name_en": "Shuwanggong",
        "line": "黃16",
        "color": "#3f6212",
        "direction": 1,
        "station_id": "2954"
      },
      "geometry": {
        "type": "Point",
        "coordinates": [
          120.34864,
          23.22179
        ]
      }
    },
    {
      "type": "Feature",
      "properties": {
        "feature_type": "station",
        "ref": "TNN17261",
        "name": "六甲",
        "name_en": "Lioujia",
        "line": "黃16",
        "color": "#3f6212",
        "direction": 1,
        "station_id": "8296"
      },
      "geometry": {
        "type": "Point",
        "coordinates": [
          120.35114,
          23.22625
        ]
      }
    },
    {
      "type": "Feature",
      "properties": {
        "feature_type": "station",
        "ref": "TNN17262",
        "name": "六甲衛生所",
        "name_en": "Lioujia Health Center",
        "line": "黃16",
        "color": "#3f6212",
        "direction": 1,
        "station_id": "8297"
      },
      "geometry": {
        "type": "Point",
        "coordinates": [
          120.34809,
          23.22472
        ]
      }
    },
    {
      "type": "Feature",
      "properties": {
        "feature_type": "station",
        "ref": "TNN17256",
        "name": "六甲國中",
        "name_en": "Lioujia Junior High School",
        "line": "黃16",
        "color": "#3f6212",
        "direction": 1,
        "station_id": "8298"
      },
      "geometry": {
        "type": "Point",
        "coordinates": [
          120.34816,
          23.22768
        ]
      }
    },
    {
      "type": "Feature",
      "properties": {
        "feature_type": "station",
        "ref": "TNN17257",
        "name": "六甲市場",
        "name_en": "Lioujia Market",
        "line": "黃16",
        "color": "#3f6212",
        "direction": 1,
        "station_id": "7414"
      },
      "geometry": {
        "type": "Point",
        "coordinates": [
          120.35139,
          23.22968
        ]
      }
    },
    {
      "type": "Feature",
      "properties": {
        "feature_type": "station",
        "ref": "TNN17575",
        "name": "福德祠",
        "name_en": "Fudecih",
        "line": "黃16",
        "color": "#3f6212",
        "direction": 1,
        "station_id": "1747"
      },
      "geometry": {
        "type": "Point",
        "coordinates": [
          120.35426,
          23.23525
        ]
      }
    },
    {
      "type": "Feature",
      "properties": {
        "feature_type": "station",
        "ref": "TNN17258",
        "name": "果毅後廟前",
        "name_en": "Guoyihou Temple",
        "line": "黃16",
        "color": "#3f6212",
        "direction": 1,
        "station_id": "7186"
      },
      "geometry": {
        "type": "Point",
        "coordinates": [
          120.36681,
          23.25737
        ]
      }
    },
    {
      "type": "Feature",
      "properties": {
        "feature_type": "station",
        "ref": "TNN17250",
        "name": "果毅後",
        "name_en": "Guoyihou",
        "line": "黃16",
        "color": "#3f6212",
        "direction": 1,
        "station_id": "7187"
      },
      "geometry": {
        "type": "Point",
        "coordinates": [
          120.36863,
          23.25841
        ]
      }
    },
    {
      "type": "Feature",
      "properties": {
        "feature_type": "station",
        "ref": "TNN17251",
        "name": "果毅國小",
        "name_en": "Guoyi Elementary School",
        "line": "黃16",
        "color": "#3f6212",
        "direction": 1,
        "station_id": "7188"
      },
      "geometry": {
        "type": "Point",
        "coordinates": [
          120.37156,
          23.25833
        ]
      }
    },
    {
      "type": "Feature",
      "properties": {
        "feature_type": "station",
        "ref": "TNN17252",
        "name": "瓦窯(柳營)",
        "name_en": "Wayao(Liouying)",
        "line": "黃16",
        "color": "#3f6212",
        "direction": 1,
        "station_id": "7189"
      },
      "geometry": {
        "type": "Point",
        "coordinates": [
          120.37822,
          23.26549
        ]
      }
    },
    {
      "type": "Feature",
      "properties": {
        "feature_type": "station",
        "ref": "TNN17245",
        "name": "東瓦窯",
        "name_en": "East Wayao",
        "line": "黃16",
        "color": "#3f6212",
        "direction": 1,
        "station_id": "7190"
      },
      "geometry": {
        "type": "Point",
        "coordinates": [
          120.38112,
          23.26473
        ]
      }
    },
    {
      "type": "Feature",
      "properties": {
        "feature_type": "station",
        "ref": "TNN17246",
        "name": "旭山里",
        "name_en": "Syushan Vil.",
        "line": "黃16",
        "color": "#3f6212",
        "direction": 1,
        "station_id": "7191"
      },
      "geometry": {
        "type": "Point",
        "coordinates": [
          120.38502,
          23.26452
        ]
      }
    },
    {
      "type": "Feature",
      "properties": {
        "feature_type": "station",
        "ref": "TNN17240",
        "name": "新吉庄",
        "name_en": "Sinjijhuang",
        "line": "黃16",
        "color": "#3f6212",
        "direction": 1,
        "station_id": "8536"
      },
      "geometry": {
        "type": "Point",
        "coordinates": [
          120.38781,
          23.26565
        ]
      }
    },
    {
      "type": "Feature",
      "properties": {
        "feature_type": "station",
        "ref": "TNN17241",
        "name": "旭山農會",
        "name_en": "Syushan Farmers’ Assn.",
        "line": "黃16",
        "color": "#3f6212",
        "direction": 1,
        "station_id": "8431"
      },
      "geometry": {
        "type": "Point",
        "coordinates": [
          120.38475,
          23.27054
        ]
      }
    },
    {
      "type": "Feature",
      "properties": {
        "feature_type": "station",
        "ref": "TNN17242",
        "name": "山仔腳",
        "name_en": "Shanzihjiao",
        "line": "黃16",
        "color": "#3f6212",
        "direction": 1,
        "station_id": "7195"
      },
      "geometry": {
        "type": "Point",
        "coordinates": [
          120.38364,
          23.27113
        ]
      }
    },
    {
      "type": "Feature",
      "properties": {
        "feature_type": "station",
        "ref": "TNN17234",
        "name": "大腳腿路口",
        "name_en": "Dajiaotuei Rd. Intersection",
        "line": "黃16",
        "color": "#3f6212",
        "direction": 1,
        "station_id": "7196"
      },
      "geometry": {
        "type": "Point",
        "coordinates": [
          120.38349,
          23.28309
        ]
      }
    },
    {
      "type": "Feature",
      "properties": {
        "feature_type": "station",
        "ref": "TNN17235",
        "name": "吉貝耍",
        "name_en": "Jibeishua",
        "line": "黃16",
        "color": "#3f6212",
        "direction": 1,
        "station_id": "8437"
      },
      "geometry": {
        "type": "Point",
        "coordinates": [
          120.38612,
          23.29551
        ]
      }
    },
    {
      "type": "Feature",
      "properties": {
        "feature_type": "station",
        "ref": "TNN17236",
        "name": "北馬",
        "name_en": "Beima",
        "line": "黃16",
        "color": "#3f6212",
        "direction": 1,
        "station_id": "8311"
      },
      "geometry": {
        "type": "Point",
        "coordinates": [
          120.39919,
          23.30673
        ]
      }
    },
    {
      "type": "Feature",
      "properties": {
        "feature_type": "station",
        "ref": "TNN17226",
        "name": "東山國中",
        "name_en": "Dongshan Junior High School",
        "line": "黃16",
        "color": "#3f6212",
        "direction": 1,
        "station_id": "8312"
      },
      "geometry": {
        "type": "Point",
        "coordinates": [
          120.40247,
          23.31633
        ]
      }
    },
    {
      "type": "Feature",
      "properties": {
        "feature_type": "station",
        "ref": "TNN31435",
        "name": "東山運動公園",
        "name_en": "Dongshan Sports Park",
        "line": "黃16",
        "color": "#3f6212",
        "direction": 1,
        "station_id": "2880"
      },
      "geometry": {
        "type": "Point",
        "coordinates": [
          120.40348,
          23.31887
        ]
      }
    },
    {
      "type": "Feature",
      "properties": {
        "feature_type": "station",
        "ref": "TNN17227",
        "name": "東山",
        "name_en": "Dongshan",
        "line": "黃16",
        "color": "#3f6212",
        "direction": 1,
        "station_id": "7511"
      },
      "geometry": {
        "type": "Point",
        "coordinates": [
          120.40391,
          23.32212
        ]
      }
    },
    {
      "type": "Feature",
      "properties": {
        "feature_type": "station",
        "ref": "TNN17228",
        "name": "北東山",
        "name_en": "North Dongshan",
        "line": "黃16",
        "color": "#3f6212",
        "direction": 1,
        "station_id": "7512"
      },
      "geometry": {
        "type": "Point",
        "coordinates": [
          120.40336,
          23.32525
        ]
      }
    },
    {
      "type": "Feature",
      "properties": {
        "feature_type": "station",
        "ref": "TNN21047",
        "name": "東山區衛生所",
        "name_en": "Dongshan District Public Health Center",
        "line": "黃16",
        "color": "#3f6212",
        "direction": 1,
        "station_id": "1877"
      },
      "geometry": {
        "type": "Point",
        "coordinates": [
          120.40486,
          23.32603
        ]
      }
    },
    {
      "type": "Feature",
      "properties": {
        "feature_type": "station",
        "ref": "TNN17229",
        "name": "民眾服務社",
        "name_en": "Populace Service Association",
        "line": "黃16",
        "color": "#3f6212",
        "direction": 1,
        "station_id": "7513"
      },
      "geometry": {
        "type": "Point",
        "coordinates": [
          120.40577,
          23.32696
        ]
      }
    },
    {
      "type": "Feature",
      "properties": {
        "feature_type": "station",
        "ref": "TNN17230",
        "name": "東山加油站",
        "name_en": "Dongshan Gas Station",
        "line": "黃16",
        "color": "#3f6212",
        "direction": 1,
        "station_id": "7514"
      },
      "geometry": {
        "type": "Point",
        "coordinates": [
          120.40711,
          23.32963
        ]
      }
    },
    {
      "type": "Feature",
      "properties": {
        "feature_type": "station",
        "ref": "TNN17217",
        "name": "安養院",
        "name_en": "Nursing Home",
        "line": "黃16",
        "color": "#3f6212",
        "direction": 1,
        "station_id": "7515"
      },
      "geometry": {
        "type": "Point",
        "coordinates": [
          120.41074,
          23.34318
        ]
      }
    },
    {
      "type": "Feature",
      "properties": {
        "feature_type": "station",
        "ref": "TNN17218",
        "name": "白河站",
        "name_en": "Baihe Bus Station",
        "line": "黃16",
        "color": "#3f6212",
        "direction": 1,
        "station_id": "7465"
      },
      "geometry": {
        "type": "Point",
        "coordinates": [
          120.41352,
          23.34741
        ]
      }
    },
    {
      "type": "Feature",
      "properties": {
        "feature_type": "station",
        "ref": "TNN31641",
        "name": "白河商工",
        "name_en": "P.H.V.S.",
        "line": "黃16",
        "color": "#3f6212",
        "direction": 1,
        "station_id": "8330"
      },
      "geometry": {
        "type": "Point",
        "coordinates": [
          120.41678,
          23.35282
        ]
      }
    },
    {
      "type": "Feature",
      "properties": {
        "feature_type": "station",
        "ref": "TNN31691",
        "name": "舊地政",
        "name_en": "Jioudijheng",
        "line": "黃16",
        "color": "#3f6212",
        "direction": 1,
        "station_id": "7042"
      },
      "geometry": {
        "type": "Point",
        "coordinates": [
          120.41969,
          23.35557
        ]
      }
    },
    {
      "type": "Feature",
      "properties": {
        "feature_type": "station",
        "ref": "TNN31692",
        "name": "白河國中",
        "name_en": "Baihe Junior High School",
        "line": "黃16",
        "color": "#3f6212",
        "direction": 1,
        "station_id": "7041"
      },
      "geometry": {
        "type": "Point",
        "coordinates": [
          120.42421,
          23.36187
        ]
      }
    }
  ]
}
