{
  "type": "FeatureCollection",
  "name": "花園線",
  "properties": {
    "id": "hsinchu_county_402e3437ad",
    "name": "花園線",
    "name_en": "花園線",
    "ref": "花園線",
    "color": "#86198f",
    "city_id": "HsinchuCounty",
    "source": "TDX Bus Shape / StopOfRoute",
    "official_map_url": "https://web.taiwanbus.tw/MISUploadData/Schematic/file/0132.jpg",
    "operator_id": "108",
    "operator": "捷乘交通有限公司"
  },
  "features": [
    {
      "type": "Feature",
      "properties": {
        "feature_type": "route",
        "ref": "花園線",
        "name": "花園線",
        "name_en": "花園線",
        "color": "#86198f",
        "direction": 0
      },
      "geometry": {
        "type": "LineString",
        "coordinates": [
          [
            121.11938,
            24.63089
          ],
          [
            121.11936,
            24.63087
          ],
          [
            121.11934,
            24.63085
          ],
          [
            121.11933,
            24.63083
          ],
          [
            121.11932,
            24.63081
          ],
          [
            121.11932,
            24.6308
          ],
          [
            121.11932,
            24.63079
          ],
          [
            121.11932,
            24.63078
          ],
          [
            121.11934,
            24.63075
          ],
          [
            121.11936,
            24.63078
          ],
          [
            121.11943,
            24.63085
          ],
          [
            121.11945,
            24.63087
          ],
          [
            121.11948,
            24.6309
          ],
          [
            121.11952,
            24.63093
          ],
          [
            121.11956,
            24.63097
          ],
          [
            121.11962,
            24.63104
          ],
          [
            121.11971,
            24.63116
          ],
          [
            121.1198,
            24.63129
          ],
          [
            121.11988,
            24.63142
          ],
          [
            121.11996,
            24.63156
          ],
          [
            121.12,
            24.63165
          ],
          [
            121.12002,
            24.63172
          ],
          [
            121.12003,
            24.63174
          ],
          [
            121.12005,
            24.63187
          ],
          [
            121.12006,
            24.63196
          ],
          [
            121.12006,
            24.63203
          ],
          [
            121.12007,
            24.6322
          ],
          [
            121.12006,
            24.63229
          ],
          [
            121.12006,
            24.63229
          ],
          [
            121.12002,
            24.63234
          ],
          [
            121.11999,
            24.63239
          ],
          [
            121.11993,
            24.63248
          ],
          [
            121.11986,
            24.63259
          ],
          [
            121.11983,
            24.63264
          ],
          [
            121.11979,
            24.63277
          ],
          [
            121.11979,
            24.63278
          ],
          [
            121.11975,
            24.63287
          ],
          [
            121.11972,
            24.63294
          ],
          [
            121.11967,
            24.63302
          ],
          [
            121.11962,
            24.63308
          ],
          [
            121.11958,
            24.63311
          ],
          [
            121.11952,
            24.63315
          ],
          [
            121.11948,
            24.63317
          ],
          [
            121.11946,
            24.63318
          ],
          [
            121.11945,
            24.63319
          ],
          [
            121.11943,
            24.6332
          ],
          [
            121.11941,
            24.63321
          ],
          [
            121.11939,
            24.63323
          ],
          [
            121.11937,
            24.63324
          ],
          [
            121.11934,
            24.63327
          ],
          [
            121.11932,
            24.63331
          ],
          [
            121.1193,
            24.63336
          ],
          [
            121.11925,
            24.63347
          ],
          [
            121.11923,
            24.63355
          ],
          [
            121.11919,
            24.63366
          ],
          [
            121.11919,
            24.63367
          ],
          [
            121.11916,
            24.63377
          ],
          [
            121.11915,
            24.63387
          ],
          [
            121.11914,
            24.63393
          ],
          [
            121.11914,
            24.63397
          ],
          [
            121.11915,
            24.63399
          ],
          [
            121.11915,
            24.63402
          ],
          [
            121.11915,
            24.63405
          ],
          [
            121.11917,
            24.63408
          ],
          [
            121.1192,
            24.63416
          ],
          [
            121.11921,
            24.63418
          ],
          [
            121.11932,
            24.6344
          ],
          [
            121.11932,
            24.6344
          ],
          [
            121.11936,
            24.63448
          ],
          [
            121.11959,
            24.63477
          ],
          [
            121.11971,
            24.63492
          ],
          [
            121.11982,
            24.63506
          ],
          [
            121.11985,
            24.63509
          ],
          [
            121.11985,
            24.63511
          ],
          [
            121.11986,
            24.63512
          ],
          [
            121.11987,
            24.63513
          ],
          [
            121.11987,
            24.63515
          ],
          [
            121.11987,
            24.63517
          ],
          [
            121.11987,
            24.63519
          ],
          [
            121.11986,
            24.6352
          ],
          [
            121.11985,
            24.63523
          ],
          [
            121.11984,
            24.63525
          ],
          [
            121.1198,
            24.63528
          ],
          [
            121.11976,
            24.63531
          ],
          [
            121.11971,
            24.63534
          ],
          [
            121.1197,
            24.63534
          ],
          [
            121.11964,
            24.63537
          ],
          [
            121.11957,
            24.63541
          ],
          [
            121.11953,
            24.63543
          ],
          [
            121.11951,
            24.63545
          ],
          [
            121.11948,
            24.63548
          ],
          [
            121.11946,
            24.63549
          ],
          [
            121.11945,
            24.63551
          ],
          [
            121.11944,
            24.63552
          ],
          [
            121.11943,
            24.63554
          ],
          [
            121.11943,
            24.63557
          ],
          [
            121.11943,
            24.63559
          ],
          [
            121.11943,
            24.63561
          ],
          [
            121.11943,
            24.63562
          ],
          [
            121.11943,
            24.63564
          ],
          [
            121.11943,
            24.63565
          ],
          [
            121.11943,
            24.63567
          ],
          [
            121.11943,
            24.63569
          ],
          [
            121.11944,
            24.63571
          ],
          [
            121.11946,
            24.63576
          ],
          [
            121.11947,
            24.63578
          ],
          [
            121.1195,
            24.63582
          ],
          [
            121.11955,
            24.63587
          ],
          [
            121.11956,
            24.63588
          ],
          [
            121.11957,
            24.6359
          ],
          [
            121.11971,
            24.63602
          ],
          [
            121.11976,
            24.63605
          ],
          [
            121.11977,
            24.63605
          ],
          [
            121.11981,
            24.63607
          ],
          [
            121.11986,
            24.63608
          ],
          [
            121.1199,
            24.63609
          ],
          [
            121.11994,
            24.6361
          ],
          [
            121.11998,
            24.6361
          ],
          [
            121.12001,
            24.63609
          ],
          [
            121.12007,
            24.63607
          ],
          [
            121.12011,
            24.63605
          ],
          [
            121.12018,
            24.63601
          ],
          [
            121.12021,
            24.636
          ],
          [
            121.12024,
            24.63599
          ],
          [
            121.12026,
            24.63598
          ],
          [
            121.12028,
            24.63598
          ],
          [
            121.12032,
            24.63597
          ],
          [
            121.12034,
            24.63597
          ],
          [
            121.12037,
            24.63597
          ],
          [
            121.12039,
            24.63597
          ],
          [
            121.12042,
            24.63597
          ],
          [
            121.12045,
            24.63597
          ],
          [
            121.12047,
            24.63598
          ],
          [
            121.12052,
            24.63599
          ],
          [
            121.12055,
            24.636
          ],
          [
            121.12058,
            24.63602
          ],
          [
            121.12061,
            24.63604
          ],
          [
            121.12075,
            24.63622
          ],
          [
            121.1208,
            24.63628
          ],
          [
            121.12085,
            24.63633
          ],
          [
            121.12089,
            24.63635
          ],
          [
            121.12092,
            24.63637
          ],
          [
            121.12096,
            24.63638
          ],
          [
            121.121,
            24.6364
          ],
          [
            121.12102,
            24.6364
          ],
          [
            121.12104,
            24.63641
          ],
          [
            121.12108,
            24.63643
          ],
          [
            121.12111,
            24.63644
          ],
          [
            121.12115,
            24.63646
          ],
          [
            121.12119,
            24.63648
          ],
          [
            121.12122,
            24.63651
          ],
          [
            121.12127,
            24.63656
          ],
          [
            121.12132,
            24.63661
          ],
          [
            121.12143,
            24.63669
          ],
          [
            121.12152,
            24.63675
          ],
          [
            121.12156,
            24.63677
          ],
          [
            121.12159,
            24.63678
          ],
          [
            121.12161,
            24.63678
          ],
          [
            121.12166,
            24.6368
          ],
          [
            121.12169,
            24.6368
          ],
          [
            121.12173,
            24.6368
          ],
          [
            121.12177,
            24.6368
          ],
          [
            121.12182,
            24.6368
          ],
          [
            121.12189,
            24.63679
          ],
          [
            121.12192,
            24.63678
          ],
          [
            121.12197,
            24.63677
          ],
          [
            121.12218,
            24.63674
          ],
          [
            121.12239,
            24.6367
          ],
          [
            121.1225,
            24.63668
          ],
          [
            121.12259,
            24.63665
          ],
          [
            121.12266,
            24.63663
          ],
          [
            121.12269,
            24.63662
          ],
          [
            121.12271,
            24.63662
          ],
          [
            121.12275,
            24.63662
          ],
          [
            121.12279,
            24.63662
          ],
          [
            121.12283,
            24.63662
          ],
          [
            121.12288,
            24.63662
          ],
          [
            121.12296,
            24.63662
          ],
          [
            121.12302,
            24.63662
          ],
          [
            121.12306,
            24.63663
          ],
          [
            121.12309,
            24.63663
          ],
          [
            121.12313,
            24.63663
          ],
          [
            121.12317,
            24.63663
          ],
          [
            121.12322,
            24.63663
          ],
          [
            121.12329,
            24.63662
          ],
          [
            121.12333,
            24.63662
          ],
          [
            121.12337,
            24.63661
          ],
          [
            121.12341,
            24.6366
          ],
          [
            121.12345,
            24.6366
          ],
          [
            121.12348,
            24.63659
          ],
          [
            121.12353,
            24.63658
          ],
          [
            121.12359,
            24.63657
          ],
          [
            121.12362,
            24.63657
          ],
          [
            121.12366,
            24.63657
          ],
          [
            121.12374,
            24.63657
          ],
          [
            121.1238,
            24.63658
          ],
          [
            121.12386,
            24.63659
          ],
          [
            121.12387,
            24.63664
          ],
          [
            121.12387,
            24.63668
          ],
          [
            121.12388,
            24.63671
          ],
          [
            121.12389,
            24.63673
          ],
          [
            121.12389,
            24.63674
          ],
          [
            121.12391,
            24.63675
          ],
          [
            121.12392,
            24.63677
          ],
          [
            121.12393,
            24.63677
          ],
          [
            121.12393,
            24.63677
          ],
          [
            121.12392,
            24.63677
          ],
          [
            121.12391,
            24.63675
          ],
          [
            121.12389,
            24.63674
          ],
          [
            121.12389,
            24.63673
          ],
          [
            121.12388,
            24.63671
          ],
          [
            121.12387,
            24.63668
          ],
          [
            121.12387,
            24.63664
          ],
          [
            121.12386,
            24.63659
          ],
          [
            121.12403,
            24.63664
          ],
          [
            121.12408,
            24.63665
          ],
          [
            121.12413,
            24.63665
          ],
          [
            121.12417,
            24.63665
          ],
          [
            121.1242,
            24.63665
          ],
          [
            121.12423,
            24.63664
          ],
          [
            121.12427,
            24.63662
          ],
          [
            121.12429,
            24.63661
          ],
          [
            121.12433,
            24.63659
          ],
          [
            121.12435,
            24.63657
          ],
          [
            121.12438,
            24.63655
          ],
          [
            121.12441,
            24.63654
          ],
          [
            121.12442,
            24.63654
          ],
          [
            121.12444,
            24.63652
          ],
          [
            121.12447,
            24.63651
          ],
          [
            121.12449,
            24.6365
          ],
          [
            121.12453,
            24.63648
          ],
          [
            121.12457,
            24.63647
          ],
          [
            121.1246,
            24.63646
          ],
          [
            121.12465,
            24.63645
          ],
          [
            121.12469,
            24.63645
          ],
          [
            121.12472,
            24.63645
          ],
          [
            121.12475,
            24.63645
          ],
          [
            121.12478,
            24.63645
          ],
          [
            121.12479,
            24.63645
          ],
          [
            121.12482,
            24.63645
          ],
          [
            121.12485,
            24.63645
          ],
          [
            121.12489,
            24.63646
          ],
          [
            121.12493,
            24.63647
          ],
          [
            121.12496,
            24.63649
          ],
          [
            121.12498,
            24.6365
          ],
          [
            121.12502,
            24.63651
          ],
          [
            121.12508,
            24.63653
          ],
          [
            121.12511,
            24.63655
          ],
          [
            121.12515,
            24.63657
          ],
          [
            121.12516,
            24.63657
          ],
          [
            121.12518,
            24.63658
          ],
          [
            121.1252,
            24.6366
          ],
          [
            121.12523,
            24.63661
          ],
          [
            121.12525,
            24.63663
          ],
          [
            121.12531,
            24.63667
          ],
          [
            121.12545,
            24.63677
          ],
          [
            121.12548,
            24.63678
          ],
          [
            121.12549,
            24.63679
          ],
          [
            121.12552,
            24.63682
          ],
          [
            121.12555,
            24.63684
          ],
          [
            121.12559,
            24.63686
          ],
          [
            121.12562,
            24.63688
          ],
          [
            121.12563,
            24.63689
          ],
          [
            121.12564,
            24.6369
          ],
          [
            121.12567,
            24.63692
          ],
          [
            121.12569,
            24.63694
          ],
          [
            121.12571,
            24.63696
          ],
          [
            121.12572,
            24.63698
          ],
          [
            121.12574,
            24.63702
          ],
          [
            121.12574,
            24.63704
          ],
          [
            121.12575,
            24.63707
          ],
          [
            121.12576,
            24.63709
          ],
          [
            121.12578,
            24.63713
          ],
          [
            121.1258,
            24.63719
          ],
          [
            121.12581,
            24.63721
          ],
          [
            121.12587,
            24.63737
          ],
          [
            121.12588,
            24.63737
          ],
          [
            121.12592,
            24.63743
          ],
          [
            121.12595,
            24.63746
          ],
          [
            121.12598,
            24.63748
          ],
          [
            121.12601,
            24.6375
          ],
          [
            121.12605,
            24.63752
          ],
          [
            121.12615,
            24.63758
          ],
          [
            121.12617,
            24.63761
          ],
          [
            121.1262,
            24.63763
          ],
          [
            121.12625,
            24.63768
          ],
          [
            121.12627,
            24.63771
          ],
          [
            121.1263,
            24.63774
          ],
          [
            121.12632,
            24.63777
          ],
          [
            121.12635,
            24.6378
          ],
          [
            121.12639,
            24.63785
          ],
          [
            121.12642,
            24.63787
          ],
          [
            121.12643,
            24.63788
          ],
          [
            121.12646,
            24.63792
          ],
          [
            121.12649,
            24.63795
          ],
          [
            121.12651,
            24.63798
          ],
          [
            121.12653,
            24.638
          ],
          [
            121.12655,
            24.63802
          ],
          [
            121.12657,
            24.63805
          ],
          [
            121.1266,
            24.63809
          ],
          [
            121.12663,
            24.63816
          ],
          [
            121.12664,
            24.63818
          ],
          [
            121.12664,
            24.63819
          ],
          [
            121.12665,
            24.63822
          ],
          [
            121.12666,
            24.63828
          ],
          [
            121.12667,
            24.63836
          ],
          [
            121.12666,
            24.63849
          ],
          [
            121.12666,
            24.63854
          ],
          [
            121.12665,
            24.63872
          ],
          [
            121.12664,
            24.6389
          ],
          [
            121.12663,
            24.63908
          ],
          [
            121.12662,
            24.63924
          ],
          [
            121.12662,
            24.63926
          ],
          [
            121.12661,
            24.63938
          ],
          [
            121.12661,
            24.63938
          ],
          [
            121.12661,
            24.63944
          ],
          [
            121.12661,
            24.63945
          ],
          [
            121.12659,
            24.63962
          ],
          [
            121.12657,
            24.63973
          ],
          [
            121.12655,
            24.63979
          ],
          [
            121.12655,
            24.6398
          ],
          [
            121.12653,
            24.63986
          ],
          [
            121.12648,
            24.63996
          ],
          [
            121.12646,
            24.64001
          ],
          [
            121.1264,
            24.64012
          ],
          [
            121.12636,
            24.64019
          ],
          [
            121.12631,
            24.64029
          ],
          [
            121.12623,
            24.64039
          ],
          [
            121.12622,
            24.64047
          ],
          [
            121.12617,
            24.64057
          ],
          [
            121.12609,
            24.64067
          ],
          [
            121.12603,
            24.64074
          ],
          [
            121.12581,
            24.64096
          ],
          [
            121.12558,
            24.64116
          ],
          [
            121.12534,
            24.64134
          ],
          [
            121.12519,
            24.64145
          ],
          [
            121.12511,
            24.64151
          ],
          [
            121.12506,
            24.64155
          ],
          [
            121.12503,
            24.64159
          ],
          [
            121.12494,
            24.64174
          ],
          [
            121.12485,
            24.64194
          ],
          [
            121.12465,
            24.64233
          ],
          [
            121.12453,
            24.64257
          ],
          [
            121.12448,
            24.64267
          ],
          [
            121.12443,
            24.64278
          ],
          [
            121.12441,
            24.64282
          ],
          [
            121.12435,
            24.64289
          ],
          [
            121.12427,
            24.64296
          ],
          [
            121.1242,
            24.64302
          ],
          [
            121.12415,
            24.64309
          ],
          [
            121.12412,
            24.64315
          ],
          [
            121.12408,
            24.64328
          ],
          [
            121.12401,
            24.64343
          ],
          [
            121.12394,
            24.64354
          ],
          [
            121.12386,
            24.64364
          ],
          [
            121.12378,
            24.64375
          ],
          [
            121.12374,
            24.64387
          ],
          [
            121.12372,
            24.64397
          ],
          [
            121.1237,
            24.64407
          ],
          [
            121.12368,
            24.64419
          ],
          [
            121.12368,
            24.64425
          ],
          [
            121.12387,
            24.64431
          ],
          [
            121.12413,
            24.64439
          ],
          [
            121.12424,
            24.64443
          ],
          [
            121.12443,
            24.64449
          ],
          [
            121.12462,
            24.64455
          ],
          [
            121.1248,
            24.6446
          ],
          [
            121.12506,
            24.64469
          ],
          [
            121.12518,
            24.64472
          ],
          [
            121.12536,
            24.64478
          ],
          [
            121.12555,
            24.64484
          ],
          [
            121.12562,
            24.64486
          ],
          [
            121.12568,
            24.64488
          ],
          [
            121.12572,
            24.64489
          ],
          [
            121.12573,
            24.64491
          ],
          [
            121.12574,
            24.64491
          ],
          [
            121.12575,
            24.64491
          ],
          [
            121.12576,
            24.64492
          ],
          [
            121.12576,
            24.64493
          ],
          [
            121.12577,
            24.64493
          ],
          [
            121.12577,
            24.64495
          ],
          [
            121.12578,
            24.64496
          ],
          [
            121.12578,
            24.64498
          ],
          [
            121.12578,
            24.645
          ],
          [
            121.12579,
            24.64502
          ],
          [
            121.12578,
            24.64505
          ],
          [
            121.12578,
            24.64509
          ],
          [
            121.12577,
            24.64524
          ],
          [
            121.12577,
            24.64525
          ],
          [
            121.12575,
            24.6454
          ],
          [
            121.12575,
            24.64543
          ],
          [
            121.12575,
            24.64548
          ],
          [
            121.12575,
            24.64551
          ],
          [
            121.12576,
            24.64554
          ],
          [
            121.12578,
            24.6456
          ],
          [
            121.12578,
            24.64561
          ],
          [
            121.1258,
            24.64565
          ],
          [
            121.12581,
            24.64567
          ],
          [
            121.12583,
            24.6457
          ],
          [
            121.12584,
            24.64571
          ],
          [
            121.12585,
            24.64573
          ],
          [
            121.12587,
            24.64574
          ],
          [
            121.12588,
            24.64575
          ],
          [
            121.12589,
            24.64575
          ],
          [
            121.12591,
            24.64576
          ],
          [
            121.12593,
            24.64576
          ],
          [
            121.12597,
            24.64575
          ],
          [
            121.12602,
            24.64574
          ],
          [
            121.12607,
            24.64573
          ],
          [
            121.12612,
            24.64572
          ],
          [
            121.12615,
            24.64571
          ],
          [
            121.12623,
            24.64571
          ],
          [
            121.12623,
            24.64572
          ],
          [
            121.12623,
            24.64572
          ],
          [
            121.12624,
            24.64572
          ],
          [
            121.12625,
            24.64572
          ],
          [
            121.12627,
            24.64573
          ],
          [
            121.12632,
            24.64577
          ],
          [
            121.12633,
            24.64579
          ],
          [
            121.12636,
            24.64582
          ],
          [
            121.12637,
            24.64584
          ],
          [
            121.12641,
            24.64592
          ],
          [
            121.12644,
            24.64596
          ],
          [
            121.12645,
            24.64599
          ],
          [
            121.12647,
            24.64601
          ],
          [
            121.12649,
            24.64604
          ],
          [
            121.12653,
            24.64611
          ],
          [
            121.12656,
            24.64616
          ],
          [
            121.1266,
            24.64623
          ],
          [
            121.12667,
            24.64631
          ],
          [
            121.12669,
            24.64633
          ],
          [
            121.12675,
            24.6464
          ],
          [
            121.12679,
            24.64644
          ],
          [
            121.1268,
            24.64645
          ],
          [
            121.12682,
            24.64647
          ],
          [
            121.12685,
            24.64651
          ],
          [
            121.12689,
            24.64655
          ],
          [
            121.12692,
            24.64658
          ],
          [
            121.12693,
            24.64659
          ],
          [
            121.12707,
            24.6467
          ],
          [
            121.12708,
            24.6467
          ],
          [
            121.12762,
            24.64707
          ],
          [
            121.12773,
            24.64716
          ],
          [
            121.1278,
            24.64724
          ],
          [
            121.12782,
            24.64727
          ],
          [
            121.12784,
            24.64731
          ],
          [
            121.12793,
            24.64747
          ],
          [
            121.12802,
            24.64763
          ],
          [
            121.12804,
            24.64767
          ],
          [
            121.12807,
            24.6477
          ],
          [
            121.12816,
            24.64782
          ],
          [
            121.12816,
            24.64782
          ],
          [
            121.12818,
            24.64784
          ],
          [
            121.1282,
            24.64785
          ],
          [
            121.12824,
            24.64787
          ],
          [
            121.12828,
            24.64788
          ],
          [
            121.1283,
            24.64789
          ],
          [
            121.12836,
            24.64791
          ],
          [
            121.12846,
            24.64796
          ],
          [
            121.12848,
            24.64797
          ],
          [
            121.12849,
            24.64798
          ],
          [
            121.12851,
            24.64799
          ],
          [
            121.12854,
            24.64801
          ],
          [
            121.12858,
            24.64805
          ],
          [
            121.12861,
            24.64808
          ],
          [
            121.12866,
            24.64815
          ],
          [
            121.12869,
            24.64818
          ],
          [
            121.12871,
            24.64823
          ],
          [
            121.12872,
            24.64825
          ],
          [
            121.12887,
            24.64856
          ],
          [
            121.12895,
            24.64872
          ],
          [
            121.129,
            24.64882
          ],
          [
            121.12902,
            24.64886
          ],
          [
            121.12904,
            24.64888
          ],
          [
            121.12904,
            24.64889
          ],
          [
            121.12908,
            24.64893
          ],
          [
            121.1291,
            24.64895
          ],
          [
            121.12914,
            24.64898
          ],
          [
            121.12917,
            24.649
          ],
          [
            121.12918,
            24.64901
          ],
          [
            121.1292,
            24.64902
          ],
          [
            121.12923,
            24.64904
          ],
          [
            121.12925,
            24.64906
          ],
          [
            121.12926,
            24.64909
          ],
          [
            121.12928,
            24.64912
          ],
          [
            121.12929,
            24.64915
          ],
          [
            121.12929,
            24.64917
          ],
          [
            121.12929,
            24.64919
          ],
          [
            121.12929,
            24.64921
          ],
          [
            121.1293,
            24.64925
          ],
          [
            121.12931,
            24.64929
          ],
          [
            121.12932,
            24.64933
          ],
          [
            121.12933,
            24.64934
          ],
          [
            121.12934,
            24.64937
          ],
          [
            121.12935,
            24.6494
          ],
          [
            121.12938,
            24.64943
          ],
          [
            121.1294,
            24.64946
          ],
          [
            121.12942,
            24.64948
          ],
          [
            121.12943,
            24.6495
          ],
          [
            121.12945,
            24.64953
          ],
          [
            121.12947,
            24.64955
          ],
          [
            121.12948,
            24.64957
          ],
          [
            121.1295,
            24.6496
          ],
          [
            121.12951,
            24.64964
          ],
          [
            121.12951,
            24.64965
          ],
          [
            121.12951,
            24.64968
          ],
          [
            121.12952,
            24.64972
          ],
          [
            121.12953,
            24.6498
          ],
          [
            121.12953,
            24.64982
          ],
          [
            121.12953,
            24.64987
          ],
          [
            121.12954,
            24.6499
          ],
          [
            121.12954,
            24.64992
          ],
          [
            121.12956,
            24.64996
          ],
          [
            121.12957,
            24.64999
          ],
          [
            121.12957,
            24.65
          ],
          [
            121.12958,
            24.65001
          ],
          [
            121.12959,
            24.65004
          ],
          [
            121.12961,
            24.65006
          ],
          [
            121.12963,
            24.6501
          ],
          [
            121.12964,
            24.65012
          ],
          [
            121.12965,
            24.65013
          ],
          [
            121.12967,
            24.65016
          ],
          [
            121.12969,
            24.65018
          ],
          [
            121.12972,
            24.65025
          ],
          [
            121.12975,
            24.65032
          ],
          [
            121.12979,
            24.65044
          ],
          [
            121.12981,
            24.65049
          ],
          [
            121.12985,
            24.65058
          ],
          [
            121.12987,
            24.65066
          ],
          [
            121.12988,
            24.65067
          ],
          [
            121.1299,
            24.65073
          ],
          [
            121.12995,
            24.65082
          ],
          [
            121.12996,
            24.65087
          ],
          [
            121.13004,
            24.65099
          ],
          [
            121.13008,
            24.65107
          ],
          [
            121.13013,
            24.65114
          ],
          [
            121.1302,
            24.65118
          ],
          [
            121.13023,
            24.65119
          ],
          [
            121.13025,
            24.6512
          ],
          [
            121.13031,
            24.65122
          ],
          [
            121.13038,
            24.65125
          ],
          [
            121.13045,
            24.65127
          ],
          [
            121.13049,
            24.65128
          ],
          [
            121.13071,
            24.65129
          ],
          [
            121.13082,
            24.65127
          ],
          [
            121.13088,
            24.65125
          ],
          [
            121.13097,
            24.65123
          ],
          [
            121.13107,
            24.6512
          ],
          [
            121.13111,
            24.65119
          ],
          [
            121.13122,
            24.65117
          ],
          [
            121.13127,
            24.65117
          ],
          [
            121.13132,
            24.65117
          ],
          [
            121.13143,
            24.6512
          ],
          [
            121.13146,
            24.65121
          ],
          [
            121.13153,
            24.65124
          ],
          [
            121.13167,
            24.65132
          ],
          [
            121.13184,
            24.65144
          ],
          [
            121.13197,
            24.65158
          ],
          [
            121.13205,
            24.65167
          ],
          [
            121.13208,
            24.6517
          ],
          [
            121.13212,
            24.65174
          ],
          [
            121.13217,
            24.65177
          ],
          [
            121.13223,
            24.6518
          ],
          [
            121.13228,
            24.65182
          ],
          [
            121.13237,
            24.65185
          ],
          [
            121.13238,
            24.65186
          ],
          [
            121.13247,
            24.65189
          ],
          [
            121.13256,
            24.65191
          ],
          [
            121.13257,
            24.65191
          ],
          [
            121.13263,
            24.65193
          ],
          [
            121.13273,
            24.65195
          ],
          [
            121.13283,
            24.65196
          ],
          [
            121.13292,
            24.65197
          ],
          [
            121.13302,
            24.65198
          ],
          [
            121.13308,
            24.65198
          ],
          [
            121.13311,
            24.65197
          ],
          [
            121.13313,
            24.65197
          ],
          [
            121.13316,
            24.65198
          ],
          [
            121.1332,
            24.65199
          ],
          [
            121.13322,
            24.65199
          ],
          [
            121.13325,
            24.652
          ],
          [
            121.13327,
            24.65201
          ],
          [
            121.13329,
            24.65202
          ],
          [
            121.13331,
            24.65203
          ],
          [
            121.13334,
            24.65205
          ],
          [
            121.13336,
            24.65205
          ],
          [
            121.13338,
            24.65206
          ],
          [
            121.1334,
            24.65207
          ],
          [
            121.13342,
            24.65208
          ],
          [
            121.13343,
            24.65208
          ],
          [
            121.13345,
            24.65209
          ],
          [
            121.13347,
            24.65209
          ],
          [
            121.13348,
            24.65209
          ],
          [
            121.1335,
            24.6521
          ],
          [
            121.13353,
            24.6521
          ],
          [
            121.13353,
            24.65209
          ],
          [
            121.13355,
            24.65209
          ],
          [
            121.1336,
            24.65208
          ],
          [
            121.13362,
            24.65207
          ],
          [
            121.13363,
            24.65206
          ],
          [
            121.13365,
            24.65205
          ],
          [
            121.13367,
            24.65203
          ],
          [
            121.1337,
            24.65202
          ],
          [
            121.13371,
            24.65202
          ],
          [
            121.13372,
            24.65201
          ],
          [
            121.13376,
            24.652
          ],
          [
            121.1338,
            24.65199
          ],
          [
            121.13385,
            24.65198
          ],
          [
            121.1339,
            24.65198
          ],
          [
            121.13392,
            24.65198
          ],
          [
            121.13395,
            24.65198
          ],
          [
            121.13397,
            24.65198
          ],
          [
            121.13399,
            24.65197
          ],
          [
            121.13402,
            24.65197
          ],
          [
            121.13405,
            24.65196
          ],
          [
            121.13409,
            24.65194
          ],
          [
            121.1341,
            24.65193
          ],
          [
            121.13412,
            24.65192
          ],
          [
            121.13416,
            24.65191
          ],
          [
            121.13419,
            24.65189
          ],
          [
            121.13422,
            24.65188
          ],
          [
            121.13424,
            24.65188
          ],
          [
            121.13426,
            24.65187
          ],
          [
            121.13427,
            24.65187
          ],
          [
            121.13428,
            24.65187
          ],
          [
            121.13429,
            24.65186
          ],
          [
            121.13431,
            24.65186
          ],
          [
            121.13434,
            24.65186
          ],
          [
            121.13436,
            24.65186
          ],
          [
            121.13447,
            24.65186
          ],
          [
            121.13456,
            24.65187
          ],
          [
            121.13465,
            24.65187
          ],
          [
            121.13473,
            24.65186
          ],
          [
            121.13481,
            24.65185
          ],
          [
            121.13488,
            24.65184
          ],
          [
            121.13506,
            24.65183
          ],
          [
            121.13509,
            24.65183
          ],
          [
            121.13511,
            24.65183
          ],
          [
            121.13514,
            24.65183
          ],
          [
            121.13517,
            24.65183
          ],
          [
            121.13521,
            24.65183
          ],
          [
            121.13525,
            24.65183
          ],
          [
            121.13527,
            24.65183
          ],
          [
            121.13532,
            24.65183
          ],
          [
            121.13545,
            24.65183
          ],
          [
            121.1355,
            24.65184
          ],
          [
            121.13556,
            24.65184
          ],
          [
            121.13561,
            24.65183
          ],
          [
            121.13565,
            24.65183
          ],
          [
            121.13566,
            24.65183
          ],
          [
            121.13569,
            24.65182
          ],
          [
            121.13572,
            24.65182
          ],
          [
            121.13573,
            24.65181
          ],
          [
            121.13575,
            24.65181
          ],
          [
            121.13578,
            24.65179
          ],
          [
            121.1358,
            24.65178
          ],
          [
            121.13581,
            24.65177
          ],
          [
            121.13582,
            24.65176
          ],
          [
            121.13583,
            24.65175
          ],
          [
            121.13584,
            24.65172
          ],
          [
            121.13585,
            24.65169
          ],
          [
            121.13587,
            24.65165
          ],
          [
            121.13589,
            24.65159
          ],
          [
            121.13593,
            24.65146
          ],
          [
            121.13597,
            24.65139
          ],
          [
            121.13606,
            24.65129
          ],
          [
            121.13607,
            24.65128
          ],
          [
            121.13614,
            24.65123
          ],
          [
            121.13621,
            24.6512
          ],
          [
            121.13624,
            24.65119
          ],
          [
            121.13628,
            24.65118
          ],
          [
            121.13635,
            24.65118
          ],
          [
            121.13643,
            24.65119
          ],
          [
            121.13668,
            24.6512
          ],
          [
            121.13685,
            24.6512
          ],
          [
            121.13702,
            24.65116
          ],
          [
            121.13703,
            24.65116
          ],
          [
            121.13706,
            24.65114
          ],
          [
            121.13716,
            24.65107
          ],
          [
            121.13726,
            24.65096
          ],
          [
            121.13732,
            24.65092
          ],
          [
            121.13735,
            24.6509
          ],
          [
            121.13747,
            24.65083
          ],
          [
            121.13748,
            24.65083
          ],
          [
            121.13759,
            24.65079
          ],
          [
            121.13767,
            24.65078
          ],
          [
            121.13768,
            24.65078
          ],
          [
            121.13775,
            24.65078
          ],
          [
            121.13787,
            24.65081
          ],
          [
            121.13793,
            24.65083
          ],
          [
            121.13799,
            24.65083
          ],
          [
            121.13801,
            24.65083
          ],
          [
            121.13803,
            24.65082
          ],
          [
            121.13805,
            24.65081
          ],
          [
            121.13808,
            24.65079
          ],
          [
            121.1381,
            24.65076
          ],
          [
            121.13811,
            24.65074
          ],
          [
            121.13812,
            24.65071
          ],
          [
            121.13812,
            24.65065
          ],
          [
            121.13812,
            24.65061
          ],
          [
            121.13811,
            24.65045
          ],
          [
            121.13812,
            24.65029
          ],
          [
            121.13813,
            24.65026
          ],
          [
            121.13815,
            24.65012
          ],
          [
            121.13816,
            24.65011
          ],
          [
            121.13817,
            24.65008
          ],
          [
            121.13818,
            24.65005
          ],
          [
            121.1382,
            24.65002
          ],
          [
            121.13823,
            24.65
          ],
          [
            121.13827,
            24.64997
          ],
          [
            121.13835,
            24.64993
          ],
          [
            121.13845,
            24.6499
          ],
          [
            121.13848,
            24.64989
          ],
          [
            121.13858,
            24.64986
          ],
          [
            121.13863,
            24.64983
          ],
          [
            121.13877,
            24.64977
          ],
          [
            121.13881,
            24.64976
          ],
          [
            121.13886,
            24.64974
          ],
          [
            121.13901,
            24.64974
          ],
          [
            121.1391,
            24.64974
          ],
          [
            121.13918,
            24.64975
          ],
          [
            121.13929,
            24.64979
          ],
          [
            121.13937,
            24.64985
          ],
          [
            121.1394,
            24.64987
          ],
          [
            121.13945,
            24.64991
          ],
          [
            121.13952,
            24.64994
          ],
          [
            121.13954,
            24.64994
          ],
          [
            121.13959,
            24.64995
          ],
          [
            121.13965,
            24.64996
          ],
          [
            121.1397,
            24.64997
          ],
          [
            121.13974,
            24.64997
          ],
          [
            121.13979,
            24.64997
          ],
          [
            121.13982,
            24.64997
          ],
          [
            121.13988,
            24.64997
          ],
          [
            121.13993,
            24.64997
          ],
          [
            121.13997,
            24.64997
          ],
          [
            121.14,
            24.64996
          ],
          [
            121.14004,
            24.64995
          ],
          [
            121.14007,
            24.64994
          ],
          [
            121.14013,
            24.64993
          ],
          [
            121.14017,
            24.64992
          ],
          [
            121.14019,
            24.64992
          ],
          [
            121.14022,
            24.64992
          ],
          [
            121.14031,
            24.64993
          ],
          [
            121.14032,
            24.64993
          ],
          [
            121.14039,
            24.64994
          ],
          [
            121.14044,
            24.64995
          ],
          [
            121.14047,
            24.64996
          ],
          [
            121.14051,
            24.64997
          ],
          [
            121.14052,
            24.64997
          ],
          [
            121.14055,
            24.64997
          ],
          [
            121.14061,
            24.64998
          ],
          [
            121.14066,
            24.64999
          ],
          [
            121.14071,
            24.65
          ],
          [
            121.14077,
            24.65002
          ],
          [
            121.14083,
            24.65003
          ],
          [
            121.14087,
            24.65003
          ],
          [
            121.1409,
            24.65004
          ],
          [
            121.14091,
            24.65004
          ],
          [
            121.14094,
            24.65004
          ],
          [
            121.141,
            24.65005
          ],
          [
            121.14107,
            24.65006
          ],
          [
            121.1411,
            24.65007
          ],
          [
            121.14113,
            24.65008
          ],
          [
            121.1412,
            24.6501
          ],
          [
            121.14129,
            24.65013
          ],
          [
            121.14137,
            24.65016
          ],
          [
            121.14144,
            24.65019
          ],
          [
            121.14147,
            24.6502
          ],
          [
            121.14149,
            24.6502
          ],
          [
            121.14153,
            24.6502
          ],
          [
            121.14157,
            24.6502
          ],
          [
            121.14164,
            24.6502
          ],
          [
            121.14167,
            24.6502
          ],
          [
            121.14168,
            24.6502
          ],
          [
            121.14172,
            24.65019
          ],
          [
            121.14178,
            24.65018
          ],
          [
            121.14182,
            24.65018
          ],
          [
            121.14188,
            24.65017
          ],
          [
            121.14192,
            24.65016
          ],
          [
            121.14197,
            24.65015
          ],
          [
            121.14201,
            24.65015
          ],
          [
            121.14204,
            24.65015
          ],
          [
            121.14206,
            24.65015
          ],
          [
            121.14208,
            24.65016
          ],
          [
            121.14213,
            24.65017
          ],
          [
            121.14218,
            24.65019
          ],
          [
            121.14225,
            24.6502
          ],
          [
            121.14231,
            24.6502
          ],
          [
            121.14244,
            24.65022
          ],
          [
            121.14247,
            24.65022
          ],
          [
            121.1426,
            24.65023
          ],
          [
            121.14264,
            24.65023
          ],
          [
            121.14275,
            24.65023
          ],
          [
            121.14284,
            24.65022
          ],
          [
            121.14289,
            24.65022
          ],
          [
            121.14303,
            24.6502
          ],
          [
            121.14304,
            24.6502
          ],
          [
            121.14329,
            24.6502
          ],
          [
            121.14329,
            24.6502
          ],
          [
            121.14369,
            24.65024
          ],
          [
            121.1439,
            24.65024
          ],
          [
            121.14405,
            24.65025
          ],
          [
            121.14418,
            24.65025
          ],
          [
            121.14431,
            24.65025
          ],
          [
            121.14444,
            24.65025
          ],
          [
            121.14447,
            24.65025
          ],
          [
            121.14454,
            24.65026
          ],
          [
            121.14467,
            24.65028
          ],
          [
            121.14468,
            24.65028
          ],
          [
            121.14487,
            24.65029
          ],
          [
            121.14508,
            24.6503
          ],
          [
            121.14536,
            24.6503
          ],
          [
            121.14546,
            24.6503
          ],
          [
            121.1456,
            24.6503
          ],
          [
            121.14566,
            24.6503
          ],
          [
            121.14571,
            24.6503
          ],
          [
            121.14581,
            24.65029
          ],
          [
            121.14591,
            24.65028
          ],
          [
            121.14601,
            24.65026
          ],
          [
            121.14612,
            24.65026
          ],
          [
            121.14639,
            24.65024
          ],
          [
            121.14666,
            24.65
          ],
          [
            121.1468,
            24.64988
          ],
          [
            121.14694,
            24.64975
          ],
          [
            121.14708,
            24.64962
          ],
          [
            121.14722,
            24.6495
          ],
          [
            121.14736,
            24.64937
          ],
          [
            121.1475,
            24.64924
          ],
          [
            121.14796,
            24.64883
          ],
          [
            121.14807,
            24.64868
          ],
          [
            121.14823,
            24.64848
          ],
          [
            121.14827,
            24.64843
          ],
          [
            121.14831,
            24.64837
          ],
          [
            121.14838,
            24.64828
          ],
          [
            121.1484,
            24.64826
          ],
          [
            121.1485,
            24.64819
          ],
          [
            121.14865,
            24.64809
          ],
          [
            121.14869,
            24.64805
          ],
          [
            121.14871,
            24.64804
          ],
          [
            121.14873,
            24.648
          ],
          [
            121.14876,
            24.64795
          ],
          [
            121.14878,
            24.6479
          ],
          [
            121.14884,
            24.64775
          ],
          [
            121.14894,
            24.64757
          ],
          [
            121.14899,
            24.64748
          ],
          [
            121.14904,
            24.64741
          ],
          [
            121.14915,
            24.64727
          ],
          [
            121.14927,
            24.64712
          ],
          [
            121.14928,
            24.6471
          ],
          [
            121.14938,
            24.64697
          ],
          [
            121.14939,
            24.64696
          ],
          [
            121.14948,
            24.64682
          ],
          [
            121.14958,
            24.64666
          ],
          [
            121.14969,
            24.64651
          ],
          [
            121.14972,
            24.64647
          ],
          [
            121.14982,
            24.64638
          ],
          [
            121.14982,
            24.64637
          ],
          [
            121.14993,
            24.64631
          ],
          [
            121.14999,
            24.6463
          ],
          [
            121.15007,
            24.64628
          ],
          [
            121.15017,
            24.64628
          ],
          [
            121.15019,
            24.64628
          ],
          [
            121.15039,
            24.64627
          ],
          [
            121.15056,
            24.64623
          ],
          [
            121.15056,
            24.64623
          ],
          [
            121.15062,
            24.64621
          ],
          [
            121.15086,
            24.64616
          ],
          [
            121.15115,
            24.64614
          ],
          [
            121.15131,
            24.64614
          ],
          [
            121.15133,
            24.64614
          ],
          [
            121.15135,
            24.64614
          ],
          [
            121.15136,
            24.64614
          ],
          [
            121.15142,
            24.6462
          ],
          [
            121.15145,
            24.64624
          ],
          [
            121.15149,
            24.64628
          ],
          [
            121.1515,
            24.6463
          ],
          [
            121.15154,
            24.64637
          ],
          [
            121.15157,
            24.64644
          ],
          [
            121.15159,
            24.64649
          ],
          [
            121.1516,
            24.64656
          ],
          [
            121.1516,
            24.64661
          ],
          [
            121.15159,
            24.64667
          ],
          [
            121.15155,
            24.64674
          ],
          [
            121.15153,
            24.64677
          ],
          [
            121.15152,
            24.64681
          ],
          [
            121.15151,
            24.64686
          ],
          [
            121.1515,
            24.64699
          ],
          [
            121.15151,
            24.64713
          ],
          [
            121.1515,
            24.64734
          ],
          [
            121.15146,
            24.64748
          ],
          [
            121.15144,
            24.64757
          ],
          [
            121.1514,
            24.64765
          ],
          [
            121.15138,
            24.64768
          ],
          [
            121.15136,
            24.6477
          ],
          [
            121.15134,
            24.64772
          ],
          [
            121.15133,
            24.64773
          ],
          [
            121.1513,
            24.64775
          ],
          [
            121.15125,
            24.64778
          ],
          [
            121.15122,
            24.64778
          ],
          [
            121.15118,
            24.64781
          ],
          [
            121.15114,
            24.64783
          ],
          [
            121.15109,
            24.64787
          ],
          [
            121.15107,
            24.64789
          ],
          [
            121.15107,
            24.64789
          ],
          [
            121.15105,
            24.64792
          ],
          [
            121.15104,
            24.64798
          ],
          [
            121.15103,
            24.64804
          ],
          [
            121.15105,
            24.64818
          ],
          [
            121.15109,
            24.64832
          ],
          [
            121.15113,
            24.64843
          ],
          [
            121.15118,
            24.64861
          ],
          [
            121.15118,
            24.64867
          ],
          [
            121.1512,
            24.64885
          ],
          [
            121.1512,
            24.64887
          ],
          [
            121.1512,
            24.64903
          ],
          [
            121.1512,
            24.64906
          ],
          [
            121.15119,
            24.64917
          ],
          [
            121.1512,
            24.6492
          ],
          [
            121.1512,
            24.64921
          ],
          [
            121.1512,
            24.64922
          ],
          [
            121.15121,
            24.64923
          ],
          [
            121.15122,
            24.64924
          ],
          [
            121.15123,
            24.64926
          ],
          [
            121.15124,
            24.64926
          ],
          [
            121.15125,
            24.64926
          ],
          [
            121.15127,
            24.64926
          ],
          [
            121.15129,
            24.64926
          ],
          [
            121.15132,
            24.64925
          ],
          [
            121.15135,
            24.64924
          ],
          [
            121.15136,
            24.64923
          ],
          [
            121.15138,
            24.64921
          ],
          [
            121.15149,
            24.64909
          ],
          [
            121.15179,
            24.64874
          ],
          [
            121.15184,
            24.64866
          ],
          [
            121.15191,
            24.64856
          ],
          [
            121.15196,
            24.64842
          ],
          [
            121.152,
            24.64835
          ],
          [
            121.15207,
            24.64827
          ],
          [
            121.15217,
            24.64817
          ],
          [
            121.15226,
            24.6481
          ],
          [
            121.15232,
            24.64807
          ],
          [
            121.15248,
            24.64801
          ],
          [
            121.15264,
            24.64797
          ],
          [
            121.15271,
            24.64794
          ],
          [
            121.15302,
            24.64779
          ],
          [
            121.15314,
            24.64777
          ],
          [
            121.15318,
            24.64776
          ],
          [
            121.15319,
            24.64776
          ],
          [
            121.1532,
            24.64777
          ],
          [
            121.15321,
            24.64778
          ],
          [
            121.15323,
            24.64781
          ],
          [
            121.15323,
            24.64782
          ],
          [
            121.15324,
            24.64784
          ],
          [
            121.15324,
            24.64785
          ],
          [
            121.15324,
            24.64786
          ],
          [
            121.15323,
            24.64787
          ],
          [
            121.15323,
            24.64788
          ],
          [
            121.15322,
            24.64788
          ],
          [
            121.1532,
            24.6479
          ],
          [
            121.15318,
            24.64792
          ],
          [
            121.15301,
            24.64803
          ],
          [
            121.15268,
            24.64824
          ],
          [
            121.15265,
            24.64826
          ],
          [
            121.15249,
            24.64834
          ],
          [
            121.15245,
            24.64836
          ],
          [
            121.15242,
            24.64837
          ],
          [
            121.15236,
            24.64839
          ],
          [
            121.15233,
            24.6484
          ],
          [
            121.15232,
            24.6484
          ],
          [
            121.15229,
            24.64842
          ],
          [
            121.15226,
            24.64846
          ],
          [
            121.15224,
            24.64848
          ],
          [
            121.15223,
            24.64851
          ],
          [
            121.15222,
            24.64854
          ],
          [
            121.15221,
            24.64858
          ],
          [
            121.15219,
            24.64866
          ],
          [
            121.15218,
            24.64872
          ],
          [
            121.15218,
            24.64875
          ],
          [
            121.15217,
            24.64883
          ],
          [
            121.15212,
            24.64907
          ],
          [
            121.15211,
            24.64913
          ],
          [
            121.15209,
            24.64919
          ],
          [
            121.15206,
            24.64924
          ],
          [
            121.15197,
            24.64935
          ],
          [
            121.15195,
            24.64937
          ],
          [
            121.15195,
            24.64939
          ],
          [
            121.15195,
            24.64941
          ],
          [
            121.15196,
            24.64944
          ],
          [
            121.15197,
            24.64948
          ],
          [
            121.15197,
            24.64953
          ],
          [
            121.15196,
            24.64956
          ],
          [
            121.15194,
            24.64962
          ],
          [
            121.15188,
            24.64968
          ],
          [
            121.15186,
            24.64971
          ],
          [
            121.15176,
            24.64983
          ],
          [
            121.15174,
            24.64986
          ],
          [
            121.15173,
            24.64986
          ],
          [
            121.15173,
            24.64988
          ],
          [
            121.15172,
            24.6499
          ],
          [
            121.15172,
            24.64992
          ],
          [
            121.15172,
            24.64993
          ],
          [
            121.15172,
            24.64996
          ],
          [
            121.15174,
            24.64999
          ],
          [
            121.15176,
            24.65001
          ],
          [
            121.15177,
            24.65002
          ],
          [
            121.15178,
            24.65003
          ],
          [
            121.15181,
            24.65005
          ],
          [
            121.15192,
            24.65014
          ],
          [
            121.152,
            24.65019
          ],
          [
            121.15206,
            24.65023
          ],
          [
            121.15213,
            24.65027
          ],
          [
            121.1522,
            24.65031
          ],
          [
            121.15225,
            24.65033
          ],
          [
            121.15229,
            24.65036
          ],
          [
            121.15233,
            24.65038
          ],
          [
            121.15237,
            24.65041
          ],
          [
            121.15239,
            24.65044
          ],
          [
            121.15241,
            24.65046
          ],
          [
            121.15244,
            24.65059
          ],
          [
            121.15245,
            24.65062
          ],
          [
            121.15245,
            24.65066
          ],
          [
            121.15246,
            24.6507
          ],
          [
            121.15247,
            24.65075
          ],
          [
            121.15248,
            24.65078
          ],
          [
            121.15251,
            24.65083
          ],
          [
            121.15257,
            24.65094
          ],
          [
            121.15257,
            24.65096
          ],
          [
            121.15258,
            24.65099
          ],
          [
            121.15258,
            24.65107
          ],
          [
            121.15257,
            24.65114
          ],
          [
            121.15254,
            24.65123
          ],
          [
            121.15249,
            24.6513
          ],
          [
            121.15247,
            24.65134
          ],
          [
            121.15246,
            24.65137
          ],
          [
            121.15246,
            24.6514
          ],
          [
            121.15246,
            24.65142
          ],
          [
            121.15247,
            24.65145
          ],
          [
            121.15248,
            24.65147
          ],
          [
            121.15249,
            24.65148
          ],
          [
            121.15256,
            24.65163
          ],
          [
            121.15257,
            24.65166
          ],
          [
            121.15261,
            24.65177
          ],
          [
            121.15262,
            24.65181
          ],
          [
            121.15263,
            24.65182
          ],
          [
            121.15264,
            24.65186
          ],
          [
            121.15265,
            24.65189
          ],
          [
            121.15266,
            24.65195
          ],
          [
            121.15267,
            24.65198
          ],
          [
            121.15269,
            24.65202
          ],
          [
            121.15271,
            24.65207
          ],
          [
            121.15274,
            24.6521
          ],
          [
            121.15276,
            24.65212
          ],
          [
            121.15277,
            24.65213
          ],
          [
            121.15278,
            24.65214
          ],
          [
            121.15281,
            24.65215
          ],
          [
            121.15293,
            24.65222
          ],
          [
            121.15295,
            24.65224
          ],
          [
            121.15297,
            24.65226
          ],
          [
            121.15297,
            24.65228
          ],
          [
            121.15298,
            24.65229
          ],
          [
            121.15298,
            24.65231
          ],
          [
            121.15298,
            24.65234
          ],
          [
            121.15299,
            24.65237
          ],
          [
            121.153,
            24.65241
          ],
          [
            121.15301,
            24.65244
          ],
          [
            121.15305,
            24.65252
          ],
          [
            121.15305,
            24.65257
          ],
          [
            121.15307,
            24.65266
          ],
          [
            121.15306,
            24.65281
          ],
          [
            121.15304,
            24.65298
          ],
          [
            121.15304,
            24.65314
          ],
          [
            121.15302,
            24.65329
          ],
          [
            121.15302,
            24.65331
          ],
          [
            121.15299,
            24.65337
          ],
          [
            121.15295,
            24.65345
          ],
          [
            121.15294,
            24.65346
          ],
          [
            121.15291,
            24.65354
          ],
          [
            121.15287,
            24.65363
          ],
          [
            121.15286,
            24.65374
          ],
          [
            121.15285,
            24.6538
          ],
          [
            121.15285,
            24.65385
          ],
          [
            121.15286,
            24.65396
          ],
          [
            121.15286,
            24.65398
          ],
          [
            121.15287,
            24.65401
          ],
          [
            121.1529,
            24.65415
          ],
          [
            121.15302,
            24.65444
          ],
          [
            121.15311,
            24.65475
          ],
          [
            121.15315,
            24.65493
          ],
          [
            121.15315,
            24.65504
          ],
          [
            121.15315,
            24.6552
          ],
          [
            121.15315,
            24.65528
          ],
          [
            121.15315,
            24.65538
          ],
          [
            121.15316,
            24.65544
          ],
          [
            121.15318,
            24.65551
          ],
          [
            121.15322,
            24.65558
          ],
          [
            121.15326,
            24.65562
          ],
          [
            121.15329,
            24.655639999999998
          ],
          [
            121.15331,
            24.65565
          ],
          [
            121.15333,
            24.65566
          ],
          [
            121.15335,
            24.65566
          ],
          [
            121.15337,
            24.65566
          ],
          [
            121.15338,
            24.65565
          ],
          [
            121.1534,
            24.655639999999998
          ],
          [
            121.15341,
            24.65563
          ],
          [
            121.15342,
            24.65562
          ],
          [
            121.15342,
            24.6556
          ],
          [
            121.15343,
            24.65558
          ],
          [
            121.15343,
            24.65556
          ],
          [
            121.15344,
            24.65554
          ],
          [
            121.15344,
            24.65552
          ],
          [
            121.15345,
            24.65545
          ],
          [
            121.15344,
            24.65534
          ],
          [
            121.15344,
            24.65533
          ],
          [
            121.15344,
            24.65531
          ],
          [
            121.15343,
            24.65529
          ],
          [
            121.15343,
            24.65527
          ],
          [
            121.15343,
            24.65526
          ],
          [
            121.15344,
            24.6552
          ],
          [
            121.15347,
            24.65508
          ],
          [
            121.15355,
            24.65484
          ],
          [
            121.15356,
            24.65482
          ],
          [
            121.1536,
            24.65473
          ],
          [
            121.15364,
            24.65468
          ],
          [
            121.15366,
            24.65466
          ],
          [
            121.15369,
            24.65463
          ],
          [
            121.1538,
            24.65455
          ],
          [
            121.1539,
            24.65448
          ],
          [
            121.15397,
            24.65443
          ],
          [
            121.15404,
            24.65438
          ],
          [
            121.15414,
            24.65434
          ],
          [
            121.15435,
            24.65426
          ],
          [
            121.15445,
            24.65421
          ],
          [
            121.15447,
            24.6542
          ],
          [
            121.15449,
            24.6542
          ],
          [
            121.15449,
            24.65419
          ],
          [
            121.1545,
            24.65418
          ],
          [
            121.15452,
            24.65415
          ],
          [
            121.15454,
            24.6541
          ],
          [
            121.15453,
            24.65402
          ],
          [
            121.15454,
            24.65396
          ],
          [
            121.15454,
            24.65393
          ],
          [
            121.15455,
            24.65392
          ],
          [
            121.15461,
            24.65384
          ],
          [
            121.15472,
            24.65373
          ],
          [
            121.15473,
            24.65372
          ],
          [
            121.15481,
            24.65366
          ],
          [
            121.15484,
            24.65364
          ],
          [
            121.15488,
            24.65363
          ],
          [
            121.15491,
            24.65362
          ],
          [
            121.15492,
            24.65362
          ],
          [
            121.15493,
            24.65362
          ],
          [
            121.15494,
            24.65363
          ],
          [
            121.15495,
            24.65364
          ],
          [
            121.15496,
            24.65364
          ],
          [
            121.15496,
            24.65365
          ],
          [
            121.15497,
            24.65366
          ],
          [
            121.15497,
            24.65367
          ],
          [
            121.15497,
            24.65369
          ],
          [
            121.15496,
            24.65373
          ],
          [
            121.15495,
            24.65375
          ],
          [
            121.15494,
            24.65379
          ],
          [
            121.15492,
            24.65385
          ],
          [
            121.15491,
            24.65391
          ],
          [
            121.15491,
            24.65393
          ],
          [
            121.15491,
            24.65395
          ],
          [
            121.15491,
            24.65397
          ],
          [
            121.15505,
            24.65419
          ],
          [
            121.15508,
            24.65427
          ],
          [
            121.15509,
            24.65443
          ],
          [
            121.15509,
            24.65447
          ],
          [
            121.15506,
            24.6546
          ],
          [
            121.15506,
            24.65461
          ],
          [
            121.15502,
            24.65469
          ],
          [
            121.15494,
            24.65485
          ],
          [
            121.1549,
            24.65494
          ],
          [
            121.15481,
            24.6551
          ],
          [
            121.15476,
            24.6552
          ],
          [
            121.15465,
            24.6554
          ],
          [
            121.15464,
            24.65542
          ],
          [
            121.15455,
            24.65558
          ],
          [
            121.15454,
            24.65561
          ],
          [
            121.15453,
            24.65565
          ],
          [
            121.15452,
            24.65568
          ],
          [
            121.15452,
            24.65572
          ],
          [
            121.15452,
            24.65576
          ],
          [
            121.15453,
            24.6558
          ],
          [
            121.15454,
            24.65584
          ],
          [
            121.15455,
            24.65588
          ],
          [
            121.15458,
            24.65593
          ],
          [
            121.15475,
            24.65625
          ],
          [
            121.15476,
            24.65628
          ],
          [
            121.15478,
            24.6563
          ],
          [
            121.15482,
            24.65634
          ],
          [
            121.15485,
            24.65637
          ],
          [
            121.15489,
            24.6564
          ],
          [
            121.1549,
            24.65642
          ],
          [
            121.15493,
            24.65645
          ],
          [
            121.15498,
            24.65654
          ],
          [
            121.15502,
            24.65666
          ],
          [
            121.15504,
            24.65671
          ],
          [
            121.15508,
            24.65675
          ],
          [
            121.15512,
            24.65681
          ],
          [
            121.15514,
            24.65684
          ],
          [
            121.15515,
            24.656860000000002
          ],
          [
            121.15515,
            24.65688
          ],
          [
            121.15516,
            24.65692
          ],
          [
            121.15514,
            24.65698
          ],
          [
            121.15511,
            24.65703
          ],
          [
            121.15507,
            24.65714
          ],
          [
            121.15503,
            24.6572
          ],
          [
            121.15494,
            24.65735
          ],
          [
            121.15494,
            24.65736
          ],
          [
            121.1549,
            24.65747
          ],
          [
            121.15488,
            24.65759
          ],
          [
            121.15488,
            24.6577
          ],
          [
            121.1549,
            24.65782
          ],
          [
            121.15492,
            24.65788
          ],
          [
            121.15496,
            24.65806
          ],
          [
            121.15496,
            24.65807
          ],
          [
            121.15502,
            24.65823
          ],
          [
            121.15507,
            24.65836
          ],
          [
            121.15508,
            24.65839
          ],
          [
            121.15509,
            24.6584
          ],
          [
            121.1551,
            24.65842
          ],
          [
            121.15512,
            24.65844
          ],
          [
            121.15514,
            24.65846
          ],
          [
            121.15517,
            24.65847
          ],
          [
            121.1552,
            24.65848
          ],
          [
            121.15525,
            24.65848
          ],
          [
            121.15528,
            24.65847
          ],
          [
            121.15531,
            24.65845
          ],
          [
            121.15533,
            24.65844
          ],
          [
            121.15535,
            24.65841
          ],
          [
            121.15536,
            24.65839
          ],
          [
            121.15537,
            24.65836
          ],
          [
            121.15537,
            24.65833
          ],
          [
            121.15536,
            24.6583
          ],
          [
            121.15534,
            24.65825
          ],
          [
            121.15532,
            24.65822
          ],
          [
            121.15528,
            24.65814
          ],
          [
            121.15523,
            24.65806
          ],
          [
            121.15519,
            24.65798
          ],
          [
            121.15517,
            24.6579
          ],
          [
            121.15516,
            24.65789
          ],
          [
            121.15516,
            24.65781
          ],
          [
            121.15518,
            24.65776
          ],
          [
            121.15526,
            24.6576
          ],
          [
            121.15528,
            24.65756
          ],
          [
            121.15532,
            24.65748
          ],
          [
            121.15537,
            24.6574
          ],
          [
            121.15542,
            24.65733
          ],
          [
            121.15546,
            24.65729
          ],
          [
            121.15549,
            24.65726
          ],
          [
            121.1555,
            24.65725
          ],
          [
            121.15564,
            24.65714
          ],
          [
            121.15565,
            24.65713
          ],
          [
            121.1558,
            24.65703
          ],
          [
            121.15587,
            24.65695
          ],
          [
            121.15591,
            24.6569
          ],
          [
            121.15596,
            24.65679
          ],
          [
            121.15597,
            24.65679
          ],
          [
            121.15599,
            24.65665
          ],
          [
            121.15598,
            24.65662
          ],
          [
            121.15595,
            24.65644
          ],
          [
            121.15594,
            24.65639
          ],
          [
            121.15596,
            24.65626
          ],
          [
            121.15599,
            24.65608
          ],
          [
            121.156,
            24.65606
          ],
          [
            121.15603,
            24.65591
          ],
          [
            121.15611,
            24.65556
          ],
          [
            121.15615,
            24.65542
          ],
          [
            121.15615,
            24.65538
          ],
          [
            121.15616,
            24.6552
          ],
          [
            121.15617,
            24.65508
          ],
          [
            121.15618,
            24.65502
          ],
          [
            121.15621,
            24.65485
          ],
          [
            121.15622,
            24.65484
          ],
          [
            121.15627,
            24.65472
          ],
          [
            121.1563,
            24.65468
          ],
          [
            121.15635,
            24.65459
          ],
          [
            121.15641,
            24.65453
          ],
          [
            121.15652,
            24.65441
          ],
          [
            121.15653,
            24.65439
          ],
          [
            121.15666,
            24.65426
          ],
          [
            121.15671,
            24.65421
          ],
          [
            121.15677,
            24.65411
          ],
          [
            121.15686,
            24.65395
          ],
          [
            121.15686,
            24.65394
          ],
          [
            121.15693,
            24.65378
          ],
          [
            121.15695,
            24.65373
          ],
          [
            121.15696,
            24.65367
          ],
          [
            121.15697,
            24.6536
          ],
          [
            121.15698,
            24.65357
          ],
          [
            121.15697,
            24.65335
          ],
          [
            121.15694,
            24.65319
          ],
          [
            121.15693,
            24.65317
          ],
          [
            121.15691,
            24.65312
          ],
          [
            121.1569,
            24.65308
          ],
          [
            121.15689,
            24.65303
          ],
          [
            121.15688,
            24.65301
          ],
          [
            121.15688,
            24.653
          ],
          [
            121.15687,
            24.65296
          ],
          [
            121.15686,
            24.65293
          ],
          [
            121.15684,
            24.65289
          ],
          [
            121.15684,
            24.65285
          ],
          [
            121.15683,
            24.65282
          ],
          [
            121.15683,
            24.6528
          ],
          [
            121.15681,
            24.65272
          ],
          [
            121.1568,
            24.65269
          ],
          [
            121.1568,
            24.65266
          ],
          [
            121.15679,
            24.65262
          ],
          [
            121.15678,
            24.65257
          ],
          [
            121.15677,
            24.65253
          ],
          [
            121.15675,
            24.65247
          ],
          [
            121.15674,
            24.65245
          ],
          [
            121.15668,
            24.65231
          ],
          [
            121.15667,
            24.65229
          ],
          [
            121.15662,
            24.65215
          ],
          [
            121.15661,
            24.65214
          ],
          [
            121.15659,
            24.6521
          ],
          [
            121.15658,
            24.65206
          ],
          [
            121.15658,
            24.65203
          ],
          [
            121.15658,
            24.652
          ],
          [
            121.15659,
            24.65196
          ],
          [
            121.1566,
            24.65192
          ],
          [
            121.15661,
            24.65187
          ],
          [
            121.15663,
            24.65183
          ],
          [
            121.15663,
            24.65179
          ],
          [
            121.15663,
            24.65178
          ],
          [
            121.15664,
            24.65154
          ],
          [
            121.15666,
            24.65149
          ],
          [
            121.15669,
            24.65144
          ],
          [
            121.15672,
            24.65141
          ],
          [
            121.15674,
            24.65138
          ],
          [
            121.15678,
            24.65136
          ],
          [
            121.1568,
            24.65136
          ],
          [
            121.15684,
            24.65135
          ],
          [
            121.15685,
            24.65135
          ],
          [
            121.15687,
            24.65135
          ],
          [
            121.1569,
            24.65136
          ],
          [
            121.15693,
            24.65136
          ],
          [
            121.15696,
            24.65137
          ],
          [
            121.15698,
            24.65139
          ],
          [
            121.15701,
            24.6514
          ],
          [
            121.15703,
            24.65142
          ],
          [
            121.15704,
            24.65143
          ],
          [
            121.15706,
            24.65145
          ],
          [
            121.15708,
            24.65146
          ],
          [
            121.15711,
            24.65147
          ],
          [
            121.15713,
            24.65148
          ],
          [
            121.15717,
            24.65148
          ],
          [
            121.15734,
            24.65146
          ],
          [
            121.15743,
            24.65146
          ],
          [
            121.15749,
            24.65146
          ],
          [
            121.15758,
            24.65147
          ],
          [
            121.15762,
            24.65149
          ],
          [
            121.15772,
            24.65153
          ],
          [
            121.15786,
            24.65158
          ],
          [
            121.15791,
            24.6516
          ],
          [
            121.15799,
            24.65162
          ],
          [
            121.15808,
            24.65164
          ],
          [
            121.1581,
            24.65164
          ],
          [
            121.15814,
            24.65164
          ],
          [
            121.15861,
            24.65165
          ],
          [
            121.15869000000001,
            24.65165
          ],
          [
            121.15871,
            24.65165
          ],
          [
            121.15874,
            24.65164
          ],
          [
            121.15879,
            24.65164
          ],
          [
            121.15882,
            24.65164
          ],
          [
            121.15885,
            24.65165
          ],
          [
            121.15888,
            24.65166
          ],
          [
            121.15889,
            24.65166
          ],
          [
            121.15892,
            24.65167
          ],
          [
            121.15896,
            24.65169
          ],
          [
            121.159,
            24.65172
          ],
          [
            121.15902,
            24.65173
          ],
          [
            121.15904,
            24.65176
          ],
          [
            121.15906,
            24.65178
          ],
          [
            121.15914,
            24.65183
          ],
          [
            121.15919,
            24.65187
          ],
          [
            121.1592,
            24.65187
          ],
          [
            121.15923,
            24.6519
          ],
          [
            121.15926,
            24.65193
          ],
          [
            121.15927,
            24.65195
          ],
          [
            121.15929,
            24.65198
          ],
          [
            121.15932,
            24.65202
          ],
          [
            121.15938,
            24.65207
          ],
          [
            121.15943,
            24.6521
          ],
          [
            121.1595,
            24.65212
          ],
          [
            121.15962,
            24.65218
          ],
          [
            121.15966,
            24.6522
          ],
          [
            121.15969,
            24.65221
          ],
          [
            121.15971,
            24.65223
          ],
          [
            121.15979,
            24.65231
          ],
          [
            121.1598,
            24.65235
          ],
          [
            121.1598,
            24.65235
          ],
          [
            121.15981,
            24.65239
          ],
          [
            121.15982,
            24.6525
          ],
          [
            121.15984,
            24.65277
          ],
          [
            121.15984,
            24.65316
          ],
          [
            121.15984,
            24.65322
          ],
          [
            121.15985,
            24.65347
          ],
          [
            121.15987,
            24.65359
          ],
          [
            121.15991,
            24.65369
          ],
          [
            121.15991,
            24.65371
          ],
          [
            121.16001,
            24.65394
          ],
          [
            121.16004,
            24.65403
          ],
          [
            121.16006,
            24.65408
          ],
          [
            121.16008,
            24.65424
          ],
          [
            121.1601,
            24.654419999999998
          ],
          [
            121.1601,
            24.65444
          ],
          [
            121.16012,
            24.65448
          ],
          [
            121.16013,
            24.65452
          ],
          [
            121.16014,
            24.65455
          ],
          [
            121.16023,
            24.65461
          ],
          [
            121.16031,
            24.65467
          ],
          [
            121.16037,
            24.65471
          ],
          [
            121.16046,
            24.65477
          ],
          [
            121.16052,
            24.65481
          ],
          [
            121.16072,
            24.655
          ],
          [
            121.16075,
            24.65502
          ],
          [
            121.16082,
            24.65509
          ],
          [
            121.16086,
            24.65513
          ],
          [
            121.16107,
            24.65533
          ],
          [
            121.16116,
            24.65541
          ],
          [
            121.16121,
            24.65545
          ],
          [
            121.16124,
            24.65547
          ],
          [
            121.16128,
            24.65549
          ],
          [
            121.16137,
            24.65553
          ],
          [
            121.16147,
            24.65559
          ],
          [
            121.16151,
            24.65563
          ],
          [
            121.16156,
            24.65569
          ],
          [
            121.16158,
            24.65574
          ],
          [
            121.16158,
            24.65576
          ],
          [
            121.16158,
            24.65579
          ],
          [
            121.16159,
            24.65592
          ],
          [
            121.16159,
            24.65594
          ],
          [
            121.16161,
            24.65605
          ],
          [
            121.16162,
            24.65608
          ],
          [
            121.16162,
            24.65609
          ],
          [
            121.16164,
            24.65611
          ],
          [
            121.16164,
            24.65612
          ],
          [
            121.16166,
            24.65614
          ],
          [
            121.16186,
            24.65632
          ],
          [
            121.1619,
            24.65637
          ],
          [
            121.1619,
            24.65638
          ],
          [
            121.16192,
            24.6564
          ],
          [
            121.16198,
            24.65658
          ],
          [
            121.16204,
            24.65674
          ],
          [
            121.16207,
            24.65688
          ],
          [
            121.16208,
            24.65689
          ],
          [
            121.16212,
            24.65697
          ],
          [
            121.16216,
            24.65701
          ],
          [
            121.16219,
            24.65704
          ],
          [
            121.1622,
            24.65704
          ],
          [
            121.16233,
            24.65717
          ],
          [
            121.16236,
            24.6572
          ],
          [
            121.16244,
            24.65731
          ],
          [
            121.16245,
            24.65731
          ],
          [
            121.16246,
            24.65732
          ],
          [
            121.16249,
            24.65733
          ],
          [
            121.16252,
            24.65734
          ],
          [
            121.16256,
            24.65734
          ],
          [
            121.1626,
            24.65733
          ],
          [
            121.16264,
            24.65731
          ],
          [
            121.16266,
            24.65729
          ],
          [
            121.16268,
            24.65727
          ],
          [
            121.16272,
            24.65724
          ],
          [
            121.16277,
            24.65721
          ],
          [
            121.16278,
            24.6572
          ],
          [
            121.1628,
            24.6572
          ],
          [
            121.1629,
            24.65715
          ],
          [
            121.163,
            24.65706
          ],
          [
            121.16307,
            24.65696
          ],
          [
            121.16309,
            24.65694
          ],
          [
            121.16315,
            24.65684
          ],
          [
            121.16316,
            24.65681
          ],
          [
            121.16317,
            24.65681
          ],
          [
            121.16323,
            24.65675
          ],
          [
            121.16329,
            24.65672
          ],
          [
            121.16333,
            24.65672
          ],
          [
            121.1634,
            24.65671
          ],
          [
            121.16353,
            24.65672
          ],
          [
            121.16359,
            24.65672
          ],
          [
            121.16369,
            24.65676
          ],
          [
            121.16372,
            24.65679
          ],
          [
            121.16375,
            24.65681
          ],
          [
            121.16377,
            24.65683
          ],
          [
            121.16379,
            24.65688
          ],
          [
            121.16381,
            24.65693
          ],
          [
            121.16388,
            24.65707
          ],
          [
            121.16389,
            24.65709
          ],
          [
            121.16391,
            24.65711
          ],
          [
            121.16395,
            24.65715
          ],
          [
            121.16397,
            24.65718
          ],
          [
            121.16398,
            24.65721
          ],
          [
            121.16399,
            24.65724
          ],
          [
            121.16399,
            24.65725
          ],
          [
            121.16399,
            24.65729
          ],
          [
            121.16399,
            24.65742
          ],
          [
            121.16399,
            24.65757
          ],
          [
            121.16399,
            24.6576
          ],
          [
            121.16399,
            24.65764
          ],
          [
            121.16399,
            24.65793
          ],
          [
            121.16399,
            24.65796
          ],
          [
            121.16399,
            24.65797
          ],
          [
            121.164,
            24.65806
          ],
          [
            121.16402,
            24.65809
          ],
          [
            121.16403,
            24.65811
          ],
          [
            121.16404,
            24.65813
          ],
          [
            121.16408,
            24.65817
          ],
          [
            121.1641,
            24.65819
          ],
          [
            121.16414,
            24.65821
          ],
          [
            121.16416,
            24.65822
          ],
          [
            121.16419,
            24.65823
          ],
          [
            121.1642,
            24.65823
          ],
          [
            121.16426,
            24.65823
          ],
          [
            121.16433,
            24.65822
          ],
          [
            121.1644,
            24.65821
          ],
          [
            121.16443,
            24.65821
          ],
          [
            121.16452,
            24.65821
          ],
          [
            121.16457,
            24.65822
          ],
          [
            121.16461,
            24.65822
          ],
          [
            121.16465,
            24.65824
          ],
          [
            121.16471,
            24.65827
          ],
          [
            121.16475,
            24.6583
          ],
          [
            121.16482,
            24.65842
          ],
          [
            121.16486,
            24.65851
          ],
          [
            121.16488,
            24.65854
          ],
          [
            121.16491,
            24.65857
          ],
          [
            121.16495,
            24.65858
          ],
          [
            121.16501,
            24.65861
          ],
          [
            121.16519,
            24.65861
          ],
          [
            121.16542,
            24.6586
          ],
          [
            121.16544,
            24.6586
          ],
          [
            121.16553,
            24.65861
          ],
          [
            121.16569,
            24.65866
          ],
          [
            121.16581,
            24.65871
          ],
          [
            121.1659,
            24.65876
          ],
          [
            121.16597,
            24.65882
          ],
          [
            121.166,
            24.65886
          ],
          [
            121.16604,
            24.65892
          ],
          [
            121.16613,
            24.65915
          ],
          [
            121.16629,
            24.65946
          ],
          [
            121.16633,
            24.65954
          ],
          [
            121.16635,
            24.65967
          ],
          [
            121.1664,
            24.65993
          ],
          [
            121.16647,
            24.66013
          ],
          [
            121.16649,
            24.66021
          ],
          [
            121.16651,
            24.66029
          ],
          [
            121.16652,
            24.66032
          ],
          [
            121.16656,
            24.66046
          ],
          [
            121.16657,
            24.66052
          ],
          [
            121.16658,
            24.66063
          ],
          [
            121.16658,
            24.66064
          ],
          [
            121.16657,
            24.66068
          ],
          [
            121.16655,
            24.66074
          ],
          [
            121.16654,
            24.66077
          ],
          [
            121.16649,
            24.66086
          ],
          [
            121.16631,
            24.66109
          ],
          [
            121.1663,
            24.66111
          ],
          [
            121.16629,
            24.66112
          ],
          [
            121.16627,
            24.66115
          ],
          [
            121.16625,
            24.66118
          ],
          [
            121.16625,
            24.66121
          ],
          [
            121.16625,
            24.66123
          ],
          [
            121.16625,
            24.66127
          ],
          [
            121.16625,
            24.66128
          ],
          [
            121.16626,
            24.66129
          ],
          [
            121.16628,
            24.66133
          ],
          [
            121.16631,
            24.66135
          ],
          [
            121.16643,
            24.66141
          ],
          [
            121.1665,
            24.66144
          ],
          [
            121.16665,
            24.66151
          ],
          [
            121.16667,
            24.66152
          ],
          [
            121.16674,
            24.66157
          ],
          [
            121.16682,
            24.66164
          ],
          [
            121.16691,
            24.66176
          ],
          [
            121.16699,
            24.66185
          ],
          [
            121.16699,
            24.66186
          ],
          [
            121.16701,
            24.66187
          ],
          [
            121.16703,
            24.66188
          ],
          [
            121.16706,
            24.66189
          ],
          [
            121.16708,
            24.66189
          ],
          [
            121.16711,
            24.66189
          ],
          [
            121.16715,
            24.66189
          ],
          [
            121.16723,
            24.66187
          ],
          [
            121.16731,
            24.66183
          ],
          [
            121.16734,
            24.66181
          ],
          [
            121.16739,
            24.66176
          ],
          [
            121.16745,
            24.66166
          ],
          [
            121.16746,
            24.66159
          ],
          [
            121.16746,
            24.66156
          ],
          [
            121.1674,
            24.66148
          ],
          [
            121.16733,
            24.66136
          ],
          [
            121.16726,
            24.66118
          ],
          [
            121.16725,
            24.66116
          ],
          [
            121.16723,
            24.66109
          ],
          [
            121.16723,
            24.66103
          ],
          [
            121.16727,
            24.6609
          ],
          [
            121.16733,
            24.66073
          ],
          [
            121.16733,
            24.66064
          ],
          [
            121.16734,
            24.66057
          ],
          [
            121.16734,
            24.66054
          ],
          [
            121.16735,
            24.66051
          ],
          [
            121.16737,
            24.66049
          ],
          [
            121.16738,
            24.66047
          ],
          [
            121.16739,
            24.66045
          ],
          [
            121.16747,
            24.66037
          ],
          [
            121.16751,
            24.66034
          ],
          [
            121.16755,
            24.66032
          ],
          [
            121.16761,
            24.6603
          ],
          [
            121.16774,
            24.66027
          ],
          [
            121.16788,
            24.66026
          ],
          [
            121.16796,
            24.66023
          ],
          [
            121.168,
            24.66021
          ],
          [
            121.16803,
            24.66019
          ],
          [
            121.16809,
            24.66011
          ],
          [
            121.1681,
            24.66008
          ],
          [
            121.16811,
            24.66004
          ],
          [
            121.16811,
            24.66
          ],
          [
            121.16809,
            24.6599
          ],
          [
            121.16808,
            24.65976
          ],
          [
            121.1681,
            24.65968
          ],
          [
            121.16812,
            24.65961
          ],
          [
            121.16816,
            24.65947
          ],
          [
            121.16815,
            24.65921
          ],
          [
            121.16813,
            24.65907
          ],
          [
            121.1681,
            24.65893
          ],
          [
            121.16808,
            24.65879
          ],
          [
            121.16808,
            24.65878
          ],
          [
            121.16808,
            24.65877
          ],
          [
            121.16808,
            24.65875
          ],
          [
            121.16811,
            24.6587
          ],
          [
            121.16812,
            24.65869
          ],
          [
            121.16814,
            24.65868
          ],
          [
            121.16816,
            24.65867
          ],
          [
            121.16817,
            24.65866
          ],
          [
            121.16819,
            24.65866
          ],
          [
            121.16822,
            24.65866
          ],
          [
            121.16825,
            24.65866
          ],
          [
            121.16827,
            24.65866
          ],
          [
            121.16836,
            24.65868
          ],
          [
            121.16851,
            24.65871
          ],
          [
            121.16867,
            24.65872
          ],
          [
            121.16876,
            24.65873
          ],
          [
            121.16884,
            24.65876
          ],
          [
            121.16894,
            24.65882
          ],
          [
            121.16905,
            24.65889
          ],
          [
            121.16912,
            24.65894
          ],
          [
            121.16921,
            24.65897
          ],
          [
            121.16934,
            24.65903
          ],
          [
            121.16947,
            24.65909
          ],
          [
            121.16954,
            24.65909
          ],
          [
            121.16957,
            24.6591
          ],
          [
            121.1696,
            24.6591
          ],
          [
            121.16964,
            24.65909
          ],
          [
            121.16968,
            24.65909
          ],
          [
            121.16974,
            24.65906
          ],
          [
            121.16982,
            24.65903
          ],
          [
            121.16987,
            24.659
          ],
          [
            121.16991,
            24.65899
          ],
          [
            121.16993,
            24.65899
          ],
          [
            121.16996,
            24.65899
          ],
          [
            121.17,
            24.65899
          ],
          [
            121.17004,
            24.65899
          ],
          [
            121.17017,
            24.659
          ],
          [
            121.17038,
            24.65902
          ],
          [
            121.17059,
            24.65904
          ],
          [
            121.17068,
            24.65906
          ],
          [
            121.17076,
            24.65907
          ],
          [
            121.17088,
            24.6591
          ],
          [
            121.17092,
            24.65911
          ],
          [
            121.17104,
            24.65917
          ],
          [
            121.17111,
            24.65919
          ],
          [
            121.17118,
            24.65921
          ],
          [
            121.17123,
            24.65922
          ],
          [
            121.17127,
            24.65921
          ],
          [
            121.17133,
            24.65919
          ],
          [
            121.17144,
            24.65913
          ],
          [
            121.17151,
            24.65911
          ],
          [
            121.17158,
            24.65909
          ],
          [
            121.17171,
            24.65907
          ],
          [
            121.17181,
            24.65906
          ],
          [
            121.172,
            24.65903
          ],
          [
            121.17214,
            24.65903
          ],
          [
            121.17227,
            24.65904
          ],
          [
            121.17232,
            24.65904
          ],
          [
            121.17238,
            24.65902
          ],
          [
            121.17244,
            24.65899
          ],
          [
            121.17252,
            24.65891
          ],
          [
            121.17261,
            24.65878
          ],
          [
            121.17265,
            24.65873
          ],
          [
            121.17269,
            24.6587
          ],
          [
            121.17274,
            24.65868
          ],
          [
            121.17287,
            24.65867
          ],
          [
            121.17308,
            24.65866
          ],
          [
            121.17324,
            24.65864
          ],
          [
            121.17332,
            24.65862
          ],
          [
            121.17341,
            24.6586
          ],
          [
            121.17355,
            24.65854
          ],
          [
            121.17375,
            24.65841
          ],
          [
            121.17382,
            24.65836
          ],
          [
            121.17387,
            24.65832
          ],
          [
            121.17394,
            24.65825
          ],
          [
            121.17397,
            24.65822
          ],
          [
            121.17401,
            24.6582
          ],
          [
            121.17407,
            24.65819
          ],
          [
            121.17415,
            24.65819
          ],
          [
            121.17421,
            24.6582
          ],
          [
            121.17427,
            24.65822
          ],
          [
            121.17431,
            24.65823
          ],
          [
            121.17433,
            24.65823
          ],
          [
            121.17436,
            24.65823
          ],
          [
            121.17438,
            24.65822
          ],
          [
            121.17444,
            24.6582
          ],
          [
            121.17449,
            24.65817
          ],
          [
            121.17454,
            24.65812
          ],
          [
            121.17457,
            24.6581
          ],
          [
            121.1746,
            24.658080000000002
          ],
          [
            121.17464,
            24.65807
          ],
          [
            121.17466,
            24.65807
          ],
          [
            121.1747,
            24.65806
          ],
          [
            121.17474,
            24.65806
          ],
          [
            121.17478,
            24.65807
          ],
          [
            121.17482,
            24.65807
          ],
          [
            121.17486,
            24.65809
          ],
          [
            121.17496,
            24.65813
          ],
          [
            121.17498,
            24.65814
          ],
          [
            121.17512,
            24.65822
          ],
          [
            121.17525,
            24.65828
          ],
          [
            121.17529,
            24.6583
          ],
          [
            121.17532,
            24.65831
          ],
          [
            121.17533,
            24.65831
          ],
          [
            121.17534,
            24.65831
          ],
          [
            121.17536,
            24.65831
          ],
          [
            121.17539,
            24.65831
          ],
          [
            121.17545,
            24.6583
          ],
          [
            121.17552,
            24.65828
          ],
          [
            121.17553,
            24.65828
          ],
          [
            121.17562,
            24.65825
          ],
          [
            121.17572,
            24.65823
          ],
          [
            121.1759,
            24.65819
          ],
          [
            121.176,
            24.65819
          ],
          [
            121.17607,
            24.65819
          ],
          [
            121.17614,
            24.6582
          ],
          [
            121.17632,
            24.65825
          ],
          [
            121.17649,
            24.65829
          ],
          [
            121.17652,
            24.6583
          ],
          [
            121.17663,
            24.65832
          ],
          [
            121.17677,
            24.65832
          ],
          [
            121.17693,
            24.65828
          ],
          [
            121.1771,
            24.65824
          ],
          [
            121.17724,
            24.65822
          ],
          [
            121.17732,
            24.65821
          ],
          [
            121.17737,
            24.65821
          ],
          [
            121.17741,
            24.65822
          ],
          [
            121.17744,
            24.65823
          ],
          [
            121.17745,
            24.65824
          ],
          [
            121.17747,
            24.65826
          ],
          [
            121.17751,
            24.6583
          ],
          [
            121.17759,
            24.65837
          ],
          [
            121.17766,
            24.65844
          ],
          [
            121.17773,
            24.6585
          ],
          [
            121.17779,
            24.65854
          ],
          [
            121.17785,
            24.65864
          ],
          [
            121.17787,
            24.65867
          ],
          [
            121.1779,
            24.65874
          ],
          [
            121.17793,
            24.6588
          ],
          [
            121.17793,
            24.65882
          ],
          [
            121.17797,
            24.65892
          ],
          [
            121.17798,
            24.65897
          ],
          [
            121.17799,
            24.659
          ],
          [
            121.17803,
            24.65911
          ],
          [
            121.17805,
            24.65914
          ],
          [
            121.17807,
            24.65918
          ],
          [
            121.17818,
            24.65926
          ],
          [
            121.17818,
            24.65927
          ],
          [
            121.1782,
            24.65929
          ],
          [
            121.17822,
            24.65932
          ],
          [
            121.17823,
            24.65935
          ],
          [
            121.17823,
            24.65938
          ],
          [
            121.17821,
            24.65944
          ],
          [
            121.17814,
            24.65959
          ],
          [
            121.17813,
            24.65962
          ],
          [
            121.1781,
            24.65967
          ],
          [
            121.17809,
            24.6597
          ],
          [
            121.17808,
            24.65973
          ],
          [
            121.17807,
            24.65976
          ],
          [
            121.17807,
            24.65977
          ],
          [
            121.17807,
            24.65983
          ],
          [
            121.17809,
            24.65989
          ],
          [
            121.17812,
            24.65995
          ],
          [
            121.17814,
            24.66
          ],
          [
            121.17817,
            24.66007
          ],
          [
            121.17818,
            24.6601
          ],
          [
            121.17818,
            24.66013
          ],
          [
            121.17819,
            24.66018
          ],
          [
            121.17819,
            24.66019
          ],
          [
            121.17817,
            24.66024
          ],
          [
            121.17816,
            24.66028
          ],
          [
            121.17815,
            24.66031
          ],
          [
            121.17812,
            24.6604
          ],
          [
            121.17809,
            24.66048
          ],
          [
            121.17806,
            24.66054
          ],
          [
            121.17803,
            24.66058
          ],
          [
            121.178,
            24.66061
          ],
          [
            121.17798,
            24.66062
          ],
          [
            121.17795,
            24.66064
          ],
          [
            121.17792,
            24.66065
          ],
          [
            121.17789,
            24.66065
          ],
          [
            121.17785,
            24.66065
          ],
          [
            121.17782,
            24.66063
          ],
          [
            121.17779,
            24.66061
          ],
          [
            121.17776,
            24.66059
          ],
          [
            121.17775,
            24.66057
          ],
          [
            121.17773,
            24.66053
          ],
          [
            121.17772,
            24.66049
          ],
          [
            121.17772,
            24.66046
          ],
          [
            121.17772,
            24.66042
          ],
          [
            121.17773,
            24.66039
          ],
          [
            121.17774,
            24.66034
          ],
          [
            121.17775,
            24.66032
          ],
          [
            121.17777,
            24.6603
          ],
          [
            121.17782,
            24.66027
          ],
          [
            121.17786,
            24.66025
          ],
          [
            121.17788,
            24.66023
          ],
          [
            121.17789,
            24.66022
          ],
          [
            121.17791,
            24.6602
          ],
          [
            121.17791,
            24.66019
          ],
          [
            121.17793,
            24.66016
          ],
          [
            121.17793,
            24.66014
          ],
          [
            121.17793,
            24.66012
          ],
          [
            121.17792,
            24.6601
          ],
          [
            121.17792,
            24.66009
          ],
          [
            121.17788,
            24.66006
          ],
          [
            121.17786,
            24.66005
          ],
          [
            121.17785,
            24.66004
          ],
          [
            121.17778,
            24.66002
          ],
          [
            121.1777,
            24.65999
          ],
          [
            121.17764,
            24.65999
          ],
          [
            121.17758,
            24.66
          ],
          [
            121.17752,
            24.66002
          ],
          [
            121.17749,
            24.66004
          ],
          [
            121.17747,
            24.66005
          ],
          [
            121.17744,
            24.66008
          ],
          [
            121.17738,
            24.66012
          ],
          [
            121.17727,
            24.66018
          ],
          [
            121.17717,
            24.66023
          ],
          [
            121.17706,
            24.66028
          ],
          [
            121.17698,
            24.66031
          ],
          [
            121.17694,
            24.66034
          ],
          [
            121.1769,
            24.66038
          ],
          [
            121.17687,
            24.66042
          ],
          [
            121.17683,
            24.66047
          ],
          [
            121.17678,
            24.66058
          ],
          [
            121.17676,
            24.66062
          ],
          [
            121.17674,
            24.66064
          ],
          [
            121.17672,
            24.66066
          ],
          [
            121.17671,
            24.66066
          ],
          [
            121.1767,
            24.66066
          ],
          [
            121.17669,
            24.66066
          ],
          [
            121.17667,
            24.66066
          ],
          [
            121.17666,
            24.66066
          ],
          [
            121.17666,
            24.66065
          ],
          [
            121.17665,
            24.66065
          ],
          [
            121.17664,
            24.66065
          ],
          [
            121.17664,
            24.66064
          ],
          [
            121.17663,
            24.66063
          ],
          [
            121.17662,
            24.66061
          ],
          [
            121.17661,
            24.66059
          ],
          [
            121.1766,
            24.66057
          ],
          [
            121.1766,
            24.66053
          ],
          [
            121.17661,
            24.66048
          ],
          [
            121.17661,
            24.66047
          ],
          [
            121.17663,
            24.66041
          ],
          [
            121.17666,
            24.66034
          ],
          [
            121.17671,
            24.66024
          ],
          [
            121.17674,
            24.6602
          ],
          [
            121.17676,
            24.66016
          ],
          [
            121.17676,
            24.66015
          ],
          [
            121.17678,
            24.66011
          ],
          [
            121.17678,
            24.66006
          ],
          [
            121.17678,
            24.66003
          ],
          [
            121.17676,
            24.66
          ],
          [
            121.17675,
            24.65999
          ],
          [
            121.17673,
            24.65998
          ],
          [
            121.17671,
            24.65997
          ],
          [
            121.17668,
            24.65997
          ],
          [
            121.17666,
            24.65997
          ],
          [
            121.17664,
            24.65998
          ],
          [
            121.17662,
            24.65999
          ],
          [
            121.17661,
            24.66001
          ],
          [
            121.17658,
            24.66004
          ],
          [
            121.17658,
            24.66005
          ],
          [
            121.17653,
            24.66013
          ],
          [
            121.17647,
            24.66021
          ],
          [
            121.17644,
            24.66026
          ],
          [
            121.17641,
            24.66028
          ],
          [
            121.17638,
            24.6603
          ],
          [
            121.17634,
            24.66031
          ],
          [
            121.17625,
            24.66034
          ],
          [
            121.17617,
            24.66036
          ],
          [
            121.17615,
            24.66036
          ],
          [
            121.17606,
            24.66037
          ],
          [
            121.17601,
            24.66035
          ],
          [
            121.17596,
            24.66034
          ],
          [
            121.17591,
            24.66032
          ],
          [
            121.17577,
            24.66028
          ],
          [
            121.17573,
            24.66027
          ],
          [
            121.17569,
            24.66026
          ],
          [
            121.17565,
            24.66026
          ],
          [
            121.17561,
            24.66026
          ],
          [
            121.17556,
            24.66026
          ],
          [
            121.17549,
            24.66027
          ],
          [
            121.17541,
            24.6603
          ],
          [
            121.17525,
            24.66036
          ],
          [
            121.17521,
            24.66037
          ],
          [
            121.1752,
            24.66037
          ],
          [
            121.17516,
            24.66038
          ],
          [
            121.17507,
            24.66036
          ],
          [
            121.17497,
            24.66031
          ],
          [
            121.17486,
            24.66028
          ],
          [
            121.17472,
            24.66025
          ],
          [
            121.17453,
            24.66024
          ],
          [
            121.17442,
            24.66026
          ],
          [
            121.17437,
            24.66028
          ],
          [
            121.17428,
            24.66031
          ],
          [
            121.17423,
            24.66033
          ],
          [
            121.17421,
            24.66034
          ],
          [
            121.17418,
            24.66035
          ],
          [
            121.17416,
            24.66035
          ],
          [
            121.17406,
            24.66037
          ],
          [
            121.17385,
            24.6604
          ],
          [
            121.17361,
            24.66044
          ],
          [
            121.1734,
            24.66051
          ],
          [
            121.1733,
            24.66055
          ],
          [
            121.17324,
            24.66058
          ],
          [
            121.17318,
            24.66063
          ],
          [
            121.17311,
            24.66069
          ],
          [
            121.17305,
            24.66077
          ],
          [
            121.17301,
            24.66084
          ]
        ]
      }
    },
    {
      "type": "Feature",
      "properties": {
        "feature_type": "station",
        "ref": "HSQ309072",
        "name": "五峰鄉公所",
        "name_en": "Wufeng Township Office",
        "line": "花園線",
        "color": "#86198f",
        "direction": 0
      },
      "geometry": {
        "type": "Point",
        "coordinates": [
          121.119383,
          24.630887
        ]
      }
    },
    {
      "type": "Feature",
      "properties": {
        "feature_type": "station",
        "ref": "HSQ309073",
        "name": "五峰街口",
        "name_en": "Wufengjiekou",
        "line": "花園線",
        "color": "#86198f",
        "direction": 0
      },
      "geometry": {
        "type": "Point",
        "coordinates": [
          121.120086,
          24.632314
        ]
      }
    },
    {
      "type": "Feature",
      "properties": {
        "feature_type": "station",
        "ref": "HSQ309075",
        "name": "林家莊",
        "name_en": "Linjiazhuang",
        "line": "花園線",
        "color": "#86198f",
        "direction": 0
      },
      "geometry": {
        "type": "Point",
        "coordinates": [
          121.119354,
          24.63439
        ]
      }
    },
    {
      "type": "Feature",
      "properties": {
        "feature_type": "station",
        "ref": "HSQ309077",
        "name": "十八兒路口",
        "name_en": "Shiba&#39;er intersection",
        "line": "花園線",
        "color": "#86198f",
        "direction": 0
      },
      "geometry": {
        "type": "Point",
        "coordinates": [
          121.123949,
          24.636747
        ]
      }
    },
    {
      "type": "Feature",
      "properties": {
        "feature_type": "station",
        "ref": "HSQ309082",
        "name": "南口",
        "name_en": "Nankou",
        "line": "花園線",
        "color": "#86198f",
        "direction": 0
      },
      "geometry": {
        "type": "Point",
        "coordinates": [
          121.126623,
          24.639379
        ]
      }
    },
    {
      "type": "Feature",
      "properties": {
        "feature_type": "station",
        "ref": "HSQ309084",
        "name": "五峰消防分隊花園小隊",
        "name_en": "Wufeng Fire Brigade Huayuan Team",
        "line": "花園線",
        "color": "#86198f",
        "direction": 0
      },
      "geometry": {
        "type": "Point",
        "coordinates": [
          121.126237,
          24.645704
        ]
      }
    },
    {
      "type": "Feature",
      "properties": {
        "feature_type": "station",
        "ref": "HSQ309086",
        "name": "樂賀安教會",
        "name_en": "Lehean Church",
        "line": "花園線",
        "color": "#86198f",
        "direction": 0
      },
      "geometry": {
        "type": "Point",
        "coordinates": [
          121.128135,
          24.647841
        ]
      }
    },
    {
      "type": "Feature",
      "properties": {
        "feature_type": "station",
        "ref": "HSQ309088",
        "name": "上比來",
        "name_en": "Shang Bi Lai",
        "line": "花園線",
        "color": "#86198f",
        "direction": 0
      },
      "geometry": {
        "type": "Point",
        "coordinates": [
          121.143302,
          24.650226
        ]
      }
    },
    {
      "type": "Feature",
      "properties": {
        "feature_type": "station",
        "ref": "HSQ309090",
        "name": "花園部落",
        "name_en": "Huayuan tribe",
        "line": "花園線",
        "color": "#86198f",
        "direction": 0
      },
      "geometry": {
        "type": "Point",
        "coordinates": [
          121.150562,
          24.64624
        ]
      }
    },
    {
      "type": "Feature",
      "properties": {
        "feature_type": "station",
        "ref": "HSQ309092",
        "name": "花園國小",
        "name_en": "Huayuan Elementary School",
        "line": "花園線",
        "color": "#86198f",
        "direction": 0
      },
      "geometry": {
        "type": "Point",
        "coordinates": [
          121.151049,
          24.647877
        ]
      }
    },
    {
      "type": "Feature",
      "properties": {
        "feature_type": "station",
        "ref": "HSQ309094",
        "name": "天湖部落",
        "name_en": "Tianhu tribe",
        "line": "花園線",
        "color": "#86198f",
        "direction": 0
      },
      "geometry": {
        "type": "Point",
        "coordinates": [
          121.159839,
          24.652336
        ]
      }
    },
    {
      "type": "Feature",
      "properties": {
        "feature_type": "station",
        "ref": "HSQ309096",
        "name": "天湖",
        "name_en": "Tianhu",
        "line": "花園線",
        "color": "#86198f",
        "direction": 0
      },
      "geometry": {
        "type": "Point",
        "coordinates": [
          121.173023,
          24.660844
        ]
      }
    },
    {
      "type": "Feature",
      "properties": {
        "feature_type": "station",
        "ref": "HSQ309097",
        "name": "天湖",
        "name_en": "Tianhu",
        "line": "花園線",
        "color": "#86198f",
        "direction": 1
      },
      "geometry": {
        "type": "Point",
        "coordinates": [
          121.173023,
          24.660844
        ]
      }
    },
    {
      "type": "Feature",
      "properties": {
        "feature_type": "station",
        "ref": "HSQ309095",
        "name": "天湖部落",
        "name_en": "Tianhu tribe",
        "line": "花園線",
        "color": "#86198f",
        "direction": 1
      },
      "geometry": {
        "type": "Point",
        "coordinates": [
          121.159839,
          24.652336
        ]
      }
    },
    {
      "type": "Feature",
      "properties": {
        "feature_type": "station",
        "ref": "HSQ309093",
        "name": "花園國小",
        "name_en": "Huayuan Elementary School",
        "line": "花園線",
        "color": "#86198f",
        "direction": 1
      },
      "geometry": {
        "type": "Point",
        "coordinates": [
          121.151049,
          24.647877
        ]
      }
    },
    {
      "type": "Feature",
      "properties": {
        "feature_type": "station",
        "ref": "HSQ309091",
        "name": "花園部落",
        "name_en": "Huayuan tribe",
        "line": "花園線",
        "color": "#86198f",
        "direction": 1
      },
      "geometry": {
        "type": "Point",
        "coordinates": [
          121.150562,
          24.64624
        ]
      }
    },
    {
      "type": "Feature",
      "properties": {
        "feature_type": "station",
        "ref": "HSQ309089",
        "name": "上比來",
        "name_en": "Shang Bi Lai",
        "line": "花園線",
        "color": "#86198f",
        "direction": 1
      },
      "geometry": {
        "type": "Point",
        "coordinates": [
          121.143302,
          24.650226
        ]
      }
    },
    {
      "type": "Feature",
      "properties": {
        "feature_type": "station",
        "ref": "HSQ309087",
        "name": "樂賀安教會",
        "name_en": "Lehean Church",
        "line": "花園線",
        "color": "#86198f",
        "direction": 1
      },
      "geometry": {
        "type": "Point",
        "coordinates": [
          121.128135,
          24.647841
        ]
      }
    },
    {
      "type": "Feature",
      "properties": {
        "feature_type": "station",
        "ref": "HSQ309085",
        "name": "五峰消防分隊花園小隊",
        "name_en": "Wufeng Fire Brigade Huayuan Team",
        "line": "花園線",
        "color": "#86198f",
        "direction": 1
      },
      "geometry": {
        "type": "Point",
        "coordinates": [
          121.126237,
          24.645704
        ]
      }
    },
    {
      "type": "Feature",
      "properties": {
        "feature_type": "station",
        "ref": "HSQ309083",
        "name": "南口",
        "name_en": "Nankou",
        "line": "花園線",
        "color": "#86198f",
        "direction": 1
      },
      "geometry": {
        "type": "Point",
        "coordinates": [
          121.126623,
          24.639379
        ]
      }
    },
    {
      "type": "Feature",
      "properties": {
        "feature_type": "station",
        "ref": "HSQ309078",
        "name": "十八兒路口",
        "name_en": "Shiba&#39;er intersection",
        "line": "花園線",
        "color": "#86198f",
        "direction": 1
      },
      "geometry": {
        "type": "Point",
        "coordinates": [
          121.123949,
          24.636747
        ]
      }
    },
    {
      "type": "Feature",
      "properties": {
        "feature_type": "station",
        "ref": "HSQ309076",
        "name": "林家莊",
        "name_en": "Linjiazhuang",
        "line": "花園線",
        "color": "#86198f",
        "direction": 1
      },
      "geometry": {
        "type": "Point",
        "coordinates": [
          121.119354,
          24.63439
        ]
      }
    },
    {
      "type": "Feature",
      "properties": {
        "feature_type": "station",
        "ref": "HSQ309074",
        "name": "五峰街口",
        "name_en": "Wufengjiekou",
        "line": "花園線",
        "color": "#86198f",
        "direction": 1
      },
      "geometry": {
        "type": "Point",
        "coordinates": [
          121.120086,
          24.632314
        ]
      }
    },
    {
      "type": "Feature",
      "properties": {
        "feature_type": "station",
        "ref": "HSQ309071",
        "name": "五峰鄉公所",
        "name_en": "Wufeng Township Office",
        "line": "花園線",
        "color": "#86198f",
        "direction": 1
      },
      "geometry": {
        "type": "Point",
        "coordinates": [
          121.119383,
          24.630887
        ]
      }
    }
  ]
}
