{
  "type": "FeatureCollection",
  "name": "幸福春日2路",
  "properties": {
    "id": "pingtung_county_2_35d3a69ee7",
    "name": "幸福春日2路",
    "name_en": "幸福春日2路",
    "ref": "幸福春日2路",
    "color": "#0f766e",
    "city_id": "PingtungCounty",
    "source": "TDX Bus Shape / StopOfRoute",
    "official_map_url": "https://web.taiwanbus.tw/MISUploadData/Schematic/file/0033.jpg",
    "operator_id": "97",
    "operator": "屏東縣春日鄉公所"
  },
  "features": [
    {
      "type": "Feature",
      "properties": {
        "feature_type": "route",
        "ref": "幸福春日2路",
        "name": "幸福春日2路",
        "name_en": "幸福春日2路",
        "color": "#0f766e",
        "direction": 0
      },
      "geometry": {
        "type": "LineString",
        "coordinates": [
          [
            120.6637,
            22.36802
          ],
          [
            120.66344727904311,
            22.36796936938807
          ],
          [
            120.66341730311186,
            22.36795913353376
          ],
          [
            120.66339131117877,
            22.367941598254845
          ],
          [
            120.6633714394567,
            22.367918126342495
          ],
          [
            120.66335919442592,
            22.3678904972083
          ],
          [
            120.66335550438532,
            22.367860805423902
          ],
          [
            120.66336058142504,
            22.367831506769008
          ],
          [
            120.66356,
            22.36723
          ],
          [
            120.66357000000001,
            22.36721
          ],
          [
            120.66358,
            22.36719
          ],
          [
            120.6636,
            22.36717
          ],
          [
            120.66362,
            22.36715
          ],
          [
            120.6640963651989,
            22.366790650399604
          ],
          [
            120.66410972316793,
            22.366778730491472
          ],
          [
            120.66412110337636,
            22.36676467733245
          ],
          [
            120.66412989536781,
            22.366749096146425
          ],
          [
            120.66413586800675,
            22.366732396552184
          ],
          [
            120.6641388642766,
            22.36671501757073
          ],
          [
            120.66413881121284,
            22.366697479656867
          ],
          [
            120.66409090279046,
            22.366169487507914
          ],
          [
            120.6640849450321,
            22.366143175336475
          ],
          [
            120.66407226287347,
            22.3661190875842
          ],
          [
            120.66405362509671,
            22.366098631769866
          ],
          [
            120.66403016993605,
            22.36608305715771
          ],
          [
            120.66400332982984,
            22.366073314910352
          ],
          [
            120.66397474394019,
            22.36607
          ],
          [
            120.66329465190394,
            22.36607
          ],
          [
            120.66327295835802,
            22.366066924332973
          ],
          [
            120.66325323034752,
            22.36605797600154
          ],
          [
            120.66323725532128,
            22.36604396576584
          ],
          [
            120.66322648069045,
            22.36602616301791
          ],
          [
            120.6632218826863,
            22.366006180768913
          ],
          [
            120.66322384945042,
            22.365985937063233
          ],
          [
            120.66339,
            22.36536
          ],
          [
            120.66339,
            22.36532
          ],
          [
            120.66339,
            22.36528
          ],
          [
            120.66339,
            22.36524
          ],
          [
            120.66338,
            22.3652
          ],
          [
            120.66338,
            22.36518
          ],
          [
            120.66338,
            22.36513
          ],
          [
            120.66338,
            22.36509
          ],
          [
            120.66338000000002,
            22.364321440215065
          ],
          [
            120.66337918128558,
            22.36431240939176
          ],
          [
            120.66337674832182,
            22.364303634250337
          ],
          [
            120.66337276999116,
            22.364295363233772
          ],
          [
            120.66336735892858,
            22.364287830512197
          ],
          [
            120.66336066833286,
            22.364281249353038
          ],
          [
            120.66335304277882,
            22.364275896994133
          ],
          [
            120.66296593126756,
            22.364049328088893
          ],
          [
            120.66293695194892,
            22.36403701271012
          ],
          [
            120.66290584497209,
            22.364032469643146
          ],
          [
            120.66287456726124,
            22.36403584622085
          ],
          [
            120.66284540108306,
            22.36404689606169
          ],
          [
            120.66282047463027,
            22.36406481288277
          ],
          [
            120.66280143864681,
            22.364088572359012
          ],
          [
            120.66231918582572,
            22.364896395233973
          ],
          [
            120.66230806138472,
            22.364910810448418
          ],
          [
            120.66229380254725,
            22.364922255075538
          ],
          [
            120.66227707587805,
            22.364930296059207
          ],
          [
            120.66225879940566,
            22.364934492077076
          ],
          [
            120.66223997621832,
            22.364934612834368
          ],
          [
            120.66222146968133,
            22.36493059465373
          ],
          [
            120.66176503483918,
            22.36477778145988
          ],
          [
            120.66174348169052,
            22.364773095617977
          ],
          [
            120.66172155834525,
            22.36477323138545
          ],
          [
            120.661700270806,
            22.364778114745818
          ],
          [
            120.66168078792421,
            22.364787477564626
          ],
          [
            120.66166417946162,
            22.364800805750303
          ],
          [
            120.66165122231881,
            22.364817594670065
          ],
          [
            120.66156614886326,
            22.36495967958485
          ],
          [
            120.66156397691162,
            22.36496265852569
          ],
          [
            120.66156131673148,
            22.364965188686117
          ],
          [
            120.66155822002904,
            22.36496724346345
          ],
          [
            120.66155478342891,
            22.36496875874367
          ],
          [
            120.66155111416136,
            22.36496968724637
          ],
          [
            120.66154732671636,
            22.36497
          ],
          [
            120.66065027594239,
            22.36497
          ],
          [
            120.66062498436868,
            22.3649725861071
          ],
          [
            120.66060089780474,
            22.364980221214086
          ],
          [
            120.660579163848,
            22.364992541548467
          ],
          [
            120.66056081800662,
            22.36500896011145
          ],
          [
            120.66054673436292,
            22.365028694645304
          ],
          [
            120.66053753254833,
            22.365050986800064
          ],
          [
            120.66034032429651,
            22.365744538701836
          ],
          [
            120.66032929549296,
            22.365769983395356
          ],
          [
            120.66031190809413,
            22.365791903903823
          ],
          [
            120.66028920636919,
            22.36580910068772
          ],
          [
            120.6602626210529,
            22.365820489951144
          ],
          [
            120.6602338276363,
            22.365825353906555
          ],
          [
            120.66020448520555,
            22.365823356842704
          ],
          [
            120.65933,
            22.36566
          ],
          [
            120.65921,
            22.36565
          ],
          [
            120.65899,
            22.36561
          ],
          [
            120.65883,
            22.36558
          ],
          [
            120.65882,
            22.36558
          ],
          [
            120.65865,
            22.36554
          ],
          [
            120.65864,
            22.36554
          ],
          [
            120.65853,
            22.3655
          ],
          [
            120.65842,
            22.36547
          ],
          [
            120.65822,
            22.36537
          ],
          [
            120.65756028107211,
            22.365038930543374
          ],
          [
            120.65754406795207,
            22.365028655992553
          ],
          [
            120.6575301910309,
            22.3650153748945
          ],
          [
            120.65751947443579,
            22.364999760819046
          ],
          [
            120.65751235834712,
            22.364982455108773
          ],
          [
            120.65750913505568,
            22.364964168589573
          ],
          [
            120.6575099233517,
            22.36494574113381
          ],
          [
            120.65754,
            22.36475
          ],
          [
            120.65754,
            22.36469
          ],
          [
            120.65753,
            22.36461
          ],
          [
            120.65751,
            22.36454
          ],
          [
            120.6575,
            22.36448
          ],
          [
            120.65748,
            22.36436
          ],
          [
            120.65743,
            22.36405
          ],
          [
            120.6573914455035,
            22.363430324311352
          ],
          [
            120.65738753690734,
            22.363408013544987
          ],
          [
            120.65737877312783,
            22.363386979437614
          ],
          [
            120.65736553000977,
            22.363368086746156
          ],
          [
            120.65734837959327,
            22.36335215154558
          ],
          [
            120.65732806269524,
            22.363339862161208
          ],
          [
            120.65730565659662,
            22.36333179981249
          ],
          [
            120.65694,
            22.36324
          ],
          [
            120.65621022036835,
            22.36313510318803
          ],
          [
            120.65620291617991,
            22.363133470619406
          ],
          [
            120.6561959485435,
            22.363130737071938
          ],
          [
            120.65618955233613,
            22.36312698263479
          ],
          [
            120.65618389854751,
            22.363122307675315
          ],
          [
            120.65617913832043,
            22.3631168371692
          ],
          [
            120.6561753467008,
            22.363110612521627
          ],
          [
            120.65606504207905,
            22.362889605274034
          ],
          [
            120.65604971075925,
            22.362866635756863
          ],
          [
            120.6560290085024,
            22.362848082448625
          ],
          [
            120.65600406226267,
            22.362834808727143
          ],
          [
            120.65597638758679,
            22.362827621004318
          ],
          [
            120.65594766578076,
            22.36282695595236
          ],
          [
            120.65591939531784,
            22.362832936995567
          ],
          [
            120.65548535424871,
            22.36297829139647
          ],
          [
            120.65547645200381,
            22.362980319641075
          ],
          [
            120.65546738544371,
            22.36298053655845
          ],
          [
            120.65545847474145,
            22.362978962618325
          ],
          [
            120.65545012308752,
            22.362975669038175
          ],
          [
            120.6554427083766,
            22.36297080484554
          ],
          [
            120.65543648104648,
            22.362964482804617
          ],
          [
            120.6549,
            22.36229
          ],
          [
            120.65475,
            22.36212
          ],
          [
            120.65473,
            22.36211
          ],
          [
            120.65430982657654,
            22.36137
          ],
          [
            120.65414172245931,
            22.36137
          ],
          [
            120.6541233293864,
            22.361371944263716
          ],
          [
            120.65410587204612,
            22.36137767814202
          ],
          [
            120.65409023856657,
            22.361386909928505
          ],
          [
            120.65407722428833,
            22.361399169963512
          ],
          [
            120.65406749130229,
            22.3614138345277
          ],
          [
            120.65406150940645,
            22.361430266509196
          ],
          [
            120.65381296843663,
            22.362491296842
          ],
          [
            120.6537960551993,
            22.36252851526732
          ],
          [
            120.65376583581592,
            22.36255730232373
          ],
          [
            120.6537264302842,
            22.3625738536088
          ],
          [
            120.6536832580731,
            22.362575892813286
          ],
          [
            120.6536422566856,
            22.362563139484035
          ],
          [
            120.65360880988543,
            22.362537058389425
          ],
          [
            120.65346,
            22.36237
          ],
          [
            120.65341,
            22.36232
          ],
          [
            120.65336,
            22.36225
          ],
          [
            120.65318,
            22.36203
          ],
          [
            120.6531,
            22.36195
          ],
          [
            120.65306,
            22.36189
          ],
          [
            120.65306,
            22.36188
          ],
          [
            120.65302,
            22.36182
          ],
          [
            120.65298,
            22.36175
          ],
          [
            120.65297,
            22.36173
          ],
          [
            120.65278721209141,
            22.361211004667158
          ],
          [
            120.65277966673891,
            22.361194300710142
          ],
          [
            120.65276938887513,
            22.361179178116732
          ],
          [
            120.6527565827812,
            22.361165833772468
          ],
          [
            120.65274159653279,
            22.361154630382952
          ],
          [
            120.6527248374633,
            22.36114587246162
          ],
          [
            120.65270696080576,
            22.3611398484521
          ],
          [
            120.65168482734192,
            22.360882828110192
          ],
          [
            120.65167453561332,
            22.360882038912763
          ],
          [
            120.65166466965613,
            22.360884719210944
          ],
          [
            120.65165648146382,
            22.36089050345028
          ],
          [
            120.65165105037913,
            22.360898629169863
          ],
          [
            120.65164909231116,
            22.360908025261956
          ],
          [
            120.65165084284929,
            22.36091739653505
          ],
          [
            120.65166,
            22.36094
          ],
          [
            120.65168,
            22.36097
          ],
          [
            120.6517,
            22.36102
          ],
          [
            120.65176,
            22.36109
          ],
          [
            120.65183,
            22.36119
          ],
          [
            120.65193,
            22.36129
          ],
          [
            120.65207,
            22.3614
          ],
          [
            120.6522,
            22.3615
          ],
          [
            120.65233,
            22.36159
          ],
          [
            120.65235,
            22.36161
          ],
          [
            120.65239,
            22.36164
          ],
          [
            120.6525096358023,
            22.36181968360603
          ],
          [
            120.65251957058797,
            22.361843218609476
          ],
          [
            120.65252017747694,
            22.361868724635205
          ],
          [
            120.65251125329611,
            22.361892845142485
          ],
          [
            120.65249390469376,
            22.36191258905383
          ],
          [
            120.65247028299332,
            22.361925508014053
          ],
          [
            120.65244331741712,
            22.36193
          ],
          [
            120.65236,
            22.36193
          ],
          [
            120.65234,
            22.36193
          ],
          [
            120.65227,
            22.36192
          ],
          [
            120.6522,
            22.3619
          ],
          [
            120.65216,
            22.36189
          ],
          [
            120.65213,
            22.36187
          ],
          [
            120.65204,
            22.36182
          ],
          [
            120.65189,
            22.36173
          ],
          [
            120.65105982600626,
            22.361143354159093
          ],
          [
            120.65104113998903,
            22.361126680045444
          ],
          [
            120.65102668535343,
            22.36110624921923
          ],
          [
            120.6510175106584,
            22.36108332251386
          ],
          [
            120.6510140819594,
            22.361059064558404
          ],
          [
            120.65101657342728,
            22.361034707606674
          ],
          [
            120.65102472775972,
            22.36101175263523
          ],
          [
            120.65119,
            22.36068
          ],
          [
            120.65123,
            22.36059
          ],
          [
            120.65128,
            22.36044
          ],
          [
            120.65131,
            22.36034
          ],
          [
            120.65136,
            22.36017
          ],
          [
            120.65144,
            22.35981
          ],
          [
            120.65144,
            22.35977
          ],
          [
            120.65148,
            22.35963
          ],
          [
            120.65152,
            22.35946
          ],
          [
            120.6516,
            22.35922
          ],
          [
            120.65163,
            22.35911
          ],
          [
            120.65165,
            22.35908
          ],
          [
            120.6517,
            22.35892
          ],
          [
            120.65175,
            22.35882
          ],
          [
            120.65177,
            22.35878
          ],
          [
            120.65179,
            22.35874
          ],
          [
            120.65185,
            22.35862
          ],
          [
            120.65186,
            22.35862
          ],
          [
            120.6519,
            22.35855
          ],
          [
            120.65193,
            22.3585
          ],
          [
            120.65196,
            22.35847
          ],
          [
            120.65198,
            22.35845
          ],
          [
            120.65209,
            22.35833
          ],
          [
            120.65219,
            22.35823
          ],
          [
            120.65222,
            22.3582
          ],
          [
            120.65226,
            22.35816
          ],
          [
            120.65228,
            22.35814
          ],
          [
            120.65228,
            22.35812
          ],
          [
            120.65229,
            22.35811
          ],
          [
            120.65229,
            22.3581
          ],
          [
            120.65229,
            22.35809
          ],
          [
            120.65229,
            22.35808
          ],
          [
            120.65228,
            22.35807
          ],
          [
            120.65227,
            22.35807
          ],
          [
            120.65226,
            22.35806
          ],
          [
            120.65225,
            22.35805
          ],
          [
            120.65223,
            22.35805
          ],
          [
            120.65222,
            22.35805
          ],
          [
            120.65221,
            22.35805
          ],
          [
            120.65219,
            22.35806
          ],
          [
            120.65216,
            22.35808
          ],
          [
            120.65208,
            22.35812
          ],
          [
            120.65202,
            22.35816
          ],
          [
            120.65193,
            22.35823
          ],
          [
            120.65157,
            22.35851
          ],
          [
            120.65135,
            22.35872
          ],
          [
            120.65122,
            22.35884
          ],
          [
            120.65119,
            22.35887
          ],
          [
            120.65096,
            22.35912
          ],
          [
            120.65084,
            22.35926
          ],
          [
            120.65078,
            22.35934
          ],
          [
            120.65073,
            22.3594
          ],
          [
            120.6507,
            22.35943
          ],
          [
            120.65063,
            22.35951
          ],
          [
            120.65061,
            22.35954
          ],
          [
            120.65056,
            22.35961
          ],
          [
            120.65051,
            22.3597
          ],
          [
            120.6505,
            22.35971
          ],
          [
            120.65045,
            22.35979
          ],
          [
            120.65038,
            22.35992
          ],
          [
            120.65033,
            22.36002
          ],
          [
            120.64997181890766,
            22.36073995814569
          ],
          [
            120.64996257825089,
            22.360753120129235
          ],
          [
            120.64994974584872,
            22.360763122923082
          ],
          [
            120.64993435501702,
            22.360769240503558
          ],
          [
            120.64991772201778,
            22.36077094968007
          ],
          [
            120.64990126934616,
            22.360768104279614
          ],
          [
            120.64988624924302,
            22.360760843524606
          ],
          [
            120.6497614545909,
            22.360677478428027
          ],
          [
            120.64975562123915,
            22.360672742597703
          ],
          [
            120.64975071389996,
            22.3606669986648
          ],
          [
            120.64974701360659,
            22.360660517562046
          ],
          [
            120.6497446444662,
            22.360653516664385
          ],
          [
            120.64974368593926,
            22.360646230780578
          ],
          [
            120.64974416325154,
            22.360638946139105
          ],
          [
            120.64987,
            22.35988
          ],
          [
            120.64988,
            22.35983
          ],
          [
            120.64999,
            22.35929
          ],
          [
            120.65001,
            22.35917
          ],
          [
            120.65004,
            22.359
          ],
          [
            120.65007,
            22.35882
          ],
          [
            120.65013,
            22.3585
          ],
          [
            120.65017,
            22.35835
          ],
          [
            120.65018,
            22.35829
          ],
          [
            120.65019,
            22.35825
          ],
          [
            120.65021,
            22.35818
          ],
          [
            120.65023,
            22.35811
          ],
          [
            120.65025,
            22.35805
          ],
          [
            120.65031,
            22.35795
          ],
          [
            120.65031,
            22.35794
          ],
          [
            120.65049,
            22.35763
          ],
          [
            120.65058,
            22.35747
          ],
          [
            120.65065,
            22.35733
          ],
          [
            120.65077,
            22.3571
          ],
          [
            120.65113891847884,
            22.35648171879105
          ],
          [
            120.65114234317534,
            22.35647290419393
          ],
          [
            120.65114266784316,
            22.35646344680846
          ],
          [
            120.65113981370482,
            22.35645436565385
          ],
          [
            120.65113406468998,
            22.35644656412344
          ],
          [
            120.65112599271073,
            22.35644081831354
          ],
          [
            120.65111643963404,
            22.356437706332365
          ],
          [
            120.6508013765658,
            22.356385013210897
          ],
          [
            120.65077396633598,
            22.35638344685364
          ],
          [
            120.65074706070249,
            22.3563878583282
          ],
          [
            120.65072199663658,
            22.356397981540923
          ],
          [
            120.65070015104862,
            22.356413260366686
          ],
          [
            120.65068272403985,
            22.3564328554535
          ],
          [
            120.6506705879142,
            22.356455915783243
          ],
          [
            120.65043,
            22.35709
          ],
          [
            120.6504,
            22.35716
          ],
          [
            120.65035,
            22.35724
          ],
          [
            120.65034,
            22.35725
          ],
          [
            120.65032,
            22.35729
          ],
          [
            120.65027,
            22.35735
          ],
          [
            120.65022,
            22.35738
          ],
          [
            120.65021,
            22.35739
          ],
          [
            120.65017,
            22.35742
          ],
          [
            120.65002,
            22.3575
          ],
          [
            120.64989,
            22.35758
          ],
          [
            120.64975,
            22.35766
          ],
          [
            120.64973,
            22.35768
          ],
          [
            120.64967,
            22.35772
          ],
          [
            120.64961,
            22.35777
          ],
          [
            120.64958,
            22.3578
          ],
          [
            120.64957,
            22.35781
          ],
          [
            120.64952,
            22.35786
          ],
          [
            120.64946,
            22.35796
          ],
          [
            120.64928,
            22.35818
          ],
          [
            120.64925,
            22.35824
          ],
          [
            120.64904,
            22.35854
          ],
          [
            120.64892999999999,
            22.3587
          ],
          [
            120.64891,
            22.35873
          ],
          [
            120.64888,
            22.35877
          ],
          [
            120.64885,
            22.35881
          ],
          [
            120.64882,
            22.35884
          ],
          [
            120.64878,
            22.35887
          ],
          [
            120.64873,
            22.3589
          ],
          [
            120.64866,
            22.35894
          ],
          [
            120.64863,
            22.35896
          ],
          [
            120.64858,
            22.359
          ],
          [
            120.64852,
            22.35905
          ],
          [
            120.64851,
            22.35906
          ],
          [
            120.6484,
            22.35916
          ],
          [
            120.64838,
            22.35919
          ],
          [
            120.64832,
            22.35925
          ],
          [
            120.64829,
            22.35928
          ],
          [
            120.64826,
            22.3593
          ],
          [
            120.64825,
            22.35933
          ],
          [
            120.64824,
            22.35934
          ],
          [
            120.64822,
            22.35938
          ],
          [
            120.64821,
            22.35941
          ],
          [
            120.64819,
            22.35945
          ],
          [
            120.64818,
            22.3595
          ],
          [
            120.64817,
            22.35955
          ],
          [
            120.64816,
            22.3596
          ],
          [
            120.64815,
            22.35966
          ],
          [
            120.64814,
            22.35973
          ],
          [
            120.64813,
            22.35978
          ],
          [
            120.6479989560651,
            22.360571226031745
          ],
          [
            120.64799840339678,
            22.360578785190242
          ],
          [
            120.64799922455038,
            22.36058637091281
          ],
          [
            120.64800140390521,
            22.36059371995003
          ],
          [
            120.64800487937063,
            22.36060062292516
          ],
          [
            120.6480095519294,
            22.36060688316991
          ],
          [
            120.64801516073231,
            22.360612219747942
          ],
          [
            120.6481,
            22.36068
          ],
          [
            120.64814,
            22.3607
          ],
          [
            120.64817,
            22.36073
          ],
          [
            120.6482,
            22.36076
          ],
          [
            120.64822,
            22.36078
          ],
          [
            120.64823,
            22.36079
          ],
          [
            120.64827,
            22.36084
          ],
          [
            120.64833,
            22.3609
          ],
          [
            120.64835,
            22.36093
          ],
          [
            120.64841,
            22.36101
          ],
          [
            120.64847,
            22.36108
          ],
          [
            120.64849,
            22.36111
          ],
          [
            120.64854,
            22.36118
          ],
          [
            120.64857,
            22.36123
          ],
          [
            120.64858,
            22.36126
          ],
          [
            120.64861,
            22.36133
          ],
          [
            120.64864,
            22.3614
          ],
          [
            120.64866,
            22.36146
          ],
          [
            120.64867,
            22.36152
          ],
          [
            120.64868,
            22.36158
          ],
          [
            120.64868,
            22.36168
          ],
          [
            120.64868,
            22.36173
          ],
          [
            120.64869,
            22.36176
          ],
          [
            120.64869,
            22.3618
          ],
          [
            120.64871,
            22.36188
          ],
          [
            120.64873,
            22.36196
          ],
          [
            120.64875,
            22.36208
          ],
          [
            120.64876,
            22.36211
          ],
          [
            120.6488,
            22.36225
          ],
          [
            120.64881,
            22.36228
          ],
          [
            120.64889,
            22.36259
          ],
          [
            120.64892,
            22.36273
          ],
          [
            120.64894,
            22.36287
          ],
          [
            120.64896,
            22.36298
          ],
          [
            120.64896,
            22.36299
          ],
          [
            120.64897,
            22.36313
          ],
          [
            120.64898,
            22.36323
          ],
          [
            120.64899,
            22.36335
          ],
          [
            120.649,
            22.36356
          ],
          [
            120.64901,
            22.36389
          ],
          [
            120.64901,
            22.36397
          ],
          [
            120.64901,
            22.364756572552213
          ],
          [
            120.64903,
            22.36475
          ],
          [
            120.6491,
            22.36472
          ],
          [
            120.64917,
            22.36469
          ],
          [
            120.64921,
            22.36468
          ],
          [
            120.64924,
            22.36468
          ],
          [
            120.64931,
            22.36466
          ],
          [
            120.64937,
            22.36465
          ],
          [
            120.6494,
            22.36465
          ],
          [
            120.64947,
            22.36464
          ],
          [
            120.64959,
            22.36463
          ],
          [
            120.64961,
            22.36463
          ],
          [
            120.64978,
            22.36462
          ],
          [
            120.64979,
            22.36462
          ],
          [
            120.64995,
            22.36462
          ],
          [
            120.64998,
            22.36462
          ],
          [
            120.65007,
            22.36462
          ],
          [
            120.65016,
            22.36463
          ],
          [
            120.65018,
            22.36464
          ],
          [
            120.65021,
            22.36464
          ],
          [
            120.65025,
            22.36465
          ],
          [
            120.65028,
            22.36466
          ],
          [
            120.6503,
            22.36467
          ],
          [
            120.65031,
            22.36468
          ],
          [
            120.65032,
            22.36469
          ],
          [
            120.65033,
            22.3647
          ],
          [
            120.65033,
            22.36471
          ],
          [
            120.65033,
            22.36472
          ],
          [
            120.65033,
            22.36473
          ],
          [
            120.65033,
            22.36474
          ],
          [
            120.65033,
            22.36475
          ],
          [
            120.65032,
            22.36476
          ],
          [
            120.65031,
            22.36477
          ],
          [
            120.65031,
            22.36478
          ],
          [
            120.6503,
            22.36478
          ],
          [
            120.65029,
            22.36479
          ],
          [
            120.65028,
            22.36479
          ],
          [
            120.65027,
            22.36479
          ],
          [
            120.65025,
            22.36479
          ],
          [
            120.65018,
            22.36478
          ],
          [
            120.65017,
            22.36478
          ],
          [
            120.65008,
            22.36477
          ],
          [
            120.64999,
            22.36477
          ],
          [
            120.64997,
            22.36477
          ],
          [
            120.64992,
            22.36477
          ],
          [
            120.64987,
            22.36478
          ],
          [
            120.64979,
            22.36481
          ],
          [
            120.64962,
            22.36487
          ],
          [
            120.64956,
            22.36489
          ],
          [
            120.6495,
            22.3649
          ],
          [
            120.64946,
            22.36491
          ],
          [
            120.64941,
            22.36491
          ],
          [
            120.64937,
            22.36491
          ],
          [
            120.64928,
            22.36491
          ],
          [
            120.64927,
            22.36491
          ],
          [
            120.64923,
            22.36491
          ],
          [
            120.64917,
            22.36492
          ],
          [
            120.64908,
            22.36494
          ],
          [
            120.64907,
            22.36494
          ],
          [
            120.64897,
            22.36498
          ],
          [
            120.6489,
            22.36501
          ],
          [
            120.64877,
            22.36506
          ],
          [
            120.64872,
            22.36508
          ],
          [
            120.64799774762614,
            22.36540298346772
          ],
          [
            120.648,
            22.36541
          ],
          [
            120.648,
            22.36538
          ],
          [
            120.648,
            22.36535
          ],
          [
            120.64801,
            22.36529
          ],
          [
            120.64802,
            22.36526
          ],
          [
            120.64802,
            22.36524
          ],
          [
            120.64804,
            22.3652
          ],
          [
            120.64807,
            22.36512
          ],
          [
            120.64808,
            22.36509
          ],
          [
            120.6481,
            22.36505
          ],
          [
            120.64815,
            22.36496
          ],
          [
            120.64817,
            22.36493
          ],
          [
            120.64825,
            22.36479
          ],
          [
            120.64837,
            22.36462
          ],
          [
            120.64844,
            22.36451
          ],
          [
            120.64845,
            22.36446
          ],
          [
            120.64846,
            22.36444
          ],
          [
            120.64848,
            22.36438
          ],
          [
            120.64849,
            22.36434
          ],
          [
            120.64849,
            22.36429
          ],
          [
            120.64849,
            22.36428
          ],
          [
            120.6485,
            22.36419
          ],
          [
            120.64851,
            22.36411
          ],
          [
            120.6485,
            22.36403
          ],
          [
            120.6485,
            22.36396
          ],
          [
            120.64849,
            22.36393
          ],
          [
            120.64849,
            22.36389
          ],
          [
            120.64847,
            22.36379
          ],
          [
            120.64847,
            22.36375
          ],
          [
            120.64846,
            22.36371
          ],
          [
            120.64842,
            22.36357
          ],
          [
            120.64837,
            22.3634
          ],
          [
            120.64833,
            22.36327
          ],
          [
            120.64831,
            22.36323
          ],
          [
            120.64827,
            22.36313
          ],
          [
            120.64827,
            22.36312
          ],
          [
            120.64826,
            22.36311
          ],
          [
            120.64825,
            22.3631
          ],
          [
            120.64824,
            22.3631
          ],
          [
            120.64823,
            22.36309
          ],
          [
            120.64821,
            22.36309
          ],
          [
            120.6482,
            22.36309
          ],
          [
            120.64818,
            22.36309
          ],
          [
            120.64817,
            22.3631
          ],
          [
            120.64816,
            22.3631
          ],
          [
            120.64815,
            22.36312
          ],
          [
            120.64814,
            22.36313
          ],
          [
            120.64814,
            22.36314
          ],
          [
            120.64814,
            22.36315
          ],
          [
            120.64814,
            22.36316
          ],
          [
            120.64814,
            22.36317
          ],
          [
            120.64816,
            22.36323
          ],
          [
            120.6482,
            22.36339
          ],
          [
            120.64821,
            22.3634
          ],
          [
            120.64824,
            22.36356
          ],
          [
            120.64824,
            22.36358
          ],
          [
            120.64826,
            22.36364
          ],
          [
            120.64826,
            22.36371
          ],
          [
            120.64826,
            22.36376
          ],
          [
            120.64826,
            22.36378
          ],
          [
            120.64826,
            22.36387
          ],
          [
            120.64825,
            22.364
          ],
          [
            120.64824,
            22.36412
          ],
          [
            120.64823,
            22.36416
          ],
          [
            120.64821,
            22.36425
          ],
          [
            120.6482,
            22.36429
          ],
          [
            120.6482,
            22.36432
          ],
          [
            120.64818,
            22.36438
          ],
          [
            120.64814,
            22.36448
          ],
          [
            120.64811,
            22.36454
          ],
          [
            120.64807,
            22.3646
          ],
          [
            120.64805,
            22.36462
          ],
          [
            120.64797,
            22.36474
          ],
          [
            120.64784,
            22.36494
          ],
          [
            120.64777,
            22.36502
          ],
          [
            120.64771,
            22.36509
          ],
          [
            120.64767,
            22.36514
          ],
          [
            120.64763,
            22.3652
          ],
          [
            120.64762,
            22.36522
          ],
          [
            120.6476,
            22.36526
          ],
          [
            120.64757,
            22.36533
          ],
          [
            120.64755,
            22.36541
          ],
          [
            120.64752,
            22.36551
          ],
          [
            120.64733569830032,
            22.366251842254044
          ],
          [
            120.64725000284051,
            22.36622323239148
          ],
          [
            120.64723816026599,
            22.36621773169092
          ],
          [
            120.64722788447118,
            22.366209776441455
          ],
          [
            120.64721984806947,
            22.366199833960106
          ],
          [
            120.6472144816914,
            22.366188437014735
          ],
          [
            120.64721207289436,
            22.366176196310622
          ],
          [
            120.64721273978441,
            22.366163828580913
          ],
          [
            120.64734,
            22.36546
          ],
          [
            120.64735,
            22.36538
          ],
          [
            120.64737,
            22.3653
          ],
          [
            120.64737,
            22.36528
          ],
          [
            120.64738,
            22.36525
          ],
          [
            120.64739,
            22.36522
          ],
          [
            120.6474,
            22.36517
          ],
          [
            120.64742,
            22.36513
          ],
          [
            120.64745,
            22.36508
          ],
          [
            120.64749,
            22.36501
          ],
          [
            120.64762,
            22.3648
          ],
          [
            120.64763,
            22.36478
          ],
          [
            120.64768,
            22.36468
          ],
          [
            120.6477,
            22.36463
          ],
          [
            120.64778,
            22.36447
          ],
          [
            120.64781,
            22.36438
          ],
          [
            120.64784,
            22.36429
          ],
          [
            120.64787,
            22.3642
          ],
          [
            120.64787,
            22.36412
          ],
          [
            120.64788,
            22.36408
          ],
          [
            120.64788,
            22.36397
          ],
          [
            120.64787,
            22.36388
          ],
          [
            120.64785,
            22.36378
          ],
          [
            120.64770035248323,
            22.363228516837914
          ],
          [
            120.64769417813595,
            22.363211618988682
          ],
          [
            120.6476852193665,
            22.36319604353087
          ],
          [
            120.64767366619604,
            22.363182027901605
          ],
          [
            120.64765982469513,
            22.363169943407737
          ],
          [
            120.64764406155751,
            22.363160110195825
          ],
          [
            120.64762704082847,
            22.363152871734332
          ],
          [
            120.64732,
            22.36305
          ],
          [
            120.64729,
            22.36304
          ],
          [
            120.64714,
            22.36299
          ],
          [
            120.64707,
            22.36296
          ],
          [
            120.64701,
            22.36293
          ],
          [
            120.64696,
            22.3629
          ],
          [
            120.6469,
            22.36285
          ],
          [
            120.64685,
            22.36279
          ],
          [
            120.64684,
            22.36277
          ],
          [
            120.64677,
            22.36267
          ],
          [
            120.64673,
            22.36261
          ],
          [
            120.64668,
            22.36252
          ],
          [
            120.6466,
            22.36239
          ],
          [
            120.64658,
            22.36235
          ],
          [
            120.64657,
            22.36231
          ],
          [
            120.64640194830162,
            22.361633544320107
          ],
          [
            120.64639859423608,
            22.36162400703368
          ],
          [
            120.64639349729963,
            22.361615261261445
          ],
          [
            120.6463868016218,
            22.361607506538604
          ],
          [
            120.6463787235238,
            22.361600993401492
          ],
          [
            120.6463695239894,
            22.361595932273815
          ],
          [
            120.64635960202895,
            22.3615925123411
          ],
          [
            120.64623,
            22.36156
          ],
          [
            120.6462,
            22.36154
          ],
          [
            120.64619,
            22.36153
          ],
          [
            120.64615,
            22.36151
          ],
          [
            120.64605,
            22.36144
          ],
          [
            120.64534794035863,
            22.360941938410292
          ],
          [
            120.64533695630455,
            22.36093232296041
          ],
          [
            120.64532811314953,
            22.36092066086241
          ],
          [
            120.64532197835673,
            22.3609075768891
          ],
          [
            120.64531880426293,
            22.360893609211548
          ],
          [
            120.64531872142521,
            22.360879332349413
          ],
          [
            120.64532168933707,
            22.360865466459963
          ],
          [
            120.64537,
            22.36072
          ],
          [
            120.64538,
            22.36069
          ],
          [
            120.6454,
            22.36066
          ],
          [
            120.64541,
            22.36065
          ],
          [
            120.64543,
            22.36062
          ],
          [
            120.64547,
            22.36057
          ],
          [
            120.64551,
            22.36053
          ],
          [
            120.64553,
            22.36051
          ],
          [
            120.64586035679712,
            22.36034401465938
          ],
          [
            120.64587899517441,
            22.36033226641362
          ],
          [
            120.64589507899358,
            22.360317153374552
          ],
          [
            120.64590768838593,
            22.360299408632976
          ],
          [
            120.64591633888352,
            22.360279713963074
          ],
          [
            120.6459206981239,
            22.360258826057624
          ],
          [
            120.64592060716379,
            22.360237624486523
          ],
          [
            120.64587,
            22.35978
          ],
          [
            120.64586,
            22.35974
          ],
          [
            120.64585,
            22.3597
          ],
          [
            120.64583,
            22.35964
          ],
          [
            120.6458,
            22.35959
          ],
          [
            120.64579,
            22.35957
          ],
          [
            120.64577,
            22.35954
          ],
          [
            120.64572,
            22.35949
          ],
          [
            120.64568,
            22.35943
          ],
          [
            120.64563,
            22.35938
          ],
          [
            120.6456,
            22.35933
          ],
          [
            120.64559,
            22.35931
          ],
          [
            120.64557,
            22.35928
          ],
          [
            120.64556,
            22.35926
          ],
          [
            120.64555,
            22.35923
          ],
          [
            120.64555,
            22.35921
          ],
          [
            120.64554,
            22.35919
          ],
          [
            120.64553999999998,
            22.35859178812249
          ],
          [
            120.64553866062657,
            22.358577913695335
          ],
          [
            120.64553468546609,
            22.358564484283356
          ],
          [
            120.64552820201975,
            22.358551930628078
          ],
          [
            120.64551941824077,
            22.358540655381596
          ],
          [
            120.64550861586443,
            22.358531020191677
          ],
          [
            120.64549635759549,
            22.358523443134615
          ],
          [
            120.6451463124612,
            22.358347709987157
          ],
          [
            120.64512723460561,
            22.358335628481015
          ],
          [
            120.64511087086352,
            22.358320034460135
          ],
          [
            120.64509818324838,
            22.35830170934151
          ],
          [
            120.6450896836235,
            22.358281392425297
          ],
          [
            120.64508571489381,
            22.35825990336781
          ],
          [
            120.64508642324463,
            22.358238207113015
          ],
          [
            120.6451932123869,
            22.357486672995137
          ],
          [
            120.64519731085358,
            22.35746936409982
          ],
          [
            120.64520449736322,
            22.35745305239049
          ],
          [
            120.64521457329012,
            22.35743812569242
          ],
          [
            120.6452272417368,
            22.357425023836008
          ],
          [
            120.64524212941451,
            22.357414132880844
          ],
          [
            120.64525853791004,
            22.357405878666274
          ],
          [
            120.64601432986932,
            22.357101904363706
          ],
          [
            120.64603522616856,
            22.357090929116964
          ],
          [
            120.64605347053255,
            22.357075997528035
          ],
          [
            120.64606799638041,
            22.35705786871067
          ],
          [
            120.6460781730199,
            22.35703732979307
          ],
          [
            120.64608355859534,
            22.357015272546676
          ],
          [
            120.64608392581907,
            22.35699272212862
          ],
          [
            120.6460114892625,
            22.356241597217256
          ],
          [
            120.64600744727714,
            22.356221366264293
          ],
          [
            120.645999411737,
            22.35620226972998
          ],
          [
            120.64598766299605,
            22.356184921728985
          ],
          [
            120.64597262045365,
            22.35616994153965
          ],
          [
            120.64595482108932,
            22.356157863915623
          ],
          [
            120.6459351467448,
            22.356149202972535
          ],
          [
            120.64541392495292,
            22.355974614835116
          ],
          [
            120.64539655817012,
            22.35596592042653
          ],
          [
            120.6453825059208,
            22.355952839091422
          ],
          [
            120.64537311023757,
            22.35593653466175
          ],
          [
            120.64536917229549,
            22.35591839742507
          ],
          [
            120.645371027885,
            22.355899973953385
          ],
          [
            120.6453784128022,
            22.3558830030457
          ],
          [
            120.64573330181557,
            22.355323384380497
          ],
          [
            120.64574733504179,
            22.35528820150509
          ],
          [
            120.6457476064663,
            22.355250341958097
          ],
          [
            120.64573390183516,
            22.35521469805698
          ],
          [
            120.64570788806527,
            22.35518560522844
          ],
          [
            120.64567272925456,
            22.35516660208137
          ],
          [
            120.64563270182822,
            22.35516
          ],
          [
            120.64527565570835,
            22.35516
          ],
          [
            120.64526606133661,
            22.355161041026044
          ],
          [
            120.64525698085215,
            22.355164108345438
          ],
          [
            120.64524890061766,
            22.3551690376685
          ],
          [
            120.64524225342119,
            22.35517556497417
          ],
          [
            120.64523739529535,
            22.35518334065133
          ],
          [
            120.64523457735764,
            22.35519199521845
          ],
          [
            120.64498300207073,
            22.356486698747744
          ],
          [
            120.64496964002696,
            22.35652109870741
          ],
          [
            120.64494487617158,
            22.35654932424542
          ],
          [
            120.64491147697954,
            22.356568324401728
          ],
          [
            120.64487320790671,
            22.356575957081112
          ],
          [
            120.6448343834438,
            22.35657136176823
          ],
          [
            120.64479906548576,
            22.356554840790345
          ],
          [
            120.64441,
            22.35629
          ],
          [
            120.64426,
            22.3562
          ],
          [
            120.64414,
            22.35612
          ],
          [
            120.64396,
            22.35603
          ],
          [
            120.6438,
            22.35596
          ],
          [
            120.64369,
            22.35592
          ],
          [
            120.64363,
            22.35589
          ],
          [
            120.6436,
            22.35588
          ],
          [
            120.64355,
            22.35587
          ],
          [
            120.64346,
            22.35585
          ],
          [
            120.64332,
            22.35582
          ],
          [
            120.64257,
            22.35568
          ],
          [
            120.64246,
            22.35565
          ],
          [
            120.64241,
            22.35564
          ],
          [
            120.64236,
            22.35563
          ],
          [
            120.64224,
            22.3556
          ],
          [
            120.64205,
            22.35556
          ],
          [
            120.64196,
            22.35554
          ],
          [
            120.64186,
            22.35552
          ],
          [
            120.64167,
            22.35547
          ],
          [
            120.64161,
            22.35546
          ],
          [
            120.64148,
            22.35543
          ],
          [
            120.64145,
            22.35543
          ],
          [
            120.64133,
            22.35541
          ],
          [
            120.64114,
            22.35539
          ],
          [
            120.64040402642503,
            22.35529357433963
          ],
          [
            120.64038747533114,
            22.355292898001128
          ],
          [
            120.64037117530759,
            22.35529518588615
          ],
          [
            120.64035564874207,
            22.355300342237683
          ],
          [
            120.64034147182196,
            22.355308175704685
          ],
          [
            120.64032917064954,
            22.355318395588963
          ],
          [
            120.64031906108362,
            22.355330835658087
          ],
          [
            120.64022,
            22.35548
          ],
          [
            120.64017,
            22.35553
          ],
          [
            120.64012,
            22.35558
          ],
          [
            120.6401,
            22.35562
          ],
          [
            120.64008,
            22.35566
          ],
          [
            120.64006,
            22.3557
          ],
          [
            120.64005,
            22.35575
          ],
          [
            120.64004,
            22.35578
          ],
          [
            120.64003999999998,
            22.35649003385375
          ],
          [
            120.6400356604413,
            22.356519379746743
          ],
          [
            120.64002296489537,
            22.35654654050023
          ],
          [
            120.6400028586917,
            22.356569493683494
          ],
          [
            120.63997683896858,
            22.356586530167856
          ],
          [
            120.63994684319391,
            22.35659638139096
          ],
          [
            120.63991504637615,
            22.356598309900697
          ],
          [
            120.63964,
            22.35658
          ],
          [
            120.63956,
            22.35659
          ],
          [
            120.63948,
            22.3566
          ],
          [
            120.63941,
            22.35662
          ],
          [
            120.63937,
            22.35663
          ],
          [
            120.63934,
            22.35664
          ],
          [
            120.63927,
            22.35667
          ],
          [
            120.63918,
            22.35672
          ],
          [
            120.63902,
            22.3568
          ],
          [
            120.63885,
            22.35688
          ],
          [
            120.63876,
            22.35692
          ],
          [
            120.63867,
            22.35696
          ],
          [
            120.63819,
            22.35717
          ],
          [
            120.63811,
            22.3572
          ],
          [
            120.63804,
            22.35723
          ],
          [
            120.63798,
            22.35725
          ],
          [
            120.63792,
            22.35726
          ],
          [
            120.63785,
            22.35728
          ],
          [
            120.63778,
            22.35729
          ],
          [
            120.63761,
            22.35731
          ],
          [
            120.63741,
            22.35734
          ],
          [
            120.63709,
            22.35739
          ],
          [
            120.63689,
            22.35742
          ],
          [
            120.63683,
            22.35743
          ],
          [
            120.63681,
            22.35743
          ],
          [
            120.63677,
            22.35743
          ],
          [
            120.63662,
            22.35743
          ],
          [
            120.6366,
            22.35744
          ],
          [
            120.6365,
            22.35744
          ],
          [
            120.63643,
            22.35745
          ],
          [
            120.63637,
            22.35746
          ],
          [
            120.63632,
            22.35747
          ],
          [
            120.63556491455405,
            22.357686996416305
          ],
          [
            120.63554694622051,
            22.357689861865627
          ],
          [
            120.63552893147069,
            22.357688294087446
          ],
          [
            120.63551196598573,
            22.35768243787043
          ],
          [
            120.63549720558412,
            22.357672692184845
          ],
          [
            120.63548565585722,
            22.357659720981275
          ],
          [
            120.63547806327728,
            22.357644285941213
          ],
          [
            120.63526416331291,
            22.35699898297869
          ],
          [
            120.6352597672246,
            22.35698906372445
          ],
          [
            120.63525352932967,
            22.35698017506581
          ],
          [
            120.63524563034153,
            22.35697251747185
          ],
          [
            120.635236344085,
            22.356966356399255
          ],
          [
            120.63522599247568,
            22.356961905426605
          ],
          [
            120.63521499860157,
            22.356959328097243
          ],
          [
            120.63508,
            22.35694
          ],
          [
            120.63501,
            22.35693
          ],
          [
            120.63495,
            22.35694
          ],
          [
            120.63489,
            22.35694
          ],
          [
            120.63487,
            22.35695
          ],
          [
            120.63474,
            22.35697
          ],
          [
            120.63455,
            22.35702
          ],
          [
            120.63451,
            22.35703
          ],
          [
            120.63439,
            22.35706
          ],
          [
            120.63432,
            22.35706
          ],
          [
            120.63422,
            22.35707
          ],
          [
            120.63397,
            22.35708
          ],
          [
            120.63383,
            22.35708
          ],
          [
            120.63373,
            22.35709
          ],
          [
            120.63364,
            22.3571
          ],
          [
            120.63354,
            22.35712
          ],
          [
            120.63346,
            22.35714
          ],
          [
            120.63336,
            22.35716
          ],
          [
            120.63306,
            22.35724
          ],
          [
            120.6328,
            22.35729
          ],
          [
            120.63255,
            22.35733
          ],
          [
            120.63237,
            22.35736
          ],
          [
            120.63229,
            22.35737
          ],
          [
            120.63222,
            22.35737
          ],
          [
            120.63216,
            22.35737
          ],
          [
            120.63208,
            22.35737
          ],
          [
            120.63196,
            22.35737
          ],
          [
            120.63188,
            22.35737
          ],
          [
            120.6318,
            22.35738
          ],
          [
            120.63172,
            22.35739
          ],
          [
            120.63163,
            22.35741
          ],
          [
            120.63134,
            22.35747
          ],
          [
            120.63104,
            22.35753
          ],
          [
            120.63084,
            22.35757
          ],
          [
            120.63074,
            22.35759
          ],
          [
            120.63064,
            22.35761
          ],
          [
            120.63054,
            22.35762
          ],
          [
            120.62956726603996,
            22.3577830182491
          ],
          [
            120.62955726786981,
            22.35778584531711
          ],
          [
            120.62954818497236,
            22.3577907594079
          ],
          [
            120.62954055942915,
            22.35779748770544
          ],
          [
            120.62953480025743,
            22.35780566931874
          ],
          [
            120.62953121636643,
            22.357814865404173
          ],
          [
            120.62953,
            22.35782458270406
          ],
          [
            120.62953,
            22.35791
          ],
          [
            120.62953,
            22.35792
          ],
          [
            120.62953,
            22.358
          ],
          [
            120.62952,
            22.35805
          ],
          [
            120.62952,
            22.35813
          ],
          [
            120.62951,
            22.35827
          ],
          [
            120.6294332318989,
            22.358925345442955
          ],
          [
            120.62942602389272,
            22.358952901684663
          ],
          [
            120.62941144115166,
            22.358977708111915
          ],
          [
            120.62939046635299,
            22.358998158304274
          ],
          [
            120.62936452656692,
            22.359012860884373
          ],
          [
            120.6293353866683,
            22.359020815527284
          ],
          [
            120.62930494233655,
            22.359021472282784
          ],
          [
            120.62909,
            22.359
          ],
          [
            120.62887,
            22.35899
          ],
          [
            120.62878,
            22.35898
          ],
          [
            120.62795708647809,
            22.358916341336144
          ],
          [
            120.6279451766791,
            22.358916435882414
          ],
          [
            120.62793352273833,
            22.358918548514758
          ],
          [
            120.62792247804401,
            22.358922605432042
          ],
          [
            120.62791241315338,
            22.358928470521832
          ],
          [
            120.62790366575062,
            22.35893594700626
          ],
          [
            120.62789642274038,
            22.358944945409284
          ],
          [
            120.62782,
            22.35906
          ],
          [
            120.62771,
            22.35923
          ],
          [
            120.6277,
            22.35924
          ],
          [
            120.62765493114046,
            22.35933039953461
          ],
          [
            120.62765122517789,
            22.359336518304193
          ],
          [
            120.62764657886429,
            22.359341906774034
          ],
          [
            120.6276410618005,
            22.359346528390518
          ],
          [
            120.62763481788527,
            22.35935026261043
          ],
          [
            120.62762800997535,
            22.359353012036056
          ],
          [
            120.6276208679206,
            22.359354696735753
          ],
          [
            120.62724554719826,
            22.359413390531678
          ],
          [
            120.62721761393537,
            22.35942129067943
          ],
          [
            120.62719261872334,
            22.359435571947103
          ],
          [
            120.62717232144387,
            22.359455282857372
          ],
          [
            120.62715804532341,
            22.359479138410578
          ],
          [
            120.62715072105514,
            22.359505583408225
          ],
          [
            120.62715081250815,
            22.359532797163652
          ],
          [
            120.62725968881881,
            22.3602980433508
          ],
          [
            120.62726016969523,
            22.360322437709666
          ],
          [
            120.62725475534889,
            22.360346410109127
          ],
          [
            120.6272437075447,
            22.360368641519187
          ],
          [
            120.62722758885522,
            22.360387999879492
          ],
          [
            120.62720722007093,
            22.36040349943016
          ],
          [
            120.62718388487251,
            22.36041426788935
          ],
          [
            120.6266,
            22.36061
          ],
          [
            120.62658,
            22.36062
          ],
          [
            120.62656,
            22.36064
          ],
          [
            120.62654,
            22.36065
          ],
          [
            120.62652,
            22.36067
          ],
          [
            120.62648,
            22.36071
          ],
          [
            120.62646,
            22.36073
          ],
          [
            120.62642,
            22.36078
          ],
          [
            120.62639,
            22.36081
          ],
          [
            120.62638,
            22.36083
          ],
          [
            120.62636,
            22.36086
          ],
          [
            120.62633,
            22.36091
          ],
          [
            120.6263,
            22.36097
          ],
          [
            120.62624,
            22.36111
          ],
          [
            120.626,
            22.36162
          ],
          [
            120.62597,
            22.36168
          ],
          [
            120.62595,
            22.36171
          ],
          [
            120.62591,
            22.36176
          ],
          [
            120.62588,
            22.3618
          ],
          [
            120.62585,
            22.36183
          ],
          [
            120.62547509539117,
            22.362081118099322
          ],
          [
            120.6254525475111,
            22.362101148750728
          ],
          [
            120.62543634999658,
            22.36212636014046
          ],
          [
            120.62542800457489,
            22.362154693276352
          ],
          [
            120.62542812250263,
            22.362184072910804
          ],
          [
            120.62543669514226,
            22.36221234714593
          ],
          [
            120.62545284235311,
            22.36223715490397
          ],
          [
            120.62577,
            22.3626
          ],
          [
            120.62584,
            22.36269
          ],
          [
            120.6259,
            22.36277
          ],
          [
            120.62594,
            22.36285
          ],
          [
            120.62599,
            22.36294
          ],
          [
            120.62607,
            22.36316
          ],
          [
            120.62608,
            22.3632
          ],
          [
            120.62609,
            22.36322
          ],
          [
            120.6261,
            22.36323
          ],
          [
            120.62613,
            22.36329
          ],
          [
            120.62615,
            22.36333
          ],
          [
            120.62617,
            22.36339
          ],
          [
            120.62618,
            22.36343
          ],
          [
            120.62619,
            22.36346
          ],
          [
            120.6262,
            22.36351
          ],
          [
            120.62622,
            22.36393
          ],
          [
            120.62622,
            22.36418
          ],
          [
            120.62621,
            22.36427
          ],
          [
            120.6262,
            22.36433
          ],
          [
            120.62619,
            22.36438
          ],
          [
            120.62611138717814,
            22.364616941156896
          ],
          [
            120.62610958238349,
            22.364624778057053
          ],
          [
            120.62610925307845,
            22.364632879000716
          ],
          [
            120.6261104382931,
            22.364640910250483
          ],
          [
            120.62611310206097,
            22.36464862809028
          ],
          [
            120.62611716354743,
            22.364655798314757
          ],
          [
            120.6261223807436,
            22.36466208348581
          ],
          [
            120.62647742208586,
            22.36501904863096
          ],
          [
            120.62649039522931,
            22.36503490573316
          ],
          [
            120.62650018506895,
            22.365053058989652
          ],
          [
            120.62650617195821,
            22.365072593028206
          ],
          [
            120.62650814625601,
            22.36509282383123
          ],
          [
            120.62650603882895,
            22.36511304298276
          ],
          [
            120.62650002654581,
            22.36513229967839
          ],
          [
            120.62639,
            22.36539
          ],
          [
            120.62633,
            22.36556
          ],
          [
            120.6263,
            22.36565
          ],
          [
            120.62627,
            22.36573
          ],
          [
            120.62621,
            22.3659
          ],
          [
            120.62614,
            22.36612
          ],
          [
            120.62609,
            22.36626
          ],
          [
            120.62608,
            22.36631
          ],
          [
            120.62608,
            22.36636
          ],
          [
            120.62608,
            22.36641
          ],
          [
            120.62608,
            22.36643
          ],
          [
            120.62609,
            22.36646
          ],
          [
            120.62613,
            22.3666
          ],
          [
            120.62618,
            22.36679
          ],
          [
            120.62621,
            22.36689
          ],
          [
            120.62622,
            22.36695
          ],
          [
            120.62622,
            22.36696
          ],
          [
            120.62623,
            22.36705
          ],
          [
            120.62623,
            22.3671
          ],
          [
            120.62622,
            22.36715
          ],
          [
            120.6262,
            22.36719
          ],
          [
            120.62603509530196,
            22.367853454819585
          ],
          [
            120.62603311701042,
            22.367866033712893
          ],
          [
            120.62603333964844,
            22.36787886656391
          ],
          [
            120.62603578674081,
            22.367891497141336
          ],
          [
            120.6260403939264,
            22.367903593247526
          ],
          [
            120.62604704003132,
            22.367914836741996
          ],
          [
            120.6260553483719,
            22.367924728043192
          ],
          [
            120.62633492133567,
            22.368205370426523
          ],
          [
            120.62634848232507,
            22.36822518861052
          ],
          [
            120.62635389725207,
            22.368248378585864
          ],
          [
            120.62635031948012,
            22.36827187546625
          ],
          [
            120.62633819514997,
            22.36829274923965
          ],
          [
            120.62631903614032,
            22.368308396990024
          ],
          [
            120.62629532311591,
            22.368316851234336
          ],
          [
            120.62622,
            22.36833
          ],
          [
            120.62617,
            22.36835
          ],
          [
            120.62615,
            22.36836
          ],
          [
            120.62613,
            22.36837
          ],
          [
            120.62612,
            22.36837
          ],
          [
            120.62612,
            22.36838
          ],
          [
            120.62611,
            22.36839
          ],
          [
            120.6261,
            22.3684
          ],
          [
            120.62609,
            22.36842
          ],
          [
            120.62609,
            22.36843
          ],
          [
            120.62609,
            22.36845
          ],
          [
            120.62609,
            22.36846
          ],
          [
            120.6261,
            22.36847
          ],
          [
            120.62611,
            22.36849
          ],
          [
            120.62611,
            22.3685
          ],
          [
            120.62613,
            22.36851
          ],
          [
            120.62614,
            22.36852
          ],
          [
            120.62615,
            22.36853
          ],
          [
            120.62637977524845,
            22.368576100473163
          ],
          [
            120.62640412911156,
            22.368583784562578
          ],
          [
            120.62642616113385,
            22.368596428516472
          ],
          [
            120.62644458440306,
            22.368613354435634
          ],
          [
            120.62645845913495,
            22.368633698916724
          ],
          [
            120.62646707756943,
            22.36865642417307
          ],
          [
            120.62647,
            22.368680370972964
          ],
          [
            120.62647,
            22.369402589696275
          ],
          [
            120.62646870231364,
            22.369415758269355
          ],
          [
            120.62646485260618,
            22.369428486922125
          ],
          [
            120.62645857948412,
            22.36944035043063
          ],
          [
            120.62645009251264,
            22.36945095247263
          ],
          [
            120.62643967521453,
            22.369459938867493
          ],
          [
            120.62642787299913,
            22.369466915084207
          ],
          [
            120.6251259990788,
            22.37008679991359
          ],
          [
            120.62510213021878,
            22.37010407424169
          ],
          [
            120.62508650033321,
            22.370128421333522
          ],
          [
            120.6250814649918,
            22.37015639736461
          ],
          [
            120.62508771577536,
            22.37018415995668
          ],
          [
            120.62510439416775,
            22.370207896046306
          ],
          [
            120.62512900953388,
            22.370224259386575
          ],
          [
            120.62519,
            22.37025
          ],
          [
            120.62505,
            22.37019
          ],
          [
            120.62499,
            22.37017
          ],
          [
            120.62494,
            22.37016
          ],
          [
            120.62491,
            22.37015
          ],
          [
            120.62487,
            22.37015
          ],
          [
            120.62483,
            22.37014
          ],
          [
            120.62478,
            22.37014
          ],
          [
            120.62455,
            22.37014
          ],
          [
            120.62433,
            22.37017
          ],
          [
            120.6241,
            22.37019
          ],
          [
            120.62406,
            22.37019
          ],
          [
            120.62403,
            22.37019
          ],
          [
            120.624,
            22.37018
          ],
          [
            120.62397,
            22.37018
          ],
          [
            120.62382,
            22.37014
          ],
          [
            120.62371,
            22.37011
          ],
          [
            120.62362,
            22.37009
          ],
          [
            120.62353,
            22.37007
          ],
          [
            120.6234,
            22.37005
          ],
          [
            120.62329,
            22.37004
          ],
          [
            120.62311,
            22.37004
          ],
          [
            120.6231,
            22.37005
          ],
          [
            120.62288,
            22.37005
          ],
          [
            120.62266,
            22.37006
          ],
          [
            120.62254,
            22.37007
          ],
          [
            120.62242,
            22.37008
          ],
          [
            120.62232,
            22.37009
          ],
          [
            120.62214,
            22.37012
          ],
          [
            120.62177,
            22.37017
          ],
          [
            120.62119,
            22.37024
          ],
          [
            120.62118,
            22.37024
          ],
          [
            120.62098,
            22.37026
          ],
          [
            120.6207,
            22.37028
          ],
          [
            120.62002,
            22.37035
          ],
          [
            120.61995,
            22.37036
          ],
          [
            120.61987,
            22.37036
          ],
          [
            120.61982,
            22.37037
          ],
          [
            120.61961,
            22.3704
          ],
          [
            120.61952,
            22.37045
          ],
          [
            120.61946,
            22.37048
          ],
          [
            120.61945,
            22.37048
          ],
          [
            120.6194,
            22.3705
          ],
          [
            120.61934,
            22.37052
          ],
          [
            120.61928,
            22.37055
          ],
          [
            120.61924,
            22.37057
          ],
          [
            120.61918,
            22.37059
          ],
          [
            120.61913,
            22.37061
          ],
          [
            120.61906,
            22.37063
          ],
          [
            120.61897,
            22.37066
          ],
          [
            120.61868,
            22.37076
          ],
          [
            120.61848,
            22.37082
          ],
          [
            120.61847,
            22.37082
          ],
          [
            120.61834,
            22.37086
          ],
          [
            120.61826,
            22.37085
          ],
          [
            120.61811,
            22.37082
          ],
          [
            120.61796,
            22.37076
          ],
          [
            120.61788,
            22.37074
          ],
          [
            120.61779,
            22.37071
          ],
          [
            120.61773,
            22.37069
          ],
          [
            120.61746,
            22.3706
          ],
          [
            120.61737,
            22.37058
          ],
          [
            120.61726,
            22.37055
          ],
          [
            120.61687,
            22.37045
          ],
          [
            120.61665,
            22.3704
          ],
          [
            120.61641,
            22.37034
          ],
          [
            120.61631,
            22.37031
          ],
          [
            120.61617,
            22.37028
          ],
          [
            120.61612,
            22.37027
          ],
          [
            120.61608,
            22.37025
          ],
          [
            120.61604,
            22.37023
          ],
          [
            120.616,
            22.37022
          ],
          [
            120.61594,
            22.37019
          ],
          [
            120.6157,
            22.37009
          ],
          [
            120.61529,
            22.36996
          ],
          [
            120.61523,
            22.36994
          ],
          [
            120.61513,
            22.36991
          ],
          [
            120.61508,
            22.3699
          ],
          [
            120.61494,
            22.36988
          ],
          [
            120.6148,
            22.36986
          ],
          [
            120.61475,
            22.36985
          ],
          [
            120.61461,
            22.36983
          ],
          [
            120.61456,
            22.36982
          ],
          [
            120.61451,
            22.36981
          ],
          [
            120.61448,
            22.36981
          ],
          [
            120.61438,
            22.36978
          ],
          [
            120.61367183964734,
            22.36952116482628
          ],
          [
            120.61364741167807,
            22.369508850170224
          ],
          [
            120.61362662243955,
            22.369491306209003
          ],
          [
            120.61361093630285,
            22.369469644664207
          ],
          [
            120.61360126186409,
            22.36944512024854
          ],
          [
            120.61359815950071,
            22.369419153502253
          ],
          [
            120.61360176015523,
            22.36939342592774
          ],
          [
            120.61368,
            22.36911
          ],
          [
            120.61392706783789,
            22.368073141550823
          ],
          [
            120.61392966803497,
            22.36804473231532
          ],
          [
            120.61392418302475,
            22.368016519343417
          ],
          [
            120.61391095814247,
            22.36799062768991
          ],
          [
            120.61389091590458,
            22.367968863456078
          ],
          [
            120.61386545437979,
            22.367952744830394
          ],
          [
            120.6138365063436,
            22.367943425806136
          ],
          [
            120.61334,
            22.36785
          ],
          [
            120.61313,
            22.36784
          ],
          [
            120.61296,
            22.36783
          ],
          [
            120.61276,
            22.3678
          ],
          [
            120.61202,
            22.36767
          ],
          [
            120.61022,
            22.3673
          ],
          [
            120.6097,
            22.36719
          ],
          [
            120.60918,
            22.3671
          ],
          [
            120.60897,
            22.36706
          ],
          [
            120.60866,
            22.367
          ],
          [
            120.60833,
            22.36695
          ],
          [
            120.60819,
            22.36694
          ],
          [
            120.608,
            22.36694
          ],
          [
            120.60788,
            22.36693
          ],
          [
            120.60778,
            22.36693
          ],
          [
            120.60768,
            22.36692
          ],
          [
            120.60733,
            22.36688
          ],
          [
            120.6067,
            22.36681
          ],
          [
            120.60641,
            22.36681
          ],
          [
            120.60541,
            22.36685
          ],
          [
            120.60442,
            22.36688
          ],
          [
            120.60346,
            22.36692
          ],
          [
            120.60327,
            22.3669
          ],
          [
            120.60316,
            22.36687
          ],
          [
            120.60305,
            22.36684
          ],
          [
            120.60305,
            22.36683
          ],
          [
            120.60302,
            22.36682
          ],
          [
            120.60296,
            22.36679
          ],
          [
            120.60267,
            22.36662
          ],
          [
            120.60218,
            22.36629
          ],
          [
            120.60209,
            22.36622
          ],
          [
            120.60196,
            22.36613
          ],
          [
            120.60181,
            22.36604
          ],
          [
            120.60149,
            22.36584
          ],
          [
            120.60101,
            22.36555
          ],
          [
            120.60086,
            22.36547
          ],
          [
            120.60045,
            22.36532
          ],
          [
            120.59995,
            22.36498
          ],
          [
            120.59987,
            22.36495
          ],
          [
            120.59981,
            22.36491
          ],
          [
            120.59975,
            22.36487
          ],
          [
            120.59913,
            22.36454
          ],
          [
            120.59889,
            22.36444
          ],
          [
            120.59866,
            22.36436
          ],
          [
            120.59862,
            22.36436
          ],
          [
            120.59829,
            22.36429
          ],
          [
            120.59739582738564,
            22.363891041721757
          ],
          [
            120.5973755823904,
            22.363884011359435
          ],
          [
            120.59735461109038,
            22.363880605404404
          ],
          [
            120.5973333244079,
            22.363880808186355
          ],
          [
            120.5973124323051,
            22.363884612942023
          ],
          [
            120.59729263158393,
            22.363891892773644
          ],
          [
            120.59727426845221,
            22.363902628308562
          ],
          [
            120.59684,
            22.36421
          ],
          [
            120.59682,
            22.36423
          ],
          [
            120.59647,
            22.36449
          ],
          [
            120.59631,
            22.36462
          ],
          [
            120.59604,
            22.36489
          ],
          [
            120.59583,
            22.36515
          ],
          [
            120.59517,
            22.36598
          ],
          [
            120.59469,
            22.36663
          ],
          [
            120.59421733717186,
            22.367244243775716
          ],
          [
            120.59420301026749,
            22.367269497734146
          ],
          [
            120.5941962176077,
            22.36729771703131
          ],
          [
            120.59419766627133,
            22.36732660519416
          ],
          [
            120.59420725344958,
            22.367354112088062
          ],
          [
            120.59422429875981,
            22.36737828560426
          ],
          [
            120.59424727765594,
            22.36739721357921
          ],
          [
            120.5949809820106,
            22.367854935930815
          ],
          [
            120.59498766301954,
            22.36786031771031
          ],
          [
            120.59499284697102,
            22.3678671162411
          ],
          [
            120.59499613190992,
            22.36787487306141
          ],
          [
            120.59499732667582,
            22.367883136778598
          ],
          [
            120.5949963617417,
            22.36789142650219
          ],
          [
            120.59499334086442,
            22.367899172389734
          ],
          [
            120.59496,
            22.36796
          ],
          [
            120.59499334076686,
            22.367899172598385
          ],
          [
            120.59499636161702,
            22.367891426757566
          ],
          [
            120.59499732654854,
            22.36788313708795
          ],
          [
            120.59499613179803,
            22.367874873423244
          ],
          [
            120.59499284689133,
            22.367867116649073
          ],
          [
            120.59498766298628,
            22.3678603181537
          ],
          [
            120.5949809820366,
            22.367854936391534
          ],
          [
            120.59425859223815,
            22.367404286279047
          ],
          [
            120.59423194275253,
            22.367391869313842
          ],
          [
            120.59420316138282,
            22.36738617905618
          ],
          [
            120.5941737669364,
            22.3673873814851
          ],
          [
            120.59414563215073,
            22.367395399993153
          ],
          [
            120.59412054950957,
            22.367409723716467
          ],
          [
            120.59409988292046,
            22.367429733439373
          ],
          [
            120.59337,
            22.36834
          ],
          [
            120.59313,
            22.36864
          ],
          [
            120.59282,
            22.36908
          ],
          [
            120.59277,
            22.36915
          ],
          [
            120.59268,
            22.36925
          ],
          [
            120.59256,
            22.36948
          ],
          [
            120.59251,
            22.3696
          ],
          [
            120.59246,
            22.36976
          ],
          [
            120.59246,
            22.36979
          ],
          [
            120.59246,
            22.3698
          ],
          [
            120.59245,
            22.36984
          ],
          [
            120.59243,
            22.37015
          ],
          [
            120.59243,
            22.37031
          ],
          [
            120.59242,
            22.37045
          ],
          [
            120.59237,
            22.37036
          ],
          [
            120.59233,
            22.37028
          ],
          [
            120.59227,
            22.37015
          ],
          [
            120.59196213802242,
            22.369422115410035
          ],
          [
            120.59194398961027,
            22.369393112056066
          ],
          [
            120.59191742747836,
            22.36937080055027
          ],
          [
            120.59188485120052,
            22.3693570403429
          ],
          [
            120.5918493282805,
            22.369353127146407
          ],
          [
            120.59181420368897,
            22.36935942944196
          ],
          [
            120.59178247087677,
            22.3693755781494
          ],
          [
            120.59141,
            22.36964
          ],
          [
            120.59094,
            22.36999
          ],
          [
            120.5903,
            22.3705
          ],
          [
            120.59094,
            22.36999
          ],
          [
            120.59175227476553,
            22.369383619859416
          ],
          [
            120.5917829349374,
            22.36936700829603
          ],
          [
            120.59181714087131,
            22.36935977944563
          ],
          [
            120.5918521073876,
            22.36936235392538
          ],
          [
            120.59188466860336,
            22.36937449864082
          ],
          [
            120.59191187641257,
            22.369395114004366
          ],
          [
            120.59193139845519,
            22.369422597582005
          ],
          [
            120.59213,
            22.36982
          ],
          [
            120.59227,
            22.37015
          ],
          [
            120.59233,
            22.37028
          ],
          [
            120.59237,
            22.37036
          ],
          [
            120.59242,
            22.37045
          ],
          [
            120.59269,
            22.37111
          ],
          [
            120.59283,
            22.37148
          ],
          [
            120.59285,
            22.37153
          ],
          [
            120.59306,
            22.37203
          ],
          [
            120.59354,
            22.37321
          ],
          [
            120.59408,
            22.37459
          ],
          [
            120.59425,
            22.37503
          ],
          [
            120.59443,
            22.37547
          ],
          [
            120.59486,
            22.37653
          ],
          [
            120.59556,
            22.37824
          ],
          [
            120.59602,
            22.37948
          ],
          [
            120.59621,
            22.37998
          ],
          [
            120.59635285291381,
            22.38045073936788
          ],
          [
            120.59636230227596,
            22.380472632583494
          ],
          [
            120.5963764693306,
            22.380491956306713
          ],
          [
            120.59639475384206,
            22.38050800440539
          ],
          [
            120.59641630643374,
            22.380520031391743
          ],
          [
            120.59644012591573,
            22.380527478572084
          ],
          [
            120.59646510579401,
            22.38053
          ],
          [
            120.59676497822105,
            22.38053
          ],
          [
            120.59678845609686,
            22.380527775744106
          ],
          [
            120.59681097189144,
            22.380521194122444
          ],
          [
            120.5968316029478,
            22.38051052483808
          ],
          [
            120.59684950384231,
            22.38049620509916
          ],
          [
            120.59686394102832,
            22.380478821702916
          ],
          [
            120.59687441489591,
            22.380458854669595
          ],
          [
            120.59743,
            22.37906
          ],
          [
            120.59749,
            22.37894
          ],
          [
            120.59756,
            22.37879
          ],
          [
            120.59787,
            22.37831
          ],
          [
            120.59792,
            22.37825
          ],
          [
            120.5984,
            22.37773
          ],
          [
            120.59855,
            22.37757
          ],
          [
            120.59921,
            22.3769
          ],
          [
            120.59994,
            22.37614
          ],
          [
            120.60008,
            22.37598
          ],
          [
            120.60124,
            22.37477
          ],
          [
            120.60173,
            22.37426
          ],
          [
            120.60349,
            22.37234
          ],
          [
            120.60358,
            22.37224
          ],
          [
            120.60363,
            22.37219
          ],
          [
            120.60385,
            22.37197
          ],
          [
            120.60394,
            22.37188
          ],
          [
            120.60407,
            22.37174
          ],
          [
            120.60527,
            22.37049
          ],
          [
            120.60642,
            22.36935
          ],
          [
            120.60707,
            22.36865
          ],
          [
            120.60714,
            22.36858
          ],
          [
            120.60726,
            22.36842
          ],
          [
            120.60746,
            22.36814
          ],
          [
            120.60764,
            22.36782
          ],
          [
            120.60798173433403,
            22.36698051802016
          ],
          [
            120.60798782096604,
            22.366969128675517
          ],
          [
            120.60799614802524,
            22.36695922661069
          ],
          [
            120.60800643394566,
            22.36695107622237
          ],
          [
            120.60801826282035,
            22.36694500706811
          ],
          [
            120.60803115635376,
            22.36694126455162
          ],
          [
            120.60804459320107,
            22.366940000000003
          ],
          [
            120.60819,
            22.36694
          ],
          [
            120.60833,
            22.36695
          ],
          [
            120.60866,
            22.367
          ],
          [
            120.60897,
            22.36706
          ],
          [
            120.60918,
            22.3671
          ],
          [
            120.6097,
            22.36719
          ],
          [
            120.61022,
            22.3673
          ],
          [
            120.61202,
            22.36767
          ],
          [
            120.61276,
            22.3678
          ],
          [
            120.61296,
            22.36783
          ],
          [
            120.61381049933257,
            22.367880281149972
          ],
          [
            120.6138339851388,
            22.367884471223192
          ],
          [
            120.61385565580397,
            22.36789397925126
          ],
          [
            120.61387410818176,
            22.367908205762532
          ],
          [
            120.61388818377695,
            22.367926257574247
          ],
          [
            120.61389699888174,
            22.367947001339893
          ],
          [
            120.61389999999999,
            22.367969134704072
          ],
          [
            120.6139,
            22.36814
          ],
          [
            120.61384,
            22.36842
          ],
          [
            120.61384,
            22.36844
          ],
          [
            120.61361447410894,
            22.369386107121965
          ],
          [
            120.61361175485959,
            22.36941090536153
          ],
          [
            120.61361522306325,
            22.36943578359934
          ],
          [
            120.61362473077658,
            22.369459256139816
          ],
          [
            120.61363977024867,
            22.36948006945297
          ],
          [
            120.61365953830995,
            22.369497112022454
          ],
          [
            120.61368270819803,
            22.36950936674564
          ],
          [
            120.61427,
            22.36974
          ],
          [
            120.61438,
            22.36978
          ],
          [
            120.61448,
            22.36981
          ],
          [
            120.61451,
            22.36981
          ],
          [
            120.61456,
            22.36982
          ],
          [
            120.61461,
            22.36983
          ],
          [
            120.61475,
            22.36985
          ],
          [
            120.6148,
            22.36986
          ],
          [
            120.61494,
            22.36988
          ],
          [
            120.61508,
            22.3699
          ],
          [
            120.61513,
            22.36991
          ],
          [
            120.61523,
            22.36994
          ],
          [
            120.61529,
            22.36996
          ],
          [
            120.6157,
            22.37009
          ],
          [
            120.61594,
            22.37019
          ],
          [
            120.616,
            22.37022
          ],
          [
            120.61604,
            22.37023
          ],
          [
            120.61608,
            22.37025
          ],
          [
            120.61612,
            22.37027
          ],
          [
            120.61617,
            22.37028
          ],
          [
            120.61631,
            22.37031
          ],
          [
            120.61641,
            22.37034
          ],
          [
            120.61665,
            22.3704
          ],
          [
            120.61687,
            22.37045
          ],
          [
            120.61726,
            22.37055
          ],
          [
            120.61737,
            22.37058
          ],
          [
            120.61746,
            22.3706
          ],
          [
            120.61773,
            22.37069
          ],
          [
            120.61779,
            22.37071
          ],
          [
            120.61788,
            22.37074
          ],
          [
            120.61796,
            22.37076
          ],
          [
            120.61811,
            22.37082
          ],
          [
            120.61826,
            22.37085
          ],
          [
            120.61834,
            22.37086
          ],
          [
            120.61847,
            22.37082
          ],
          [
            120.61848,
            22.37082
          ],
          [
            120.61868,
            22.37076
          ],
          [
            120.61897,
            22.37066
          ],
          [
            120.61906,
            22.37063
          ],
          [
            120.61913,
            22.37061
          ],
          [
            120.61918,
            22.37059
          ],
          [
            120.61924,
            22.37057
          ],
          [
            120.61928,
            22.37055
          ],
          [
            120.61934,
            22.37052
          ],
          [
            120.6194,
            22.3705
          ],
          [
            120.61945,
            22.37048
          ],
          [
            120.61946,
            22.37048
          ],
          [
            120.61952,
            22.37045
          ],
          [
            120.61961,
            22.3704
          ],
          [
            120.61982,
            22.37037
          ],
          [
            120.61987,
            22.37036
          ],
          [
            120.61995,
            22.37036
          ],
          [
            120.62002,
            22.37035
          ],
          [
            120.6207,
            22.37028
          ],
          [
            120.62098,
            22.37026
          ],
          [
            120.62118,
            22.37024
          ],
          [
            120.62119,
            22.37024
          ],
          [
            120.62177,
            22.37017
          ],
          [
            120.62214,
            22.37012
          ],
          [
            120.62232,
            22.37009
          ],
          [
            120.62242,
            22.37008
          ],
          [
            120.62254,
            22.37007
          ],
          [
            120.62266,
            22.37006
          ],
          [
            120.62288,
            22.37005
          ],
          [
            120.6231,
            22.37005
          ],
          [
            120.62311,
            22.37004
          ],
          [
            120.62329,
            22.37004
          ],
          [
            120.6234,
            22.37005
          ],
          [
            120.62353,
            22.37007
          ],
          [
            120.62362,
            22.37009
          ],
          [
            120.62371,
            22.37011
          ],
          [
            120.62382,
            22.37014
          ],
          [
            120.62397,
            22.37018
          ],
          [
            120.624,
            22.37018
          ],
          [
            120.62403,
            22.37019
          ],
          [
            120.62406,
            22.37019
          ],
          [
            120.6241,
            22.37019
          ],
          [
            120.62433,
            22.37017
          ],
          [
            120.62455,
            22.37014
          ],
          [
            120.62478,
            22.37014
          ],
          [
            120.62483,
            22.37014
          ],
          [
            120.62487,
            22.37015
          ],
          [
            120.62491,
            22.37015
          ],
          [
            120.62494,
            22.37016
          ],
          [
            120.62499,
            22.37017
          ],
          [
            120.62505,
            22.37019
          ],
          [
            120.6254,
            22.37034
          ],
          [
            120.62561,
            22.37044
          ],
          [
            120.62572,
            22.37048
          ],
          [
            120.6258,
            22.37051
          ],
          [
            120.6259,
            22.37054
          ],
          [
            120.62602,
            22.37057
          ],
          [
            120.62609,
            22.37059
          ],
          [
            120.62618,
            22.37061
          ],
          [
            120.62628,
            22.37063
          ],
          [
            120.62636,
            22.37065
          ],
          [
            120.6265,
            22.37067
          ],
          [
            120.62665,
            22.37071
          ],
          [
            120.62686,
            22.37076
          ],
          [
            120.62722,
            22.37086
          ],
          [
            120.62729,
            22.37089
          ],
          [
            120.62732,
            22.37089
          ],
          [
            120.62735,
            22.3709
          ],
          [
            120.62738,
            22.3709
          ],
          [
            120.62741,
            22.37089
          ],
          [
            120.62744000000001,
            22.37089
          ],
          [
            120.62775,
            22.37075
          ],
          [
            120.62782,
            22.37072
          ],
          [
            120.62786,
            22.37071
          ],
          [
            120.62788,
            22.3707
          ],
          [
            120.62824630037352,
            22.37057723695763
          ],
          [
            120.62826471909014,
            22.370572562139056
          ],
          [
            120.62828344811436,
            22.370570754851002
          ],
          [
            120.62830224525682,
            22.37057177925025
          ],
          [
            120.62832062007935,
            22.370575608609087
          ],
          [
            120.62833809316253,
            22.37058214301532
          ],
          [
            120.62835452397314,
            22.370591424395865
          ],
          [
            120.62877,
            22.37087
          ],
          [
            120.6288,
            22.3709
          ],
          [
            120.62882,
            22.37093
          ],
          [
            120.62886,
            22.37097
          ],
          [
            120.62891,
            22.37105
          ],
          [
            120.62892,
            22.37106
          ]
        ]
      }
    },
    {
      "type": "Feature",
      "properties": {
        "feature_type": "route",
        "ref": "幸福春日2路",
        "name": "幸福春日2路",
        "name_en": "幸福春日2路",
        "color": "#0f766e",
        "direction": 1
      },
      "geometry": {
        "type": "LineString",
        "coordinates": [
          [
            120.62892,
            22.37105
          ],
          [
            120.62891,
            22.37105
          ],
          [
            120.62886,
            22.37097
          ],
          [
            120.62882,
            22.37093
          ],
          [
            120.62861362430534,
            22.37061888787448
          ],
          [
            120.6285988844233,
            22.37060096995019
          ],
          [
            120.62858078482284,
            22.3705864720007
          ],
          [
            120.62855989321324,
            22.3705757119975
          ],
          [
            120.62853708586643,
            22.370569141255206
          ],
          [
            120.62851331940747,
            22.370567035375235
          ],
          [
            120.62848942474372,
            22.370569516222577
          ],
          [
            120.62794,
            22.37068
          ],
          [
            120.62791,
            22.37069
          ],
          [
            120.62788,
            22.3707
          ],
          [
            120.62786,
            22.37071
          ],
          [
            120.62782,
            22.37072
          ],
          [
            120.62775,
            22.37075
          ],
          [
            120.62744000000001,
            22.37089
          ],
          [
            120.62741,
            22.37089
          ],
          [
            120.62738,
            22.3709
          ],
          [
            120.62735,
            22.3709
          ],
          [
            120.62732,
            22.37089
          ],
          [
            120.62729,
            22.37089
          ],
          [
            120.62722,
            22.37086
          ],
          [
            120.62686,
            22.37076
          ],
          [
            120.62665,
            22.37071
          ],
          [
            120.6265,
            22.37067
          ],
          [
            120.62636,
            22.37065
          ],
          [
            120.62628,
            22.37063
          ],
          [
            120.62618,
            22.37061
          ],
          [
            120.62609,
            22.37059
          ],
          [
            120.62602,
            22.37057
          ],
          [
            120.6259,
            22.37054
          ],
          [
            120.6258,
            22.37051
          ],
          [
            120.62572,
            22.37048
          ],
          [
            120.62561,
            22.37044
          ],
          [
            120.6254,
            22.37034
          ],
          [
            120.62505,
            22.37019
          ],
          [
            120.62499,
            22.37017
          ],
          [
            120.62494,
            22.37016
          ],
          [
            120.62491,
            22.37015
          ],
          [
            120.62487,
            22.37015
          ],
          [
            120.62483,
            22.37014
          ],
          [
            120.62478,
            22.37014
          ],
          [
            120.62455,
            22.37014
          ],
          [
            120.62433,
            22.37017
          ],
          [
            120.6241,
            22.37019
          ],
          [
            120.62406,
            22.37019
          ],
          [
            120.62403,
            22.37019
          ],
          [
            120.624,
            22.37018
          ],
          [
            120.62397,
            22.37018
          ],
          [
            120.62382,
            22.37014
          ],
          [
            120.62371,
            22.37011
          ],
          [
            120.62362,
            22.37009
          ],
          [
            120.62353,
            22.37007
          ],
          [
            120.6234,
            22.37005
          ],
          [
            120.62329,
            22.37004
          ],
          [
            120.62311,
            22.37004
          ],
          [
            120.6231,
            22.37005
          ],
          [
            120.62288,
            22.37005
          ],
          [
            120.62266,
            22.37006
          ],
          [
            120.62254,
            22.37007
          ],
          [
            120.62242,
            22.37008
          ],
          [
            120.62232,
            22.37009
          ],
          [
            120.62214,
            22.37012
          ],
          [
            120.62177,
            22.37017
          ],
          [
            120.62119,
            22.37024
          ],
          [
            120.62118,
            22.37024
          ],
          [
            120.62098,
            22.37026
          ],
          [
            120.6207,
            22.37028
          ],
          [
            120.62002,
            22.37035
          ],
          [
            120.61995,
            22.37036
          ],
          [
            120.61987,
            22.37036
          ],
          [
            120.61982,
            22.37037
          ],
          [
            120.61961,
            22.3704
          ],
          [
            120.61952,
            22.37045
          ],
          [
            120.61946,
            22.37048
          ],
          [
            120.61945,
            22.37048
          ],
          [
            120.6194,
            22.3705
          ],
          [
            120.61934,
            22.37052
          ],
          [
            120.61928,
            22.37055
          ],
          [
            120.61924,
            22.37057
          ],
          [
            120.61918,
            22.37059
          ],
          [
            120.61913,
            22.37061
          ],
          [
            120.61906,
            22.37063
          ],
          [
            120.61897,
            22.37066
          ],
          [
            120.61868,
            22.37076
          ],
          [
            120.61848,
            22.37082
          ],
          [
            120.61847,
            22.37082
          ],
          [
            120.61834,
            22.37086
          ],
          [
            120.61826,
            22.37085
          ],
          [
            120.61811,
            22.37082
          ],
          [
            120.61796,
            22.37076
          ],
          [
            120.61788,
            22.37074
          ],
          [
            120.61779,
            22.37071
          ],
          [
            120.61773,
            22.37069
          ],
          [
            120.61746,
            22.3706
          ],
          [
            120.61737,
            22.37058
          ],
          [
            120.61726,
            22.37055
          ],
          [
            120.61687,
            22.37045
          ],
          [
            120.61665,
            22.3704
          ],
          [
            120.61641,
            22.37034
          ],
          [
            120.61631,
            22.37031
          ],
          [
            120.61617,
            22.37028
          ],
          [
            120.61612,
            22.37027
          ],
          [
            120.61608,
            22.37025
          ],
          [
            120.61604,
            22.37023
          ],
          [
            120.616,
            22.37022
          ],
          [
            120.61594,
            22.37019
          ],
          [
            120.6157,
            22.37009
          ],
          [
            120.61529,
            22.36996
          ],
          [
            120.61523,
            22.36994
          ],
          [
            120.61513,
            22.36991
          ],
          [
            120.61508,
            22.3699
          ],
          [
            120.61494,
            22.36988
          ],
          [
            120.6148,
            22.36986
          ],
          [
            120.61475,
            22.36985
          ],
          [
            120.61461,
            22.36983
          ],
          [
            120.61456,
            22.36982
          ],
          [
            120.61451,
            22.36981
          ],
          [
            120.61448,
            22.36981
          ],
          [
            120.61438,
            22.36978
          ],
          [
            120.61367183964734,
            22.36952116482628
          ],
          [
            120.61364741167807,
            22.369508850170224
          ],
          [
            120.61362662243955,
            22.369491306209003
          ],
          [
            120.61361093630285,
            22.369469644664207
          ],
          [
            120.61360126186409,
            22.36944512024854
          ],
          [
            120.61359815950071,
            22.369419153502253
          ],
          [
            120.61360176015523,
            22.36939342592774
          ],
          [
            120.61368,
            22.36911
          ],
          [
            120.61392706783789,
            22.368073141550823
          ],
          [
            120.61392966803497,
            22.36804473231532
          ],
          [
            120.61392418302475,
            22.368016519343417
          ],
          [
            120.61391095814247,
            22.36799062768991
          ],
          [
            120.61389091590458,
            22.367968863456078
          ],
          [
            120.61386545437979,
            22.367952744830394
          ],
          [
            120.6138365063436,
            22.367943425806136
          ],
          [
            120.61334,
            22.36785
          ],
          [
            120.61313,
            22.36784
          ],
          [
            120.61296,
            22.36783
          ],
          [
            120.61276,
            22.3678
          ],
          [
            120.61202,
            22.36767
          ],
          [
            120.61022,
            22.3673
          ],
          [
            120.6097,
            22.36719
          ],
          [
            120.60918,
            22.3671
          ],
          [
            120.60897,
            22.36706
          ],
          [
            120.60813094990458,
            22.366896991519557
          ],
          [
            120.60809964350483,
            22.366894882025452
          ],
          [
            120.60806902323233,
            22.366900578267856
          ],
          [
            120.60804112523383,
            22.366913640076863
          ],
          [
            120.60801795135367,
            22.366933130191388
          ],
          [
            120.60800116445316,
            22.36695765008185
          ],
          [
            120.60799194764091,
            22.36698556162913
          ],
          [
            120.60795,
            22.36722
          ],
          [
            120.60791,
            22.36739
          ],
          [
            120.60782,
            22.36766
          ],
          [
            120.60775,
            22.36786
          ],
          [
            120.60756,
            22.36821
          ],
          [
            120.60756,
            22.36822
          ],
          [
            120.60747,
            22.36835
          ],
          [
            120.60733,
            22.36852
          ],
          [
            120.60714,
            22.36873
          ],
          [
            120.60652,
            22.36943
          ],
          [
            120.60539,
            22.37053
          ],
          [
            120.60423,
            22.37175
          ],
          [
            120.6041,
            22.37188
          ],
          [
            120.60399,
            22.37199
          ],
          [
            120.60374,
            22.37224
          ],
          [
            120.6036,
            22.3724
          ],
          [
            120.60271,
            22.37336
          ],
          [
            120.60183,
            22.37432
          ],
          [
            120.60137,
            22.37478
          ],
          [
            120.60031,
            22.37588
          ],
          [
            120.60015,
            22.37605
          ],
          [
            120.59924,
            22.37702
          ],
          [
            120.59846,
            22.37779
          ],
          [
            120.59801,
            22.3783
          ],
          [
            120.59796,
            22.37837
          ],
          [
            120.59761,
            22.37891
          ],
          [
            120.5976,
            22.37893
          ],
          [
            120.59753,
            22.37907
          ],
          [
            120.59747,
            22.37921
          ],
          [
            120.59693,
            22.38058
          ],
          [
            120.59652,
            22.38155
          ],
          [
            120.59645,
            22.38143
          ],
          [
            120.59641,
            22.38135
          ],
          [
            120.59639,
            22.38131
          ],
          [
            120.59638,
            22.38124
          ],
          [
            120.59637,
            22.38092
          ],
          [
            120.59636,
            22.38069
          ],
          [
            120.59634,
            22.38053
          ],
          [
            120.59632,
            22.38036
          ],
          [
            120.59628,
            22.38021
          ],
          [
            120.59621,
            22.37998
          ],
          [
            120.59602,
            22.37948
          ],
          [
            120.59556,
            22.37824
          ],
          [
            120.59486,
            22.37653
          ],
          [
            120.59443,
            22.37547
          ],
          [
            120.59425,
            22.37503
          ],
          [
            120.59408,
            22.37459
          ],
          [
            120.59354,
            22.37321
          ],
          [
            120.59306,
            22.37203
          ],
          [
            120.59285,
            22.37153
          ],
          [
            120.59283,
            22.37148
          ],
          [
            120.59269,
            22.37111
          ],
          [
            120.59242,
            22.37045
          ],
          [
            120.59237,
            22.37036
          ],
          [
            120.59233,
            22.37028
          ],
          [
            120.59227,
            22.37015
          ],
          [
            120.59196213802242,
            22.369422115410035
          ],
          [
            120.59194398961027,
            22.369393112056066
          ],
          [
            120.59191742747836,
            22.36937080055027
          ],
          [
            120.59188485120052,
            22.3693570403429
          ],
          [
            120.5918493282805,
            22.369353127146407
          ],
          [
            120.59181420368897,
            22.36935942944196
          ],
          [
            120.59178247087677,
            22.3693755781494
          ],
          [
            120.59141,
            22.36964
          ],
          [
            120.59094,
            22.36999
          ],
          [
            120.5903,
            22.3705
          ],
          [
            120.59094,
            22.36999
          ],
          [
            120.59181969880778,
            22.36933282689844
          ],
          [
            120.59182606906654,
            22.369326462081933
          ],
          [
            120.59183032363676,
            22.369318597604803
          ],
          [
            120.59183202961512,
            22.369309935921358
          ],
          [
            120.59183104909674,
            22.369301177209717
          ],
          [
            120.59182746134304,
            22.369293029491388
          ],
          [
            120.59182164134292,
            22.369286225922007
          ],
          [
            120.59178,
            22.36925
          ],
          [
            120.59169,
            22.36916
          ],
          [
            120.59157,
            22.36903
          ],
          [
            120.59154,
            22.36899
          ],
          [
            120.5915,
            22.36891
          ],
          [
            120.59145,
            22.3688
          ],
          [
            120.5914,
            22.36865
          ],
          [
            120.59115509655827,
            22.367995342260805
          ],
          [
            120.59114990661531,
            22.367975458088885
          ],
          [
            120.5911488272829,
            22.367954784044894
          ],
          [
            120.59115198101055,
            22.367934295014106
          ],
          [
            120.59115925314758,
            22.367914735855614
          ],
          [
            120.5911703793224,
            22.367896817623887
          ],
          [
            120.59118465882842,
            22.3678814548495
          ],
          [
            120.592,
            22.36716
          ],
          [
            120.59206,
            22.36711
          ],
          [
            120.59227,
            22.36696
          ],
          [
            120.59262,
            22.36667
          ],
          [
            120.59280993505863,
            22.36651129682424
          ],
          [
            120.59283261730585,
            22.366496324319648
          ],
          [
            120.59285806755564,
            22.366486877459966
          ],
          [
            120.59288518248007,
            22.36648322364645
          ],
          [
            120.59291246421145,
            22.366485564721067
          ],
          [
            120.59293840566741,
            22.36649377135945
          ],
          [
            120.59296188506137,
            22.366507625933075
          ],
          [
            120.59335,
            22.3668
          ],
          [
            120.59361,
            22.36699
          ],
          [
            120.59395,
            22.3672
          ],
          [
            120.59414,
            22.36733
          ],
          [
            120.5949809820106,
            22.367854935930815
          ],
          [
            120.59498766301954,
            22.36786031771031
          ],
          [
            120.59499284697102,
            22.3678671162411
          ],
          [
            120.59499613190992,
            22.36787487306141
          ],
          [
            120.59499732667582,
            22.367883136778598
          ],
          [
            120.5949963617417,
            22.36789142650219
          ],
          [
            120.59499334086442,
            22.367899172389734
          ],
          [
            120.59496,
            22.36796
          ],
          [
            120.59499334076686,
            22.367899172598385
          ],
          [
            120.59499636161702,
            22.367891426757566
          ],
          [
            120.59499732654854,
            22.36788313708795
          ],
          [
            120.59499613179803,
            22.367874873423244
          ],
          [
            120.59499284689133,
            22.367867116649073
          ],
          [
            120.59498766298628,
            22.3678603181537
          ],
          [
            120.5949809820366,
            22.367854936391534
          ],
          [
            120.59424727766753,
            22.367397213716693
          ],
          [
            120.59422429889489,
            22.367378285737963
          ],
          [
            120.59420725364491,
            22.36735411229187
          ],
          [
            120.59419766648035,
            22.367326605487808
          ],
          [
            120.5941962177787,
            22.367297717416108
          ],
          [
            120.59420301035078,
            22.36726949819225
          ],
          [
            120.59421733706819,
            22.367244244231713
          ],
          [
            120.59469,
            22.36663
          ],
          [
            120.59517,
            22.36598
          ],
          [
            120.59583,
            22.36515
          ],
          [
            120.59604,
            22.36489
          ],
          [
            120.59631,
            22.36462
          ],
          [
            120.59647,
            22.36449
          ],
          [
            120.59725177074375,
            22.363907164940258
          ],
          [
            120.59726996857086,
            22.36389594029012
          ],
          [
            120.59728971262997,
            22.36388818412457
          ],
          [
            120.59731064759765,
            22.363883925037914
          ],
          [
            120.59733206597163,
            22.363883306967015
          ],
          [
            120.59735324391285,
            22.363886350799717
          ],
          [
            120.5973737482069,
            22.363893074547732
          ],
          [
            120.59793,
            22.36413
          ],
          [
            120.59829,
            22.36429
          ],
          [
            120.59862,
            22.36436
          ],
          [
            120.59866,
            22.36436
          ],
          [
            120.59889,
            22.36444
          ],
          [
            120.59913,
            22.36454
          ],
          [
            120.59975,
            22.36487
          ],
          [
            120.59981,
            22.36491
          ],
          [
            120.59987,
            22.36495
          ],
          [
            120.59995,
            22.36498
          ],
          [
            120.60045,
            22.36532
          ],
          [
            120.60086,
            22.36547
          ],
          [
            120.60101,
            22.36555
          ],
          [
            120.60149,
            22.36584
          ],
          [
            120.60181,
            22.36604
          ],
          [
            120.60196,
            22.36613
          ],
          [
            120.60209,
            22.36622
          ],
          [
            120.60218,
            22.36629
          ],
          [
            120.60267,
            22.36662
          ],
          [
            120.60296,
            22.36679
          ],
          [
            120.60302,
            22.36682
          ],
          [
            120.60305,
            22.36683
          ],
          [
            120.60305,
            22.36684
          ],
          [
            120.60316,
            22.36687
          ],
          [
            120.60327,
            22.3669
          ],
          [
            120.60346,
            22.36692
          ],
          [
            120.60442,
            22.36688
          ],
          [
            120.60541,
            22.36685
          ],
          [
            120.60641,
            22.36681
          ],
          [
            120.6067,
            22.36681
          ],
          [
            120.60733,
            22.36688
          ],
          [
            120.60768,
            22.36692
          ],
          [
            120.60778,
            22.36693
          ],
          [
            120.60788,
            22.36693
          ],
          [
            120.608,
            22.36694
          ],
          [
            120.60819,
            22.36694
          ],
          [
            120.60833,
            22.36695
          ],
          [
            120.60866,
            22.367
          ],
          [
            120.60897,
            22.36706
          ],
          [
            120.60918,
            22.3671
          ],
          [
            120.6097,
            22.36719
          ],
          [
            120.61022,
            22.3673
          ],
          [
            120.61202,
            22.36767
          ],
          [
            120.61276,
            22.3678
          ],
          [
            120.61296,
            22.36783
          ],
          [
            120.61381049933257,
            22.367880281149972
          ],
          [
            120.6138339851388,
            22.367884471223192
          ],
          [
            120.61385565580397,
            22.36789397925126
          ],
          [
            120.61387410818176,
            22.367908205762532
          ],
          [
            120.61388818377695,
            22.367926257574247
          ],
          [
            120.61389699888174,
            22.367947001339893
          ],
          [
            120.61389999999999,
            22.367969134704072
          ],
          [
            120.6139,
            22.36814
          ],
          [
            120.61384,
            22.36842
          ],
          [
            120.61384,
            22.36844
          ],
          [
            120.61361447410894,
            22.369386107121965
          ],
          [
            120.61361175485959,
            22.36941090536153
          ],
          [
            120.61361522306325,
            22.36943578359934
          ],
          [
            120.61362473077658,
            22.369459256139816
          ],
          [
            120.61363977024867,
            22.36948006945297
          ],
          [
            120.61365953830995,
            22.369497112022454
          ],
          [
            120.61368270819803,
            22.36950936674564
          ],
          [
            120.61427,
            22.36974
          ],
          [
            120.61438,
            22.36978
          ],
          [
            120.61448,
            22.36981
          ],
          [
            120.61451,
            22.36981
          ],
          [
            120.61456,
            22.36982
          ],
          [
            120.61461,
            22.36983
          ],
          [
            120.61475,
            22.36985
          ],
          [
            120.6148,
            22.36986
          ],
          [
            120.61494,
            22.36988
          ],
          [
            120.61508,
            22.3699
          ],
          [
            120.61513,
            22.36991
          ],
          [
            120.61523,
            22.36994
          ],
          [
            120.61529,
            22.36996
          ],
          [
            120.6157,
            22.37009
          ],
          [
            120.61594,
            22.37019
          ],
          [
            120.616,
            22.37022
          ],
          [
            120.61604,
            22.37023
          ],
          [
            120.61608,
            22.37025
          ],
          [
            120.61612,
            22.37027
          ],
          [
            120.61617,
            22.37028
          ],
          [
            120.61631,
            22.37031
          ],
          [
            120.61641,
            22.37034
          ],
          [
            120.61665,
            22.3704
          ],
          [
            120.61687,
            22.37045
          ],
          [
            120.61726,
            22.37055
          ],
          [
            120.61737,
            22.37058
          ],
          [
            120.61746,
            22.3706
          ],
          [
            120.61773,
            22.37069
          ],
          [
            120.61779,
            22.37071
          ],
          [
            120.61788,
            22.37074
          ],
          [
            120.61796,
            22.37076
          ],
          [
            120.61811,
            22.37082
          ],
          [
            120.61826,
            22.37085
          ],
          [
            120.61834,
            22.37086
          ],
          [
            120.61847,
            22.37082
          ],
          [
            120.61848,
            22.37082
          ],
          [
            120.61868,
            22.37076
          ],
          [
            120.61897,
            22.37066
          ],
          [
            120.61906,
            22.37063
          ],
          [
            120.61913,
            22.37061
          ],
          [
            120.61918,
            22.37059
          ],
          [
            120.61924,
            22.37057
          ],
          [
            120.61928,
            22.37055
          ],
          [
            120.61934,
            22.37052
          ],
          [
            120.6194,
            22.3705
          ],
          [
            120.61945,
            22.37048
          ],
          [
            120.61946,
            22.37048
          ],
          [
            120.61952,
            22.37045
          ],
          [
            120.61961,
            22.3704
          ],
          [
            120.61982,
            22.37037
          ],
          [
            120.61987,
            22.37036
          ],
          [
            120.61995,
            22.37036
          ],
          [
            120.62002,
            22.37035
          ],
          [
            120.6207,
            22.37028
          ],
          [
            120.62098,
            22.37026
          ],
          [
            120.62118,
            22.37024
          ],
          [
            120.62119,
            22.37024
          ],
          [
            120.62177,
            22.37017
          ],
          [
            120.62214,
            22.37012
          ],
          [
            120.62232,
            22.37009
          ],
          [
            120.62242,
            22.37008
          ],
          [
            120.62254,
            22.37007
          ],
          [
            120.62266,
            22.37006
          ],
          [
            120.62288,
            22.37005
          ],
          [
            120.6231,
            22.37005
          ],
          [
            120.62311,
            22.37004
          ],
          [
            120.62329,
            22.37004
          ],
          [
            120.6234,
            22.37005
          ],
          [
            120.62353,
            22.37007
          ],
          [
            120.62362,
            22.37009
          ],
          [
            120.62371,
            22.37011
          ],
          [
            120.62382,
            22.37014
          ],
          [
            120.62397,
            22.37018
          ],
          [
            120.624,
            22.37018
          ],
          [
            120.62403,
            22.37019
          ],
          [
            120.62406,
            22.37019
          ],
          [
            120.6241,
            22.37019
          ],
          [
            120.62433,
            22.37017
          ],
          [
            120.62455,
            22.37014
          ],
          [
            120.62478,
            22.37014
          ],
          [
            120.62483,
            22.37014
          ],
          [
            120.62502907515861,
            22.370190026189228
          ],
          [
            120.62503408789132,
            22.370190884177607
          ],
          [
            120.62503913009832,
            22.37019095567091
          ],
          [
            120.62504411594033,
            22.370190251884882
          ],
          [
            120.62504890891249,
            22.370188792088122
          ],
          [
            120.62505337779031,
            22.37018661624771
          ],
          [
            120.62505747947306,
            22.370183717629093
          ],
          [
            120.62511,
            22.37014
          ],
          [
            120.62514,
            22.37012
          ],
          [
            120.62517,
            22.3701
          ],
          [
            120.62524,
            22.37006
          ],
          [
            120.62542,
            22.36998
          ],
          [
            120.62559,
            22.36988
          ],
          [
            120.62577,
            22.36978
          ],
          [
            120.62642825544344,
            22.369466804061137
          ],
          [
            120.62644745231836,
            22.369455251685093
          ],
          [
            120.62646407438945,
            22.369440196047396
          ],
          [
            120.62647716775788,
            22.36942237438019
          ],
          [
            120.62648621435474,
            22.36940249183829
          ],
          [
            120.62649085623084,
            22.369381335119705
          ],
          [
            120.6264909174326,
            22.369359814547835
          ],
          [
            120.62641599646284,
            22.36864498154094
          ],
          [
            120.62641207441563,
            22.368627145413633
          ],
          [
            120.62640426260856,
            22.368610519390153
          ],
          [
            120.62639289864129,
            22.368595776616143
          ],
          [
            120.6263784824751,
            22.368583565704558
          ],
          [
            120.62636164835376,
            22.368574423878286
          ],
          [
            120.62634326907059,
            22.368568780006964
          ],
          [
            120.62615,
            22.36853
          ],
          [
            120.62614,
            22.36852
          ],
          [
            120.62613,
            22.36851
          ],
          [
            120.62611,
            22.3685
          ],
          [
            120.62611,
            22.36849
          ],
          [
            120.6261,
            22.36847
          ],
          [
            120.62609,
            22.36846
          ],
          [
            120.62609,
            22.36845
          ],
          [
            120.62609,
            22.36843
          ],
          [
            120.62609,
            22.36842
          ],
          [
            120.6261,
            22.3684
          ],
          [
            120.62611,
            22.36839
          ],
          [
            120.62612,
            22.36838
          ],
          [
            120.62612,
            22.36837
          ],
          [
            120.62613,
            22.36837
          ],
          [
            120.62615,
            22.36836
          ],
          [
            120.62617,
            22.36835
          ],
          [
            120.62628098004639,
            22.36830593835923
          ],
          [
            120.62631499866092,
            22.368284464933865
          ],
          [
            120.62633847579995,
            22.368252733450674
          ],
          [
            120.6263479187133,
            22.36821521571812
          ],
          [
            120.62634202820324,
            22.36817707359133
          ],
          [
            120.62632161471217,
            22.36814355483232
          ],
          [
            120.62628977573306,
            22.36811941692775
          ],
          [
            120.6260380489533,
            22.36799367451566
          ],
          [
            120.62601650615808,
            22.36797961386045
          ],
          [
            120.62599869829366,
            22.36796115203819
          ],
          [
            120.62598585790464,
            22.367939406253317
          ],
          [
            120.62597865602838,
            22.36791551293823
          ],
          [
            120.62597746903415,
            22.367890720755053
          ],
          [
            120.62598229130877,
            22.367866530183477
          ],
          [
            120.62618,
            22.36727
          ],
          [
            120.6262,
            22.36719
          ],
          [
            120.62622,
            22.36715
          ],
          [
            120.62623,
            22.3671
          ],
          [
            120.62623,
            22.36705
          ],
          [
            120.62622,
            22.36696
          ],
          [
            120.62622,
            22.36695
          ],
          [
            120.62621,
            22.36689
          ],
          [
            120.62618,
            22.36679
          ],
          [
            120.62613,
            22.3666
          ],
          [
            120.62609,
            22.36646
          ],
          [
            120.62608,
            22.36643
          ],
          [
            120.62608,
            22.36641
          ],
          [
            120.62608,
            22.36636
          ],
          [
            120.62608,
            22.36631
          ],
          [
            120.62609,
            22.36626
          ],
          [
            120.62614,
            22.36612
          ],
          [
            120.62621,
            22.3659
          ],
          [
            120.62627,
            22.36573
          ],
          [
            120.6263,
            22.36565
          ],
          [
            120.62633,
            22.36556
          ],
          [
            120.6264877783496,
            22.365111287025655
          ],
          [
            120.62649235647868,
            22.36509279328205
          ],
          [
            120.62649339732039,
            22.365073614833157
          ],
          [
            120.626490793416,
            22.365054565639674
          ],
          [
            120.62648462624274,
            22.36503624175892
          ],
          [
            120.62647508877413,
            22.365019216552852
          ],
          [
            120.62646275632507,
            22.36500430241484
          ],
          [
            120.62612238072643,
            22.36466208347313
          ],
          [
            120.62611716355042,
            22.364655798304412
          ],
          [
            120.62611310207316,
            22.364648628091494
          ],
          [
            120.62611043831039,
            22.364640910265123
          ],
          [
            120.62610925309642,
            22.364632879029635
          ],
          [
            120.62610958239758,
            22.364624778100076
          ],
          [
            120.62611138717126,
            22.364616941208958
          ],
          [
            120.62619,
            22.36438
          ],
          [
            120.6262,
            22.36433
          ],
          [
            120.62621,
            22.36427
          ],
          [
            120.62622,
            22.36418
          ],
          [
            120.62622,
            22.36393
          ],
          [
            120.6262,
            22.36351
          ],
          [
            120.62619,
            22.36346
          ],
          [
            120.62618,
            22.36343
          ],
          [
            120.62617,
            22.36339
          ],
          [
            120.62615,
            22.36333
          ],
          [
            120.62613,
            22.36329
          ],
          [
            120.6261,
            22.36323
          ],
          [
            120.62609,
            22.36322
          ],
          [
            120.62608,
            22.3632
          ],
          [
            120.62607,
            22.36316
          ],
          [
            120.62599,
            22.36294
          ],
          [
            120.62594,
            22.36285
          ],
          [
            120.6259,
            22.36277
          ],
          [
            120.62584,
            22.36269
          ],
          [
            120.62545994898498,
            22.36219907289969
          ],
          [
            120.62544604206091,
            22.362174623676633
          ],
          [
            120.62543952734279,
            22.36214727791095
          ],
          [
            120.62544109516259,
            22.36211930522597
          ],
          [
            120.6254506315099,
            22.362092739769547
          ],
          [
            120.62546744291036,
            22.36206951335715
          ],
          [
            120.62549000659537,
            22.3620514956026
          ],
          [
            120.62566,
            22.36195
          ],
          [
            120.62575,
            22.3619
          ],
          [
            120.6258,
            22.36186
          ],
          [
            120.62582,
            22.36185
          ],
          [
            120.62585,
            22.36183
          ],
          [
            120.62588,
            22.3618
          ],
          [
            120.62591,
            22.36176
          ],
          [
            120.62595,
            22.36171
          ],
          [
            120.62597,
            22.36168
          ],
          [
            120.626,
            22.36162
          ],
          [
            120.62624,
            22.36111
          ],
          [
            120.6263,
            22.36097
          ],
          [
            120.62633,
            22.36091
          ],
          [
            120.62636,
            22.36086
          ],
          [
            120.62638,
            22.36083
          ],
          [
            120.62639,
            22.36081
          ],
          [
            120.62642,
            22.36078
          ],
          [
            120.62646,
            22.36073
          ],
          [
            120.62648,
            22.36071
          ],
          [
            120.62652,
            22.36067
          ],
          [
            120.62654,
            22.36065
          ],
          [
            120.62656,
            22.36064
          ],
          [
            120.62658,
            22.36062
          ],
          [
            120.6266,
            22.36061
          ],
          [
            120.6271838849429,
            22.360414267900214
          ],
          [
            120.6272072200899,
            22.360403499408232
          ],
          [
            120.62722758883623,
            22.360387999862493
          ],
          [
            120.62724370749577,
            22.36036864151916
          ],
          [
            120.62725475528161,
            22.3603464101348
          ],
          [
            120.62726016962354,
            22.360322437765635
          ],
          [
            120.62725968883633,
            22.360298043427044
          ],
          [
            120.62715081251014,
            22.359532796984627
          ],
          [
            120.62715072116626,
            22.35950558326956
          ],
          [
            120.62715804543615,
            22.359479138325536
          ],
          [
            120.62717232153598,
            22.359455282820647
          ],
          [
            120.62719261877606,
            22.35943557194664
          ],
          [
            120.62721761393561,
            22.359421290697842
          ],
          [
            120.62724554713716,
            22.359413390535245
          ],
          [
            120.62746,
            22.35938
          ],
          [
            120.62753,
            22.35937
          ],
          [
            120.62756,
            22.35936
          ],
          [
            120.62758,
            22.35935
          ],
          [
            120.62761,
            22.35934
          ],
          [
            120.62763,
            22.35932
          ],
          [
            120.62766,
            22.3593
          ],
          [
            120.62768,
            22.35928
          ],
          [
            120.62785245672917,
            22.358991255758596
          ],
          [
            120.62786490393769,
            22.35897427061833
          ],
          [
            120.62788029891321,
            22.358959981936678
          ],
          [
            120.62789827452792,
            22.358948603535676
          ],
          [
            120.62791820579044,
            22.358940531029187
          ],
          [
            120.6279393997138,
            22.35893604508894
          ],
          [
            120.62796116581431,
            22.35893530414743
          ],
          [
            120.62870861170506,
            22.358974818033765
          ],
          [
            120.62872720606113,
            22.358973523700563
          ],
          [
            120.62874477140237,
            22.35896777550357
          ],
          [
            120.62876012719556,
            22.35895797053544
          ],
          [
            120.62877221665823,
            22.35894478357201
          ],
          [
            120.62878020779613,
            22.358929122137326
          ],
          [
            120.6287835518829,
            22.358912041427324
          ],
          [
            120.62879534450134,
            22.35868814718509
          ],
          [
            120.6288009000934,
            22.35865989492835
          ],
          [
            120.6288141948893,
            22.358634019496755
          ],
          [
            120.62883430253552,
            22.358612290575927
          ],
          [
            120.62885981905475,
            22.35859622534557
          ],
          [
            120.62888896280553,
            22.358586945529204
          ],
          [
            120.6289197545825,
            22.35858510262875
          ],
          [
            120.62940545144279,
            22.358615867883255
          ],
          [
            120.6294371724002,
            22.3586138490974
          ],
          [
            120.62946707790334,
            22.358603945950478
          ],
          [
            120.62949300621302,
            22.358586896298814
          ],
          [
            120.62951303478073,
            22.358563964350633
          ],
          [
            120.62952567851565,
            22.358536850478384
          ],
          [
            120.62953,
            22.358507565138428
          ],
          [
            120.62952999999999,
            22.357824582716532
          ],
          [
            120.62953121637709,
            22.357814865422473
          ],
          [
            120.6295348002647,
            22.357805669342184
          ],
          [
            120.6295405594311,
            22.357797487732718
          ],
          [
            120.62954818496762,
            22.357790759437183
          ],
          [
            120.62955726785762,
            22.357785845346204
          ],
          [
            120.62956726601978,
            22.357783018273746
          ],
          [
            120.63054,
            22.35762
          ],
          [
            120.63064,
            22.35761
          ],
          [
            120.63074,
            22.35759
          ],
          [
            120.63084,
            22.35757
          ],
          [
            120.63104,
            22.35753
          ],
          [
            120.63134,
            22.35747
          ],
          [
            120.63163,
            22.35741
          ],
          [
            120.63172,
            22.35739
          ],
          [
            120.6318,
            22.35738
          ],
          [
            120.63188,
            22.35737
          ],
          [
            120.63196,
            22.35737
          ],
          [
            120.63208,
            22.35737
          ],
          [
            120.63216,
            22.35737
          ],
          [
            120.63222,
            22.35737
          ],
          [
            120.63229,
            22.35737
          ],
          [
            120.63237,
            22.35736
          ],
          [
            120.63255,
            22.35733
          ],
          [
            120.6328,
            22.35729
          ],
          [
            120.63306,
            22.35724
          ],
          [
            120.63336,
            22.35716
          ],
          [
            120.63346,
            22.35714
          ],
          [
            120.63354,
            22.35712
          ],
          [
            120.63364,
            22.3571
          ],
          [
            120.63373,
            22.35709
          ],
          [
            120.63383,
            22.35708
          ],
          [
            120.63397,
            22.35708
          ],
          [
            120.63422,
            22.35707
          ],
          [
            120.63432,
            22.35706
          ],
          [
            120.63439,
            22.35706
          ],
          [
            120.63518504809745,
            22.356860192199058
          ],
          [
            120.63521010274383,
            22.35685712403366
          ],
          [
            120.63523496897196,
            22.356860340541672
          ],
          [
            120.63525803451051,
            22.356869571674466
          ],
          [
            120.63527765442855,
            22.35688415910898
          ],
          [
            120.6352924295214,
            22.356903062534723
          ],
          [
            120.63530133856302,
            22.356925065242812
          ],
          [
            120.63548803074325,
            22.357675645917034
          ],
          [
            120.63549742073435,
            22.35769755780378
          ],
          [
            120.63551340573623,
            22.357715708952618
          ],
          [
            120.63553452505553,
            22.35772852364214
          ],
          [
            120.63555881110699,
            22.357734807989488
          ],
          [
            120.63558400127626,
            22.357733976512296
          ],
          [
            120.63560796257916,
            22.357725998800735
          ],
          [
            120.63572,
            22.35767
          ],
          [
            120.63625,
            22.35749
          ],
          [
            120.63632,
            22.35747
          ],
          [
            120.63637,
            22.35746
          ],
          [
            120.63643,
            22.35745
          ],
          [
            120.6365,
            22.35744
          ],
          [
            120.6366,
            22.35744
          ],
          [
            120.63662,
            22.35743
          ],
          [
            120.63677,
            22.35743
          ],
          [
            120.63681,
            22.35743
          ],
          [
            120.63683,
            22.35743
          ],
          [
            120.63689,
            22.35742
          ],
          [
            120.63709,
            22.35739
          ],
          [
            120.63741,
            22.35734
          ],
          [
            120.63761,
            22.35731
          ],
          [
            120.63778,
            22.35729
          ],
          [
            120.63785,
            22.35728
          ],
          [
            120.63792,
            22.35726
          ],
          [
            120.63798,
            22.35725
          ],
          [
            120.63804,
            22.35723
          ],
          [
            120.63811,
            22.3572
          ],
          [
            120.63819,
            22.35717
          ],
          [
            120.63867,
            22.35696
          ],
          [
            120.63876,
            22.35692
          ],
          [
            120.63885,
            22.35688
          ],
          [
            120.63902,
            22.3568
          ],
          [
            120.63918,
            22.35672
          ],
          [
            120.63927,
            22.35667
          ],
          [
            120.63934,
            22.35664
          ],
          [
            120.63937,
            22.35663
          ],
          [
            120.63994573383107,
            22.356485219444664
          ],
          [
            120.63996251004235,
            22.356479342368342
          ],
          [
            120.63997794511954,
            22.356470551369153
          ],
          [
            120.63999132022722,
            22.356459204023285
          ],
          [
            120.64000215414507,
            22.356445708594624
          ],
          [
            120.64001005708171,
            22.35643055063253
          ],
          [
            120.64001476292046,
            22.35641417481467
          ],
          [
            120.64005,
            22.35622
          ],
          [
            120.64006,
            22.35618
          ],
          [
            120.64005999999999,
            22.355557658530394
          ],
          [
            120.64006224170437,
            22.35553728274401
          ],
          [
            120.64006887364845,
            22.35551775381082
          ],
          [
            120.640079620197,
            22.35549988338731
          ],
          [
            120.6400940347048,
            22.355484414199427
          ],
          [
            120.64011151807975,
            22.355471989173576
          ],
          [
            120.64013111575034,
            22.35546320137522
          ],
          [
            120.64035,
            22.35539
          ],
          [
            120.6404,
            22.35537
          ],
          [
            120.64046,
            22.35536
          ],
          [
            120.64048,
            22.35536
          ],
          [
            120.64052,
            22.35535
          ],
          [
            120.64058,
            22.35535
          ],
          [
            120.64067,
            22.35535
          ],
          [
            120.64071,
            22.35535
          ],
          [
            120.64073,
            22.35535
          ],
          [
            120.6409,
            22.35536
          ],
          [
            120.64091,
            22.35536
          ],
          [
            120.64114,
            22.35539
          ],
          [
            120.64133,
            22.35541
          ],
          [
            120.64145,
            22.35543
          ],
          [
            120.64148,
            22.35543
          ],
          [
            120.64161,
            22.35546
          ],
          [
            120.64167,
            22.35547
          ],
          [
            120.64186,
            22.35552
          ],
          [
            120.64196,
            22.35554
          ],
          [
            120.64205,
            22.35556
          ],
          [
            120.64224,
            22.3556
          ],
          [
            120.64236,
            22.35563
          ],
          [
            120.64241,
            22.35564
          ],
          [
            120.64246,
            22.35565
          ],
          [
            120.64257,
            22.35568
          ],
          [
            120.64332,
            22.35582
          ],
          [
            120.64346,
            22.35585
          ],
          [
            120.64355,
            22.35587
          ],
          [
            120.6436,
            22.35588
          ],
          [
            120.64363,
            22.35589
          ],
          [
            120.64369,
            22.35592
          ],
          [
            120.6438,
            22.35596
          ],
          [
            120.64396,
            22.35603
          ],
          [
            120.64414,
            22.35612
          ],
          [
            120.64478033720616,
            22.356548885148083
          ],
          [
            120.64480962964748,
            22.356562825131935
          ],
          [
            120.64484173625206,
            22.356567774497087
          ],
          [
            120.64487394909396,
            22.356563465328655
          ],
          [
            120.64490326209331,
            22.356550299755217
          ],
          [
            120.64492693978157,
            22.35652950637886
          ],
          [
            120.6449428569705,
            22.356502813048117
          ],
          [
            120.645,
            22.35636
          ],
          [
            120.64506,
            22.35609
          ],
          [
            120.64523822867523,
            22.355173504857355
          ],
          [
            120.6452463008878,
            22.355153713987892
          ],
          [
            120.64526145905525,
            22.355138031014008
          ],
          [
            120.64528167304869,
            22.355128500804838
          ],
          [
            120.64530421768691,
            22.355126408190475
          ],
          [
            120.64532605357915,
            22.355132035290016
          ],
          [
            120.64534438347168,
            22.355144771534874
          ],
          [
            120.64559262378694,
            22.355393738096012
          ],
          [
            120.64560716373235,
            22.355411993930787
          ],
          [
            120.64561743252592,
            22.355433030371827
          ],
          [
            120.6456226880166,
            22.355455614512174
          ],
          [
            120.64562269206407,
            22.355478723004136
          ],
          [
            120.64561744448493,
            22.355501308740255
          ],
          [
            120.6456073644996,
            22.35552206078952
          ],
          [
            120.64541800936415,
            22.355820219234992
          ],
          [
            120.6454060702485,
            22.3558470788989
          ],
          [
            120.64540242896584,
            22.355876275359577
          ],
          [
            120.6454075430805,
            22.3559052796259
          ],
          [
            120.6454210187501,
            22.355931858054362
          ],
          [
            120.64544181820173,
            22.355953963817317
          ],
          [
            120.64546806254742,
            22.35596977459459
          ],
          [
            120.64616657540485,
            22.356270503473905
          ],
          [
            120.6461899774205,
            22.35628400307831
          ],
          [
            120.64620951959232,
            22.356302468053336
          ],
          [
            120.64622380322326,
            22.356324722260418
          ],
          [
            120.64623201355255,
            22.356349496284572
          ],
          [
            120.64623368225011,
            22.35637537697648
          ],
          [
            120.64622878167296,
            22.356400683170644
          ],
          [
            120.6459938182687,
            22.357109440421617
          ],
          [
            120.64598766334481,
            22.357123698535805
          ],
          [
            120.6459791220983,
            22.357136637950315
          ],
          [
            120.64596837848148,
            22.357148065407376
          ],
          [
            120.64595573487739,
            22.35715765927702
          ],
          [
            120.6459415471449,
            22.357165149536254
          ],
          [
            120.64592638115086,
            22.35717028333033
          ],
          [
            120.64526185320639,
            22.357337258056372
          ],
          [
            120.64523951174125,
            22.357345287632096
          ],
          [
            120.64521924262354,
            22.357357520917912
          ],
          [
            120.64520211578744,
            22.35737338227934
          ],
          [
            120.64518886663221,
            22.3573921906546
          ],
          [
            120.64518006405562,
            22.357413138441807
          ],
          [
            120.64517608301637,
            22.35743537287711
          ],
          [
            120.64512342460418,
            22.358229113363418
          ],
          [
            120.64512386112484,
            22.358247215563683
          ],
          [
            120.64512754787583,
            22.35826504117686
          ],
          [
            120.6451343840596,
            22.35828204133443
          ],
          [
            120.64514417706019,
            22.358297737040917
          ],
          [
            120.64515665095061,
            22.358311686055
          ],
          [
            120.64517114011143,
            22.358323283823697
          ],
          [
            120.64542,
            22.35849
          ],
          [
            120.64544,
            22.35851
          ],
          [
            120.64546,
            22.35853
          ],
          [
            120.64547,
            22.35855
          ],
          [
            120.64549,
            22.35858
          ],
          [
            120.6455,
            22.35863
          ],
          [
            120.64551,
            22.35875
          ],
          [
            120.64551,
            22.3589
          ],
          [
            120.64554,
            22.35916
          ],
          [
            120.64554,
            22.35919
          ],
          [
            120.64555,
            22.35921
          ],
          [
            120.64555,
            22.35923
          ],
          [
            120.64556,
            22.35926
          ],
          [
            120.64557,
            22.35928
          ],
          [
            120.64559,
            22.35931
          ],
          [
            120.6456,
            22.35933
          ],
          [
            120.64563,
            22.35938
          ],
          [
            120.64598588635137,
            22.359737716764794
          ],
          [
            120.6459994352018,
            22.35975443067933
          ],
          [
            120.64600942800607,
            22.35977361323406
          ],
          [
            120.64601520239165,
            22.35979424483387
          ],
          [
            120.64601653561917,
            22.35981552964151
          ],
          [
            120.64601337626107,
            22.35983664662307
          ],
          [
            120.64600597671706,
            22.359856517570037
          ],
          [
            120.64584,
            22.36019
          ],
          [
            120.64581,
            22.36025
          ],
          [
            120.64581,
            22.36027
          ],
          [
            120.6453631913033,
            22.36086956226601
          ],
          [
            120.64536034460696,
            22.360874372484734
          ],
          [
            120.64535855672405,
            22.360879701228964
          ],
          [
            120.64535795620046,
            22.360885255984698
          ],
          [
            120.6453585675813,
            22.36089080971303
          ],
          [
            120.64536036587766,
            22.36089613541704
          ],
          [
            120.64536322189637,
            22.36090094069914
          ],
          [
            120.6454,
            22.36095
          ],
          [
            120.64543,
            22.36098
          ],
          [
            120.64544,
            22.361
          ],
          [
            120.64549,
            22.36105
          ],
          [
            120.64572,
            22.36121
          ],
          [
            120.64588,
            22.36132
          ],
          [
            120.64605,
            22.36144
          ],
          [
            120.64615,
            22.36151
          ],
          [
            120.64645018026079,
            22.36166085115447
          ],
          [
            120.64646417445397,
            22.361669509825372
          ],
          [
            120.64647650612389,
            22.36168051727329
          ],
          [
            120.64648653298379,
            22.36169339598672
          ],
          [
            120.64649393373222,
            22.361707733279157
          ],
          [
            120.64649847121895,
            22.36172306972529
          ],
          [
            120.64650000000003,
            22.361738913882842
          ],
          [
            120.6465,
            22.36194
          ],
          [
            120.64653,
            22.36212
          ],
          [
            120.64653,
            22.36213
          ],
          [
            120.64654,
            22.36219
          ],
          [
            120.64655,
            22.36222
          ],
          [
            120.64656,
            22.36227
          ],
          [
            120.64657,
            22.36231
          ],
          [
            120.64658,
            22.36235
          ],
          [
            120.6466,
            22.36239
          ],
          [
            120.64668,
            22.36252
          ],
          [
            120.64673,
            22.36261
          ],
          [
            120.64677,
            22.36267
          ],
          [
            120.64684,
            22.36277
          ],
          [
            120.64685,
            22.36279
          ],
          [
            120.6469,
            22.36285
          ],
          [
            120.64696,
            22.3629
          ],
          [
            120.64701,
            22.36293
          ],
          [
            120.64707,
            22.36296
          ],
          [
            120.64714,
            22.36299
          ],
          [
            120.64729,
            22.36304
          ],
          [
            120.64762706306188,
            22.363152948888665
          ],
          [
            120.64764408344011,
            22.363160187413445
          ],
          [
            120.64765984624313,
            22.363170020620018
          ],
          [
            120.64767368744624,
            22.363182105026873
          ],
          [
            120.64768524037441,
            22.36319612049924
          ],
          [
            120.64769419897259,
            22.363211695745434
          ],
          [
            120.64770037318362,
            22.36322859335818
          ],
          [
            120.64785,
            22.36378
          ],
          [
            120.64787,
            22.36388
          ],
          [
            120.64788,
            22.36397
          ],
          [
            120.64788,
            22.36408
          ],
          [
            120.64787,
            22.36412
          ],
          [
            120.64787,
            22.3642
          ],
          [
            120.64784,
            22.36429
          ],
          [
            120.64781,
            22.36438
          ],
          [
            120.64778,
            22.36447
          ],
          [
            120.6477,
            22.36463
          ],
          [
            120.64768,
            22.36468
          ],
          [
            120.64763,
            22.36478
          ],
          [
            120.64762,
            22.3648
          ],
          [
            120.64749,
            22.36501
          ],
          [
            120.64745,
            22.36508
          ],
          [
            120.64742,
            22.36513
          ],
          [
            120.6474,
            22.36517
          ],
          [
            120.64739,
            22.36522
          ],
          [
            120.64738,
            22.36525
          ],
          [
            120.64737,
            22.36528
          ],
          [
            120.64737,
            22.3653
          ],
          [
            120.64717650533667,
            22.366078735265162
          ],
          [
            120.64717543941315,
            22.36608551524587
          ],
          [
            120.6471755601985,
            22.36609243201963
          ],
          [
            120.64717688034361,
            22.366099239579597
          ],
          [
            120.64717936510229,
            22.366105758750916
          ],
          [
            120.64718294907574,
            22.36611181794913
          ],
          [
            120.64718742910887,
            22.366117147886534
          ],
          [
            120.64727612494715,
            22.366205661422626
          ],
          [
            120.64729657759695,
            22.366219809876007
          ],
          [
            120.64732094999013,
            22.366225933327605
          ],
          [
            120.64734604085746,
            22.36622334991324
          ],
          [
            120.64736838830876,
            22.36621241607722
          ],
          [
            120.64738490897425,
            22.366194640405876
          ],
          [
            120.64739333442843,
            22.366172409453956
          ],
          [
            120.64748,
            22.36565
          ],
          [
            120.6475,
            22.36559
          ],
          [
            120.64752,
            22.36551
          ],
          [
            120.64755,
            22.36541
          ],
          [
            120.64757,
            22.36533
          ],
          [
            120.6476,
            22.36526
          ],
          [
            120.64762,
            22.36522
          ],
          [
            120.64763,
            22.3652
          ],
          [
            120.64767,
            22.36514
          ],
          [
            120.64771,
            22.36509
          ],
          [
            120.64777,
            22.36502
          ],
          [
            120.64784,
            22.36494
          ],
          [
            120.64797,
            22.36474
          ],
          [
            120.64805,
            22.36462
          ],
          [
            120.64807,
            22.3646
          ],
          [
            120.64811,
            22.36454
          ],
          [
            120.64814,
            22.36448
          ],
          [
            120.64818,
            22.36438
          ],
          [
            120.6482,
            22.36432
          ],
          [
            120.6482,
            22.36429
          ],
          [
            120.64821,
            22.36425
          ],
          [
            120.64823,
            22.36416
          ],
          [
            120.64824,
            22.36412
          ],
          [
            120.64825,
            22.364
          ],
          [
            120.64826,
            22.36387
          ],
          [
            120.64826,
            22.36378
          ],
          [
            120.64826,
            22.36376
          ],
          [
            120.64826,
            22.36371
          ],
          [
            120.64826,
            22.36364
          ],
          [
            120.64824,
            22.36358
          ],
          [
            120.64824,
            22.36356
          ],
          [
            120.64821,
            22.3634
          ],
          [
            120.6482,
            22.36339
          ],
          [
            120.64816,
            22.36323
          ],
          [
            120.64814,
            22.36317
          ],
          [
            120.64814,
            22.36316
          ],
          [
            120.64814,
            22.36315
          ],
          [
            120.64814,
            22.36314
          ],
          [
            120.64814,
            22.36313
          ],
          [
            120.64815,
            22.36312
          ],
          [
            120.64816,
            22.3631
          ],
          [
            120.64817,
            22.3631
          ],
          [
            120.64818,
            22.36309
          ],
          [
            120.6482,
            22.36309
          ],
          [
            120.64821,
            22.36309
          ],
          [
            120.64823,
            22.36309
          ],
          [
            120.64824,
            22.3631
          ],
          [
            120.64825,
            22.3631
          ],
          [
            120.64826,
            22.36311
          ],
          [
            120.64827,
            22.36312
          ],
          [
            120.64827,
            22.36313
          ],
          [
            120.64831,
            22.36323
          ],
          [
            120.64833,
            22.36327
          ],
          [
            120.64837,
            22.3634
          ],
          [
            120.64842,
            22.36357
          ],
          [
            120.64846,
            22.36371
          ],
          [
            120.64847,
            22.36375
          ],
          [
            120.64847,
            22.36379
          ],
          [
            120.64849,
            22.36389
          ],
          [
            120.64849,
            22.36393
          ],
          [
            120.6485,
            22.36396
          ],
          [
            120.6485,
            22.36403
          ],
          [
            120.64851,
            22.36411
          ],
          [
            120.6485,
            22.36419
          ],
          [
            120.64849,
            22.36428
          ],
          [
            120.64849,
            22.36429
          ],
          [
            120.64849,
            22.36434
          ],
          [
            120.64848,
            22.36438
          ],
          [
            120.64846,
            22.36444
          ],
          [
            120.64845,
            22.36446
          ],
          [
            120.64844,
            22.36451
          ],
          [
            120.64837,
            22.36462
          ],
          [
            120.64788154983553,
            22.365315032651317
          ],
          [
            120.64786754824108,
            22.365343686599708
          ],
          [
            120.64786318706354,
            22.365375245581927
          ],
          [
            120.64786905782096,
            22.36540659159855
          ],
          [
            120.64788463373618,
            22.36543491200293
          ],
          [
            120.64790851719795,
            22.365457665633574
          ],
          [
            120.6479383240428,
            22.365472729637304
          ],
          [
            120.64809641869391,
            22.365525440949423
          ],
          [
            120.6484,
            22.36522
          ],
          [
            120.64844,
            22.3652
          ],
          [
            120.64849,
            22.36518
          ],
          [
            120.64863,
            22.36512
          ],
          [
            120.64872,
            22.36508
          ],
          [
            120.64877,
            22.36506
          ],
          [
            120.6489,
            22.36501
          ],
          [
            120.64897,
            22.36498
          ],
          [
            120.64907,
            22.36494
          ],
          [
            120.64908,
            22.36494
          ],
          [
            120.64917,
            22.36492
          ],
          [
            120.64923,
            22.36491
          ],
          [
            120.64927,
            22.36491
          ],
          [
            120.64928,
            22.36491
          ],
          [
            120.64937,
            22.36491
          ],
          [
            120.64941,
            22.36491
          ],
          [
            120.64946,
            22.36491
          ],
          [
            120.6495,
            22.3649
          ],
          [
            120.64956,
            22.36489
          ],
          [
            120.64962,
            22.36487
          ],
          [
            120.64979,
            22.36481
          ],
          [
            120.64987,
            22.36478
          ],
          [
            120.64992,
            22.36477
          ],
          [
            120.64997,
            22.36477
          ],
          [
            120.64999,
            22.36477
          ],
          [
            120.65008,
            22.36477
          ],
          [
            120.65017,
            22.36478
          ],
          [
            120.65018,
            22.36478
          ],
          [
            120.65025,
            22.36479
          ],
          [
            120.65027,
            22.36479
          ],
          [
            120.65028,
            22.36479
          ],
          [
            120.65029,
            22.36479
          ],
          [
            120.6503,
            22.36478
          ],
          [
            120.65031,
            22.36478
          ],
          [
            120.65031,
            22.36477
          ],
          [
            120.65032,
            22.36476
          ],
          [
            120.65033,
            22.36475
          ],
          [
            120.65033,
            22.36474
          ],
          [
            120.65033,
            22.36473
          ],
          [
            120.65033,
            22.36472
          ],
          [
            120.65033,
            22.36471
          ],
          [
            120.65033,
            22.3647
          ],
          [
            120.65032,
            22.36469
          ],
          [
            120.65031,
            22.36468
          ],
          [
            120.6503,
            22.36467
          ],
          [
            120.65028,
            22.36466
          ],
          [
            120.65025,
            22.36465
          ],
          [
            120.65021,
            22.36464
          ],
          [
            120.65018,
            22.36464
          ],
          [
            120.65016,
            22.36463
          ],
          [
            120.65007,
            22.36462
          ],
          [
            120.64998,
            22.36462
          ],
          [
            120.64995,
            22.36462
          ],
          [
            120.64979,
            22.36462
          ],
          [
            120.64978,
            22.36462
          ],
          [
            120.64961,
            22.36463
          ],
          [
            120.64959,
            22.36463
          ],
          [
            120.64895665196717,
            22.364683011687823
          ],
          [
            120.6489300076898,
            22.364680780162615
          ],
          [
            120.64890595561077,
            22.364669972108906
          ],
          [
            120.6488875248877,
            22.36465197370749
          ],
          [
            120.64887707262109,
            22.364629086769337
          ],
          [
            120.64887593554866,
            22.364604238299155
          ],
          [
            120.6488841547073,
            22.36458078606143
          ],
          [
            120.64892,
            22.36452
          ],
          [
            120.64895,
            22.36447
          ],
          [
            120.64897,
            22.3644
          ],
          [
            120.64899,
            22.36435
          ],
          [
            120.649,
            22.36428
          ],
          [
            120.64901,
            22.36421
          ],
          [
            120.64901,
            22.36413
          ],
          [
            120.64901,
            22.36397
          ],
          [
            120.64901,
            22.36389
          ],
          [
            120.649,
            22.36356
          ],
          [
            120.64899,
            22.36335
          ],
          [
            120.64898,
            22.36323
          ],
          [
            120.64897,
            22.36313
          ],
          [
            120.64896,
            22.36299
          ],
          [
            120.64896,
            22.36298
          ],
          [
            120.64894,
            22.36287
          ],
          [
            120.64892,
            22.36273
          ],
          [
            120.64889,
            22.36259
          ],
          [
            120.64881,
            22.36228
          ],
          [
            120.6488,
            22.36225
          ],
          [
            120.64876,
            22.36211
          ],
          [
            120.64875,
            22.36208
          ],
          [
            120.64873,
            22.36196
          ],
          [
            120.64871,
            22.36188
          ],
          [
            120.64869,
            22.3618
          ],
          [
            120.64869,
            22.36176
          ],
          [
            120.64868,
            22.36173
          ],
          [
            120.64868,
            22.36168
          ],
          [
            120.64868,
            22.36158
          ],
          [
            120.64867,
            22.36152
          ],
          [
            120.64866,
            22.36146
          ],
          [
            120.64864,
            22.3614
          ],
          [
            120.64861,
            22.36133
          ],
          [
            120.64858,
            22.36126
          ],
          [
            120.64857,
            22.36123
          ],
          [
            120.64854,
            22.36118
          ],
          [
            120.64849,
            22.36111
          ],
          [
            120.64847,
            22.36108
          ],
          [
            120.64794529158861,
            22.360464013247935
          ],
          [
            120.64795,
            22.36045
          ],
          [
            120.64796,
            22.36041
          ],
          [
            120.64797,
            22.36037
          ],
          [
            120.64798,
            22.36032
          ],
          [
            120.64812,
            22.35987
          ],
          [
            120.64812,
            22.35984
          ],
          [
            120.64813,
            22.35978
          ],
          [
            120.64814,
            22.35973
          ],
          [
            120.64815,
            22.35966
          ],
          [
            120.64816,
            22.3596
          ],
          [
            120.64817,
            22.35955
          ],
          [
            120.64818,
            22.3595
          ],
          [
            120.64819,
            22.35945
          ],
          [
            120.64821,
            22.35941
          ],
          [
            120.64822,
            22.35938
          ],
          [
            120.64824,
            22.35934
          ],
          [
            120.64825,
            22.35933
          ],
          [
            120.64826,
            22.3593
          ],
          [
            120.64829,
            22.35928
          ],
          [
            120.64832,
            22.35925
          ],
          [
            120.64838,
            22.35919
          ],
          [
            120.6484,
            22.35916
          ],
          [
            120.64851,
            22.35906
          ],
          [
            120.64852,
            22.35905
          ],
          [
            120.64858,
            22.359
          ],
          [
            120.64863,
            22.35896
          ],
          [
            120.64866,
            22.35894
          ],
          [
            120.64873,
            22.3589
          ],
          [
            120.64878,
            22.35887
          ],
          [
            120.64882,
            22.35884
          ],
          [
            120.64885,
            22.35881
          ],
          [
            120.64888,
            22.35877
          ],
          [
            120.64891,
            22.35873
          ],
          [
            120.64892999999999,
            22.3587
          ],
          [
            120.64904,
            22.35854
          ],
          [
            120.64925,
            22.35824
          ],
          [
            120.64928,
            22.35818
          ],
          [
            120.64946,
            22.35796
          ],
          [
            120.64952,
            22.35786
          ],
          [
            120.64957,
            22.35781
          ],
          [
            120.64958,
            22.3578
          ],
          [
            120.64961,
            22.35777
          ],
          [
            120.64967,
            22.35772
          ],
          [
            120.64973,
            22.35768
          ],
          [
            120.64975,
            22.35766
          ],
          [
            120.64989,
            22.35758
          ],
          [
            120.65002,
            22.3575
          ],
          [
            120.65017,
            22.35742
          ],
          [
            120.65021,
            22.35739
          ],
          [
            120.65022,
            22.35738
          ],
          [
            120.65027,
            22.35735
          ],
          [
            120.65032,
            22.35729
          ],
          [
            120.65034,
            22.35725
          ],
          [
            120.65035,
            22.35724
          ],
          [
            120.6504,
            22.35716
          ],
          [
            120.65043,
            22.35709
          ],
          [
            120.65068857150258,
            22.356408472799743
          ],
          [
            120.65070251401562,
            22.356382887722862
          ],
          [
            120.65072297092519,
            22.356361753003767
          ],
          [
            120.65074862182546,
            22.356346295313045
          ],
          [
            120.65077770435533,
            22.356337576680993
          ],
          [
            120.65080822038139,
            22.356336196126676
          ],
          [
            120.65083831970098,
            22.35634233151353
          ],
          [
            120.65115807258219,
            22.356449352995263
          ],
          [
            120.65077,
            22.3571
          ],
          [
            120.65065,
            22.35733
          ],
          [
            120.65058,
            22.35747
          ],
          [
            120.65049,
            22.35763
          ],
          [
            120.65031,
            22.35794
          ],
          [
            120.65031,
            22.35795
          ],
          [
            120.65025,
            22.35805
          ],
          [
            120.65023,
            22.35811
          ],
          [
            120.65021,
            22.35818
          ],
          [
            120.65019,
            22.35825
          ],
          [
            120.65018,
            22.35829
          ],
          [
            120.65017,
            22.35835
          ],
          [
            120.65013,
            22.3585
          ],
          [
            120.65007,
            22.35882
          ],
          [
            120.65004,
            22.359
          ],
          [
            120.65001,
            22.35917
          ],
          [
            120.64999,
            22.35929
          ],
          [
            120.64988,
            22.35983
          ],
          [
            120.64987,
            22.35988
          ],
          [
            120.64973935489762,
            22.36066772940504
          ],
          [
            120.649739182562,
            22.360685634038227
          ],
          [
            120.6497444749205,
            22.360702915872952
          ],
          [
            120.6497548088766,
            22.36071809243841
          ],
          [
            120.64976933715533,
            22.360729919416944
          ],
          [
            120.64978686859169,
            22.360737427121567
          ],
          [
            120.64980596579382,
            22.36074
          ],
          [
            120.64995357921985,
            22.36074
          ],
          [
            120.64995898319481,
            22.360739521667625
          ],
          [
            120.64996419366527,
            22.36073810379855
          ],
          [
            120.64996902405562,
            22.36073579716356
          ],
          [
            120.64997330140022,
            22.360732684358215
          ],
          [
            120.64997687253667,
            22.36072887684526
          ],
          [
            120.64997964175284,
            22.360724446068794
          ],
          [
            120.65033,
            22.36002
          ],
          [
            120.65038,
            22.35992
          ],
          [
            120.65045,
            22.35979
          ],
          [
            120.6505,
            22.35971
          ],
          [
            120.65051,
            22.3597
          ],
          [
            120.65056,
            22.35961
          ],
          [
            120.65061,
            22.35954
          ],
          [
            120.65063,
            22.35951
          ],
          [
            120.6507,
            22.35943
          ],
          [
            120.65073,
            22.3594
          ],
          [
            120.65078,
            22.35934
          ],
          [
            120.65084,
            22.35926
          ],
          [
            120.65096,
            22.35912
          ],
          [
            120.65119,
            22.35887
          ],
          [
            120.65122,
            22.35884
          ],
          [
            120.65135,
            22.35872
          ],
          [
            120.65157,
            22.35851
          ],
          [
            120.65193,
            22.35823
          ],
          [
            120.65202,
            22.35816
          ],
          [
            120.65208,
            22.35812
          ],
          [
            120.65216,
            22.35808
          ],
          [
            120.65219,
            22.35806
          ],
          [
            120.65221,
            22.35805
          ],
          [
            120.65222,
            22.35805
          ],
          [
            120.65223,
            22.35805
          ],
          [
            120.65225,
            22.35805
          ],
          [
            120.65226,
            22.35806
          ],
          [
            120.65227,
            22.35807
          ],
          [
            120.65228,
            22.35807
          ],
          [
            120.65229,
            22.35808
          ],
          [
            120.65229,
            22.35809
          ],
          [
            120.65229,
            22.3581
          ],
          [
            120.65229,
            22.35811
          ],
          [
            120.65228,
            22.35812
          ],
          [
            120.65228,
            22.35814
          ],
          [
            120.65226,
            22.35816
          ],
          [
            120.65222,
            22.3582
          ],
          [
            120.65219,
            22.35823
          ],
          [
            120.65209,
            22.35833
          ],
          [
            120.65198,
            22.35845
          ],
          [
            120.65196,
            22.35847
          ],
          [
            120.65193,
            22.3585
          ],
          [
            120.6519,
            22.35855
          ],
          [
            120.65186,
            22.35862
          ],
          [
            120.65185,
            22.35862
          ],
          [
            120.65179,
            22.35874
          ],
          [
            120.65177,
            22.35878
          ],
          [
            120.65175,
            22.35882
          ],
          [
            120.6517,
            22.35892
          ],
          [
            120.65165,
            22.35908
          ],
          [
            120.65163,
            22.35911
          ],
          [
            120.6516,
            22.35922
          ],
          [
            120.65152,
            22.35946
          ],
          [
            120.65148,
            22.35963
          ],
          [
            120.65144,
            22.35977
          ],
          [
            120.65144,
            22.35981
          ],
          [
            120.65136,
            22.36017
          ],
          [
            120.65131,
            22.36034
          ],
          [
            120.65128,
            22.36044
          ],
          [
            120.65107888762088,
            22.36104618269319
          ],
          [
            120.65107458011923,
            22.361065686885713
          ],
          [
            120.65107430825347,
            22.361085805065088
          ],
          [
            120.65107814766245,
            22.36110560453992
          ],
          [
            120.65108595833027,
            22.361124363261442
          ],
          [
            120.65109745541693,
            22.361141397135167
          ],
          [
            120.65111192403376,
            22.361155841289886
          ],
          [
            120.6513,
            22.36131
          ],
          [
            120.65133,
            22.36134
          ],
          [
            120.65145,
            22.36142
          ],
          [
            120.65229261849174,
            22.362015127092643
          ],
          [
            120.65233127736673,
            22.36203324631345
          ],
          [
            120.65237397606741,
            22.362037015098586
          ],
          [
            120.65241524783534,
            22.362026146258877
          ],
          [
            120.65244950482439,
            22.36200211134272
          ],
          [
            120.65247210892986,
            22.361968164473183
          ],
          [
            120.65248,
            22.36192890176747
          ],
          [
            120.65248,
            22.36178
          ],
          [
            120.65247,
            22.36175
          ],
          [
            120.65246,
            22.36173
          ],
          [
            120.65243,
            22.3617
          ],
          [
            120.65239,
            22.36164
          ],
          [
            120.65235,
            22.36161
          ],
          [
            120.65233,
            22.36159
          ],
          [
            120.6522,
            22.3615
          ],
          [
            120.65159242760983,
            22.361030348745402
          ],
          [
            120.65157562005497,
            22.36101376995998
          ],
          [
            120.65156327705508,
            22.36099369301829
          ],
          [
            120.65155637436499,
            22.360971469152275
          ],
          [
            120.6515553025108,
            22.360948355697822
          ],
          [
            120.65156012213366,
            22.360925660320138
          ],
          [
            120.6515703888962,
            22.360904926962455
          ],
          [
            120.65170987180281,
            22.360695233186462
          ],
          [
            120.65172221910176,
            22.3606817206783
          ],
          [
            120.6517382269142,
            22.360672432572358
          ],
          [
            120.65175649998577,
            22.36066808373382
          ],
          [
            120.65177532983202,
            22.360669080767714
          ],
          [
            120.65179295591166,
            22.36067533045398
          ],
          [
            120.65180787670741,
            22.360686396485846
          ],
          [
            120.65209,
            22.36097
          ],
          [
            120.65212,
            22.36098
          ],
          [
            120.65216,
            22.361
          ],
          [
            120.65223,
            22.36102
          ],
          [
            120.65270696066385,
            22.361139848416787
          ],
          [
            120.65272483731223,
            22.361145872396705
          ],
          [
            120.65274159637387,
            22.361154630295204
          ],
          [
            120.65275658262046,
            22.361165833658728
          ],
          [
            120.65276938871955,
            22.361179177975142
          ],
          [
            120.65277966659596,
            22.361194300540316
          ],
          [
            120.65278721192631,
            22.361211004484215
          ],
          [
            120.65297,
            22.36173
          ],
          [
            120.65298,
            22.36175
          ],
          [
            120.65302,
            22.36182
          ],
          [
            120.65306,
            22.36188
          ],
          [
            120.65306,
            22.36189
          ],
          [
            120.6531,
            22.36195
          ],
          [
            120.65318,
            22.36203
          ],
          [
            120.65360936441597,
            22.362556027620872
          ],
          [
            120.65364210296035,
            22.362583586185558
          ],
          [
            120.65368310665723,
            22.362597774853192
          ],
          [
            120.65372683882161,
            22.362596888399995
          ],
          [
            120.6537671408289,
            22.362581051661593
          ],
          [
            120.65379833710969,
            22.362552494862086
          ],
          [
            120.65381607517703,
            22.36251507652239
          ],
          [
            120.65387,
            22.3623
          ],
          [
            120.65400850668878,
            22.361464561896245
          ],
          [
            120.65401131639935,
            22.36145395894023
          ],
          [
            120.65401608236739,
            22.36144405066646
          ],
          [
            120.65402266332367,
            22.3614350890382
          ],
          [
            120.65403084971643,
            22.361427359412943
          ],
          [
            120.65404038087334,
            22.361421107918535
          ],
          [
            120.65405081523853,
            22.36141658006638
          ],
          [
            120.65426863822705,
            22.361343701604156
          ],
          [
            120.6542830936918,
            22.36134064758264
          ],
          [
            120.65429777891524,
            22.361340992254252
          ],
          [
            120.65431192738401,
            22.361344672306952
          ],
          [
            120.65432467928213,
            22.361351464100395
          ],
          [
            120.65433525966448,
            22.361360954890777
          ],
          [
            120.65434309225687,
            22.361372702684687
          ],
          [
            120.65465,
            22.36199
          ],
          [
            120.65469,
            22.36204
          ],
          [
            120.65473,
            22.36211
          ],
          [
            120.65475,
            22.36212
          ],
          [
            120.6549,
            22.36229
          ],
          [
            120.65543648134823,
            22.36296448288969
          ],
          [
            120.65544270866316,
            22.362970804890224
          ],
          [
            120.65545012335143,
            22.362975669045717
          ],
          [
            120.6554584749733,
            22.362978962597317
          ],
          [
            120.655467385637,
            22.36298053651935
          ],
          [
            120.65547645215544,
            22.362980319595454
          ],
          [
            120.65548535435966,
            22.362978291358267
          ],
          [
            120.65591939532784,
            22.362832937022883
          ],
          [
            120.6559476657876,
            22.36282695597666
          ],
          [
            120.65597638758805,
            22.36282762099894
          ],
          [
            120.65600406226676,
            22.362834808690298
          ],
          [
            120.65602900851827,
            22.362848082380644
          ],
          [
            120.65604971079581,
            22.362866635660303
          ],
          [
            120.65606504208026,
            22.36288960518198
          ],
          [
            120.6561753467017,
            22.363110612533447
          ],
          [
            120.65617913831893,
            22.363116837182663
          ],
          [
            120.65618389854863,
            22.363122307687714
          ],
          [
            120.6561895523395,
            22.363126982645856
          ],
          [
            120.6561959485488,
            22.363130737081473
          ],
          [
            120.65620291618676,
            22.363133470627293
          ],
          [
            120.65621022037664,
            22.363135103193297
          ],
          [
            120.65732133802746,
            22.363294773739035
          ],
          [
            120.6573476882518,
            22.363301613046435
          ],
          [
            120.65737170196694,
            22.363314050763748
          ],
          [
            120.6573919222697,
            22.36333137807862
          ],
          [
            120.65740722555793,
            22.36335263214653
          ],
          [
            120.65741676145828,
            22.363376631921057
          ],
          [
            120.65741999999997,
            22.36340204378233
          ],
          [
            120.65742,
            22.36389
          ],
          [
            120.65743,
            22.36405
          ],
          [
            120.65748,
            22.36436
          ],
          [
            120.6575,
            22.36448
          ],
          [
            120.65751,
            22.36454
          ],
          [
            120.65753,
            22.36461
          ],
          [
            120.65757790761147,
            22.36499507846417
          ],
          [
            120.65758153891755,
            22.365012206879236
          ],
          [
            120.65758803218084,
            22.365028492891703
          ],
          [
            120.65759723181255,
            22.365043605738677
          ],
          [
            120.6576089022154,
            22.36505715838887
          ],
          [
            120.65762274451711,
            22.36506880376671
          ],
          [
            120.6576381025457,
            22.365078091662536
          ],
          [
            120.65822,
            22.36537
          ],
          [
            120.65842,
            22.36547
          ],
          [
            120.65853,
            22.3655
          ],
          [
            120.65864,
            22.36554
          ],
          [
            120.65865,
            22.36554
          ],
          [
            120.65882,
            22.36558
          ],
          [
            120.65883,
            22.36558
          ],
          [
            120.65899,
            22.36561
          ],
          [
            120.65921,
            22.36565
          ],
          [
            120.65933,
            22.36566
          ],
          [
            120.66011487530518,
            22.365806552020594
          ],
          [
            120.66014001565492,
            22.365808685800157
          ],
          [
            120.66016490543194,
            22.365805763041497
          ],
          [
            120.66018854728604,
            22.365797948274935
          ],
          [
            120.66020984617936,
            22.365785603463
          ],
          [
            120.66022781559478,
            22.365769300389783
          ],
          [
            120.66024177503321,
            22.365749518490627
          ],
          [
            120.6606896988616,
            22.36493915056878
          ],
          [
            120.66070631339225,
            22.364916487088102
          ],
          [
            120.66072822340841,
            22.36489860092292
          ],
          [
            120.6607542118277,
            22.364886333762353
          ],
          [
            120.6607826549866,
            22.364880452014717
          ],
          [
            120.6608117758583,
            22.364881323150556
          ],
          [
            120.66084002958313,
            22.3648890036937
          ],
          [
            120.66137126641848,
            22.36510255366354
          ],
          [
            120.66137942223321,
            22.365104951046483
          ],
          [
            120.66138782797836,
            22.36510573054127
          ],
          [
            120.66139622791565,
            22.36510489851524
          ],
          [
            120.66140426956639,
            22.365102489881938
          ],
          [
            120.66141161548633,
            22.365098605712582
          ],
          [
            120.66141805538618,
            22.365093310062157
          ],
          [
            120.66171453415203,
            22.364795159195527
          ],
          [
            120.6617229204784,
            22.364788196028325
          ],
          [
            120.66173243554388,
            22.364782986499435
          ],
          [
            120.66174285382007,
            22.364779591829418
          ],
          [
            120.66175378078952,
            22.364778140567033
          ],
          [
            120.6617648026717,
            22.364778687668437
          ],
          [
            120.66177562196924,
            22.364781252761002
          ],
          [
            120.66214850339558,
            22.364906185315167
          ],
          [
            120.66215627505433,
            22.364907983729722
          ],
          [
            120.66216419078239,
            22.364908263539544
          ],
          [
            120.66217200260189,
            22.364907040549088
          ],
          [
            120.66217938500535,
            22.364904365718658
          ],
          [
            120.66218603037841,
            22.36490035050466
          ],
          [
            120.66219174665777,
            22.364895065872812
          ],
          [
            120.66302979745242,
            22.363947161931897
          ],
          [
            120.6630595683674,
            22.363923056497615
          ],
          [
            120.6630958745532,
            22.363909656674217
          ],
          [
            120.66313489549252,
            22.363908177143077
          ],
          [
            120.66317225114565,
            22.36391878397928
          ],
          [
            120.66320374839867,
            22.363940286581954
          ],
          [
            120.66322598199979,
            22.363970534963006
          ],
          [
            120.66342,
            22.36436
          ],
          [
            120.66343,
            22.36441
          ],
          [
            120.66344,
            22.36445
          ],
          [
            120.66344,
            22.36449
          ],
          [
            120.66344,
            22.3645
          ],
          [
            120.66343,
            22.36456
          ],
          [
            120.66342,
            22.36461
          ],
          [
            120.66342,
            22.36466
          ],
          [
            120.66342,
            22.36467
          ],
          [
            120.66342,
            22.36471
          ],
          [
            120.66342,
            22.36476
          ],
          [
            120.66343,
            22.36481
          ],
          [
            120.66344,
            22.36484
          ],
          [
            120.66344,
            22.36485
          ],
          [
            120.66344,
            22.36486
          ],
          [
            120.66344,
            22.36488
          ],
          [
            120.66343,
            22.36491
          ],
          [
            120.66341,
            22.36497
          ],
          [
            120.6634,
            22.36501
          ],
          [
            120.66339,
            22.36503
          ],
          [
            120.66338,
            22.36506
          ],
          [
            120.66338,
            22.36509
          ],
          [
            120.66338,
            22.36513
          ],
          [
            120.66338,
            22.36518
          ],
          [
            120.66338,
            22.3652
          ],
          [
            120.66339,
            22.36524
          ],
          [
            120.66339,
            22.36528
          ],
          [
            120.66339,
            22.36532
          ],
          [
            120.66339,
            22.36536
          ],
          [
            120.66323104736706,
            22.365958545404897
          ],
          [
            120.66322820580457,
            22.36598779365713
          ],
          [
            120.66323484911673,
            22.36601666414295
          ],
          [
            120.66325041644374,
            22.36604238565313
          ],
          [
            120.6632734973176,
            22.366062627706285
          ],
          [
            120.66330200051016,
            22.36607555628381
          ],
          [
            120.66333334350803,
            22.36608
          ],
          [
            120.66397564740463,
            22.36608
          ],
          [
            120.6640042331714,
            22.36608331486138
          ],
          [
            120.66403107318267,
            22.366093057004303
          ],
          [
            120.66405452829753,
            22.366108631468332
          ],
          [
            120.66407316609344,
            22.36612908710856
          ],
          [
            120.66408584834541,
            22.366153174682747
          ],
          [
            120.66409180619127,
            22.366179486708372
          ],
          [
            120.66413881121741,
            22.366697479581653
          ],
          [
            120.66413886435144,
            22.366715017532098
          ],
          [
            120.6641358680711,
            22.366732396554585
          ],
          [
            120.66412989540765,
            22.366749096185572
          ],
          [
            120.66412110337919,
            22.366764677400994
          ],
          [
            120.6641097231232,
            22.366778730579334
          ],
          [
            120.66409636507244,
            22.366790650464736
          ],
          [
            120.66355610866775,
            22.367198160993468
          ],
          [
            120.66354895832019,
            22.367204605668416
          ],
          [
            120.66354298146946,
            22.3672122468298
          ],
          [
            120.66353851453228,
            22.367220735880448
          ],
          [
            120.66353569227297,
            22.367229816711724
          ],
          [
            120.6635345998371,
            22.367239215361405
          ],
          [
            120.66353526082241,
            22.367248591477967
          ],
          [
            120.66362,
            22.36776
          ],
          [
            120.66361999999998,
            22.367979071058613
          ],
          [
            120.6636208430282,
            22.367985876426005
          ],
          [
            120.66362332782278,
            22.36799232426118
          ],
          [
            120.66362732384056,
            22.367998075815517
          ],
          [
            120.66363262114359,
            22.36800282892077
          ],
          [
            120.6636389414285,
            22.368006333863992
          ],
          [
            120.66364591092314,
            22.36800839890476
          ],
          [
            120.66371,
            22.36802
          ]
        ]
      }
    },
    {
      "type": "Feature",
      "properties": {
        "feature_type": "station",
        "ref": "PIF305514",
        "name": "士文分駐所",
        "name_en": "Shih-Wun Police Station",
        "line": "幸福春日2路",
        "color": "#0f766e",
        "direction": 0,
        "station_id": "140015"
      },
      "geometry": {
        "type": "Point",
        "coordinates": [
          120.663691,
          22.36807
        ]
      }
    },
    {
      "type": "Feature",
      "properties": {
        "feature_type": "station",
        "ref": "PIF305515",
        "name": "古華活動中心",
        "name_en": "Gu-Hua Activity Center",
        "line": "幸福春日2路",
        "color": "#0f766e",
        "direction": 0,
        "station_id": "140016"
      },
      "geometry": {
        "type": "Point",
        "coordinates": [
          120.62775,
          22.35927
        ]
      }
    },
    {
      "type": "Feature",
      "properties": {
        "feature_type": "station",
        "ref": "PIF305516",
        "name": "春日集會所",
        "name_en": "Chun-Rih Recreation Center",
        "line": "幸福春日2路",
        "color": "#0f766e",
        "direction": 0,
        "station_id": "140017"
      },
      "geometry": {
        "type": "Point",
        "coordinates": [
          120.62518,
          22.37027
        ]
      }
    },
    {
      "type": "Feature",
      "properties": {
        "feature_type": "station",
        "ref": "PIF309671",
        "name": "枋寮醫院",
        "name_en": "FangLiao General Hospital",
        "line": "幸福春日2路",
        "color": "#0f766e",
        "direction": 0,
        "station_id": "141159"
      },
      "geometry": {
        "type": "Point",
        "coordinates": [
          120.596943,
          22.364291
        ]
      }
    },
    {
      "type": "Feature",
      "properties": {
        "feature_type": "station",
        "ref": "PIF309669",
        "name": "枋寮轉運站",
        "name_en": "Fangliao Train Station",
        "line": "幸福春日2路",
        "color": "#0f766e",
        "direction": 0,
        "station_id": "141162"
      },
      "geometry": {
        "type": "Point",
        "coordinates": [
          120.59496,
          22.36796
        ]
      }
    },
    {
      "type": "Feature",
      "properties": {
        "feature_type": "station",
        "ref": "PIF309681",
        "name": "枋寮中學",
        "name_en": "Fang Liao High School",
        "line": "幸福春日2路",
        "color": "#0f766e",
        "direction": 0,
        "station_id": "143538"
      },
      "geometry": {
        "type": "Point",
        "coordinates": [
          120.59032,
          22.37052
        ]
      }
    },
    {
      "type": "Feature",
      "properties": {
        "feature_type": "station",
        "ref": "PIF309658",
        "name": "春日鄉公所",
        "name_en": "Chunrih Township Office",
        "line": "幸福春日2路",
        "color": "#0f766e",
        "direction": 0,
        "station_id": "143526"
      },
      "geometry": {
        "type": "Point",
        "coordinates": [
          120.628968,
          22.371031
        ]
      }
    },
    {
      "type": "Feature",
      "properties": {
        "feature_type": "station",
        "ref": "PIF309657",
        "name": "春日鄉公所",
        "name_en": "Chunrih Township Office",
        "line": "幸福春日2路",
        "color": "#0f766e",
        "direction": 1,
        "station_id": "140021"
      },
      "geometry": {
        "type": "Point",
        "coordinates": [
          120.628836,
          22.371103
        ]
      }
    },
    {
      "type": "Feature",
      "properties": {
        "feature_type": "station",
        "ref": "PIF309682",
        "name": "枋寮中學",
        "name_en": "Fang Liao High School",
        "line": "幸福春日2路",
        "color": "#0f766e",
        "direction": 1,
        "station_id": "143538"
      },
      "geometry": {
        "type": "Point",
        "coordinates": [
          120.590281,
          22.370483
        ]
      }
    },
    {
      "type": "Feature",
      "properties": {
        "feature_type": "station",
        "ref": "PIF309669",
        "name": "枋寮轉運站",
        "name_en": "Fangliao Train Station",
        "line": "幸福春日2路",
        "color": "#0f766e",
        "direction": 1,
        "station_id": "141162"
      },
      "geometry": {
        "type": "Point",
        "coordinates": [
          120.59496,
          22.36796
        ]
      }
    },
    {
      "type": "Feature",
      "properties": {
        "feature_type": "station",
        "ref": "PIF309670",
        "name": "枋寮醫院",
        "name_en": "FangLiao General Hospital",
        "line": "幸福春日2路",
        "color": "#0f766e",
        "direction": 1,
        "station_id": "141160"
      },
      "geometry": {
        "type": "Point",
        "coordinates": [
          120.596841,
          22.364148
        ]
      }
    },
    {
      "type": "Feature",
      "properties": {
        "feature_type": "station",
        "ref": "PIF309683",
        "name": "春日集會所",
        "name_en": "Chun-Rih Recreation Center",
        "line": "幸福春日2路",
        "color": "#0f766e",
        "direction": 1,
        "station_id": "140017"
      },
      "geometry": {
        "type": "Point",
        "coordinates": [
          120.62525,
          22.37026
        ]
      }
    },
    {
      "type": "Feature",
      "properties": {
        "feature_type": "station",
        "ref": "PIF309684",
        "name": "古華活動中心",
        "name_en": "Gu-Hua Activity Center",
        "line": "幸福春日2路",
        "color": "#0f766e",
        "direction": 1,
        "station_id": "143539"
      },
      "geometry": {
        "type": "Point",
        "coordinates": [
          120.627681,
          22.359199
        ]
      }
    },
    {
      "type": "Feature",
      "properties": {
        "feature_type": "station",
        "ref": "PIF309685",
        "name": "士文分駐所",
        "name_en": "Shih-Wun Police Station",
        "line": "幸福春日2路",
        "color": "#0f766e",
        "direction": 1,
        "station_id": "143540"
      },
      "geometry": {
        "type": "Point",
        "coordinates": [
          120.663717,
          22.367974
        ]
      }
    }
  ]
}
