{
  "type": "FeatureCollection",
  "name": "幸福滿州2路",
  "properties": {
    "id": "pingtung_county_2_c1c9a70e38",
    "name": "幸福滿州2路",
    "name_en": "幸福滿州2路",
    "ref": "幸福滿州2路",
    "color": "#ea580c",
    "city_id": "PingtungCounty",
    "source": "TDX Bus Shape / StopOfRoute",
    "official_map_url": "https://web.taiwanbus.tw/MISUploadData/Schematic/file/0040.jpg",
    "operator_id": "100",
    "operator": "屏東縣滿州鄉公所"
  },
  "features": [
    {
      "type": "Feature",
      "properties": {
        "feature_type": "route",
        "ref": "幸福滿州2路",
        "name": "幸福滿州2路",
        "name_en": "幸福滿州2路",
        "color": "#ea580c",
        "direction": 0
      },
      "geometry": {
        "type": "LineString",
        "coordinates": [
          [
            120.83867,
            22.02055
          ],
          [
            120.8387,
            22.02061
          ],
          [
            120.83892090410404,
            22.020891109533768
          ],
          [
            120.83893075288957,
            22.020906187241646
          ],
          [
            120.83893796840277,
            22.02092290341107
          ],
          [
            120.83894212216221,
            22.020940503700594
          ],
          [
            120.83894309968379,
            22.020958503019042
          ],
          [
            120.83894087402551,
            22.020976405277388
          ],
          [
            120.83893560318735,
            22.020993479874083
          ],
          [
            120.83845,
            22.02218
          ],
          [
            120.83807,
            22.02311
          ],
          [
            120.83803,
            22.02319
          ],
          [
            120.83799,
            22.02329
          ],
          [
            120.83779,
            22.02368
          ],
          [
            120.83765,
            22.02394
          ],
          [
            120.83738,
            22.02451
          ],
          [
            120.83713,
            22.02496
          ],
          [
            120.83693,
            22.02533
          ],
          [
            120.83692,
            22.02536
          ],
          [
            120.83663,
            22.02597
          ],
          [
            120.83653,
            22.02616
          ],
          [
            120.83644,
            22.02634
          ],
          [
            120.83627,
            22.02666
          ],
          [
            120.83625,
            22.0267
          ],
          [
            120.83621,
            22.02674
          ],
          [
            120.83619,
            22.02677
          ],
          [
            120.83612,
            22.02685
          ],
          [
            120.836,
            22.02696
          ],
          [
            120.83581,
            22.02712
          ],
          [
            120.83563,
            22.02726
          ],
          [
            120.83563,
            22.02744
          ],
          [
            120.83564,
            22.02755
          ],
          [
            120.83564,
            22.02763
          ],
          [
            120.83564,
            22.0277
          ],
          [
            120.83565,
            22.02791
          ],
          [
            120.83567,
            22.02814
          ],
          [
            120.83557,
            22.02846
          ],
          [
            120.83555,
            22.02852
          ],
          [
            120.83554,
            22.02857
          ],
          [
            120.83551,
            22.02866
          ],
          [
            120.83549,
            22.02871
          ],
          [
            120.83545,
            22.02881
          ],
          [
            120.83521,
            22.02948
          ],
          [
            120.83515,
            22.02965
          ],
          [
            120.83509,
            22.02982
          ],
          [
            120.83503,
            22.02999
          ],
          [
            120.83497,
            22.03016
          ],
          [
            120.83493,
            22.03026
          ],
          [
            120.83491,
            22.03033
          ],
          [
            120.83484,
            22.0305
          ],
          [
            120.83478,
            22.03067
          ],
          [
            120.83478,
            22.03068
          ],
          [
            120.83468,
            22.03102
          ],
          [
            120.83466,
            22.03109
          ],
          [
            120.83463,
            22.03119
          ],
          [
            120.83459,
            22.03137
          ],
          [
            120.83455,
            22.03154
          ],
          [
            120.83454,
            22.03156
          ],
          [
            120.83447,
            22.03189
          ],
          [
            120.83443,
            22.03207
          ],
          [
            120.83378,
            22.03413
          ],
          [
            120.83364,
            22.03458
          ],
          [
            120.83362,
            22.03472
          ],
          [
            120.8336,
            22.03488
          ],
          [
            120.83366,
            22.03599
          ],
          [
            120.83366,
            22.03618
          ],
          [
            120.83366,
            22.03643
          ],
          [
            120.83364,
            22.03661
          ],
          [
            120.83359,
            22.0368
          ],
          [
            120.83353,
            22.03696
          ],
          [
            120.83345,
            22.03714
          ],
          [
            120.83342,
            22.03718
          ],
          [
            120.83338,
            22.03721
          ],
          [
            120.83334,
            22.03724
          ],
          [
            120.83255,
            22.03785
          ],
          [
            120.83163045324699,
            22.038533016883548
          ],
          [
            120.83161698810682,
            22.038544852094724
          ],
          [
            120.83160548638499,
            22.038558842660567
          ],
          [
            120.83159656316161,
            22.03857438702342
          ],
          [
            120.83159045392601,
            22.038591074957996
          ],
          [
            120.83158731990466,
            22.03860846605945
          ],
          [
            120.83158723903784,
            22.03862604297823
          ],
          [
            120.83161,
            22.0389
          ],
          [
            120.83163,
            22.03902
          ],
          [
            120.83166,
            22.03919
          ],
          [
            120.83168,
            22.03933
          ],
          [
            120.83172,
            22.03963
          ],
          [
            120.8318,
            22.04031
          ],
          [
            120.83187229967936,
            22.040963678169682
          ],
          [
            120.83187255709318,
            22.040983135924698
          ],
          [
            120.83186906775236,
            22.041002399078177
          ],
          [
            120.83186193616748,
            22.041020766498722
          ],
          [
            120.83185139331071,
            22.041037643316653
          ],
          [
            120.83183778063587,
            22.04105248293878
          ],
          [
            120.83182185331991,
            22.0410646065965
          ],
          [
            120.83159,
            22.04121
          ],
          [
            120.83148,
            22.04125
          ],
          [
            120.83087951421419,
            22.04143539645285
          ],
          [
            120.83085768363298,
            22.041444619482473
          ],
          [
            120.830838160072,
            22.04145797641421
          ],
          [
            120.8308220215061,
            22.041474816593908
          ],
          [
            120.8308099670775,
            22.041494410484596
          ],
          [
            120.83080251899862,
            22.041515909255203
          ],
          [
            120.8308,
            22.04153838155296
          ],
          [
            120.8308,
            22.04205
          ],
          [
            120.83081,
            22.04212
          ],
          [
            120.83084,
            22.04219
          ],
          [
            120.83088,
            22.04226
          ],
          [
            120.83109,
            22.04256
          ],
          [
            120.83114,
            22.04266
          ],
          [
            120.83124,
            22.04284
          ],
          [
            120.83129,
            22.04295
          ],
          [
            120.83144,
            22.04333
          ],
          [
            120.83147,
            22.04343
          ],
          [
            120.83157,
            22.0437
          ],
          [
            120.8316,
            22.04381
          ],
          [
            120.83162,
            22.04391
          ],
          [
            120.83162,
            22.04398
          ],
          [
            120.83165,
            22.04415
          ],
          [
            120.83167,
            22.04433
          ],
          [
            120.8317,
            22.04451
          ],
          [
            120.83172,
            22.04469
          ],
          [
            120.83175,
            22.04487
          ],
          [
            120.83178,
            22.04509
          ],
          [
            120.83179,
            22.04522
          ],
          [
            120.83179,
            22.04525
          ],
          [
            120.8318,
            22.04536
          ],
          [
            120.83179,
            22.0454
          ],
          [
            120.83177,
            22.04545
          ],
          [
            120.83171,
            22.04557
          ],
          [
            120.83163,
            22.04569
          ],
          [
            120.83161,
            22.04572
          ],
          [
            120.83151,
            22.04587
          ],
          [
            120.83151,
            22.04588
          ],
          [
            120.83143,
            22.04601
          ],
          [
            120.83142,
            22.04603
          ],
          [
            120.83135,
            22.04616
          ],
          [
            120.83129,
            22.04633
          ],
          [
            120.83121,
            22.04654
          ],
          [
            120.83118,
            22.04662
          ],
          [
            120.83114,
            22.0467
          ],
          [
            120.83112,
            22.04674
          ],
          [
            120.83107,
            22.04684
          ],
          [
            120.83106,
            22.04687
          ],
          [
            120.83102,
            22.04693
          ],
          [
            120.83094,
            22.04701
          ],
          [
            120.8308,
            22.04719
          ],
          [
            120.83043,
            22.04764
          ],
          [
            120.83037,
            22.04774
          ],
          [
            120.83018,
            22.048
          ],
          [
            120.82999,
            22.04824
          ],
          [
            120.82978,
            22.04848
          ],
          [
            120.82952,
            22.04874
          ],
          [
            120.82926,
            22.04896
          ],
          [
            120.82925,
            22.04897
          ],
          [
            120.82912,
            22.04907
          ],
          [
            120.829,
            22.04915
          ],
          [
            120.82891,
            22.04919
          ],
          [
            120.82865,
            22.04929
          ],
          [
            120.82855,
            22.04934
          ],
          [
            120.82848,
            22.04938
          ],
          [
            120.82843,
            22.04941
          ],
          [
            120.82842,
            22.04943
          ],
          [
            120.82826,
            22.04963
          ],
          [
            120.82797,
            22.04996
          ],
          [
            120.82741,
            22.05049
          ],
          [
            120.82705,
            22.05085
          ],
          [
            120.82697,
            22.05094
          ],
          [
            120.82691,
            22.05104
          ],
          [
            120.82687,
            22.05114
          ],
          [
            120.82686,
            22.05114
          ],
          [
            120.82683,
            22.05125
          ],
          [
            120.82667,
            22.05194
          ],
          [
            120.82644,
            22.05302
          ],
          [
            120.8264,
            22.05314
          ],
          [
            120.82637,
            22.05325
          ],
          [
            120.82635,
            22.05332
          ],
          [
            120.82634,
            22.05335
          ],
          [
            120.8263,
            22.05349
          ],
          [
            120.82627,
            22.0536
          ],
          [
            120.82621,
            22.05379
          ],
          [
            120.82603,
            22.05424
          ],
          [
            120.82597,
            22.05436
          ],
          [
            120.82553,
            22.05509
          ],
          [
            120.82546,
            22.05522
          ],
          [
            120.82542,
            22.05532
          ],
          [
            120.82539,
            22.05539
          ],
          [
            120.82534,
            22.05556
          ],
          [
            120.82533,
            22.05563
          ],
          [
            120.82533,
            22.05571
          ],
          [
            120.82533,
            22.05578
          ],
          [
            120.82533,
            22.05588
          ],
          [
            120.82533,
            22.05595
          ],
          [
            120.82535,
            22.05621
          ],
          [
            120.82539,
            22.05685
          ],
          [
            120.82543,
            22.05739
          ],
          [
            120.82544,
            22.05761
          ],
          [
            120.82544,
            22.05765
          ],
          [
            120.82543,
            22.05788
          ],
          [
            120.82541,
            22.05801
          ],
          [
            120.82539,
            22.0581
          ],
          [
            120.82521,
            22.0588
          ],
          [
            120.82515,
            22.05897
          ],
          [
            120.82513,
            22.05902
          ],
          [
            120.82511,
            22.05908
          ],
          [
            120.82508,
            22.05912
          ],
          [
            120.82506,
            22.05915
          ],
          [
            120.82494,
            22.05933
          ],
          [
            120.82491,
            22.05942
          ],
          [
            120.82488,
            22.0595
          ],
          [
            120.82487,
            22.05958
          ],
          [
            120.82487,
            22.05967
          ],
          [
            120.8249,
            22.05992
          ],
          [
            120.82495,
            22.06013
          ],
          [
            120.82503,
            22.06038
          ],
          [
            120.82513,
            22.06061
          ],
          [
            120.82515,
            22.06065
          ],
          [
            120.82517,
            22.0607
          ],
          [
            120.82518,
            22.06075
          ],
          [
            120.8252,
            22.06083
          ],
          [
            120.82521,
            22.06088
          ],
          [
            120.82521,
            22.06098
          ],
          [
            120.8252,
            22.06108
          ],
          [
            120.82514,
            22.0615
          ],
          [
            120.82511,
            22.06168
          ],
          [
            120.82509,
            22.06181
          ],
          [
            120.82509,
            22.06191
          ],
          [
            120.82511,
            22.06199
          ],
          [
            120.82516,
            22.06208
          ],
          [
            120.82531,
            22.06235
          ],
          [
            120.82533,
            22.06239
          ],
          [
            120.82534,
            22.06243
          ],
          [
            120.82536,
            22.06253
          ],
          [
            120.82536,
            22.06263
          ],
          [
            120.82535,
            22.06275
          ],
          [
            120.8253,
            22.06295
          ],
          [
            120.82527,
            22.06302
          ],
          [
            120.82516,
            22.06324
          ],
          [
            120.82505,
            22.06345
          ],
          [
            120.82502,
            22.06355
          ],
          [
            120.82502,
            22.06357
          ],
          [
            120.82502,
            22.06363
          ],
          [
            120.82502,
            22.06375
          ],
          [
            120.82506,
            22.06387
          ],
          [
            120.82511,
            22.06397
          ],
          [
            120.82535,
            22.0644
          ],
          [
            120.8254,
            22.0646
          ],
          [
            120.82544,
            22.06474
          ],
          [
            120.82549,
            22.06487
          ],
          [
            120.82552,
            22.06491
          ],
          [
            120.82553,
            22.06494
          ],
          [
            120.82558,
            22.065
          ],
          [
            120.82573,
            22.06518
          ],
          [
            120.82584,
            22.0653
          ],
          [
            120.82587,
            22.06534
          ],
          [
            120.82589,
            22.06538
          ],
          [
            120.82592,
            22.06543
          ],
          [
            120.82594,
            22.06547
          ],
          [
            120.82595,
            22.06552
          ],
          [
            120.82602,
            22.06588
          ],
          [
            120.82607,
            22.06605
          ],
          [
            120.82613,
            22.0662
          ],
          [
            120.82614,
            22.0662
          ],
          [
            120.82623,
            22.06637
          ],
          [
            120.82635,
            22.0665
          ],
          [
            120.82641,
            22.06658
          ],
          [
            120.8266,
            22.06677
          ],
          [
            120.8269,
            22.06705
          ],
          [
            120.82696,
            22.06712
          ],
          [
            120.82701,
            22.0672
          ],
          [
            120.82704,
            22.06724
          ],
          [
            120.82722,
            22.0676
          ],
          [
            120.82736,
            22.06792
          ],
          [
            120.82742,
            22.06808
          ],
          [
            120.82749,
            22.06822
          ],
          [
            120.82758,
            22.06837
          ],
          [
            120.82766,
            22.06845
          ],
          [
            120.82776,
            22.06852
          ],
          [
            120.82793,
            22.06861
          ],
          [
            120.82798,
            22.06864
          ],
          [
            120.82808,
            22.06872
          ],
          [
            120.82808,
            22.06873
          ],
          [
            120.82813,
            22.06879
          ],
          [
            120.82817,
            22.06887
          ],
          [
            120.82817,
            22.06888
          ],
          [
            120.8282,
            22.06894
          ],
          [
            120.82822,
            22.06902
          ],
          [
            120.82823,
            22.06905
          ],
          [
            120.82832,
            22.06949
          ],
          [
            120.82834,
            22.06961
          ],
          [
            120.82834,
            22.06973
          ],
          [
            120.82834,
            22.06983
          ],
          [
            120.82833,
            22.0699
          ],
          [
            120.82833,
            22.06994
          ],
          [
            120.8283,
            22.07012
          ],
          [
            120.82827,
            22.0703
          ],
          [
            120.82825,
            22.07042
          ],
          [
            120.82825,
            22.07053
          ],
          [
            120.82826,
            22.07062
          ],
          [
            120.82828,
            22.07069
          ],
          [
            120.82831,
            22.07076
          ],
          [
            120.82863,
            22.07146
          ],
          [
            120.82866,
            22.07152
          ],
          [
            120.82866,
            22.07153
          ],
          [
            120.82875,
            22.07174
          ],
          [
            120.8288,
            22.07189
          ],
          [
            120.8288,
            22.0719
          ],
          [
            120.82883,
            22.07204
          ],
          [
            120.82883,
            22.07222
          ],
          [
            120.82882,
            22.07237
          ],
          [
            120.82882,
            22.07243
          ],
          [
            120.82879,
            22.07263
          ],
          [
            120.82876,
            22.07283
          ],
          [
            120.8287,
            22.07326
          ],
          [
            120.82866,
            22.07355
          ],
          [
            120.82863,
            22.07373
          ],
          [
            120.8286,
            22.07388
          ],
          [
            120.82837,
            22.07456
          ],
          [
            120.82791,
            22.07594
          ],
          [
            120.82785,
            22.07615
          ],
          [
            120.82783,
            22.07627
          ],
          [
            120.82783,
            22.0764
          ],
          [
            120.82784,
            22.07659
          ],
          [
            120.82785,
            22.07682
          ],
          [
            120.82787,
            22.07707
          ],
          [
            120.82789,
            22.0774
          ],
          [
            120.82792,
            22.07784
          ],
          [
            120.82794,
            22.07795
          ],
          [
            120.82798,
            22.07841
          ],
          [
            120.82799,
            22.07866
          ],
          [
            120.828,
            22.07879
          ],
          [
            120.828,
            22.07882
          ],
          [
            120.828,
            22.07891
          ],
          [
            120.82801,
            22.07899
          ],
          [
            120.82801,
            22.07903
          ],
          [
            120.82801,
            22.07914
          ],
          [
            120.82801,
            22.07915
          ],
          [
            120.82801,
            22.0793
          ],
          [
            120.82801,
            22.07933
          ],
          [
            120.82799,
            22.07954
          ],
          [
            120.82798,
            22.07974
          ],
          [
            120.82797,
            22.07982
          ],
          [
            120.82798,
            22.08002
          ],
          [
            120.82798,
            22.08006
          ],
          [
            120.82799,
            22.08021
          ],
          [
            120.82799,
            22.08024
          ],
          [
            120.828,
            22.08041
          ],
          [
            120.828,
            22.08042
          ],
          [
            120.82802,
            22.0806
          ],
          [
            120.82802,
            22.08062
          ],
          [
            120.82804,
            22.08074
          ],
          [
            120.82805,
            22.08078
          ],
          [
            120.82805,
            22.08082
          ],
          [
            120.82808,
            22.08093
          ],
          [
            120.82809,
            22.08095
          ],
          [
            120.82811,
            22.08101
          ],
          [
            120.82816,
            22.08112
          ],
          [
            120.82818,
            22.08117
          ],
          [
            120.82825,
            22.08128
          ],
          [
            120.82832,
            22.08143
          ],
          [
            120.82833,
            22.08145
          ],
          [
            120.82838,
            22.08154
          ],
          [
            120.8285,
            22.08177
          ],
          [
            120.82858,
            22.08193
          ],
          [
            120.82867,
            22.08212
          ],
          [
            120.82876,
            22.08231
          ],
          [
            120.82887,
            22.08253
          ],
          [
            120.82893,
            22.08265
          ],
          [
            120.82899,
            22.08277
          ],
          [
            120.82904,
            22.08288
          ],
          [
            120.82908,
            22.08298
          ],
          [
            120.82909,
            22.08301
          ],
          [
            120.82912,
            22.08309
          ],
          [
            120.82915,
            22.08318
          ],
          [
            120.82918,
            22.08326
          ],
          [
            120.82921,
            22.08332
          ],
          [
            120.82922,
            22.08335
          ],
          [
            120.82926,
            22.08343
          ],
          [
            120.82929,
            22.08348
          ],
          [
            120.8293,
            22.0835
          ],
          [
            120.82934,
            22.08357
          ],
          [
            120.82939,
            22.08363
          ],
          [
            120.82939,
            22.08364
          ],
          [
            120.82945,
            22.0837
          ],
          [
            120.82952,
            22.08377
          ],
          [
            120.82953,
            22.08379
          ],
          [
            120.82962,
            22.08387
          ],
          [
            120.82965,
            22.0839
          ],
          [
            120.82972,
            22.08398
          ],
          [
            120.83018287987659,
            22.08444531218713
          ],
          [
            120.83019845581855,
            22.08446522974564
          ],
          [
            120.83020892888757,
            22.08448827846076
          ],
          [
            120.83021346539417,
            22.08451295307336
          ],
          [
            120.83021182407157,
            22.084537941303907
          ],
          [
            120.83020409221083,
            22.08456191419362
          ],
          [
            120.8301909137822,
            22.084583303379617
          ],
          [
            120.83001,
            22.08481
          ],
          [
            120.82995,
            22.08488
          ],
          [
            120.8299,
            22.08495
          ],
          [
            120.82987,
            22.08501
          ],
          [
            120.82983,
            22.08508
          ],
          [
            120.8298,
            22.08516
          ],
          [
            120.82978,
            22.08523
          ],
          [
            120.82976,
            22.08529
          ],
          [
            120.82975,
            22.08536
          ],
          [
            120.82974,
            22.08543
          ],
          [
            120.82974,
            22.08566
          ],
          [
            120.82974,
            22.08597
          ],
          [
            120.82974,
            22.08619
          ],
          [
            120.82974,
            22.08628
          ],
          [
            120.82973,
            22.08637
          ],
          [
            120.82973,
            22.08657
          ],
          [
            120.82972,
            22.0867
          ],
          [
            120.82972,
            22.08673
          ],
          [
            120.82971,
            22.08681
          ],
          [
            120.82969,
            22.0869
          ],
          [
            120.82967,
            22.08701
          ],
          [
            120.82966,
            22.08708
          ],
          [
            120.82962,
            22.08726
          ],
          [
            120.82958,
            22.08743
          ],
          [
            120.82951,
            22.08774
          ],
          [
            120.82945,
            22.08796
          ],
          [
            120.82941,
            22.0881
          ],
          [
            120.82935,
            22.08836
          ],
          [
            120.82922,
            22.08888
          ],
          [
            120.8292,
            22.08895
          ],
          [
            120.82916,
            22.08912
          ],
          [
            120.82911,
            22.08929
          ],
          [
            120.82905,
            22.08948
          ],
          [
            120.829,
            22.08965
          ],
          [
            120.82898,
            22.08975
          ],
          [
            120.82897,
            22.08977
          ],
          [
            120.82896,
            22.08986
          ],
          [
            120.82895,
            22.08997
          ],
          [
            120.82894,
            22.09013
          ],
          [
            120.82893,
            22.09029
          ],
          [
            120.82893,
            22.09036
          ],
          [
            120.82892,
            22.09056
          ],
          [
            120.82892,
            22.09065
          ],
          [
            120.82893,
            22.09074
          ],
          [
            120.82894,
            22.0908
          ],
          [
            120.82895,
            22.09084
          ],
          [
            120.82897,
            22.09091
          ],
          [
            120.82898,
            22.09097
          ],
          [
            120.82899,
            22.09101
          ],
          [
            120.829,
            22.09107
          ],
          [
            120.829,
            22.09111
          ],
          [
            120.829,
            22.09118
          ],
          [
            120.829,
            22.09124
          ],
          [
            120.829,
            22.09129
          ],
          [
            120.829,
            22.09133
          ],
          [
            120.82892529966311,
            22.09193090369757
          ],
          [
            120.82892466622162,
            22.091948422361366
          ],
          [
            120.82892708411565,
            22.091965892577427
          ],
          [
            120.82893250027364,
            22.091982767312142
          ],
          [
            120.8289407718826,
            22.091998601613383
          ],
          [
            120.8289516808372,
            22.092012977963122
          ],
          [
            120.82896463350113,
            22.092025270569184
          ],
          [
            120.82917,
            22.09219
          ],
          [
            120.82925,
            22.09226
          ],
          [
            120.82933,
            22.09234
          ],
          [
            120.82939,
            22.09239
          ],
          [
            120.82955,
            22.09252
          ],
          [
            120.82968,
            22.09263
          ],
          [
            120.82976,
            22.09269
          ],
          [
            120.82981,
            22.09275
          ],
          [
            120.82981,
            22.09276
          ],
          [
            120.82986,
            22.09282
          ],
          [
            120.82991,
            22.09289
          ],
          [
            120.82995,
            22.09296
          ],
          [
            120.82998,
            22.09303
          ],
          [
            120.83001,
            22.09312
          ],
          [
            120.83002,
            22.09315
          ],
          [
            120.83006,
            22.09328
          ],
          [
            120.83008,
            22.09341
          ],
          [
            120.8301,
            22.09352
          ],
          [
            120.83011,
            22.0936
          ],
          [
            120.83012,
            22.0937
          ],
          [
            120.83013,
            22.09383
          ],
          [
            120.83014,
            22.09394
          ],
          [
            120.83015,
            22.09403
          ],
          [
            120.83015,
            22.09409
          ],
          [
            120.83017,
            22.09421
          ],
          [
            120.8302,
            22.094360000000002
          ],
          [
            120.83027,
            22.09457
          ],
          [
            120.83034,
            22.09486
          ],
          [
            120.83044,
            22.09521
          ],
          [
            120.83057,
            22.09559
          ],
          [
            120.8309560102943,
            22.096605752566354
          ],
          [
            120.83096168689023,
            22.096628156221552
          ],
          [
            120.8309621503267,
            22.096651411809226
          ],
          [
            120.83095729381132,
            22.096674225715514
          ],
          [
            120.83094734029338,
            22.09669555061691
          ],
          [
            120.83093274671141,
            22.096714407546003
          ],
          [
            120.83091449778809,
            22.096729718883896
          ],
          [
            120.83069,
            22.09688
          ],
          [
            120.83065,
            22.09691
          ],
          [
            120.83059,
            22.09695
          ],
          [
            120.83002114634186,
            22.097293347250304
          ],
          [
            120.8300094899316,
            22.09730177170071
          ],
          [
            120.8299992717876,
            22.097312061751335
          ],
          [
            120.82999101719265,
            22.097323786311453
          ],
          [
            120.82998495326967,
            22.097336622783008
          ],
          [
            120.82998124686583,
            22.097350217974025
          ],
          [
            120.82998000000003,
            22.097364197816564
          ],
          [
            120.82998,
            22.09756
          ],
          [
            120.82998,
            22.0976
          ],
          [
            120.82998,
            22.09766
          ],
          [
            120.82998,
            22.09778
          ],
          [
            120.82998,
            22.09789
          ],
          [
            120.83,
            22.09804
          ],
          [
            120.83002,
            22.09827
          ],
          [
            120.83005,
            22.09866
          ],
          [
            120.83005,
            22.09879
          ],
          [
            120.83005,
            22.09883
          ],
          [
            120.83006,
            22.09899
          ],
          [
            120.83006,
            22.09931
          ],
          [
            120.83007,
            22.09954
          ],
          [
            120.83008,
            22.09968
          ],
          [
            120.83008,
            22.09973
          ],
          [
            120.8301,
            22.0998
          ],
          [
            120.83014,
            22.09988
          ],
          [
            120.83019,
            22.09997
          ],
          [
            120.83025,
            22.10006
          ],
          [
            120.83036,
            22.10021
          ],
          [
            120.83045,
            22.10036
          ],
          [
            120.83056,
            22.10049
          ],
          [
            120.83067,
            22.10065
          ],
          [
            120.83067,
            22.10066
          ],
          [
            120.83111081358855,
            22.101139737963692
          ],
          [
            120.8311259773905,
            22.101153583567978
          ],
          [
            120.83114322967319,
            22.101164448133343
          ],
          [
            120.83116228061776,
            22.101172270602426
          ],
          [
            120.83118252051244,
            22.101176800622746
          ],
          [
            120.831203301594,
            22.101177893214253
          ],
          [
            120.8312241240898,
            22.101175480036556
          ],
          [
            120.83155,
            22.10111
          ],
          [
            120.83161,
            22.10109
          ],
          [
            120.83167,
            22.10106
          ],
          [
            120.83176,
            22.10101
          ],
          [
            120.83234710013737,
            22.10046795508122
          ],
          [
            120.83236834995222,
            22.100452327156503
          ],
          [
            120.83239250553636,
            22.10044182151422
          ],
          [
            120.832418589532,
            22.10043672034469
          ],
          [
            120.83244523328942,
            22.100437291310673
          ],
          [
            120.83247103878769,
            22.100443504453086
          ],
          [
            120.8324949665648,
            22.100455233998492
          ],
          [
            120.83285,
            22.10068
          ],
          [
            120.83305,
            22.10079
          ],
          [
            120.8335,
            22.10102
          ],
          [
            120.83385,
            22.10118
          ],
          [
            120.83392,
            22.10122
          ],
          [
            120.83398,
            22.10125
          ],
          [
            120.83404,
            22.10128
          ],
          [
            120.83452063164387,
            22.101682741525064
          ],
          [
            120.83453641008569,
            22.10169358731821
          ],
          [
            120.83455387219132,
            22.1017011655696
          ],
          [
            120.83457259001382,
            22.10170539372875
          ],
          [
            120.8345918333864,
            22.101706106858664
          ],
          [
            120.83461085164099,
            22.101703277140732
          ],
          [
            120.83462914634445,
            22.101696903493824
          ],
          [
            120.83482,
            22.10161
          ],
          [
            120.83483,
            22.10161
          ],
          [
            120.83545,
            22.10141
          ],
          [
            120.83562,
            22.10136
          ],
          [
            120.83571,
            22.10132
          ],
          [
            120.83578,
            22.10128
          ],
          [
            120.83587,
            22.10121
          ],
          [
            120.83589,
            22.10119
          ],
          [
            120.836,
            22.10109
          ],
          [
            120.83608,
            22.10101
          ],
          [
            120.83612,
            22.10097
          ],
          [
            120.83618,
            22.10093
          ],
          [
            120.83623,
            22.10092
          ],
          [
            120.8363,
            22.1009
          ],
          [
            120.83635,
            22.1009
          ],
          [
            120.83659,
            22.10088
          ],
          [
            120.83661,
            22.10088
          ],
          [
            120.83668,
            22.10087
          ],
          [
            120.83706,
            22.10087
          ],
          [
            120.83721,
            22.10087
          ],
          [
            120.83727,
            22.10087
          ],
          [
            120.83736,
            22.10086
          ],
          [
            120.83746,
            22.10087
          ],
          [
            120.83752,
            22.10089
          ],
          [
            120.83757,
            22.10091
          ],
          [
            120.83764,
            22.10094
          ],
          [
            120.83775,
            22.10099
          ],
          [
            120.83787,
            22.10109
          ],
          [
            120.8379,
            22.10112
          ],
          [
            120.83794,
            22.10116
          ],
          [
            120.83801,
            22.10121
          ],
          [
            120.83802,
            22.10122
          ],
          [
            120.83812,
            22.10129
          ],
          [
            120.83821,
            22.10134
          ],
          [
            120.83827,
            22.10138
          ],
          [
            120.83833,
            22.1014
          ],
          [
            120.83842,
            22.10144
          ],
          [
            120.83855,
            22.10147
          ],
          [
            120.83872,
            22.10149
          ],
          [
            120.83876,
            22.10149
          ],
          [
            120.83882,
            22.1015
          ],
          [
            120.83898,
            22.1015
          ],
          [
            120.83901,
            22.1015
          ],
          [
            120.83911,
            22.10151
          ],
          [
            120.8392,
            22.10152
          ],
          [
            120.83921,
            22.10152
          ],
          [
            120.83934,
            22.10154
          ],
          [
            120.8394,
            22.10156
          ],
          [
            120.83945,
            22.10158
          ],
          [
            120.83951,
            22.10161
          ],
          [
            120.83952,
            22.10162
          ],
          [
            120.83956,
            22.10165
          ],
          [
            120.83962,
            22.10169
          ],
          [
            120.83971,
            22.10176
          ],
          [
            120.8398,
            22.10183
          ],
          [
            120.83991,
            22.10192
          ],
          [
            120.84001,
            22.10199
          ],
          [
            120.84007,
            22.10205
          ],
          [
            120.84012,
            22.10212
          ],
          [
            120.84015,
            22.10218
          ],
          [
            120.84016,
            22.10221
          ],
          [
            120.84017,
            22.10224
          ],
          [
            120.84018,
            22.10233
          ],
          [
            120.84019,
            22.10242
          ],
          [
            120.8402,
            22.10261
          ],
          [
            120.84021,
            22.10279
          ],
          [
            120.84021,
            22.10303
          ],
          [
            120.84022,
            22.10315
          ],
          [
            120.84023,
            22.10329
          ],
          [
            120.84024,
            22.10342
          ],
          [
            120.84027,
            22.10354
          ],
          [
            120.84029,
            22.1036
          ],
          [
            120.8403,
            22.10363
          ],
          [
            120.8403,
            22.10366
          ],
          [
            120.84034,
            22.10377
          ],
          [
            120.84036,
            22.10382
          ],
          [
            120.84039,
            22.10394
          ],
          [
            120.84041,
            22.10403
          ],
          [
            120.84042,
            22.10408
          ],
          [
            120.84044,
            22.10411
          ],
          [
            120.84045,
            22.10413
          ],
          [
            120.84046,
            22.10415
          ],
          [
            120.84076632319946,
            22.104663309384243
          ],
          [
            120.84078136883414,
            22.104683112119456
          ],
          [
            120.84080047186788,
            22.104699112626463
          ],
          [
            120.84082287053279,
            22.10471081504188
          ],
          [
            120.84084747442604,
            22.1047176496734
          ],
          [
            120.84087308579079,
            22.10471928380024
          ],
          [
            120.84089865692604,
            22.104715587627826
          ],
          [
            120.84132123657164,
            22.104609474390788
          ],
          [
            120.84133472945517,
            22.104604946935215
          ],
          [
            120.84134740653246,
            22.104598385440138
          ],
          [
            120.84135878215704,
            22.104590000652586
          ],
          [
            120.84136855795174,
            22.104580012501557
          ],
          [
            120.84137647750204,
            22.104568682971514
          ],
          [
            120.84138239689938,
            22.104556137551214
          ],
          [
            120.84175483043923,
            22.103557865740676
          ],
          [
            120.84177418137253,
            22.103525215811977
          ],
          [
            120.84180402116897,
            22.103500730323553
          ],
          [
            120.84184095183123,
            22.103487042395386
          ],
          [
            120.841880665385,
            22.10348574872894
          ],
          [
            120.84191852923075,
            22.10349700023085
          ],
          [
            120.8419504031212,
            22.103519763981115
          ],
          [
            120.8422,
            22.10377
          ],
          [
            120.8426512810865,
            22.104337727858038
          ],
          [
            120.84274899770396,
            22.10431813904505
          ],
          [
            120.84275630361441,
            22.10431607963261
          ],
          [
            120.84276322512143,
            22.104312929090778
          ],
          [
            120.84276951488383,
            22.1043087827986
          ],
          [
            120.84277500979093,
            22.10430374828074
          ],
          [
            120.8427795673448,
            22.10429795609598
          ],
          [
            120.84278311436765,
            22.104291454375726
          ],
          [
            120.84289,
            22.10405
          ],
          [
            120.84289,
            22.10403
          ],
          [
            120.84294,
            22.10396
          ],
          [
            120.843,
            22.10387
          ],
          [
            120.84308,
            22.10379
          ],
          [
            120.84315,
            22.10373
          ],
          [
            120.84322,
            22.10367
          ],
          [
            120.84327,
            22.10365
          ],
          [
            120.84328,
            22.10364
          ],
          [
            120.84331,
            22.10362
          ],
          [
            120.84341,
            22.10357
          ],
          [
            120.84351,
            22.10351
          ],
          [
            120.8436,
            22.10347
          ],
          [
            120.84361,
            22.10346
          ],
          [
            120.84362,
            22.10346
          ],
          [
            120.8437,
            22.10343
          ],
          [
            120.84379,
            22.1034
          ],
          [
            120.8439,
            22.10337
          ],
          [
            120.84397,
            22.10335
          ],
          [
            120.84404,
            22.10332
          ],
          [
            120.84414,
            22.10328
          ],
          [
            120.84423,
            22.10324
          ],
          [
            120.84433,
            22.1032
          ],
          [
            120.84434,
            22.1032
          ],
          [
            120.84435,
            22.10319
          ],
          [
            120.84444,
            22.10315
          ],
          [
            120.8445,
            22.10311
          ],
          [
            120.84451,
            22.10311
          ],
          [
            120.84464,
            22.10304
          ],
          [
            120.84520464370205,
            22.102734497632675
          ],
          [
            120.8452242767241,
            22.10272596994987
          ],
          [
            120.84524491208794,
            22.102721036994254
          ],
          [
            120.84526616549897,
            22.102719697052315
          ],
          [
            120.84528732451697,
            22.102721995040543
          ],
          [
            120.84530767986585,
            22.102727853927572
          ],
          [
            120.84532686257718,
            22.102737267190786
          ],
          [
            120.84563,
            22.10292
          ],
          [
            120.84568,
            22.10297
          ],
          [
            120.84578434873177,
            22.103179416471967
          ],
          [
            120.8457951324637,
            22.103196676805617
          ],
          [
            120.84580903168988,
            22.103211507533434
          ],
          [
            120.84582567485091,
            22.103223631511963
          ],
          [
            120.845844466724,
            22.10323261514155
          ],
          [
            120.84586473524016,
            22.10323813713338
          ],
          [
            120.84588575552034,
            22.10324
          ],
          [
            120.84623208562756,
            22.10324
          ],
          [
            120.84623646317205,
            22.103240336084735
          ],
          [
            120.84624072295827,
            22.103241335298065
          ],
          [
            120.84624475039574,
            22.103242970760636
          ],
          [
            120.84624843714425,
            22.103245198477637
          ],
          [
            120.84625168402836,
            22.10324795852231
          ],
          [
            120.84625445145898,
            22.10325124407294
          ],
          [
            120.8464236826426,
            22.10348923796241
          ],
          [
            120.84642880390332,
            22.103495305695702
          ],
          [
            120.84643480906433,
            22.10350040216644
          ],
          [
            120.84644162552297,
            22.10350451534183
          ],
          [
            120.84644907031213,
            22.103507534816192
          ],
          [
            120.8464569435991,
            22.103509379540924
          ],
          [
            120.84646503404947,
            22.10351
          ],
          [
            120.8472,
            22.10351
          ],
          [
            120.84729,
            22.10352
          ],
          [
            120.84738,
            22.10352
          ],
          [
            120.84742,
            22.10353
          ],
          [
            120.84818181679778,
            22.10353
          ],
          [
            120.84819130865637,
            22.10353071187614
          ],
          [
            120.84820055678017,
            22.10353282922479
          ],
          [
            120.84820932369307,
            22.103536297676044
          ],
          [
            120.84821738427561,
            22.103541028165953
          ],
          [
            120.84822453154577,
            22.103546899223584
          ],
          [
            120.84823069354027,
            22.103553910122514
          ],
          [
            120.84831,
            22.10366
          ],
          [
            120.84834,
            22.10371
          ],
          [
            120.84841,
            22.10382
          ],
          [
            120.84842,
            22.10384
          ],
          [
            120.84849,
            22.10396
          ],
          [
            120.84852,
            22.104
          ],
          [
            120.84857,
            22.10408
          ],
          [
            120.84867,
            22.10419
          ],
          [
            120.84873,
            22.10429
          ],
          [
            120.84877,
            22.10436
          ],
          [
            120.84879,
            22.10441
          ],
          [
            120.8488,
            22.10446
          ],
          [
            120.84881,
            22.10452
          ],
          [
            120.84881,
            22.10459
          ],
          [
            120.84881,
            22.10466
          ],
          [
            120.84881000000001,
            22.10531144201194
          ],
          [
            120.84881396452634,
            22.1053395389001
          ],
          [
            120.84882558792918,
            22.105365721029916
          ],
          [
            120.84884407809207,
            22.10538820413078
          ],
          [
            120.84886817493974,
            22.105405456015035
          ],
          [
            120.84889623631024,
            22.105416300994147
          ],
          [
            120.84892634986632,
            22.10542
          ],
          [
            120.84929,
            22.10542
          ],
          [
            120.84932,
            22.10542
          ],
          [
            120.84938,
            22.10541
          ],
          [
            120.84946,
            22.10541
          ],
          [
            120.85014464937736,
            22.105262564119172
          ],
          [
            120.85016811002923,
            22.105259774790426
          ],
          [
            120.85019151340646,
            22.105261439801996
          ],
          [
            120.85021408242488,
            22.10526745347299
          ],
          [
            120.85023489863343,
            22.105277571075774
          ],
          [
            120.85025311491204,
            22.105291380872345
          ],
          [
            120.85026819724622,
            22.105308613816785
          ],
          [
            120.85046520287162,
            22.1055854536007
          ],
          [
            120.85047125369655,
            22.105592626959115
          ],
          [
            120.85047835004467,
            22.10559865235089
          ],
          [
            120.8504864059057,
            22.10560351534647
          ],
          [
            120.8504952049025,
            22.105607085327783
          ],
          [
            120.85050451069763,
            22.105609266406585
          ],
          [
            120.8505140733413,
            22.10561
          ],
          [
            120.8512953466879,
            22.10561
          ],
          [
            120.85130600833168,
            22.10561084450878
          ],
          [
            120.85131636481022,
            22.105613353862978
          ],
          [
            120.85132611969294,
            22.105617456238054
          ],
          [
            120.85133499376859,
            22.105623034212883
          ],
          [
            120.85134273303699,
            22.105629928130654
          ],
          [
            120.85134922033946,
            22.105638098484924
          ],
          [
            120.85151032469439,
            22.10588061981162
          ],
          [
            120.8515171179145,
            22.10588916381155
          ],
          [
            120.85152521892391,
            22.10589637227994
          ],
          [
            120.85153450565966,
            22.105902204430677
          ],
          [
            120.85154471267937,
            22.10590649356364
          ],
          [
            120.85155554823623,
            22.105909117082728
          ],
          [
            120.85156670261807,
            22.10591
          ],
          [
            120.85236547865719,
            22.10591
          ],
          [
            120.85239717780745,
            22.105914647710897
          ],
          [
            120.85242582127593,
            22.1059281428213
          ],
          [
            120.85244864793738,
            22.105949184452083
          ],
          [
            120.85246345738538,
            22.105975744267244
          ],
          [
            120.85246882204348,
            22.106005261998057
          ],
          [
            120.85246428484217,
            22.106034709999765
          ],
          [
            120.85220272534843,
            22.106822642122577
          ],
          [
            120.85219779063681,
            22.106860557832185
          ],
          [
            120.85220732787224,
            22.106897918275184
          ],
          [
            120.85223021105247,
            22.10692984227117
          ],
          [
            120.85226357612875,
            22.106952334226882
          ],
          [
            120.85230324714284,
            22.106962579059054
          ],
          [
            120.8523444580601,
            22.106959244275625
          ],
          [
            120.85278,
            22.10685
          ],
          [
            120.85342740249317,
            22.106524533091896
          ],
          [
            120.85344449926302,
            22.106517736318395
          ],
          [
            120.85346237380367,
            22.106514093986505
          ],
          [
            120.85348066212296,
            22.106513603624826
          ],
          [
            120.853498731351,
            22.1065162822024
          ],
          [
            120.85351595619962,
            22.106522037026664
          ],
          [
            120.85353200669145,
            22.106530848096824
          ],
          [
            120.85371,
            22.10665
          ],
          [
            120.8543747910783,
            22.107127787581433
          ],
          [
            120.85437913590408,
            22.10713041340385
          ],
          [
            120.85438379605996,
            22.10713228456474
          ],
          [
            120.85438872437666,
            22.107133408354
          ],
          [
            120.8543937842289,
            22.10713375361737
          ],
          [
            120.8543988353449,
            22.107133310783283
          ],
          [
            120.85440380184713,
            22.107132070629373
          ],
          [
            120.85501014647356,
            22.106929090735875
          ],
          [
            120.85504999425228,
            22.106922604367814
          ],
          [
            120.85508956873409,
            22.106929154838543
          ],
          [
            120.85512439323028,
            22.10694787775194
          ],
          [
            120.85515031216408,
            22.10697653891904
          ],
          [
            120.85516423265165,
            22.107011718227728
          ],
          [
            120.85516451559202,
            22.10704909468999
          ],
          [
            120.85503205405271,
            22.10777973895928
          ],
          [
            120.85503274079468,
            22.10781907818544
          ],
          [
            120.8550484821262,
            22.10785571082149
          ],
          [
            120.85507721959333,
            22.107884671926712
          ],
          [
            120.85511515483563,
            22.10790213358137
          ],
          [
            120.85515727378124,
            22.10790578779991
          ],
          [
            120.85519830015693,
            22.10789501827618
          ],
          [
            120.85587685312107,
            22.10758539155689
          ],
          [
            120.85588817723449,
            22.10758128272974
          ],
          [
            120.8558999003697,
            22.10757908827061
          ],
          [
            120.85591185291916,
            22.107578792645327
          ],
          [
            120.85592368420045,
            22.10758040452739
          ],
          [
            120.855935047089,
            22.107583876624904
          ],
          [
            120.8559457961964,
            22.10758922083637
          ],
          [
            120.85635011933411,
            22.107832525265753
          ],
          [
            120.8563886146674,
            22.107847592949607
          ],
          [
            120.85642996256892,
            22.107849062843947
          ],
          [
            120.85646924715142,
            22.1078369389397
          ],
          [
            120.85650150005505,
            22.107812754558967
          ],
          [
            120.85652264222335,
            22.107779568324183
          ],
          [
            120.85653,
            22.107741577331122
          ],
          [
            120.85653,
            22.107016121533853
          ],
          [
            120.85653682582522,
            22.106979485864702
          ],
          [
            120.85655650241704,
            22.106947148710926
          ],
          [
            120.85658672109284,
            22.10692290423695
          ],
          [
            120.85662393625225,
            22.106909597081525
          ],
          [
            120.85666378138748,
            22.1069087885922
          ],
          [
            120.85670188254674,
            22.106920725806987
          ],
          [
            120.85733519298522,
            22.107238523617813
          ],
          [
            120.8573669046765,
            22.107249388335816
          ],
          [
            120.85740028357878,
            22.10725132219453
          ],
          [
            120.85743287321155,
            22.107244317525453
          ],
          [
            120.85746198109437,
            22.107228953038213
          ],
          [
            120.85748520240104,
            22.107206498111356
          ],
          [
            120.85750070173673,
            22.107178584725016
          ],
          [
            120.85767036252936,
            22.106724491335424
          ],
          [
            120.85767831884293,
            22.106707741847675
          ],
          [
            120.85768902355002,
            22.10669266451529
          ],
          [
            120.85770226249421,
            22.106679454550015
          ],
          [
            120.8577176682371,
            22.106668478585984
          ],
          [
            120.85773481320213,
            22.10666004125403
          ],
          [
            120.85775304072546,
            22.10665441728731
          ],
          [
            120.85831,
            22.10653
          ],
          [
            120.85907522435294,
            22.10642013198908
          ],
          [
            120.85910180340188,
            22.10641915642399
          ],
          [
            120.85912780750367,
            22.10642380413143
          ],
          [
            120.85915201210808,
            22.10643381683196
          ],
          [
            120.85917316380217,
            22.106448676027174
          ],
          [
            120.85919016726508,
            22.106467612247446
          ],
          [
            120.85920223418414,
            22.10648987780039
          ],
          [
            120.85942051949871,
            22.107037778803676
          ],
          [
            120.85943753652391,
            22.107066522180393
          ],
          [
            120.85946276862771,
            22.107089060718316
          ],
          [
            120.85949403377458,
            22.10710359572383
          ],
          [
            120.85952851391212,
            22.107108817098894
          ],
          [
            120.85956310120791,
            22.107104254220133
          ],
          [
            120.85959499268931,
            22.10709012022506
          ],
          [
            120.86036291322529,
            22.10660830803418
          ],
          [
            120.86039583731119,
            22.10659388461403
          ],
          [
            120.86043154647263,
            22.106589640334438
          ],
          [
            120.86046693701944,
            22.106595783166654
          ],
          [
            120.86049862130517,
            22.1066117251078
          ],
          [
            120.86052356645328,
            22.106635940166726
          ],
          [
            120.86053945220033,
            22.106666315628495
          ],
          [
            120.86069,
            22.10712
          ],
          [
            120.86069,
            22.10715
          ],
          [
            120.86069,
            22.107811617501525
          ],
          [
            120.86069131492377,
            22.107823585678453
          ],
          [
            120.86069520500072,
            22.107835056037555
          ],
          [
            120.86070150842258,
            22.107845551467793
          ],
          [
            120.86070996299775,
            22.107854635410426
          ],
          [
            120.86072021705708,
            22.107861930017727
          ],
          [
            120.86073171062951,
            22.10786708696499
          ],
          [
            120.86086,
            22.10791
          ],
          [
            120.86094,
            22.10794
          ],
          [
            120.86097,
            22.10796
          ],
          [
            120.86113,
            22.108
          ],
          [
            120.86115,
            22.108
          ],
          [
            120.86135,
            22.10807
          ],
          [
            120.86149,
            22.10814
          ],
          [
            120.86163,
            22.10821
          ],
          [
            120.86181,
            22.10832
          ],
          [
            120.86198,
            22.10842
          ],
          [
            120.8621,
            22.10847
          ],
          [
            120.86215,
            22.10849
          ],
          [
            120.86219,
            22.1085
          ],
          [
            120.86225,
            22.1085
          ],
          [
            120.86232,
            22.1085
          ],
          [
            120.86235,
            22.1085
          ],
          [
            120.86254,
            22.10847
          ],
          [
            120.86273,
            22.10843
          ],
          [
            120.86289,
            22.10841
          ],
          [
            120.86298,
            22.1084
          ],
          [
            120.86303,
            22.10839
          ],
          [
            120.86352,
            22.10844
          ],
          [
            120.864,
            22.10849
          ],
          [
            120.86402,
            22.10849
          ],
          [
            120.86413,
            22.10851
          ],
          [
            120.86419,
            22.10852
          ],
          [
            120.86423,
            22.10854
          ],
          [
            120.8643,
            22.10857
          ],
          [
            120.86436,
            22.1086
          ],
          [
            120.86437,
            22.1086
          ],
          [
            120.86443,
            22.10865
          ],
          [
            120.86451,
            22.10871
          ],
          [
            120.86455,
            22.10874
          ],
          [
            120.86465,
            22.10884
          ],
          [
            120.86467,
            22.10885
          ],
          [
            120.86489,
            22.10909
          ],
          [
            120.86491,
            22.10911
          ],
          [
            120.865,
            22.1092
          ],
          [
            120.86508,
            22.10928
          ],
          [
            120.86534,
            22.10947
          ],
          [
            120.86547,
            22.10956
          ],
          [
            120.86564,
            22.10969
          ],
          [
            120.86579,
            22.1098
          ],
          [
            120.8658,
            22.10981
          ],
          [
            120.86594,
            22.10992
          ],
          [
            120.86601,
            22.10997
          ],
          [
            120.86606,
            22.11002
          ],
          [
            120.86632,
            22.11033
          ],
          [
            120.86644,
            22.11047
          ],
          [
            120.86653,
            22.11058
          ],
          [
            120.8667,
            22.11076
          ],
          [
            120.8668,
            22.11088
          ],
          [
            120.86681,
            22.11089
          ],
          [
            120.86689,
            22.11099
          ],
          [
            120.86698,
            22.11111
          ],
          [
            120.86722,
            22.11149
          ],
          [
            120.86724,
            22.11152
          ],
          [
            120.86732,
            22.11165
          ],
          [
            120.86734,
            22.11168
          ],
          [
            120.86761,
            22.1121
          ],
          [
            120.86775,
            22.1123
          ],
          [
            120.86783,
            22.1124
          ],
          [
            120.86789,
            22.11245
          ],
          [
            120.86794,
            22.1125
          ],
          [
            120.86799,
            22.11254
          ],
          [
            120.86817,
            22.11272
          ],
          [
            120.86835,
            22.11289
          ],
          [
            120.86848,
            22.11302
          ],
          [
            120.86861,
            22.11314
          ],
          [
            120.86916021665978,
            22.113667684575532
          ],
          [
            120.86917470465049,
            22.113684854027873
          ],
          [
            120.86918535865354,
            22.113704739329084
          ],
          [
            120.8691914474052,
            22.113726232524392
          ],
          [
            120.86919271555803,
            22.11374843224163
          ],
          [
            120.86918910992884,
            22.113770407478818
          ],
          [
            120.86918092527166,
            22.11379096504301
          ],
          [
            120.86867660464334,
            22.114741516467596
          ],
          [
            120.86866579600112,
            22.114758100972427
          ],
          [
            120.86865223045359,
            22.11477241660673
          ],
          [
            120.86863618469552,
            22.114784291408053
          ],
          [
            120.86861815585654,
            22.114793357471356
          ],
          [
            120.86859870250605,
            22.114799333911886
          ],
          [
            120.86857847132194,
            22.11480203335096
          ],
          [
            120.86771000893741,
            22.114845663663417
          ],
          [
            120.86769225101882,
            22.114848070048744
          ],
          [
            120.86767520759773,
            22.114853419085353
          ],
          [
            120.86765946994774,
            22.114861535150954
          ],
          [
            120.8676455491706,
            22.114872154665193
          ],
          [
            120.86763389736265,
            22.114884932744783
          ],
          [
            120.86762478089838,
            22.11489968069919
          ],
          [
            120.86741199124037,
            22.115327338067406
          ],
          [
            120.86740195542151,
            22.11534374586325
          ],
          [
            120.86738924149496,
            22.115358075152972
          ],
          [
            120.86737409210116,
            22.115370169009537
          ],
          [
            120.86735695205788,
            22.115379672332114
          ],
          [
            120.86733832463247,
            22.115386306083348
          ],
          [
            120.8673188436756,
            22.115389866714423
          ],
          [
            120.86672,
            22.11545
          ],
          [
            120.86643,
            22.11549
          ],
          [
            120.86635,
            22.1155
          ],
          [
            120.86612658795326,
            22.1155
          ],
          [
            120.86611082914031,
            22.115501210164826
          ],
          [
            120.8660954945208,
            22.11550480808426
          ],
          [
            120.8660809968698,
            22.11551069691003
          ],
          [
            120.86606772643292,
            22.115518718127586
          ],
          [
            120.86605604042184,
            22.115528655822956
          ],
          [
            120.86604608169871,
            22.115540485121436
          ],
          [
            120.86562,
            22.11614
          ],
          [
            120.86561,
            22.11615
          ],
          [
            120.86555,
            22.11625
          ],
          [
            120.86546,
            22.11636
          ],
          [
            120.86531,
            22.11654
          ],
          [
            120.86508,
            22.11678
          ],
          [
            120.86496,
            22.11689
          ],
          [
            120.86485,
            22.11698
          ],
          [
            120.8648,
            22.11702
          ],
          [
            120.86475,
            22.11705
          ],
          [
            120.86467,
            22.11708
          ],
          [
            120.86462,
            22.1171
          ],
          [
            120.86455,
            22.11712
          ],
          [
            120.86446,
            22.11714
          ],
          [
            120.8644,
            22.11715
          ],
          [
            120.86431,
            22.11718
          ],
          [
            120.86422,
            22.11722
          ],
          [
            120.8641,
            22.11728
          ],
          [
            120.8639,
            22.11736
          ],
          [
            120.86322731494099,
            22.11781911084131
          ],
          [
            120.86320428495499,
            22.117840126695093
          ],
          [
            120.86318816997843,
            22.11786656686657
          ],
          [
            120.8631805496353,
            22.117896140056672
          ],
          [
            120.86318202212725,
            22.11792652475185
          ],
          [
            120.8631924718627,
            22.117955335734894
          ],
          [
            120.8632108016985,
            22.117980031919878
          ],
          [
            120.86375991995423,
            22.11853126106175
          ],
          [
            120.86379120793382,
            22.118553733480326
          ],
          [
            120.863828346418,
            22.11856509478852
          ],
          [
            120.86386742222079,
            22.118564342610863
          ],
          [
            120.86390402678488,
            22.118551561808523
          ],
          [
            120.86393403035974,
            22.11852819431988
          ],
          [
            120.86395414682329,
            22.118496637582563
          ],
          [
            120.86418268616714,
            22.117946251161584
          ],
          [
            120.86419114778505,
            22.1179299239012
          ],
          [
            120.8642022278785,
            22.11791533460475
          ],
          [
            120.8642157245958,
            22.117902640018578
          ],
          [
            120.86423127179215,
            22.1178921845269
          ],
          [
            120.86424844769651,
            22.117884251770818
          ],
          [
            120.86426662107893,
            22.117879090307554
          ],
          [
            120.86471,
            22.11779
          ],
          [
            120.8648,
            22.11776
          ],
          [
            120.86488,
            22.11774
          ],
          [
            120.86496,
            22.1177
          ],
          [
            120.86504,
            22.11765
          ],
          [
            120.86526,
            22.11751
          ],
          [
            120.86557,
            22.11733
          ],
          [
            120.86563,
            22.1173
          ],
          [
            120.86579,
            22.11721
          ],
          [
            120.86588,
            22.11716
          ],
          [
            120.8663639891861,
            22.116916748036367
          ],
          [
            120.86638184361992,
            22.116909438021928
          ],
          [
            120.86640041784995,
            22.116905064026295
          ],
          [
            120.86641950959859,
            22.116903592562224
          ],
          [
            120.86643860139267,
            22.116905063513066
          ],
          [
            120.86645717575777,
            22.11690943700938
          ],
          [
            120.86647503040095,
            22.11691674654677
          ],
          [
            120.8668,
            22.11708
          ],
          [
            120.86684,
            22.1171
          ],
          [
            120.86689,
            22.11713
          ],
          [
            120.86692,
            22.11717
          ],
          [
            120.86696,
            22.11721
          ],
          [
            120.86704,
            22.1173
          ],
          [
            120.86714,
            22.11744
          ],
          [
            120.86722,
            22.11753
          ],
          [
            120.86723,
            22.11754
          ],
          [
            120.86725,
            22.11756
          ],
          [
            120.86727,
            22.11758
          ],
          [
            120.86731,
            22.1176
          ],
          [
            120.86737,
            22.11763
          ],
          [
            120.86745,
            22.11765
          ],
          [
            120.86758,
            22.11768
          ],
          [
            120.86762,
            22.11769
          ],
          [
            120.86777,
            22.11771
          ],
          [
            120.8678,
            22.11772
          ],
          [
            120.86792,
            22.11775
          ],
          [
            120.86801,
            22.11778
          ],
          [
            120.86816,
            22.11785
          ],
          [
            120.86822,
            22.11788
          ],
          [
            120.8683,
            22.11793
          ],
          [
            120.86836,
            22.11797
          ],
          [
            120.86845,
            22.11805
          ],
          [
            120.86854,
            22.11814
          ],
          [
            120.86872,
            22.11832
          ],
          [
            120.86877,
            22.11837
          ],
          [
            120.86882,
            22.11842
          ],
          [
            120.86884,
            22.11844
          ],
          [
            120.86916856401402,
            22.11893588568216
          ],
          [
            120.86917642398426,
            22.118945803626282
          ],
          [
            120.86918580623212,
            22.118954173383877
          ],
          [
            120.86919656782807,
            22.11896094605079
          ],
          [
            120.86920840011439,
            22.118965927377424
          ],
          [
            120.86922096372453,
            22.11896897449234
          ],
          [
            120.86923389831658,
            22.11897
          ],
          [
            120.86986930666751,
            22.11897
          ],
          [
            120.86988892448677,
            22.118968446045812
          ],
          [
            120.86990798066714,
            22.118963828671436
          ],
          [
            120.86992592964896,
            22.11895628006775
          ],
          [
            120.86994225757054,
            22.11894601634385
          ],
          [
            120.86995649697955,
            22.11893333134005
          ],
          [
            120.86996843225054,
            22.118918297948287
          ],
          [
            120.87051699091711,
            22.118091015773505
          ],
          [
            120.87052760015516,
            22.11807841231471
          ],
          [
            120.87054081260416,
            22.11806851578556
          ],
          [
            120.87055607351532,
            22.11806164742025
          ],
          [
            120.87057259981783,
            22.11805815964967
          ],
          [
            120.87058954351092,
            22.11805823143897
          ],
          [
            120.87060619308527,
            22.118061912255886
          ],
          [
            120.87075,
            22.11811
          ],
          [
            120.87077,
            22.11811
          ],
          [
            120.8708,
            22.11812
          ],
          [
            120.87083,
            22.11814
          ],
          [
            120.87085,
            22.11815
          ],
          [
            120.87086,
            22.11815
          ],
          [
            120.87087,
            22.11816
          ],
          [
            120.87088,
            22.11818
          ],
          [
            120.87089,
            22.11819
          ],
          [
            120.8709,
            22.1182
          ],
          [
            120.87092,
            22.11824
          ],
          [
            120.87107093060267,
            22.11869540687372
          ],
          [
            120.87107811006973,
            22.118712139501152
          ],
          [
            120.87108802263636,
            22.118727359762183
          ],
          [
            120.87110046922967,
            22.118740863153963
          ],
          [
            120.8711151148598,
            22.11875228624374
          ],
          [
            120.87113156535158,
            22.118761321588387
          ],
          [
            120.87114916509647,
            22.118767667460034
          ],
          [
            120.87145,
            22.11885
          ],
          [
            120.87154,
            22.11888
          ],
          [
            120.87161,
            22.11891
          ],
          [
            120.87166,
            22.11894
          ],
          [
            120.87171,
            22.11897
          ],
          [
            120.87175,
            22.11901
          ],
          [
            120.87183,
            22.11907
          ],
          [
            120.87193,
            22.11916
          ],
          [
            120.8721,
            22.11931
          ],
          [
            120.8724,
            22.11959
          ],
          [
            120.87254,
            22.11973
          ],
          [
            120.8726,
            22.11978
          ],
          [
            120.87306060056648,
            22.12030897418894
          ],
          [
            120.87307646653393,
            22.12033404093352
          ],
          [
            120.87308403658312,
            22.120362635650867
          ],
          [
            120.87308243181339,
            22.120392051514955
          ],
          [
            120.87307178899734,
            22.120419781445428
          ],
          [
            120.87305301521,
            22.12044346205213
          ],
          [
            120.87302799042375,
            22.12046093375051
          ],
          [
            120.87287,
            22.12054
          ],
          [
            120.87284,
            22.12056
          ],
          [
            120.87229488958477,
            22.120697082019397
          ],
          [
            120.87227959402679,
            22.12070226367161
          ],
          [
            120.87226528409036,
            22.12070982546143
          ],
          [
            120.87225253021519,
            22.12071951225355
          ],
          [
            120.87224169122446,
            22.12073105151551
          ],
          [
            120.87223307206706,
            22.120744118596612
          ],
          [
            120.87222685820517,
            22.120758518786328
          ],
          [
            120.87209492153777,
            22.12115625620714
          ],
          [
            120.87209089965401,
            22.121173734535724
          ],
          [
            120.8720901650107,
            22.121191802446887
          ],
          [
            120.87209280462555,
            22.121209714870265
          ],
          [
            120.87209873829202,
            22.121226927524386
          ],
          [
            120.87210778571153,
            22.121242917390752
          ],
          [
            120.87211940759354,
            22.121256931554292
          ],
          [
            120.87264071749236,
            22.121781182619465
          ],
          [
            120.87265164706787,
            22.121790459598476
          ],
          [
            120.87266388745769,
            22.12179768149491
          ],
          [
            120.87267727515824,
            22.12180283559101
          ],
          [
            120.87269141259094,
            22.121805768824007
          ],
          [
            120.87270587991219,
            22.121806394084814
          ],
          [
            120.87272036694458,
            22.121804668676575
          ],
          [
            120.87342382572261,
            22.12166314999319
          ],
          [
            120.87343415645066,
            22.12166192286435
          ],
          [
            120.87344447264881,
            22.121662372090594
          ],
          [
            120.8734545529548,
            22.121664467170714
          ],
          [
            120.87346409795167,
            22.121668145874224
          ],
          [
            120.87347282412281,
            22.121673298931995
          ],
          [
            120.87348061478258,
            22.121679917197916
          ],
          [
            120.87364577413463,
            22.12184587686413
          ],
          [
            120.87364983401214,
            22.12185098450611
          ],
          [
            120.87365267645231,
            22.121856878132338
          ],
          [
            120.87365409197749,
            22.12186320449157
          ],
          [
            120.87365401418285,
            22.121869666803104
          ],
          [
            120.87365244671791,
            22.12187596190845
          ],
          [
            120.87364951579809,
            22.12188171471851
          ],
          [
            120.8728470149145,
            22.123092496065176
          ],
          [
            120.87283581784106,
            22.12311611694026
          ],
          [
            120.87283173617185,
            22.123141965704235
          ],
          [
            120.87283523964915,
            22.123167888195784
          ],
          [
            120.87284607126081,
            22.123191982762688
          ],
          [
            120.87286343640889,
            22.123212481847748
          ],
          [
            120.87288579356826,
            22.123227746544277
          ],
          [
            120.87365917148642,
            22.123616648345042
          ],
          [
            120.87366597067552,
            22.12362103376363
          ],
          [
            120.87367168202223,
            22.12362675338899
          ],
          [
            120.87367593673098,
            22.123633487519133
          ],
          [
            120.87367853455221,
            22.123640919209542
          ],
          [
            120.87367935321845,
            22.123648698684775
          ],
          [
            120.87367836764314,
            22.12365640557922
          ],
          [
            120.8736452336598,
            22.123789371597454
          ],
          [
            120.87364281296045,
            22.123796410886058
          ],
          [
            120.87363920496097,
            22.123802916513334
          ],
          [
            120.87363449269971,
            22.123808775430643
          ],
          [
            120.87362880611924,
            22.123813826075864
          ],
          [
            120.87362230202946,
            22.12381792917531
          ],
          [
            120.87361525963341,
            22.123820937966787
          ],
          [
            120.87328880839672,
            22.12393040000284
          ],
          [
            120.87349,
            22.12474
          ],
          [
            120.87352,
            22.12491
          ],
          [
            120.87355,
            22.12506
          ],
          [
            120.87358,
            22.1252
          ],
          [
            120.8736,
            22.12528
          ],
          [
            120.87362,
            22.12536
          ],
          [
            120.87365,
            22.12541
          ],
          [
            120.87368,
            22.12546
          ],
          [
            120.87372,
            22.1255
          ],
          [
            120.87376,
            22.12553
          ],
          [
            120.87377,
            22.12554
          ],
          [
            120.87381,
            22.12557
          ],
          [
            120.87396,
            22.12567
          ],
          [
            120.87418,
            22.1258
          ],
          [
            120.87429,
            22.12587
          ],
          [
            120.87438,
            22.12591
          ],
          [
            120.87518666386102,
            22.126112914856858
          ],
          [
            120.87519256837773,
            22.126114952025947
          ],
          [
            120.87519804369553,
            22.126117966848117
          ],
          [
            120.87520285259407,
            22.12612184676748
          ],
          [
            120.87520683993745,
            22.12612646661722
          ],
          [
            120.87520987709341,
            22.12613167736027
          ],
          [
            120.87521187840933,
            22.12613736060125
          ],
          [
            120.8752425349716,
            22.12626033869165
          ],
          [
            120.8752437436026,
            22.126269799440742
          ],
          [
            120.87524273731314,
            22.126279348992547
          ],
          [
            120.87523954697616,
            22.126288471338402
          ],
          [
            120.87523432275583,
            22.12629673710363
          ],
          [
            120.87522731054813,
            22.126303757231465
          ],
          [
            120.8752189631305,
            22.126309139330107
          ],
          [
            120.87474,
            22.12655
          ],
          [
            120.8747,
            22.12659
          ],
          [
            120.87466,
            22.12664
          ],
          [
            120.87464,
            22.12668
          ],
          [
            120.87457729347868,
            22.127057907379257
          ],
          [
            120.87456992083084,
            22.127082670836415
          ],
          [
            120.8745565866901,
            22.127105030417056
          ],
          [
            120.87453801306557,
            22.127123857455675
          ],
          [
            120.87451523178227,
            22.12713810604926
          ],
          [
            120.87448950841436,
            22.127146984642234
          ],
          [
            120.87446227197773,
            22.12715
          ],
          [
            120.87375030036851,
            22.12715
          ],
          [
            120.8737352435425,
            22.127148870101987
          ],
          [
            120.87372057392551,
            22.127145509464974
          ],
          [
            120.87370666876882,
            22.127140004512825
          ],
          [
            120.87369388566458,
            22.12713249681368
          ],
          [
            120.87368255334952,
            22.127123179439348
          ],
          [
            120.87367278662937,
            22.127112054264682
          ],
          [
            120.87334201135846,
            22.12666864570555
          ],
          [
            120.87333205949344,
            22.12665731485507
          ],
          [
            120.87332051373002,
            22.126647825583106
          ],
          [
            120.87330749081691,
            22.126640179518528
          ],
          [
            120.87329332548268,
            22.126634573188507
          ],
          [
            120.8732783818196,
            22.126631150692806
          ],
          [
            120.87326304392549,
            22.12663
          ],
          [
            120.87291,
            22.12663
          ],
          [
            120.87287,
            22.12662
          ],
          [
            120.87282,
            22.12661
          ],
          [
            120.87275,
            22.12659
          ],
          [
            120.87202201796296,
            22.12634580994659
          ],
          [
            120.87201603254753,
            22.126344343819593
          ],
          [
            120.87200993850445,
            22.12634390808266
          ],
          [
            120.87200385876599,
            22.126344492393937
          ],
          [
            120.87199798795018,
            22.126346078049078
          ],
          [
            120.87199251398722,
            22.12634861428981
          ],
          [
            120.8719875232469,
            22.126352094334198
          ],
          [
            120.87146127759573,
            22.12679309948948
          ],
          [
            120.87144886843944,
            22.12680601543562
          ],
          [
            120.87143946998411,
            22.126821315512544
          ],
          [
            120.87143373540692,
            22.126838118655748
          ],
          [
            120.871431921813,
            22.12685567150999
          ],
          [
            120.87143411051335,
            22.126873187107336
          ],
          [
            120.87144010311843,
            22.12688967770815
          ],
          [
            120.87155769860676,
            22.127125791781452
          ],
          [
            120.87156260387033,
            22.127133859304745
          ],
          [
            120.87156877821752,
            22.12714094005262
          ],
          [
            120.87157611924879,
            22.127146974477736
          ],
          [
            120.8715844261228,
            22.12715179748583
          ],
          [
            120.87159347157395,
            22.127155277125492
          ],
          [
            120.87160294997236,
            22.12715731037325
          ],
          [
            120.87222,
            22.12724
          ],
          [
            120.87247,
            22.12729
          ],
          [
            120.87295580046343,
            22.127365060125513
          ],
          [
            120.8729777130408,
            22.127370566354003
          ],
          [
            120.87299817584805,
            22.127380000675803
          ],
          [
            120.87301627090906,
            22.127392979824293
          ],
          [
            120.8730313020293,
            22.127409004436043
          ],
          [
            120.87304269089726,
            22.127427457975617
          ],
          [
            120.87305003961525,
            22.127447793513713
          ],
          [
            120.87318612896581,
            22.127995088147088
          ],
          [
            120.87318761737154,
            22.128004540574207
          ],
          [
            120.87318745205128,
            22.128014184520406
          ],
          [
            120.87318561525584,
            22.128023676272644
          ],
          [
            120.87318215544818,
            22.1280327653953
          ],
          [
            120.87317716391381,
            22.12804121207595
          ],
          [
            120.87317092375785,
            22.128048640607176
          ],
          [
            120.87283794534648,
            22.128382948198606
          ],
          [
            120.87281774655266,
            22.128411312364268
          ],
          [
            120.87280791535484,
            22.12844449670322
          ],
          [
            120.8728097172286,
            22.12847888402292
          ],
          [
            120.87282297094235,
            22.128511015663094
          ],
          [
            120.87284634344383,
            22.128537659838667
          ],
          [
            120.87287721018978,
            22.128556026121338
          ],
          [
            120.87341,
            22.12877
          ],
          [
            120.87358,
            22.12882
          ],
          [
            120.87381,
            22.12889
          ],
          [
            120.87415,
            22.129
          ],
          [
            120.87442,
            22.12907
          ],
          [
            120.87449,
            22.1291
          ],
          [
            120.87457,
            22.12913
          ],
          [
            120.87488,
            22.12922
          ],
          [
            120.8751,
            22.12927
          ],
          [
            120.87528,
            22.12933
          ],
          [
            120.87534,
            22.12934
          ],
          [
            120.87546,
            22.12935
          ],
          [
            120.87555,
            22.12936
          ],
          [
            120.87557,
            22.12936
          ],
          [
            120.87566,
            22.12936
          ],
          [
            120.87576,
            22.12936
          ],
          [
            120.87588,
            22.12936
          ],
          [
            120.87594,
            22.12936
          ],
          [
            120.87598,
            22.12936
          ],
          [
            120.87605,
            22.12936
          ],
          [
            120.8761,
            22.12937
          ],
          [
            120.87613,
            22.12938
          ],
          [
            120.87615,
            22.12938
          ],
          [
            120.87617,
            22.12939
          ],
          [
            120.87624,
            22.12942
          ],
          [
            120.87635,
            22.12949
          ],
          [
            120.87644,
            22.12955
          ],
          [
            120.87649,
            22.12958
          ],
          [
            120.8766,
            22.12965
          ],
          [
            120.87667,
            22.1297
          ],
          [
            120.877,
            22.12991
          ],
          [
            120.87725,
            22.13005
          ],
          [
            120.87735,
            22.13011
          ],
          [
            120.87755,
            22.13023
          ],
          [
            120.87777,
            22.13035
          ],
          [
            120.8779,
            22.13044
          ],
          [
            120.87795,
            22.13048
          ],
          [
            120.87799,
            22.13051
          ],
          [
            120.87805,
            22.13057
          ],
          [
            120.87811,
            22.13065
          ],
          [
            120.8782,
            22.13081
          ],
          [
            120.87827,
            22.13092
          ],
          [
            120.87831,
            22.13096
          ],
          [
            120.87837,
            22.13102
          ],
          [
            120.87847,
            22.13111
          ],
          [
            120.87861,
            22.13121
          ],
          [
            120.87884,
            22.13135
          ],
          [
            120.87888,
            22.13139
          ],
          [
            120.87893,
            22.13143
          ],
          [
            120.87897,
            22.13148
          ],
          [
            120.87902,
            22.13157
          ],
          [
            120.8791,
            22.13172
          ],
          [
            120.87911,
            22.13177
          ],
          [
            120.87919,
            22.13196
          ],
          [
            120.87932,
            22.13225
          ],
          [
            120.87949,
            22.13257
          ],
          [
            120.87953,
            22.13266
          ],
          [
            120.87956,
            22.13273
          ],
          [
            120.87957,
            22.13276
          ],
          [
            120.87975770607312,
            22.13361
          ],
          [
            120.87974,
            22.13361
          ],
          [
            120.87977,
            22.13361
          ],
          [
            120.87981,
            22.13361
          ],
          [
            120.87988,
            22.13359
          ],
          [
            120.8801,
            22.13353
          ],
          [
            120.88026,
            22.1335
          ],
          [
            120.88041,
            22.13349
          ],
          [
            120.88063,
            22.13348
          ],
          [
            120.88068,
            22.13348
          ],
          [
            120.88089,
            22.13348
          ],
          [
            120.88118,
            22.1335
          ],
          [
            120.88136,
            22.13353
          ],
          [
            120.88145,
            22.13354
          ],
          [
            120.88158,
            22.13355
          ],
          [
            120.88172,
            22.13357
          ],
          [
            120.88197,
            22.13359
          ],
          [
            120.88202,
            22.1336
          ],
          [
            120.8823,
            22.13361
          ],
          [
            120.88241,
            22.13362
          ],
          [
            120.88251,
            22.13363
          ],
          [
            120.88256,
            22.13363
          ],
          [
            120.88259,
            22.13363
          ],
          [
            120.88261,
            22.13363
          ],
          [
            120.88264,
            22.13362
          ],
          [
            120.88266,
            22.13362
          ],
          [
            120.88271,
            22.1336
          ],
          [
            120.8828,
            22.13357
          ],
          [
            120.88291,
            22.13352
          ],
          [
            120.88304,
            22.13345
          ],
          [
            120.88316,
            22.1334
          ],
          [
            120.88326,
            22.13337
          ],
          [
            120.88327,
            22.13337
          ],
          [
            120.88337,
            22.13334
          ],
          [
            120.88345,
            22.13331
          ],
          [
            120.88368,
            22.13324
          ],
          [
            120.88392,
            22.13316
          ],
          [
            120.88414,
            22.1331
          ],
          [
            120.8842,
            22.13308
          ],
          [
            120.88425,
            22.13307
          ],
          [
            120.88432,
            22.13307
          ],
          [
            120.88448,
            22.13312
          ],
          [
            120.88462,
            22.13317
          ],
          [
            120.88468,
            22.13319
          ],
          [
            120.8849,
            22.13327
          ],
          [
            120.88494,
            22.13329
          ],
          [
            120.88509,
            22.13334
          ],
          [
            120.88515,
            22.13337
          ],
          [
            120.88519,
            22.13339
          ],
          [
            120.88524,
            22.13342
          ],
          [
            120.8853,
            22.13345
          ],
          [
            120.88535,
            22.13349
          ],
          [
            120.88549,
            22.13358
          ],
          [
            120.88558,
            22.13364
          ],
          [
            120.8858,
            22.13381
          ],
          [
            120.88586,
            22.13386
          ],
          [
            120.88602,
            22.13396
          ],
          [
            120.88621,
            22.13411
          ],
          [
            120.88626,
            22.13415
          ],
          [
            120.88629,
            22.13417
          ],
          [
            120.88659,
            22.1344
          ],
          [
            120.88681,
            22.13456
          ],
          [
            120.88689,
            22.13462
          ],
          [
            120.88697,
            22.13467
          ],
          [
            120.88702,
            22.13469
          ],
          [
            120.88705,
            22.13471
          ],
          [
            120.88707,
            22.13471
          ],
          [
            120.88709,
            22.13472
          ],
          [
            120.88711,
            22.13472
          ],
          [
            120.88713,
            22.13472
          ],
          [
            120.88711,
            22.13472
          ],
          [
            120.88709,
            22.13472
          ],
          [
            120.88707,
            22.13471
          ],
          [
            120.88705,
            22.13471
          ],
          [
            120.88702,
            22.13469
          ],
          [
            120.88697,
            22.13467
          ],
          [
            120.88689,
            22.13462
          ],
          [
            120.88681,
            22.13456
          ],
          [
            120.88659,
            22.1344
          ],
          [
            120.88629,
            22.13417
          ],
          [
            120.88626,
            22.13415
          ],
          [
            120.88621,
            22.13411
          ],
          [
            120.88602,
            22.13396
          ],
          [
            120.88586,
            22.13386
          ],
          [
            120.8858,
            22.13381
          ],
          [
            120.88558,
            22.13364
          ],
          [
            120.88549,
            22.13358
          ],
          [
            120.88535,
            22.13349
          ],
          [
            120.8853,
            22.13345
          ],
          [
            120.88524,
            22.13342
          ],
          [
            120.88519,
            22.13339
          ],
          [
            120.88515,
            22.13337
          ],
          [
            120.88509,
            22.13334
          ],
          [
            120.88494,
            22.13329
          ],
          [
            120.8849,
            22.13327
          ],
          [
            120.88468,
            22.13319
          ],
          [
            120.88462,
            22.13317
          ],
          [
            120.88448,
            22.13312
          ],
          [
            120.88432,
            22.13307
          ],
          [
            120.88425,
            22.13307
          ],
          [
            120.8842,
            22.13308
          ],
          [
            120.88414,
            22.1331
          ],
          [
            120.88392,
            22.13316
          ],
          [
            120.88368,
            22.13324
          ],
          [
            120.88345,
            22.13331
          ],
          [
            120.88337,
            22.13334
          ],
          [
            120.88327,
            22.13337
          ],
          [
            120.88326,
            22.13337
          ],
          [
            120.88316,
            22.1334
          ],
          [
            120.88304,
            22.13345
          ],
          [
            120.88291,
            22.13352
          ],
          [
            120.8828,
            22.13357
          ],
          [
            120.88271,
            22.1336
          ],
          [
            120.88266,
            22.13362
          ],
          [
            120.88264,
            22.13362
          ],
          [
            120.88261,
            22.13363
          ],
          [
            120.88259,
            22.13363
          ],
          [
            120.88256,
            22.13363
          ],
          [
            120.88251,
            22.13363
          ],
          [
            120.88241,
            22.13362
          ],
          [
            120.8823,
            22.13361
          ],
          [
            120.88202,
            22.1336
          ],
          [
            120.88197,
            22.13359
          ],
          [
            120.88172,
            22.13357
          ],
          [
            120.88158,
            22.13355
          ],
          [
            120.88145,
            22.13354
          ],
          [
            120.88136,
            22.13353
          ],
          [
            120.88118,
            22.1335
          ],
          [
            120.88089,
            22.13348
          ],
          [
            120.88068,
            22.13348
          ],
          [
            120.88063,
            22.13348
          ],
          [
            120.8796873171713,
            22.133523071661752
          ],
          [
            120.879677768488,
            22.13352230505155
          ],
          [
            120.87966879677312,
            22.133519193175196
          ],
          [
            120.87966103965152,
            22.133513962006532
          ],
          [
            120.87965505901838,
            22.133506990470682
          ],
          [
            120.87965128808705,
            22.13349878355809
          ],
          [
            120.87965000000001,
            22.133489935744972
          ],
          [
            120.87965,
            22.13343
          ],
          [
            120.87963,
            22.13326
          ],
          [
            120.8796,
            22.13296
          ],
          [
            120.8796,
            22.1329
          ],
          [
            120.87959,
            22.13285
          ],
          [
            120.87957,
            22.13276
          ],
          [
            120.87956,
            22.13273
          ],
          [
            120.87953,
            22.13266
          ],
          [
            120.87949,
            22.13257
          ],
          [
            120.87932,
            22.13225
          ],
          [
            120.87919,
            22.13196
          ],
          [
            120.87911,
            22.13177
          ],
          [
            120.8791,
            22.13172
          ],
          [
            120.87902,
            22.13157
          ],
          [
            120.87897,
            22.13148
          ],
          [
            120.87893,
            22.13143
          ],
          [
            120.87888,
            22.13139
          ],
          [
            120.87884,
            22.13135
          ],
          [
            120.87861,
            22.13121
          ],
          [
            120.87847,
            22.13111
          ],
          [
            120.87837,
            22.13102
          ],
          [
            120.87831,
            22.13096
          ],
          [
            120.87827,
            22.13092
          ],
          [
            120.8782,
            22.13081
          ],
          [
            120.87811,
            22.13065
          ],
          [
            120.87805,
            22.13057
          ],
          [
            120.87799,
            22.13051
          ],
          [
            120.87795,
            22.13048
          ],
          [
            120.8779,
            22.13044
          ],
          [
            120.87777,
            22.13035
          ],
          [
            120.87755,
            22.13023
          ],
          [
            120.87735,
            22.13011
          ],
          [
            120.87725,
            22.13005
          ],
          [
            120.877,
            22.12991
          ],
          [
            120.87667,
            22.1297
          ],
          [
            120.8766,
            22.12965
          ],
          [
            120.87649,
            22.12958
          ],
          [
            120.87644,
            22.12955
          ],
          [
            120.87635,
            22.12949
          ],
          [
            120.87624,
            22.12942
          ],
          [
            120.87617,
            22.12939
          ],
          [
            120.87615,
            22.12938
          ],
          [
            120.87613,
            22.12938
          ],
          [
            120.8761,
            22.12937
          ],
          [
            120.87605,
            22.12936
          ],
          [
            120.87598,
            22.12936
          ],
          [
            120.87594,
            22.12936
          ],
          [
            120.87588,
            22.12936
          ],
          [
            120.87576,
            22.12936
          ],
          [
            120.87566,
            22.12936
          ],
          [
            120.87557,
            22.12936
          ],
          [
            120.87555,
            22.12936
          ],
          [
            120.87546,
            22.12935
          ],
          [
            120.87534,
            22.12934
          ],
          [
            120.87528,
            22.12933
          ],
          [
            120.8751,
            22.12927
          ],
          [
            120.87488,
            22.12922
          ],
          [
            120.87457,
            22.12913
          ],
          [
            120.87449,
            22.1291
          ],
          [
            120.87442,
            22.12907
          ],
          [
            120.87415,
            22.129
          ],
          [
            120.87381,
            22.12889
          ],
          [
            120.87301149934511,
            22.12864583812555
          ],
          [
            120.87299736615728,
            22.12863991205602
          ],
          [
            120.87298472302268,
            22.128631306071476
          ],
          [
            120.87297426892225,
            22.128620440351128
          ],
          [
            120.87296645878358,
            22.128607787734854
          ],
          [
            120.8729616324778,
            22.12859389882229
          ],
          [
            120.87296000000003,
            22.12857937801255
          ],
          [
            120.87296,
            22.12843
          ],
          [
            120.87296,
            22.1284
          ],
          [
            120.87296,
            22.12838
          ],
          [
            120.87296,
            22.12835
          ],
          [
            120.87297,
            22.12833
          ],
          [
            120.87298,
            22.1283
          ],
          [
            120.87317179393878,
            22.12791434484808
          ],
          [
            120.87317852839392,
            22.12789691012315
          ],
          [
            120.87318201336585,
            22.12787837144737
          ],
          [
            120.87318201347665,
            22.127859549865562
          ],
          [
            120.87317852872297,
            22.127841011154075
          ],
          [
            120.87317166385643,
            22.12782331258618
          ],
          [
            120.87316184341648,
            22.127807279887705
          ],
          [
            120.87294,
            22.12751
          ],
          [
            120.87292,
            22.12749
          ],
          [
            120.87291,
            22.12748
          ],
          [
            120.87288,
            22.12745
          ],
          [
            120.87284,
            22.12741
          ],
          [
            120.8728,
            22.12739
          ],
          [
            120.87278,
            22.12738
          ],
          [
            120.87275,
            22.12736
          ],
          [
            120.8727,
            22.12734
          ],
          [
            120.87262,
            22.12732
          ],
          [
            120.8726,
            22.12731
          ],
          [
            120.87247,
            22.12729
          ],
          [
            120.87152289536108,
            22.127099651474566
          ],
          [
            120.87150861882594,
            22.127095145873906
          ],
          [
            120.87149570263941,
            22.127087726712638
          ],
          [
            120.8714849014707,
            22.127077791953127
          ],
          [
            120.871476766691,
            22.127065848738702
          ],
          [
            120.87147171355947,
            22.127052506739044
          ],
          [
            120.87146999999997,
            22.12703844702813
          ],
          [
            120.87146999999999,
            22.126716504238377
          ],
          [
            120.87147142330427,
            22.126700548723143
          ],
          [
            120.87147565406146,
            22.12668503215082
          ],
          [
            120.87148257588163,
            22.126670381388827
          ],
          [
            120.87149199834259,
            22.126656999485775
          ],
          [
            120.87150366222852,
            22.126645254583423
          ],
          [
            120.87151696792742,
            22.126635638688008
          ],
          [
            120.87216963261416,
            22.12624188955445
          ],
          [
            120.87218932811642,
            22.126232590133547
          ],
          [
            120.87221038787119,
            22.126227519403443
          ],
          [
            120.87223212186107,
            22.126226743617774
          ],
          [
            120.87225353538358,
            22.12623029828202
          ],
          [
            120.87227364840315,
            22.126238020709376
          ],
          [
            120.87229180780206,
            22.126249773544412
          ],
          [
            120.87269,
            22.12657
          ],
          [
            120.87275,
            22.12659
          ],
          [
            120.87282,
            22.12661
          ],
          [
            120.87287,
            22.12662
          ],
          [
            120.87291,
            22.12663
          ],
          [
            120.87326304391053,
            22.12663
          ],
          [
            120.87327838180245,
            22.126631150688553
          ],
          [
            120.87329332546439,
            22.126634573178052
          ],
          [
            120.87330749079925,
            22.126640179500214
          ],
          [
            120.8733205137153,
            22.126647825555693
          ],
          [
            120.87333205948438,
            22.126657314817837
          ],
          [
            120.87334201134392,
            22.126668645667976
          ],
          [
            120.87372842788925,
            22.127186531677136
          ],
          [
            120.87374617049154,
            22.12720540092872
          ],
          [
            120.87376774889331,
            22.127219791685647
          ],
          [
            120.8737922600617,
            22.127229249932302
          ],
          [
            120.87381843043978,
            22.12723328423493
          ],
          [
            120.87384490026105,
            22.12723168497831
          ],
          [
            120.87387056800398,
            22.127224424698387
          ],
          [
            120.8745499274468,
            22.126951246886225
          ],
          [
            120.874563864792,
            22.126944265504516
          ],
          [
            120.87457655655095,
            22.126935079738782
          ],
          [
            120.87458741913355,
            22.12692404006484
          ],
          [
            120.87459614543438,
            22.126911458594805
          ],
          [
            120.87460248874469,
            22.126897691030244
          ],
          [
            120.8746062851752,
            22.12688303337755
          ],
          [
            120.8746562447167,
            22.126582057239926
          ],
          [
            120.8746596726829,
            22.12656926774607
          ],
          [
            120.87466552562364,
            22.126557351036322
          ],
          [
            120.87467361805732,
            22.126546635230895
          ],
          [
            120.874683676489,
            22.12653748248516
          ],
          [
            120.87469536098016,
            22.126530202128738
          ],
          [
            120.87470812657314,
            22.126525085629076
          ],
          [
            120.87524961528034,
            22.12636214376725
          ],
          [
            120.87528678146042,
            22.126343311556436
          ],
          [
            120.87531439803509,
            22.126313137172215
          ],
          [
            120.8753285474273,
            22.126275720535062
          ],
          [
            120.87532733953404,
            22.126236059831374
          ],
          [
            120.875310935708,
            22.12619945301427
          ],
          [
            120.87528184206474,
            22.126171002070222
          ],
          [
            120.87513,
            22.12607
          ],
          [
            120.87509,
            22.12605
          ],
          [
            120.87504,
            22.12603
          ],
          [
            120.87494,
            22.12601
          ],
          [
            120.87486,
            22.126
          ],
          [
            120.87478,
            22.12599
          ],
          [
            120.87467,
            22.12598
          ],
          [
            120.87458,
            22.12596
          ],
          [
            120.87452,
            22.12595
          ],
          [
            120.87446,
            22.12593
          ],
          [
            120.87438,
            22.12591
          ],
          [
            120.87429,
            22.12587
          ],
          [
            120.87418,
            22.1258
          ],
          [
            120.87396,
            22.12567
          ],
          [
            120.87381,
            22.12557
          ],
          [
            120.87377,
            22.12554
          ],
          [
            120.87376,
            22.12553
          ],
          [
            120.87372,
            22.1255
          ],
          [
            120.87368,
            22.12546
          ],
          [
            120.87365,
            22.12541
          ],
          [
            120.87362,
            22.12536
          ],
          [
            120.8736,
            22.12528
          ],
          [
            120.87358,
            22.1252
          ],
          [
            120.87355,
            22.12506
          ],
          [
            120.87352,
            22.12491
          ],
          [
            120.87349,
            22.12474
          ],
          [
            120.87328880853129,
            22.1239303999577
          ],
          [
            120.87369353952926,
            22.123794976981554
          ],
          [
            120.87372654453385,
            22.123777720537515
          ],
          [
            120.87375201147267,
            22.12375129275479
          ],
          [
            120.87376696547506,
            22.123718608444637
          ],
          [
            120.87376980403967,
            22.123683170124306
          ],
          [
            120.87376022298017,
            22.123648775436386
          ],
          [
            120.87373952576354,
            22.123619389644585
          ],
          [
            120.87363,
            22.12351
          ],
          [
            120.8736,
            22.12348
          ],
          [
            120.87294391105854,
            22.12314985380016
          ],
          [
            120.87293812989792,
            22.12314615431135
          ],
          [
            120.87293322637476,
            22.123141351388586
          ],
          [
            120.87292950373869,
            22.1231357003996
          ],
          [
            120.87292712554174,
            22.123129449617558
          ],
          [
            120.87292619626871,
            22.12312287366721
          ],
          [
            120.87292674895187,
            22.12311630066436
          ],
          [
            120.87294,
            22.12305
          ],
          [
            120.87295,
            22.12298
          ],
          [
            120.87297,
            22.12291
          ],
          [
            120.873,
            22.12286
          ],
          [
            120.87305,
            22.1228
          ],
          [
            120.87311,
            22.12272
          ],
          [
            120.87318,
            22.12259
          ],
          [
            120.87364951572651,
            22.121881714421164
          ],
          [
            120.8736524466091,
            22.121875961635567
          ],
          [
            120.87365401405164,
            22.121869666564503
          ],
          [
            120.87365409183593,
            22.121863204290996
          ],
          [
            120.873652676313,
            22.121856877970277
          ],
          [
            120.87364983388719,
            22.121850984379826
          ],
          [
            120.87364577403807,
            22.12184587676462
          ],
          [
            120.87350130350613,
            22.121700776421193
          ],
          [
            120.87349198929839,
            22.121692800920094
          ],
          [
            120.87348160883064,
            22.121686507797744
          ],
          [
            120.87347026349238,
            22.12168188624897
          ],
          [
            120.87345825986196,
            22.121679061159167
          ],
          [
            120.87344592230649,
            22.121678108869077
          ],
          [
            120.87343349964517,
            22.121679068242326
          ],
          [
            120.87266892131042,
            22.121797288365716
          ],
          [
            120.87264530643246,
            22.121798689864843
          ],
          [
            120.87262200448754,
            22.12179563514453
          ],
          [
            120.87259983772405,
            22.121788269386546
          ],
          [
            120.87257971259734,
            22.12177689379547
          ],
          [
            120.87256245207502,
            22.121761973548146
          ],
          [
            120.87254858756708,
            22.12174383349055
          ],
          [
            120.87205414648078,
            22.120937312771414
          ],
          [
            120.87204165914062,
            22.12090686923373
          ],
          [
            120.87203945301003,
            22.120874012723238
          ],
          [
            120.8720479051265,
            22.120842050094478
          ],
          [
            120.87206623819556,
            22.120813920773788
          ],
          [
            120.87209276622619,
            22.120792211659328
          ],
          [
            120.87212485041955,
            22.120778969485226
          ],
          [
            120.87298676755664,
            22.120562518189296
          ],
          [
            120.87301895350944,
            22.12054921235809
          ],
          [
            120.8730455336541,
            22.120527387922408
          ],
          [
            120.87306384759016,
            22.120499116026323
          ],
          [
            120.87307219953516,
            22.120467014511505
          ],
          [
            120.87306981613915,
            22.120434055823928
          ],
          [
            120.87305709551687,
            22.120403578078804
          ],
          [
            120.87293,
            22.1202
          ],
          [
            120.87286,
            22.1201
          ],
          [
            120.87279,
            22.12
          ],
          [
            120.87277,
            22.11998
          ],
          [
            120.87267,
            22.11986
          ],
          [
            120.8726,
            22.11978
          ],
          [
            120.87254,
            22.11973
          ],
          [
            120.8724,
            22.11959
          ],
          [
            120.8721,
            22.11931
          ],
          [
            120.87193,
            22.11916
          ],
          [
            120.87183,
            22.11907
          ],
          [
            120.87175,
            22.11901
          ],
          [
            120.87171,
            22.11897
          ],
          [
            120.87166,
            22.11894
          ],
          [
            120.87161,
            22.11891
          ],
          [
            120.87154,
            22.11888
          ],
          [
            120.87145,
            22.11885
          ],
          [
            120.87114916511021,
            22.118767667463292
          ],
          [
            120.87113156536371,
            22.11876132156484
          ],
          [
            120.87111511486974,
            22.11875228620314
          ],
          [
            120.8711004692416,
            22.11874086309488
          ],
          [
            120.87108802265487,
            22.118727359684055
          ],
          [
            120.87107811009966,
            22.11871213940435
          ],
          [
            120.87107093060561,
            22.11869540677276
          ],
          [
            120.87085698282932,
            22.118050787322108
          ],
          [
            120.87083846352704,
            22.118017041823443
          ],
          [
            120.87080882919105,
            22.117991411418803
          ],
          [
            120.8707715861333,
            22.117976782047826
          ],
          [
            120.87073122598453,
            22.117974918058998
          ],
          [
            120.87069261630648,
            22.11798604425526
          ],
          [
            120.87066013694344,
            22.118009098359178
          ],
          [
            120.87038,
            22.11829
          ],
          [
            120.87026,
            22.11848
          ],
          [
            120.86996899016135,
            22.118918284536807
          ],
          [
            120.86995705541639,
            22.118933321493667
          ],
          [
            120.86994281545327,
            22.118946009757366
          ],
          [
            120.86992648612932,
            22.118956276237608
          ],
          [
            120.86990853507064,
            22.118963826931147
          ],
          [
            120.86988947634534,
            22.118968445607265
          ],
          [
            120.86986985574165,
            22.11897
          ],
          [
            120.86924565169312,
            22.11897
          ],
          [
            120.86922917337411,
            22.118968693525492
          ],
          [
            120.86921316767804,
            22.118964811573612
          ],
          [
            120.86919809367234,
            22.118958465484578
          ],
          [
            120.86918438370209,
            22.11894983727375
          ],
          [
            120.86917243098988,
            22.11893917441118
          ],
          [
            120.86916241760277,
            22.118926539214726
          ],
          [
            120.86884,
            22.11844
          ],
          [
            120.86882,
            22.11842
          ],
          [
            120.86877,
            22.11837
          ],
          [
            120.86872,
            22.11832
          ],
          [
            120.86854,
            22.11814
          ],
          [
            120.86845,
            22.11805
          ],
          [
            120.86836,
            22.11797
          ],
          [
            120.8683,
            22.11793
          ],
          [
            120.86822,
            22.11788
          ],
          [
            120.86816,
            22.11785
          ],
          [
            120.86801,
            22.11778
          ],
          [
            120.86792,
            22.11775
          ],
          [
            120.8678,
            22.11772
          ],
          [
            120.86777,
            22.11771
          ],
          [
            120.86762,
            22.11769
          ],
          [
            120.86758,
            22.11768
          ],
          [
            120.86745,
            22.11765
          ],
          [
            120.86737,
            22.11763
          ],
          [
            120.86731,
            22.1176
          ],
          [
            120.86727,
            22.11758
          ],
          [
            120.86725,
            22.11756
          ],
          [
            120.86723,
            22.11754
          ],
          [
            120.86722,
            22.11753
          ],
          [
            120.86714,
            22.11744
          ],
          [
            120.86673157518227,
            22.116865617402194
          ],
          [
            120.86671273456436,
            22.1168450424419
          ],
          [
            120.8666893565953,
            22.116829619592057
          ],
          [
            120.86666264949547,
            22.11681998977695
          ],
          [
            120.86663423036592,
            22.1168167360769
          ],
          [
            120.86660581997023,
            22.116820055501755
          ],
          [
            120.866578837358,
            22.116829899205555
          ],
          [
            120.86626,
            22.11699
          ],
          [
            120.86622,
            22.117
          ],
          [
            120.86615,
            22.11703
          ],
          [
            120.86605,
            22.11707
          ],
          [
            120.86596,
            22.11712
          ],
          [
            120.86588,
            22.11716
          ],
          [
            120.86579,
            22.11721
          ],
          [
            120.86563,
            22.1173
          ],
          [
            120.86557,
            22.11733
          ],
          [
            120.86526,
            22.11751
          ],
          [
            120.86504,
            22.11765
          ],
          [
            120.86496,
            22.1177
          ],
          [
            120.86488,
            22.11774
          ],
          [
            120.8648,
            22.11776
          ],
          [
            120.86471,
            22.11779
          ],
          [
            120.86424934463781,
            22.11788258419716
          ],
          [
            120.86423493151706,
            22.1178866945216
          ],
          [
            120.86422132960504,
            22.11789303090651
          ],
          [
            120.86420904749458,
            22.11790139056455
          ],
          [
            120.86419842765835,
            22.117911540396175
          ],
          [
            120.86418976621836,
            22.117923197384894
          ],
          [
            120.86418323248283,
            22.117936218750184
          ],
          [
            120.86394104456143,
            22.118544143304426
          ],
          [
            120.86391985600308,
            22.118577655169567
          ],
          [
            120.86388759626628,
            22.118601925889525
          ],
          [
            120.86384826519026,
            22.118614109559456
          ],
          [
            120.86380685179641,
            22.118612660719734
          ],
          [
            120.86376860924149,
            22.118597763151044
          ],
          [
            120.86373815583593,
            22.118571013278274
          ],
          [
            120.86324758457526,
            22.11795536903712
          ],
          [
            120.86323322276992,
            22.117931273379153
          ],
          [
            120.8632257820872,
            22.117904217410274
          ],
          [
            120.8632259876195,
            22.117876285763934
          ],
          [
            120.86323382575961,
            22.117849327651278
          ],
          [
            120.86324877758442,
            22.11782512783075
          ],
          [
            120.86326954034269,
            22.11780551615728
          ],
          [
            120.86365,
            22.11753
          ],
          [
            120.8639,
            22.11736
          ],
          [
            120.8641,
            22.11728
          ],
          [
            120.86422,
            22.11722
          ],
          [
            120.86431,
            22.11718
          ],
          [
            120.8644,
            22.11715
          ],
          [
            120.86446,
            22.11714
          ],
          [
            120.86455,
            22.11712
          ],
          [
            120.86462,
            22.1171
          ],
          [
            120.86467,
            22.11708
          ],
          [
            120.86475,
            22.11705
          ],
          [
            120.8648,
            22.11702
          ],
          [
            120.86485,
            22.11698
          ],
          [
            120.86496,
            22.11689
          ],
          [
            120.86508,
            22.11678
          ],
          [
            120.86531,
            22.11654
          ],
          [
            120.86546,
            22.11636
          ],
          [
            120.86555,
            22.11625
          ],
          [
            120.86561,
            22.11615
          ],
          [
            120.86562,
            22.11614
          ],
          [
            120.8660460813325,
            22.115540485356494
          ],
          [
            120.86605604007705,
            22.115528656003672
          ],
          [
            120.86606772610952,
            22.115518718250296
          ],
          [
            120.86608099658105,
            22.11551069698362
          ],
          [
            120.8660954942773,
            22.115504808119947
          ],
          [
            120.86611082894959,
            22.115501210175605
          ],
          [
            120.86612658781928,
            22.1155
          ],
          [
            120.86635,
            22.1155
          ],
          [
            120.86643,
            22.11549
          ],
          [
            120.86733109335374,
            22.115365131265413
          ],
          [
            120.86733771688719,
            22.115364793567224
          ],
          [
            120.86734425617735,
            22.115365608037415
          ],
          [
            120.86735051958813,
            22.115367541349745
          ],
          [
            120.8673562892076,
            22.11537052624184
          ],
          [
            120.86736136430343,
            22.115374458865553
          ],
          [
            120.86736563313634,
            22.115379291607827
          ],
          [
            120.8674207156581,
            22.115454700286826
          ],
          [
            120.86743294665251,
            22.11546799708373
          ],
          [
            120.86744793340624,
            22.11547815100575
          ],
          [
            120.8674650198979,
            22.115484820574935
          ],
          [
            120.86748329182053,
            22.11548764889919
          ],
          [
            120.8675017714341,
            22.115486484633422
          ],
          [
            120.8675196603793,
            22.115481311477097
          ],
          [
            120.86835,
            22.11514
          ],
          [
            120.86846,
            22.1151
          ],
          [
            120.86852,
            22.11508
          ],
          [
            120.86858,
            22.11506
          ],
          [
            120.86914888549374,
            22.114972069606985
          ],
          [
            120.86917079068863,
            22.114966564820314
          ],
          [
            120.86919124715544,
            22.1149571338234
          ],
          [
            120.86920933754543,
            22.1149441595767
          ],
          [
            120.86922436618667,
            22.11492814100916
          ],
          [
            120.86923575514783,
            22.11490969412004
          ],
          [
            120.86924310698028,
            22.114889365094708
          ],
          [
            120.86935,
            22.11446
          ],
          [
            120.86937,
            22.11438
          ],
          [
            120.86939,
            22.11431
          ],
          [
            120.86942,
            22.11425
          ],
          [
            120.86949,
            22.11415
          ],
          [
            120.86967,
            22.11391
          ],
          [
            120.86982,
            22.11369
          ],
          [
            120.86994,
            22.11353
          ],
          [
            120.87002,
            22.11341
          ],
          [
            120.87042,
            22.11282
          ],
          [
            120.87055,
            22.11262
          ],
          [
            120.87065,
            22.11247
          ],
          [
            120.87115872624582,
            22.1116902245628
          ],
          [
            120.87116559209356,
            22.111681447044205
          ],
          [
            120.87117381897436,
            22.111674032440746
          ],
          [
            120.87118327622177,
            22.111668029380816
          ],
          [
            120.87119368896671,
            22.111663612339644
          ],
          [
            120.87120475456918,
            22.111660909695818
          ],
          [
            120.8712161514142,
            22.11166
          ],
          [
            120.87137,
            22.11166
          ],
          [
            120.87153,
            22.11166
          ],
          [
            120.87165,
            22.11165
          ],
          [
            120.87193,
            22.11161
          ],
          [
            120.87196,
            22.11161
          ],
          [
            120.87225,
            22.11157
          ],
          [
            120.87241,
            22.11153
          ],
          [
            120.87247,
            22.1115
          ],
          [
            120.87255,
            22.11145
          ],
          [
            120.87267,
            22.11136
          ],
          [
            120.87282,
            22.11124
          ],
          [
            120.87286,
            22.11121
          ],
          [
            120.87291,
            22.11119
          ],
          [
            120.87294,
            22.11117
          ],
          [
            120.87298,
            22.11116
          ],
          [
            120.87301,
            22.11115
          ],
          [
            120.87304,
            22.11113
          ],
          [
            120.87306,
            22.11112
          ],
          [
            120.87307,
            22.1111
          ],
          [
            120.8731,
            22.11107
          ],
          [
            120.87318,
            22.11092
          ],
          [
            120.87326,
            22.11073
          ],
          [
            120.87329,
            22.11066
          ],
          [
            120.87342,
            22.11036
          ],
          [
            120.87346,
            22.11027
          ],
          [
            120.87348,
            22.11025
          ],
          [
            120.87390483130864,
            22.10982265076416
          ],
          [
            120.8739213020077,
            22.109808852814762
          ],
          [
            120.8739399077997,
            22.109798379531505
          ],
          [
            120.87396027637817,
            22.10979131667815
          ],
          [
            120.87398169732654,
            22.10978791059335
          ],
          [
            120.87400342352366,
            22.10978828007473
          ],
          [
            120.87402491771954,
            22.10979247584313
          ],
          [
            120.87433,
            22.10988
          ],
          [
            120.8749350162073,
            22.110108134977626
          ],
          [
            120.87495176245777,
            22.110116021698065
          ],
          [
            120.87496714872762,
            22.11012649023357
          ],
          [
            120.87498049873021,
            22.110139160140847
          ],
          [
            120.8749914548742,
            22.110153692045547
          ],
          [
            120.87499972368988,
            22.1101696966981
          ],
          [
            120.87500511610328,
            22.11018689285863
          ],
          [
            120.87507,
            22.11048
          ],
          [
            120.87507,
            22.11051
          ],
          [
            120.87509,
            22.11058
          ],
          [
            120.87509,
            22.11067
          ],
          [
            120.8751,
            22.11077
          ],
          [
            120.8751,
            22.11084
          ],
          [
            120.87511,
            22.11087
          ],
          [
            120.87511,
            22.11091
          ],
          [
            120.87513,
            22.11094
          ],
          [
            120.87514,
            22.11096
          ],
          [
            120.87516,
            22.111
          ],
          [
            120.87524,
            22.11107
          ],
          [
            120.87533,
            22.11115
          ],
          [
            120.87548,
            22.11128
          ],
          [
            120.87555,
            22.11134
          ],
          [
            120.8756,
            22.11139
          ],
          [
            120.87588,
            22.11174
          ],
          [
            120.87595,
            22.11183
          ],
          [
            120.87607,
            22.11197
          ],
          [
            120.87619,
            22.11211
          ],
          [
            120.87624,
            22.11217
          ],
          [
            120.87652,
            22.1125
          ],
          [
            120.87655,
            22.11254
          ],
          [
            120.8766,
            22.1126
          ],
          [
            120.87668,
            22.11267
          ],
          [
            120.87672,
            22.11271
          ],
          [
            120.87689,
            22.11285
          ],
          [
            120.87725989527597,
            22.11325239975641
          ],
          [
            120.87727416565052,
            22.113265556173317
          ],
          [
            120.8772902960538,
            22.113276041956283
          ],
          [
            120.87730808838812,
            22.113283844394903
          ],
          [
            120.87732703471714,
            22.113288740744814
          ],
          [
            120.87734659416024,
            22.1132905912248
          ],
          [
            120.87736633029112,
            22.113289325442338
          ],
          [
            120.87778,
            22.11323
          ],
          [
            120.87789,
            22.11321
          ],
          [
            120.87797,
            22.1132
          ],
          [
            120.87804,
            22.11319
          ],
          [
            120.87817,
            22.11317
          ],
          [
            120.87823,
            22.11318
          ],
          [
            120.87827,
            22.11318
          ],
          [
            120.87828,
            22.11318
          ],
          [
            120.87832,
            22.11319
          ],
          [
            120.87838,
            22.1132
          ],
          [
            120.87847,
            22.11323
          ],
          [
            120.87856,
            22.11326
          ],
          [
            120.87865,
            22.11329
          ],
          [
            120.87867,
            22.11329
          ],
          [
            120.87873,
            22.11331
          ],
          [
            120.87884,
            22.11333
          ],
          [
            120.87889,
            22.11334
          ],
          [
            120.87950833389432,
            22.113402154678262
          ],
          [
            120.87953019631966,
            22.11340244175988
          ],
          [
            120.87955164593606,
            22.113398929490746
          ],
          [
            120.8795720183743,
            22.113391749686574
          ],
          [
            120.87959059999723,
            22.11338115385263
          ],
          [
            120.87960673989903,
            22.11336751315612
          ],
          [
            120.87962006434559,
            22.113351015247336
          ],
          [
            120.87978,
            22.11311
          ],
          [
            120.8798,
            22.11308
          ],
          [
            120.87984,
            22.11301
          ],
          [
            120.87992,
            22.11286
          ],
          [
            120.87998,
            22.11272
          ],
          [
            120.88023805426235,
            22.11211497154808
          ],
          [
            120.88024819259391,
            22.112096651727956
          ],
          [
            120.8802618634844,
            22.112080767180032
          ],
          [
            120.88027862644329,
            22.11206771324551
          ],
          [
            120.88029782166953,
            22.112058003735775
          ],
          [
            120.88031869362649,
            22.11205202082349
          ],
          [
            120.88034042077996,
            22.112050000000004
          ],
          [
            120.88058,
            22.11205
          ],
          [
            120.88059,
            22.11205
          ],
          [
            120.88061,
            22.11205
          ],
          [
            120.88063,
            22.11205
          ],
          [
            120.88072,
            22.11207
          ],
          [
            120.88087,
            22.11211
          ],
          [
            120.88097,
            22.11213
          ],
          [
            120.88104,
            22.11214
          ],
          [
            120.88108,
            22.11215
          ],
          [
            120.88111,
            22.11215
          ],
          [
            120.88115,
            22.11215
          ],
          [
            120.88119,
            22.11214
          ],
          [
            120.88123,
            22.11213
          ],
          [
            120.88129,
            22.1121
          ],
          [
            120.88161,
            22.11198
          ],
          [
            120.88176,
            22.11194
          ],
          [
            120.88189,
            22.11191
          ],
          [
            120.88197,
            22.11188
          ],
          [
            120.88206,
            22.11184
          ],
          [
            120.88213,
            22.1118
          ],
          [
            120.88222,
            22.11173
          ],
          [
            120.88226,
            22.11171
          ],
          [
            120.8823,
            22.1117
          ],
          [
            120.88235,
            22.11168
          ],
          [
            120.88239,
            22.11167
          ],
          [
            120.88245,
            22.11166
          ],
          [
            120.88251,
            22.11166
          ],
          [
            120.88255,
            22.11166
          ],
          [
            120.88262,
            22.11166
          ],
          [
            120.88274,
            22.11167
          ],
          [
            120.8828,
            22.11168
          ],
          [
            120.88291,
            22.11169
          ],
          [
            120.88309,
            22.11171
          ],
          [
            120.88321,
            22.11173
          ],
          [
            120.88332,
            22.11174
          ],
          [
            120.88358,
            22.11179
          ],
          [
            120.88375,
            22.11182
          ],
          [
            120.88385,
            22.11184
          ],
          [
            120.88394,
            22.11185
          ],
          [
            120.884,
            22.11186
          ],
          [
            120.88407,
            22.11186
          ],
          [
            120.88414,
            22.11187
          ],
          [
            120.88419,
            22.11187
          ],
          [
            120.88423,
            22.11186
          ],
          [
            120.88427,
            22.11185
          ],
          [
            120.88433,
            22.11184
          ],
          [
            120.8846,
            22.11166
          ],
          [
            120.88484,
            22.1115
          ],
          [
            120.88497,
            22.11142
          ],
          [
            120.88506,
            22.11136
          ],
          [
            120.88511,
            22.11134
          ],
          [
            120.88514,
            22.11132
          ],
          [
            120.88516,
            22.11132
          ],
          [
            120.88521,
            22.11131
          ],
          [
            120.88538,
            22.11127
          ],
          [
            120.88557,
            22.11123
          ],
          [
            120.88572,
            22.11119
          ],
          [
            120.88593,
            22.11112
          ],
          [
            120.88608,
            22.11106
          ],
          [
            120.88627,
            22.111
          ],
          [
            120.88635,
            22.11098
          ],
          [
            120.8864,
            22.11096
          ],
          [
            120.88653,
            22.11091
          ],
          [
            120.88658,
            22.11089
          ],
          [
            120.88668,
            22.11084
          ],
          [
            120.88677,
            22.11078
          ],
          [
            120.88689,
            22.11068
          ],
          [
            120.88708,
            22.11052
          ],
          [
            120.88727,
            22.11036
          ],
          [
            120.88746,
            22.1102
          ],
          [
            120.88759,
            22.1101
          ],
          [
            120.88767,
            22.11006
          ],
          [
            120.88776,
            22.11001
          ],
          [
            120.88782,
            22.10998
          ],
          [
            120.88815,
            22.10983
          ],
          [
            120.88826,
            22.10978
          ],
          [
            120.88847,
            22.10968
          ],
          [
            120.88856,
            22.10962
          ],
          [
            120.88866,
            22.10955
          ],
          [
            120.8888,
            22.10944
          ],
          [
            120.88887,
            22.1094
          ],
          [
            120.88894,
            22.10936
          ],
          [
            120.88909,
            22.1093
          ],
          [
            120.88937,
            22.1092
          ],
          [
            120.88944,
            22.10917
          ],
          [
            120.88983,
            22.10904
          ],
          [
            120.89022,
            22.10893
          ],
          [
            120.89044,
            22.10885
          ],
          [
            120.89066,
            22.10876
          ],
          [
            120.89071,
            22.10873
          ],
          [
            120.89081,
            22.10868
          ],
          [
            120.89102,
            22.10855
          ],
          [
            120.8912,
            22.10844
          ],
          [
            120.8913,
            22.10839
          ],
          [
            120.89165,
            22.10822
          ],
          [
            120.89191,
            22.10808
          ],
          [
            120.89207,
            22.10798
          ],
          [
            120.89242,
            22.10777
          ],
          [
            120.89275,
            22.10753
          ],
          [
            120.89284,
            22.10748
          ],
          [
            120.89294,
            22.10741
          ],
          [
            120.89304,
            22.10736
          ],
          [
            120.89315,
            22.10731
          ],
          [
            120.89317,
            22.1073
          ],
          [
            120.89327,
            22.10726
          ],
          [
            120.89335,
            22.10723
          ],
          [
            120.89342,
            22.10721
          ],
          [
            120.89354,
            22.10717
          ],
          [
            120.89384,
            22.10707
          ],
          [
            120.89409,
            22.107
          ],
          [
            120.89445,
            22.10688
          ],
          [
            120.89448,
            22.10687
          ],
          [
            120.89485,
            22.10675
          ],
          [
            120.89508,
            22.10668
          ],
          [
            120.89532,
            22.10663
          ],
          [
            120.8955,
            22.10659
          ],
          [
            120.89575,
            22.10655
          ],
          [
            120.89576,
            22.10654
          ],
          [
            120.89584,
            22.10653
          ],
          [
            120.8959,
            22.10651
          ],
          [
            120.89594,
            22.10649
          ],
          [
            120.89612,
            22.10641
          ],
          [
            120.89621,
            22.10637
          ],
          [
            120.89629,
            22.10632
          ],
          [
            120.89673,
            22.10606
          ],
          [
            120.89712,
            22.10577
          ],
          [
            120.89756,
            22.1055
          ],
          [
            120.89757,
            22.1055
          ],
          [
            120.89774,
            22.10544
          ],
          [
            120.89775,
            22.10544
          ],
          [
            120.89825654835636,
            22.105283676065177
          ],
          [
            120.89827436251994,
            22.10527654693776
          ],
          [
            120.89829085484848,
            22.10526661793718
          ],
          [
            120.89830532371619,
            22.10525424361375
          ],
          [
            120.89831735736948,
            22.105239776114725
          ],
          [
            120.89832661335586,
            22.105223627154757
          ],
          [
            120.89833287215336,
            22.10520608701452
          ],
          [
            120.89848,
            22.10464
          ],
          [
            120.8985,
            22.10453
          ],
          [
            120.89849,
            22.10447
          ],
          [
            120.89844,
            22.10425
          ],
          [
            120.89826,
            22.10362
          ],
          [
            120.89811,
            22.10316
          ],
          [
            120.89809,
            22.1031
          ],
          [
            120.89797,
            22.10276
          ],
          [
            120.89776,
            22.10212
          ],
          [
            120.89774,
            22.10207
          ],
          [
            120.89769,
            22.10194
          ],
          [
            120.89753,
            22.10157
          ],
          [
            120.89745,
            22.1014
          ],
          [
            120.89743,
            22.10136
          ],
          [
            120.89733,
            22.10106
          ],
          [
            120.89725,
            22.10085
          ],
          [
            120.89714,
            22.10048
          ],
          [
            120.89708,
            22.10019
          ],
          [
            120.89707,
            22.10014
          ],
          [
            120.89701,
            22.09965
          ],
          [
            120.89694,
            22.0993
          ],
          [
            120.89686,
            22.09894
          ],
          [
            120.89685,
            22.0988
          ],
          [
            120.89685,
            22.09877
          ],
          [
            120.89692,
            22.09806
          ],
          [
            120.89693,
            22.09783
          ],
          [
            120.89693,
            22.09752
          ],
          [
            120.89693,
            22.0974
          ],
          [
            120.89694,
            22.09724
          ],
          [
            120.89702,
            22.09677
          ],
          [
            120.897,
            22.09662
          ],
          [
            120.89699,
            22.09657
          ],
          [
            120.89667,
            22.09547
          ],
          [
            120.89651,
            22.09504
          ],
          [
            120.8963,
            22.09457
          ],
          [
            120.89627,
            22.0945
          ],
          [
            120.89623,
            22.0944
          ],
          [
            120.89564,
            22.09298
          ],
          [
            120.89554,
            22.09267
          ],
          [
            120.89549,
            22.09251
          ],
          [
            120.89542,
            22.09232
          ],
          [
            120.89532,
            22.09202
          ],
          [
            120.89528,
            22.091919999999998
          ],
          [
            120.89525,
            22.09184
          ],
          [
            120.89515,
            22.09168
          ],
          [
            120.89502,
            22.0915
          ],
          [
            120.89482,
            22.09127
          ],
          [
            120.89344,
            22.08992
          ],
          [
            120.89328,
            22.08976
          ],
          [
            120.89322,
            22.08971
          ],
          [
            120.8931,
            22.0896
          ],
          [
            120.89308,
            22.08958
          ],
          [
            120.89294,
            22.08946
          ],
          [
            120.89294,
            22.08945
          ],
          [
            120.89279,
            22.08934
          ],
          [
            120.89265,
            22.08921
          ],
          [
            120.89251,
            22.0891
          ],
          [
            120.89236,
            22.08898
          ],
          [
            120.89222,
            22.08886
          ],
          [
            120.89221,
            22.08885
          ],
          [
            120.89207,
            22.08874
          ],
          [
            120.89189,
            22.08858
          ],
          [
            120.89167,
            22.08839
          ],
          [
            120.89189,
            22.08858
          ],
          [
            120.89207,
            22.08874
          ],
          [
            120.89221,
            22.08885
          ],
          [
            120.89222,
            22.08886
          ],
          [
            120.89236,
            22.08898
          ],
          [
            120.89251,
            22.0891
          ],
          [
            120.89265,
            22.08921
          ],
          [
            120.89279,
            22.08934
          ],
          [
            120.89294,
            22.08945
          ],
          [
            120.89294,
            22.08946
          ],
          [
            120.89308,
            22.08958
          ],
          [
            120.8931,
            22.0896
          ],
          [
            120.89322,
            22.08971
          ],
          [
            120.89328,
            22.08976
          ],
          [
            120.89344,
            22.08992
          ],
          [
            120.89482,
            22.09127
          ],
          [
            120.89502,
            22.0915
          ],
          [
            120.89515,
            22.09168
          ],
          [
            120.89525,
            22.09184
          ],
          [
            120.89528,
            22.091919999999998
          ],
          [
            120.89532,
            22.09202
          ],
          [
            120.89542,
            22.09232
          ],
          [
            120.89549,
            22.09251
          ],
          [
            120.89554,
            22.09267
          ],
          [
            120.89564,
            22.09298
          ],
          [
            120.89623,
            22.0944
          ],
          [
            120.89627,
            22.0945
          ],
          [
            120.8963,
            22.09457
          ],
          [
            120.89651,
            22.09504
          ],
          [
            120.89667,
            22.09547
          ],
          [
            120.89699,
            22.09657
          ],
          [
            120.897,
            22.09662
          ],
          [
            120.89702,
            22.09677
          ],
          [
            120.89694,
            22.09724
          ],
          [
            120.89693,
            22.0974
          ],
          [
            120.89693,
            22.09752
          ],
          [
            120.89693,
            22.09783
          ],
          [
            120.89692,
            22.09806
          ],
          [
            120.89685,
            22.09877
          ],
          [
            120.89685,
            22.0988
          ],
          [
            120.89686,
            22.09894
          ],
          [
            120.89694,
            22.0993
          ],
          [
            120.89701,
            22.09965
          ],
          [
            120.89707,
            22.10014
          ],
          [
            120.89708,
            22.10019
          ],
          [
            120.89714,
            22.10048
          ],
          [
            120.89725,
            22.10085
          ],
          [
            120.89733,
            22.10106
          ],
          [
            120.89743,
            22.10136
          ],
          [
            120.89745,
            22.1014
          ],
          [
            120.89753,
            22.10157
          ],
          [
            120.89769,
            22.10194
          ],
          [
            120.89774,
            22.10207
          ],
          [
            120.89776,
            22.10212
          ],
          [
            120.89797,
            22.10276
          ],
          [
            120.89809,
            22.1031
          ],
          [
            120.89811,
            22.10316
          ],
          [
            120.89826,
            22.10362
          ],
          [
            120.89844,
            22.10425
          ],
          [
            120.89849,
            22.10447
          ],
          [
            120.89856524816551,
            22.104923838518996
          ],
          [
            120.89856653393346,
            22.10494380605183
          ],
          [
            120.89856384468587,
            22.104963766841568
          ],
          [
            120.89855725406102,
            22.104982921877813
          ],
          [
            120.89854698840206,
            22.105000613315323
          ],
          [
            120.89853340026458,
            22.10501623357353
          ],
          [
            120.89851727117872,
            22.105029039858387
          ],
          [
            120.89801,
            22.10536
          ],
          [
            120.89775,
            22.10544
          ],
          [
            120.89774,
            22.10544
          ],
          [
            120.89757,
            22.1055
          ],
          [
            120.89756,
            22.1055
          ],
          [
            120.89712,
            22.10577
          ],
          [
            120.89673,
            22.10606
          ],
          [
            120.89629,
            22.10632
          ],
          [
            120.89621,
            22.10637
          ],
          [
            120.89612,
            22.10641
          ],
          [
            120.89594,
            22.10649
          ],
          [
            120.8959,
            22.10651
          ],
          [
            120.89584,
            22.10653
          ],
          [
            120.89576,
            22.10654
          ],
          [
            120.89575,
            22.10655
          ],
          [
            120.8955,
            22.10659
          ],
          [
            120.89532,
            22.10663
          ],
          [
            120.89508,
            22.10668
          ],
          [
            120.89485,
            22.10675
          ],
          [
            120.89448,
            22.10687
          ],
          [
            120.89445,
            22.10688
          ],
          [
            120.89409,
            22.107
          ],
          [
            120.89384,
            22.10707
          ],
          [
            120.89354,
            22.10717
          ],
          [
            120.89342,
            22.10721
          ],
          [
            120.89335,
            22.10723
          ],
          [
            120.89327,
            22.10726
          ],
          [
            120.89317,
            22.1073
          ],
          [
            120.89315,
            22.10731
          ],
          [
            120.89304,
            22.10736
          ],
          [
            120.89294,
            22.10741
          ],
          [
            120.89284,
            22.10748
          ],
          [
            120.89275,
            22.10753
          ],
          [
            120.89242,
            22.10777
          ],
          [
            120.89207,
            22.10798
          ],
          [
            120.89191,
            22.10808
          ],
          [
            120.89165,
            22.10822
          ],
          [
            120.8913,
            22.10839
          ],
          [
            120.8912,
            22.10844
          ],
          [
            120.89102,
            22.10855
          ],
          [
            120.89087,
            22.10864
          ],
          [
            120.89081,
            22.10868
          ],
          [
            120.89071,
            22.10873
          ],
          [
            120.89066,
            22.10876
          ],
          [
            120.89044,
            22.10885
          ],
          [
            120.89022,
            22.10893
          ],
          [
            120.88983,
            22.10904
          ],
          [
            120.88944,
            22.10917
          ],
          [
            120.88937,
            22.1092
          ],
          [
            120.88909,
            22.1093
          ],
          [
            120.88894,
            22.10936
          ],
          [
            120.88887,
            22.1094
          ],
          [
            120.8888,
            22.10944
          ],
          [
            120.88866,
            22.10955
          ],
          [
            120.88856,
            22.10962
          ],
          [
            120.88847,
            22.10968
          ],
          [
            120.88826,
            22.10978
          ],
          [
            120.88815,
            22.10983
          ],
          [
            120.88782,
            22.10998
          ],
          [
            120.88776,
            22.11001
          ],
          [
            120.88767,
            22.11006
          ],
          [
            120.88759,
            22.1101
          ],
          [
            120.88746,
            22.1102
          ],
          [
            120.88727,
            22.11036
          ],
          [
            120.88708,
            22.11052
          ],
          [
            120.88689,
            22.11068
          ],
          [
            120.88677,
            22.11078
          ],
          [
            120.88668,
            22.11084
          ],
          [
            120.88658,
            22.11089
          ],
          [
            120.88653,
            22.11091
          ],
          [
            120.8864,
            22.11096
          ],
          [
            120.88635,
            22.11098
          ],
          [
            120.88627,
            22.111
          ],
          [
            120.88608,
            22.11106
          ],
          [
            120.88593,
            22.11112
          ],
          [
            120.88572,
            22.11119
          ],
          [
            120.88557,
            22.11123
          ],
          [
            120.88538,
            22.11127
          ],
          [
            120.88521,
            22.11131
          ],
          [
            120.88516,
            22.11132
          ],
          [
            120.88514,
            22.11132
          ],
          [
            120.88511,
            22.11134
          ],
          [
            120.88506,
            22.11136
          ],
          [
            120.88497,
            22.11142
          ],
          [
            120.88484,
            22.1115
          ],
          [
            120.8846,
            22.11166
          ],
          [
            120.88433,
            22.11184
          ],
          [
            120.88427,
            22.11185
          ],
          [
            120.88423,
            22.11186
          ],
          [
            120.88419,
            22.11187
          ],
          [
            120.88414,
            22.11187
          ],
          [
            120.88407,
            22.11186
          ],
          [
            120.884,
            22.11186
          ],
          [
            120.88394,
            22.11185
          ],
          [
            120.88385,
            22.11184
          ],
          [
            120.88375,
            22.11182
          ],
          [
            120.88358,
            22.11179
          ],
          [
            120.88332,
            22.11174
          ],
          [
            120.88321,
            22.11173
          ],
          [
            120.88309,
            22.11171
          ],
          [
            120.88291,
            22.11169
          ],
          [
            120.8828,
            22.11168
          ],
          [
            120.88274,
            22.11167
          ],
          [
            120.88262,
            22.11166
          ],
          [
            120.88255,
            22.11166
          ],
          [
            120.88251,
            22.11166
          ],
          [
            120.88245,
            22.11166
          ],
          [
            120.88239,
            22.11167
          ],
          [
            120.88235,
            22.11168
          ],
          [
            120.8823,
            22.1117
          ],
          [
            120.88226,
            22.11171
          ],
          [
            120.88222,
            22.11173
          ],
          [
            120.88213,
            22.1118
          ],
          [
            120.88206,
            22.11184
          ],
          [
            120.88197,
            22.11188
          ],
          [
            120.88189,
            22.11191
          ],
          [
            120.88176,
            22.11194
          ],
          [
            120.88161,
            22.11198
          ],
          [
            120.88129,
            22.1121
          ],
          [
            120.88123,
            22.11213
          ],
          [
            120.88119,
            22.11214
          ],
          [
            120.88115,
            22.11215
          ],
          [
            120.88111,
            22.11215
          ],
          [
            120.88108,
            22.11215
          ],
          [
            120.88052810328378,
            22.112011252527868
          ],
          [
            120.88050481329516,
            22.112007665108436
          ],
          [
            120.88048143085112,
            22.112008510111803
          ],
          [
            120.88045870247066,
            22.112013703058604
          ],
          [
            120.88043754738841,
            22.112023033923478
          ],
          [
            120.880418821208,
            22.112036125325623
          ],
          [
            120.88040305473147,
            22.112052741571127
          ],
          [
            120.88025,
            22.11225
          ],
          [
            120.88017,
            22.11237
          ],
          [
            120.88008,
            22.1125
          ],
          [
            120.88004,
            22.11258
          ],
          [
            120.87998,
            22.11272
          ],
          [
            120.8797871690848,
            22.113171856999156
          ],
          [
            120.87977878000096,
            22.113187739583484
          ],
          [
            120.87976791606532,
            22.113201938826208
          ],
          [
            120.87975475452618,
            22.113214331110825
          ],
          [
            120.87973963529157,
            22.113224596395924
          ],
          [
            120.87972294882877,
            22.11323246957168
          ],
          [
            120.87970530133741,
            22.11323770941754
          ],
          [
            120.87923,
            22.11334
          ],
          [
            120.87916,
            22.11335
          ],
          [
            120.87909,
            22.11336
          ],
          [
            120.87899,
            22.11335
          ],
          [
            120.87889,
            22.11334
          ],
          [
            120.87884,
            22.11333
          ],
          [
            120.87873,
            22.11331
          ],
          [
            120.87867,
            22.11329
          ],
          [
            120.87865,
            22.11329
          ],
          [
            120.87856,
            22.11326
          ],
          [
            120.87847,
            22.11323
          ],
          [
            120.87838,
            22.1132
          ],
          [
            120.87832,
            22.11319
          ],
          [
            120.87828,
            22.11318
          ],
          [
            120.87827,
            22.11318
          ],
          [
            120.87823,
            22.11318
          ],
          [
            120.87817,
            22.11317
          ],
          [
            120.87804,
            22.11319
          ],
          [
            120.87797,
            22.1132
          ],
          [
            120.87789,
            22.11321
          ],
          [
            120.87740318275462,
            22.113298929632926
          ],
          [
            120.8773834734074,
            22.113300952182335
          ],
          [
            120.87736383543071,
            22.113299844189545
          ],
          [
            120.87734467825075,
            22.11329566521911
          ],
          [
            120.87732654955244,
            22.113288534743678
          ],
          [
            120.87730996761739,
            22.11327865661653
          ],
          [
            120.87729512938958,
            22.113266034036762
          ],
          [
            120.87701,
            22.11298
          ],
          [
            120.87689,
            22.11285
          ],
          [
            120.87672,
            22.11271
          ],
          [
            120.87668,
            22.11267
          ],
          [
            120.8766,
            22.1126
          ],
          [
            120.87655,
            22.11254
          ],
          [
            120.87652,
            22.1125
          ],
          [
            120.87624,
            22.11217
          ],
          [
            120.87619,
            22.11211
          ],
          [
            120.87607,
            22.11197
          ],
          [
            120.87595,
            22.11183
          ],
          [
            120.87588,
            22.11174
          ],
          [
            120.8756,
            22.11139
          ],
          [
            120.87555,
            22.11134
          ],
          [
            120.87548,
            22.11128
          ],
          [
            120.87533,
            22.11115
          ],
          [
            120.87524,
            22.11107
          ],
          [
            120.87516,
            22.111
          ],
          [
            120.87514,
            22.11096
          ],
          [
            120.87513,
            22.11094
          ],
          [
            120.87511,
            22.11091
          ],
          [
            120.87511,
            22.110355444278056
          ],
          [
            120.87510813231268,
            22.110336071652085
          ],
          [
            120.87510258921014,
            22.110317320956206
          ],
          [
            120.8750935486457,
            22.110299794154347
          ],
          [
            120.87508130085352,
            22.11028405391909
          ],
          [
            120.87506623903127,
            22.110270605567887
          ],
          [
            120.87504914784617,
            22.110260032774512
          ],
          [
            120.87431092107549,
            22.109888872667245
          ],
          [
            120.87429347946123,
            22.109881692555515
          ],
          [
            120.87427535276765,
            22.10987732048819
          ],
          [
            120.87425670915582,
            22.109875717565092
          ],
          [
            120.87423803135394,
            22.109876925289758
          ],
          [
            120.87421980297543,
            22.109880912391276
          ],
          [
            120.87420220055783,
            22.109887716837473
          ],
          [
            120.87363,
            22.11016
          ],
          [
            120.87354,
            22.1102
          ],
          [
            120.87352,
            22.11021
          ],
          [
            120.8735,
            22.11023
          ],
          [
            120.87348,
            22.11025
          ],
          [
            120.87346,
            22.11027
          ],
          [
            120.87342,
            22.11036
          ],
          [
            120.87329,
            22.11066
          ],
          [
            120.87326,
            22.11073
          ],
          [
            120.87318,
            22.11092
          ],
          [
            120.8731,
            22.11107
          ],
          [
            120.87307,
            22.1111
          ],
          [
            120.87306,
            22.11112
          ],
          [
            120.87304,
            22.11113
          ],
          [
            120.87301,
            22.11115
          ],
          [
            120.87298,
            22.11116
          ],
          [
            120.87294,
            22.11117
          ],
          [
            120.87291,
            22.11119
          ],
          [
            120.87286,
            22.11121
          ],
          [
            120.87282,
            22.11124
          ],
          [
            120.87267,
            22.11136
          ],
          [
            120.87255,
            22.11145
          ],
          [
            120.87247,
            22.1115
          ],
          [
            120.87241,
            22.11153
          ],
          [
            120.87225,
            22.11157
          ],
          [
            120.87196,
            22.11161
          ],
          [
            120.87193,
            22.11161
          ],
          [
            120.87165,
            22.11165
          ],
          [
            120.87120088125022,
            22.111687592223962
          ],
          [
            120.87118238049298,
            22.11169057214577
          ],
          [
            120.87116456728182,
            22.111696316759968
          ],
          [
            120.87114798183765,
            22.111704669215143
          ],
          [
            120.87113305932722,
            22.11171541036065
          ],
          [
            120.87112019128546,
            22.11172825837167
          ],
          [
            120.8711095468803,
            22.11174315938561
          ],
          [
            120.87095,
            22.11201
          ],
          [
            120.87084,
            22.11218
          ],
          [
            120.87065,
            22.11247
          ],
          [
            120.87055,
            22.11262
          ],
          [
            120.87042,
            22.11282
          ],
          [
            120.87002,
            22.11341
          ],
          [
            120.86994,
            22.11353
          ],
          [
            120.86982,
            22.11369
          ],
          [
            120.86967,
            22.11391
          ],
          [
            120.86949,
            22.11415
          ],
          [
            120.86942,
            22.11425
          ],
          [
            120.86939,
            22.11431
          ],
          [
            120.86924261035313,
            22.114828669952416
          ],
          [
            120.86923631781889,
            22.114845334681387
          ],
          [
            120.86922732215194,
            22.114860669016405
          ],
          [
            120.86921580504774,
            22.114874457479846
          ],
          [
            120.86920206514284,
            22.11488634253919
          ],
          [
            120.86918645871066,
            22.114896016016868
          ],
          [
            120.86916963584254,
            22.11490314460021
          ],
          [
            120.86888,
            22.115
          ],
          [
            120.86871,
            22.11504
          ],
          [
            120.86858,
            22.11506
          ],
          [
            120.86852,
            22.11508
          ],
          [
            120.86846,
            22.1151
          ],
          [
            120.86835,
            22.11514
          ],
          [
            120.86751966018346,
            22.11548131145972
          ],
          [
            120.86750177126407,
            22.115486484594197
          ],
          [
            120.8674832916781,
            22.115487648834936
          ],
          [
            120.86746501978821,
            22.115484820493812
          ],
          [
            120.86744793333192,
            22.115478150916708
          ],
          [
            120.86743294661355,
            22.11546799699585
          ],
          [
            120.86742071563152,
            22.115454700222084
          ],
          [
            120.86715454028912,
            22.11508785514064
          ],
          [
            120.8671384856111,
            22.11505436585512
          ],
          [
            120.86713533803555,
            22.115017447801993
          ],
          [
            120.86714567532594,
            22.114981690947285
          ],
          [
            120.86716829438731,
            22.11495125681595
          ],
          [
            120.86720056272331,
            22.11492968745324
          ],
          [
            120.867238637787,
            22.11491950196689
          ],
          [
            120.8686100906768,
            22.11478162307978
          ],
          [
            120.86863002871955,
            22.114777936899632
          ],
          [
            120.86864905350672,
            22.114771033857863
          ],
          [
            120.86866649250908,
            22.1147611351913
          ],
          [
            120.86868180901178,
            22.11474854554818
          ],
          [
            120.86869453162356,
            22.114733652396083
          ],
          [
            120.86870438714918,
            22.11471665888557
          ],
          [
            120.86881,
            22.11449
          ],
          [
            120.86918431969504,
            22.11373701170668
          ],
          [
            120.8691860147945,
            22.11373245858994
          ],
          [
            120.8691867378777,
            22.113727619276865
          ],
          [
            120.86918643104748,
            22.113722741560785
          ],
          [
            120.86918510618912,
            22.113718014382346
          ],
          [
            120.86918281462155,
            22.11371362085105
          ],
          [
            120.8691797084736,
            22.11370979501257
          ],
          [
            120.86914,
            22.11367
          ],
          [
            120.86909,
            22.1136
          ],
          [
            120.86861,
            22.11314
          ],
          [
            120.86848,
            22.11302
          ],
          [
            120.86835,
            22.11289
          ],
          [
            120.86817,
            22.11272
          ],
          [
            120.86799,
            22.11254
          ],
          [
            120.86794,
            22.1125
          ],
          [
            120.86789,
            22.11245
          ],
          [
            120.86783,
            22.1124
          ],
          [
            120.86775,
            22.1123
          ],
          [
            120.86761,
            22.1121
          ],
          [
            120.86734,
            22.11168
          ],
          [
            120.86732,
            22.11165
          ],
          [
            120.86724,
            22.11152
          ],
          [
            120.86722,
            22.11149
          ],
          [
            120.86698,
            22.11111
          ],
          [
            120.86689,
            22.11099
          ],
          [
            120.86681,
            22.11089
          ],
          [
            120.8668,
            22.11088
          ],
          [
            120.8667,
            22.11076
          ],
          [
            120.86653,
            22.11058
          ],
          [
            120.86644,
            22.11047
          ],
          [
            120.86632,
            22.11033
          ],
          [
            120.86606,
            22.11002
          ],
          [
            120.86601,
            22.10997
          ],
          [
            120.86594,
            22.10992
          ],
          [
            120.8658,
            22.10981
          ],
          [
            120.86579,
            22.1098
          ],
          [
            120.86564,
            22.10969
          ],
          [
            120.86547,
            22.10956
          ],
          [
            120.86534,
            22.10947
          ],
          [
            120.86508,
            22.10928
          ],
          [
            120.865,
            22.1092
          ],
          [
            120.86491,
            22.10911
          ],
          [
            120.86489,
            22.10909
          ],
          [
            120.86467,
            22.10885
          ],
          [
            120.86465,
            22.10884
          ],
          [
            120.86455,
            22.10874
          ],
          [
            120.86451,
            22.10871
          ],
          [
            120.86443,
            22.10865
          ],
          [
            120.86437,
            22.1086
          ],
          [
            120.86436,
            22.1086
          ],
          [
            120.8643,
            22.10857
          ],
          [
            120.86423,
            22.10854
          ],
          [
            120.86419,
            22.10852
          ],
          [
            120.86413,
            22.10851
          ],
          [
            120.86402,
            22.10849
          ],
          [
            120.864,
            22.10849
          ],
          [
            120.86352,
            22.10844
          ],
          [
            120.86303,
            22.10839
          ],
          [
            120.86298,
            22.1084
          ],
          [
            120.86289,
            22.10841
          ],
          [
            120.86273,
            22.10843
          ],
          [
            120.86254,
            22.10847
          ],
          [
            120.86235,
            22.1085
          ],
          [
            120.86232,
            22.1085
          ],
          [
            120.86225,
            22.1085
          ],
          [
            120.86219,
            22.1085
          ],
          [
            120.86215,
            22.10849
          ],
          [
            120.8621,
            22.10847
          ],
          [
            120.86198,
            22.10842
          ],
          [
            120.86181,
            22.10832
          ],
          [
            120.86163,
            22.10821
          ],
          [
            120.86149,
            22.10814
          ],
          [
            120.86135,
            22.10807
          ],
          [
            120.86064879872,
            22.10782351002475
          ],
          [
            120.86062509246678,
            22.107812053206025
          ],
          [
            120.8606046252976,
            22.107795670870814
          ],
          [
            120.86058874994157,
            22.10777533245302
          ],
          [
            120.86057831917394,
            22.107752130469834
          ],
          [
            120.86057389330342,
            22.107727311260355
          ],
          [
            120.86057568338684,
            22.107702342292786
          ],
          [
            120.8607163311223,
            22.106995829804188
          ],
          [
            120.86071810242204,
            22.10697058366959
          ],
          [
            120.86071352122326,
            22.106945509709583
          ],
          [
            120.86070281243082,
            22.106922118620265
          ],
          [
            120.86068656394472,
            22.106901694544682
          ],
          [
            120.86066566778757,
            22.106885358740342
          ],
          [
            120.86064151682096,
            22.10687409071451
          ],
          [
            120.86042,
            22.1068
          ],
          [
            120.8604,
            22.10679
          ],
          [
            120.86037,
            22.10678
          ],
          [
            120.86036,
            22.10677
          ],
          [
            120.86034,
            22.10676
          ],
          [
            120.86032,
            22.10676
          ],
          [
            120.8603,
            22.10675
          ],
          [
            120.86027,
            22.10675
          ],
          [
            120.86024,
            22.10675
          ],
          [
            120.86021,
            22.10675
          ],
          [
            120.86018,
            22.10675
          ],
          [
            120.85940080070348,
            22.106946103676318
          ],
          [
            120.85939,
            22.10693
          ],
          [
            120.85937,
            22.1069
          ],
          [
            120.85935,
            22.10688
          ],
          [
            120.85924272473311,
            22.106584052006966
          ],
          [
            120.85923261191527,
            22.106563385612734
          ],
          [
            120.85921827758004,
            22.10654530564385
          ],
          [
            120.85920025808176,
            22.10653036936046
          ],
          [
            120.85917932674226,
            22.106519217765644
          ],
          [
            120.85915638184746,
            22.1065123294394
          ],
          [
            120.85913240809704,
            22.10651
          ],
          [
            120.85788905454558,
            22.10651
          ],
          [
            120.85786794416143,
            22.10651180178946
          ],
          [
            120.85784753453581,
            22.106517147347486
          ],
          [
            120.85782850316556,
            22.106525859228455
          ],
          [
            120.85781148179643,
            22.106537648241765
          ],
          [
            120.8577970354522,
            22.106552123051493
          ],
          [
            120.85778549173378,
            22.10656907919607
          ],
          [
            120.8574397640448,
            22.10719420160412
          ],
          [
            120.85742075304789,
            22.10721930996485
          ],
          [
            120.85739524710667,
            22.107238282150405
          ],
          [
            120.85736509904943,
            22.107249902895294
          ],
          [
            120.85733267845781,
            22.10725325883043
          ],
          [
            120.85730053353046,
            22.107248086185496
          ],
          [
            120.85727087628023,
            22.10723459328575
          ],
          [
            120.85667169399582,
            22.10685888931613
          ],
          [
            120.85663314996678,
            22.106843071779195
          ],
          [
            120.85659147245805,
            22.10684104419036
          ],
          [
            120.85655170920113,
            22.10685286893942
          ],
          [
            120.856518976112,
            22.106877024661472
          ],
          [
            120.85649748460972,
            22.106910403496247
          ],
          [
            120.85648999999998,
            22.106948710943506
          ],
          [
            120.85648999999998,
            22.10768016855174
          ],
          [
            120.85648348807045,
            22.107715976707645
          ],
          [
            120.85646468119623,
            22.107747776668962
          ],
          [
            120.85643568452934,
            22.107772008899335
          ],
          [
            120.8563997438187,
            22.1077859609582
          ],
          [
            120.85636088209644,
            22.107788071118488
          ],
          [
            120.8563231616058,
            22.107777974420692
          ],
          [
            120.85608,
            22.10767
          ],
          [
            120.85595379869447,
            22.107594044565417
          ],
          [
            120.8559439792167,
            22.10758914136578
          ],
          [
            120.8559336122814,
            22.107585914249526
          ],
          [
            120.85592281334402,
            22.107584347559705
          ],
          [
            120.85591188563335,
            22.107584485288186
          ],
          [
            120.855901135994,
            22.107586323567617
          ],
          [
            120.85589070748341,
            22.107589879499265
          ],
          [
            120.85526542781942,
            22.107859045978103
          ],
          [
            120.85522783024814,
            22.10786864550919
          ],
          [
            120.85518924787864,
            22.10786618849604
          ],
          [
            120.85515365973708,
            22.107852068851617
          ],
          [
            120.85512499729774,
            22.107827846393764
          ],
          [
            120.85510642694237,
            22.107796197012988
          ],
          [
            120.85510000000001,
            22.107760617062866
          ],
          [
            120.85509999999998,
            22.107053283040393
          ],
          [
            120.85509411807088,
            22.107019203642693
          ],
          [
            120.85507706698458,
            22.106988569891925
          ],
          [
            120.85505057071587,
            22.106964479057883
          ],
          [
            120.85501730820845,
            22.106949366879284
          ],
          [
            120.85498064251634,
            22.10694476129486
          ],
          [
            120.85494403510715,
            22.106951210724592
          ],
          [
            120.85440380176352,
            22.107132070657542
          ],
          [
            120.8543988352428,
            22.107133310815275
          ],
          [
            120.85439378410777,
            22.10713375364838
          ],
          [
            120.85438872423704,
            22.10713340837972
          ],
          [
            120.8543837959034,
            22.107132284581045
          ],
          [
            120.8543791357331,
            22.10713041340698
          ],
          [
            120.85437479089545,
            22.107127787568615
          ],
          [
            120.8535045311643,
            22.106502468278375
          ],
          [
            120.85348376078815,
            22.10649047125487
          ],
          [
            120.85346114788253,
            22.10648287290405
          ],
          [
            120.85343734416695,
            22.106479771661
          ],
          [
            120.85341336537961,
            22.106481299860164
          ],
          [
            120.85339023472939,
            22.106487392291108
          ],
          [
            120.85336862512833,
            22.106497984060947
          ],
          [
            120.85248098357394,
            22.107046635045172
          ],
          [
            120.85244245675933,
            22.107062156998275
          ],
          [
            120.85240090791538,
            22.107063964210894
          ],
          [
            120.85236133269102,
            22.10705202082666
          ],
          [
            120.85232878866744,
            22.107027853170095
          ],
          [
            120.85230743486187,
            22.106994549786794
          ],
          [
            120.8523,
            22.10695636673765
          ],
          [
            120.8523,
            22.10592
          ],
          [
            120.85226,
            22.10591
          ],
          [
            120.85225,
            22.10591
          ],
          [
            120.85156670260474,
            22.10591
          ],
          [
            120.8515555482217,
            22.10590911708034
          ],
          [
            120.85154471266425,
            22.105906493557846
          ],
          [
            120.85153450564498,
            22.10590220442063
          ],
          [
            120.85152521891094,
            22.105896372265033
          ],
          [
            120.85151711790475,
            22.10588916379148
          ],
          [
            120.85151032468126,
            22.10588061979143
          ],
          [
            120.85143632309374,
            22.105769565284273
          ],
          [
            120.8514317904187,
            22.10576387467886
          ],
          [
            120.85142638795192,
            22.105759074240062
          ],
          [
            120.85142019662155,
            22.10575519064565
          ],
          [
            120.85141339306624,
            22.105752334694543
          ],
          [
            120.85140617139132,
            22.105750587867004
          ],
          [
            120.85139873763117,
            22.10575
          ],
          [
            120.85060225415894,
            22.10575
          ],
          [
            120.85059606613798,
            22.105749524849998
          ],
          [
            120.85059004463004,
            22.105748112185783
          ],
          [
            120.85058435166748,
            22.105745800020635
          ],
          [
            120.85057914044182,
            22.105742650572452
          ],
          [
            120.85057455118161,
            22.10573874858951
          ],
          [
            120.85057063990047,
            22.105734103784314
          ],
          [
            120.8502681972978,
            22.105308613933346
          ],
          [
            120.85025311494718,
            22.105291380980656
          ],
          [
            120.85023489867594,
            22.1052775711554
          ],
          [
            120.85021408246715,
            22.10526745352543
          ],
          [
            120.85019151344187,
            22.105261439830333
          ],
          [
            120.85016811005254,
            22.105259774799016
          ],
          [
            120.85014464938779,
            22.10526256412266
          ],
          [
            120.84906797546503,
            22.105494456302782
          ],
          [
            120.84903672301984,
            22.105497181991357
          ],
          [
            120.84900599820145,
            22.105492065309704
          ],
          [
            120.84897783655242,
            22.105479512332728
          ],
          [
            120.8489542644705,
            22.105460426321613
          ],
          [
            120.84893697810689,
            22.10543618062814
          ],
          [
            120.84892719462978,
            22.105408385727557
          ],
          [
            120.84882,
            22.10487
          ],
          [
            120.84881,
            22.10479
          ],
          [
            120.84881,
            22.10466
          ],
          [
            120.84881,
            22.10459
          ],
          [
            120.84881,
            22.10452
          ],
          [
            120.8488,
            22.10446
          ],
          [
            120.84879,
            22.10441
          ],
          [
            120.84877,
            22.10436
          ],
          [
            120.84873,
            22.10429
          ],
          [
            120.84831664613773,
            22.10359708310932
          ],
          [
            120.84831097872605,
            22.103589268027758
          ],
          [
            120.84830402966894,
            22.10358262852912
          ],
          [
            120.84829593523992,
            22.103577235690032
          ],
          [
            120.84828694885242,
            22.10357325834485
          ],
          [
            120.84827735184449,
            22.103570821012877
          ],
          [
            120.84826744467107,
            22.103570000000005
          ],
          [
            120.84814,
            22.10357
          ],
          [
            120.8481,
            22.10357
          ],
          [
            120.84804,
            22.10357
          ],
          [
            120.84799,
            22.10358
          ],
          [
            120.84796,
            22.10358
          ],
          [
            120.84785,
            22.10359
          ],
          [
            120.8478,
            22.10359
          ],
          [
            120.84772,
            22.10359
          ],
          [
            120.84766,
            22.10359
          ],
          [
            120.84761,
            22.10358
          ],
          [
            120.8476,
            22.10358
          ],
          [
            120.84756,
            22.10356
          ],
          [
            120.84752,
            22.10355
          ],
          [
            120.84745,
            22.10353
          ],
          [
            120.84742,
            22.10353
          ],
          [
            120.84738,
            22.10352
          ],
          [
            120.84729,
            22.10352
          ],
          [
            120.8472,
            22.10351
          ],
          [
            120.84646735924825,
            22.10351
          ],
          [
            120.84645694420283,
            22.103509174603598
          ],
          [
            120.84644682755696,
            22.10350672206268
          ],
          [
            120.84643729916075,
            22.103502712644538
          ],
          [
            120.84642863201054,
            22.103497261222266
          ],
          [
            120.84642107442723,
            22.103490523983552
          ],
          [
            120.84641474114683,
            22.10348253991032
          ],
          [
            120.84627459974664,
            22.1032713860444
          ],
          [
            120.8462673623052,
            22.103262260605252
          ],
          [
            120.84625872533708,
            22.103254560162526
          ],
          [
            120.8462488200626,
            22.103248329323232
          ],
          [
            120.84623793032272,
            22.10324374663541
          ],
          [
            120.84622636816874,
            22.103240943418438
          ],
          [
            120.84621446492054,
            22.10324
          ],
          [
            120.84585812988087,
            22.10324
          ],
          [
            120.84584523226009,
            22.103238856977622
          ],
          [
            120.84583279590777,
            22.103235468789354
          ],
          [
            120.84582126559567,
            22.103229956609834
          ],
          [
            120.84581105369203,
            22.103222517575766
          ],
          [
            120.84580252541379,
            22.103213417735603
          ],
          [
            120.8457959087352,
            22.103202827142887
          ],
          [
            120.84556432955937,
            22.102737622870624
          ],
          [
            120.84554777575394,
            22.10271325024968
          ],
          [
            120.84552518100826,
            22.10269397347933
          ],
          [
            120.84549797924132,
            22.10268086351018
          ],
          [
            120.84546805404611,
            22.10267482814526
          ],
          [
            120.84543747760014,
            22.102676285304895
          ],
          [
            120.84540807923548,
            22.102685263351393
          ],
          [
            120.84486,
            22.10293
          ],
          [
            120.84485,
            22.10293
          ],
          [
            120.84485,
            22.10294
          ],
          [
            120.84477,
            22.10297
          ],
          [
            120.84464,
            22.10304
          ],
          [
            120.84451,
            22.10311
          ],
          [
            120.8445,
            22.10311
          ],
          [
            120.84444,
            22.10315
          ],
          [
            120.84435,
            22.10319
          ],
          [
            120.84434,
            22.1032
          ],
          [
            120.84433,
            22.1032
          ],
          [
            120.84423,
            22.10324
          ],
          [
            120.84414,
            22.10328
          ],
          [
            120.84404,
            22.10332
          ],
          [
            120.84397,
            22.10335
          ],
          [
            120.8439,
            22.10337
          ],
          [
            120.84379,
            22.1034
          ],
          [
            120.8437,
            22.10343
          ],
          [
            120.84362,
            22.10346
          ],
          [
            120.84361,
            22.10346
          ],
          [
            120.8436,
            22.10347
          ],
          [
            120.84351,
            22.10351
          ],
          [
            120.84341,
            22.10357
          ],
          [
            120.84331,
            22.10362
          ],
          [
            120.84328,
            22.10364
          ],
          [
            120.84327,
            22.10365
          ],
          [
            120.84322,
            22.10367
          ],
          [
            120.84315,
            22.10373
          ],
          [
            120.84308,
            22.10379
          ],
          [
            120.84256784175854,
            22.104304962664582
          ],
          [
            120.84255758333515,
            22.104312414724617
          ],
          [
            120.8425454271633,
            22.104316341611884
          ],
          [
            120.84253256333612,
            22.104316423516057
          ],
          [
            120.84252035085889,
            22.10431265178432
          ],
          [
            120.8425100799248,
            22.104305424883126
          ],
          [
            120.84250279101313,
            22.10429541647511
          ],
          [
            120.8421928192925,
            22.103671983974323
          ],
          [
            120.84218243801277,
            22.103656160920654
          ],
          [
            120.84216855631517,
            22.103643172282165
          ],
          [
            120.84215183189428,
            22.1036335306402
          ],
          [
            120.84213317127022,
            22.10362775860432
          ],
          [
            120.84211358591183,
            22.10362616903836
          ],
          [
            120.84209399296772,
            22.10362888456424
          ],
          [
            120.84169819510647,
            22.103728251617454
          ],
          [
            120.84167834863122,
            22.103735142486286
          ],
          [
            120.84166000288957,
            22.103745388998455
          ],
          [
            120.84164397653613,
            22.103758594847676
          ],
          [
            120.84163081080817,
            22.1037743140499
          ],
          [
            120.84162095033477,
            22.103792015740847
          ],
          [
            120.84161469575436,
            22.103811249475143
          ],
          [
            120.8414083981923,
            22.104743947414665
          ],
          [
            120.84139316092012,
            22.10477959099336
          ],
          [
            120.84136571173467,
            22.10480796912015
          ],
          [
            120.84132942171499,
            22.104825710420318
          ],
          [
            120.84128879059124,
            22.104830615086208
          ],
          [
            120.8412488563627,
            22.10482207497063
          ],
          [
            120.84121427387953,
            22.10480088712731
          ],
          [
            120.84086,
            22.10449
          ],
          [
            120.84077,
            22.10442
          ],
          [
            120.84071,
            22.10437
          ],
          [
            120.84068,
            22.10435
          ],
          [
            120.84059,
            22.10428
          ],
          [
            120.84058,
            22.10427
          ],
          [
            120.84056,
            22.10425
          ],
          [
            120.84049,
            22.1042
          ],
          [
            120.84046,
            22.10415
          ],
          [
            120.84045,
            22.10413
          ],
          [
            120.84044,
            22.10411
          ],
          [
            120.84042,
            22.10408
          ],
          [
            120.84041,
            22.10403
          ],
          [
            120.84039,
            22.10394
          ],
          [
            120.84036,
            22.10382
          ],
          [
            120.84034,
            22.10377
          ],
          [
            120.8403,
            22.10366
          ],
          [
            120.8403,
            22.103064027557846
          ],
          [
            120.84029658206522,
            22.1030467772302
          ],
          [
            120.84028678008337,
            22.103031807252197
          ],
          [
            120.84027188979482,
            22.103021096530235
          ],
          [
            120.8402538795717,
            22.10301606093255
          ],
          [
            120.84023513021548,
            22.103017366123215
          ],
          [
            120.84021798033474,
            22.103024933694297
          ],
          [
            120.84018,
            22.10305
          ],
          [
            120.84016,
            22.10307
          ],
          [
            120.84015,
            22.10309
          ],
          [
            120.84013,
            22.10313
          ],
          [
            120.84011,
            22.10317
          ],
          [
            120.8401,
            22.10326
          ],
          [
            120.84007,
            22.10337
          ],
          [
            120.84006,
            22.10345
          ],
          [
            120.84005,
            22.10348
          ],
          [
            120.84004,
            22.1035
          ],
          [
            120.84004,
            22.10351
          ],
          [
            120.84003,
            22.10352
          ],
          [
            120.84,
            22.10356
          ],
          [
            120.83999,
            22.10357
          ],
          [
            120.83996,
            22.10362
          ],
          [
            120.83995,
            22.10364
          ],
          [
            120.83993,
            22.10368
          ],
          [
            120.83991,
            22.10375
          ],
          [
            120.83989,
            22.10381
          ],
          [
            120.83989,
            22.10382
          ],
          [
            120.83987,
            22.1039
          ],
          [
            120.83987,
            22.10396
          ],
          [
            120.83988,
            22.10399
          ],
          [
            120.83989,
            22.10402
          ],
          [
            120.8399,
            22.10409
          ],
          [
            120.8399,
            22.10415
          ],
          [
            120.83991,
            22.10421
          ],
          [
            120.8399,
            22.10426
          ],
          [
            120.83989,
            22.10433
          ],
          [
            120.83988,
            22.10435
          ],
          [
            120.83987,
            22.1044
          ],
          [
            120.83984,
            22.1045
          ],
          [
            120.83984,
            22.10452
          ],
          [
            120.83976799835133,
            22.10470070347174
          ],
          [
            120.83976421702553,
            22.104713255994717
          ],
          [
            120.83976259642719,
            22.104726396263626
          ],
          [
            120.8397632483846,
            22.104739609250068
          ],
          [
            120.83976615612389,
            22.104752555003984
          ],
          [
            120.83977124483333,
            22.1047649004508
          ],
          [
            120.83977821775493,
            22.104776104832723
          ],
          [
            120.84002,
            22.1051
          ],
          [
            120.8404115839892,
            22.105689804550813
          ],
          [
            120.84042009758979,
            22.105705427060073
          ],
          [
            120.84042588789535,
            22.10572245661072
          ],
          [
            120.84042860615847,
            22.105740141644517
          ],
          [
            120.84042817875485,
            22.105758003161558
          ],
          [
            120.84042461726075,
            22.10577555738188
          ],
          [
            120.84041814879376,
            22.105792064974242
          ],
          [
            120.84008529531651,
            22.106461125474617
          ],
          [
            120.84007882042476,
            22.10648332254574
          ],
          [
            120.84008048661231,
            22.106506458935208
          ],
          [
            120.84009019344843,
            22.106527805722784
          ],
          [
            120.84010686710882,
            22.106545001407905
          ],
          [
            120.84012866306028,
            22.106556143708083
          ],
          [
            120.84015317011361,
            22.10656
          ],
          [
            120.84025677542382,
            22.10656
          ],
          [
            120.84026066646248,
            22.106559707964767
          ],
          [
            120.84026445743692,
            22.10655883936922
          ],
          [
            120.84026805085618,
            22.106557416550665
          ],
          [
            120.84027135430982,
            22.106555476099146
          ],
          [
            120.84027428284426,
            22.106553067916447
          ],
          [
            120.84027680678437,
            22.10655019248348
          ],
          [
            120.84058612367726,
            22.10613525714778
          ],
          [
            120.84059134915115,
            22.106130025396997
          ],
          [
            120.84059787007833,
            22.10612642434424
          ],
          [
            120.84060521228066,
            22.10612467616543
          ],
          [
            120.84061278522185,
            22.10612492146731
          ],
          [
            120.84061997980713,
            22.106127140520137
          ],
          [
            120.84062628604393,
            22.106131214285384
          ],
          [
            120.84117,
            22.1066
          ],
          [
            120.84123,
            22.10665
          ],
          [
            120.84126,
            22.10667
          ],
          [
            120.84135,
            22.10673
          ],
          [
            120.84139,
            22.10675
          ],
          [
            120.84146,
            22.10678
          ],
          [
            120.84154,
            22.10681
          ],
          [
            120.84157,
            22.10682
          ],
          [
            120.84161,
            22.10682
          ],
          [
            120.84169,
            22.10686
          ],
          [
            120.84175,
            22.10689
          ],
          [
            120.84179,
            22.1069
          ],
          [
            120.84185,
            22.10692
          ],
          [
            120.84191,
            22.10693
          ],
          [
            120.84201,
            22.10693
          ],
          [
            120.84211,
            22.10691
          ],
          [
            120.84228,
            22.10687
          ],
          [
            120.84239,
            22.10684
          ],
          [
            120.84251,
            22.10682
          ],
          [
            120.84253,
            22.10681
          ],
          [
            120.84264,
            22.10679
          ],
          [
            120.8427,
            22.10678
          ],
          [
            120.84281,
            22.10675
          ],
          [
            120.84296,
            22.10671
          ],
          [
            120.84307,
            22.10667
          ],
          [
            120.84362186943015,
            22.1064850190633
          ],
          [
            120.84364130509357,
            22.106480178808372
          ],
          [
            120.84366108265372,
            22.106478534931895
          ],
          [
            120.84368087179864,
            22.106480052595717
          ],
          [
            120.8437000962046,
            22.106484687600574
          ],
          [
            120.84371819599487,
            22.10649230496017
          ],
          [
            120.84373495483919,
            22.106502918221697
          ],
          [
            120.84406571723743,
            22.106752122184194
          ],
          [
            120.84407676092141,
            22.106762329462835
          ],
          [
            120.84408560605165,
            22.10677456533134
          ],
          [
            120.84409169212695,
            22.106788188062488
          ],
          [
            120.84409478025162,
            22.106802662925457
          ],
          [
            120.844094749208,
            22.106817421740818
          ],
          [
            120.84409164664022,
            22.10683174440299
          ],
          [
            120.84391811322158,
            22.107355488623643
          ],
          [
            120.844556355467,
            22.107997446303425
          ],
          [
            120.84457474454358,
            22.108022280804324
          ],
          [
            120.8445851682947,
            22.10805125360551
          ],
          [
            120.84458652390632,
            22.108081788974467
          ],
          [
            120.84457870393926,
            22.108111466827296
          ],
          [
            120.84456232816586,
            22.108137935042638
          ],
          [
            120.84453900924068,
            22.10815888383374
          ],
          [
            120.84354380200689,
            22.108826215455455
          ],
          [
            120.8435312578244,
            22.108836352745666
          ],
          [
            120.84352060269582,
            22.108848607732174
          ],
          [
            120.84351242873028,
            22.108862422684524
          ],
          [
            120.84350699171729,
            22.10887736528866
          ],
          [
            120.84350446179839,
            22.108892967942683
          ],
          [
            120.84350490936671,
            22.108908671270513
          ],
          [
            120.84356385847228,
            22.10938265406591
          ],
          [
            120.84356405246504,
            22.109389498723026
          ],
          [
            120.84356294774848,
            22.109396299144244
          ],
          [
            120.84356057510948,
            22.10940281126308
          ],
          [
            120.84355700890241,
            22.109408831001016
          ],
          [
            120.84355236088605,
            22.1094141697099
          ],
          [
            120.84354688939762,
            22.10941858433229
          ],
          [
            120.84297864706329,
            22.109799401317662
          ],
          [
            120.84295532414353,
            22.109820354781554
          ],
          [
            120.84293894751737,
            22.109846829259865
          ],
          [
            120.84293113039848,
            22.10987651368285
          ],
          [
            120.84293249256551,
            22.10990705452712
          ],
          [
            120.84294292601935,
            22.10993603036811
          ],
          [
            120.842961326752,
            22.109960864441717
          ],
          [
            120.84315,
            22.11015
          ],
          [
            120.84317,
            22.11018
          ],
          [
            120.84319,
            22.11021
          ],
          [
            120.8432,
            22.11022
          ],
          [
            120.84321,
            22.11025
          ],
          [
            120.84321,
            22.1103
          ],
          [
            120.84321,
            22.11036
          ],
          [
            120.84321,
            22.11039
          ],
          [
            120.84321,
            22.1104
          ],
          [
            120.84321,
            22.11046
          ],
          [
            120.84321,
            22.1105
          ],
          [
            120.84322,
            22.11055
          ],
          [
            120.84323,
            22.1106
          ],
          [
            120.84324,
            22.11064
          ],
          [
            120.84326,
            22.11068
          ],
          [
            120.84329,
            22.11072
          ],
          [
            120.8433,
            22.11073
          ],
          [
            120.84360374609568,
            22.111035444940626
          ],
          [
            120.84361590719855,
            22.11105011190808
          ],
          [
            120.84362537424181,
            22.111066846349356
          ],
          [
            120.84363158294082,
            22.111084860310402
          ],
          [
            120.84363434465712,
            22.111103606474334
          ],
          [
            120.84363357548168,
            22.111122515277795
          ],
          [
            120.84362936646833,
            22.11114080700645
          ],
          [
            120.84355,
            22.11138
          ],
          [
            120.84354,
            22.11147
          ],
          [
            120.84353,
            22.11153
          ],
          [
            120.84353,
            22.11158
          ],
          [
            120.84353,
            22.11168
          ],
          [
            120.84352,
            22.11171
          ],
          [
            120.84351,
            22.11179
          ],
          [
            120.8435,
            22.11192
          ],
          [
            120.8432595846988,
            22.112645384446054
          ],
          [
            120.8432583017983,
            22.112650795735355
          ],
          [
            120.84325796326966,
            22.112656397144992
          ],
          [
            120.84325859961393,
            22.112661975950246
          ],
          [
            120.84326019409589,
            22.112667385434506
          ],
          [
            120.84326270478239,
            22.112672483334116
          ],
          [
            120.843265986495,
            22.11267704284878
          ],
          [
            120.84332,
            22.11274
          ],
          [
            120.84338,
            22.11281
          ],
          [
            120.84345,
            22.11288
          ],
          [
            120.8435,
            22.11294
          ],
          [
            120.84356,
            22.11301
          ],
          [
            120.84361,
            22.11307
          ],
          [
            120.84365,
            22.11312
          ],
          [
            120.84384783417165,
            22.113617153456943
          ],
          [
            120.84385994439711,
            22.11363821216876
          ],
          [
            120.84387764148683,
            22.11365521989163
          ],
          [
            120.84389964917622,
            22.113667064075713
          ],
          [
            120.84392428964686,
            22.113672841746165
          ],
          [
            120.84394968436285,
            22.11367211242596
          ],
          [
            120.84397412488586,
            22.11366482979945
          ],
          [
            120.84412,
            22.1136
          ],
          [
            120.84412,
            22.11359
          ],
          [
            120.8442,
            22.11356
          ],
          [
            120.84425,
            22.11354
          ],
          [
            120.8443,
            22.11352
          ],
          [
            120.84431,
            22.11352
          ],
          [
            120.84435,
            22.11352
          ],
          [
            120.84441,
            22.11352
          ],
          [
            120.8445,
            22.11354
          ],
          [
            120.84461,
            22.11358
          ],
          [
            120.84475,
            22.11362
          ],
          [
            120.84491,
            22.11369
          ],
          [
            120.84503,
            22.11374
          ],
          [
            120.84521,
            22.11381
          ],
          [
            120.84528,
            22.11384
          ],
          [
            120.8458425864748,
            22.1140970212895
          ],
          [
            120.84585891560033,
            22.114106160361995
          ],
          [
            120.84587365698226,
            22.11411787604769
          ],
          [
            120.84588611159266,
            22.114131710450778
          ],
          [
            120.84589593446971,
            22.114147280392682
          ],
          [
            120.84590285354419,
            22.114164154624707
          ],
          [
            120.8459066878182,
            22.11418195225039
          ],
          [
            120.84595,
            22.11453
          ],
          [
            120.84595,
            22.11454
          ],
          [
            120.84595,
            22.11459
          ],
          [
            120.84593,
            22.11465
          ],
          [
            120.84591,
            22.11471
          ],
          [
            120.84587,
            22.11477
          ],
          [
            120.8458,
            22.11486
          ],
          [
            120.84579,
            22.11487
          ],
          [
            120.84568,
            22.11501
          ],
          [
            120.84515807316562,
            22.115535147480216
          ],
          [
            120.84515062687554,
            22.115544016984035
          ],
          [
            120.84514467077689,
            22.115554101373863
          ],
          [
            120.84514054264211,
            22.115564952176474
          ],
          [
            120.84513835132705,
            22.115576283264183
          ],
          [
            120.8451381546151,
            22.11558779584456
          ],
          [
            120.8451399313111,
            22.11559907975643
          ],
          [
            120.84529293985413,
            22.116214263513804
          ],
          [
            120.84530349978293,
            22.11624071527257
          ],
          [
            120.84532089043725,
            22.116263610128094
          ],
          [
            120.84534399021109,
            22.11628158137211
          ],
          [
            120.84537125566597,
            22.11629342823486
          ],
          [
            120.8454008650285,
            22.11629835915432
          ],
          [
            120.84543100508208,
            22.116296011374097
          ],
          [
            120.84621414051905,
            22.116138704306103
          ],
          [
            120.84624084477379,
            22.11613625041876
          ],
          [
            120.84626727756566,
            22.11613953018734
          ],
          [
            120.84629221595168,
            22.116148338020093
          ],
          [
            120.8463143502357,
            22.1161622113536
          ],
          [
            120.84633251798533,
            22.11618042159814
          ],
          [
            120.84634588114317,
            22.11620226604786
          ],
          [
            120.84646,
            22.11645
          ],
          [
            120.84649,
            22.1165
          ],
          [
            120.84653,
            22.11655
          ],
          [
            120.84657,
            22.11659
          ],
          [
            120.84661,
            22.11663
          ],
          [
            120.84665,
            22.11668
          ],
          [
            120.84671,
            22.11684
          ],
          [
            120.84703112669393,
            22.117550489168913
          ],
          [
            120.84703446947259,
            22.117560495759303
          ],
          [
            120.84703574457748,
            22.117571049325758
          ],
          [
            120.84703484757779,
            22.11758163670538
          ],
          [
            120.84703181114051,
            22.11759187232581
          ],
          [
            120.84702674584699,
            22.117601383425086
          ],
          [
            120.84701997806927,
            22.117609680382497
          ],
          [
            120.84695663342225,
            22.11767317862899
          ],
          [
            120.8462374352076,
            22.11746639739448
          ],
          [
            120.84623125522853,
            22.117465136920202
          ],
          [
            120.8462250100589,
            22.117464862140025
          ],
          [
            120.84621880290298,
            22.11746556036226
          ],
          [
            120.84621280671305,
            22.117467212132084
          ],
          [
            120.84620718856318,
            22.117469771425625
          ],
          [
            120.84620200608653,
            22.117473245714148
          ],
          [
            120.84545,
            22.11807
          ],
          [
            120.8449698049525,
            22.118517869549564
          ],
          [
            120.84495603512254,
            22.118533486513016
          ],
          [
            120.84494544697016,
            22.11855156565507
          ],
          [
            120.84493871049874,
            22.118571185418865
          ],
          [
            120.84493606832359,
            22.11859163919481
          ],
          [
            120.84493761560319,
            22.118612190336215
          ],
          [
            120.84494320439721,
            22.118631865829734
          ],
          [
            120.84505,
            22.1189
          ],
          [
            120.84507111143206,
            22.118984673049123
          ],
          [
            120.84507317492677,
            22.118990671710083
          ],
          [
            120.84507625022536,
            22.118996215434937
          ],
          [
            120.84508026654223,
            22.11900120788443
          ],
          [
            120.84508511310747,
            22.119005511367007
          ],
          [
            120.84509065625303,
            22.119009007192776
          ],
          [
            120.84509665804843,
            22.119011570327274
          ],
          [
            120.84545,
            22.11913
          ],
          [
            120.84552,
            22.11916
          ],
          [
            120.84564,
            22.11921
          ],
          [
            120.84571,
            22.11925
          ],
          [
            120.84576,
            22.11929
          ],
          [
            120.84583,
            22.11936
          ],
          [
            120.84588,
            22.11947
          ],
          [
            120.84616,
            22.11971
          ],
          [
            120.84623,
            22.11978
          ],
          [
            120.84628,
            22.11984
          ],
          [
            120.8465,
            22.12017
          ],
          [
            120.84651,
            22.1202
          ],
          [
            120.84654,
            22.12024
          ],
          [
            120.84655,
            22.12028
          ],
          [
            120.84656,
            22.12034
          ],
          [
            120.84657,
            22.12047
          ],
          [
            120.84658,
            22.1205
          ],
          [
            120.84659,
            22.12053
          ],
          [
            120.8466,
            22.12057
          ],
          [
            120.84662,
            22.1206
          ],
          [
            120.84669,
            22.12069
          ],
          [
            120.84662,
            22.1206
          ],
          [
            120.8466,
            22.12057
          ],
          [
            120.84659,
            22.12053
          ],
          [
            120.84658,
            22.1205
          ],
          [
            120.84657,
            22.12047
          ],
          [
            120.84656,
            22.12034
          ],
          [
            120.84655,
            22.12028
          ],
          [
            120.84654,
            22.12024
          ],
          [
            120.84651,
            22.1202
          ],
          [
            120.8465,
            22.12017
          ],
          [
            120.84628,
            22.11984
          ],
          [
            120.84623,
            22.11978
          ],
          [
            120.84616,
            22.11971
          ],
          [
            120.84588,
            22.11947
          ],
          [
            120.84583,
            22.11936
          ],
          [
            120.84576,
            22.11929
          ],
          [
            120.84571,
            22.11925
          ],
          [
            120.84504622354922,
            22.11886840716319
          ],
          [
            120.84503857148627,
            22.118862961724222
          ],
          [
            120.84503208243294,
            22.118856133887803
          ],
          [
            120.8450271373991,
            22.11884826080429
          ],
          [
            120.84502392449183,
            22.11883964196257
          ],
          [
            120.84502256592882,
            22.118830605219895
          ],
          [
            120.84502310526847,
            22.118821543345668
          ],
          [
            120.84504,
            22.11872
          ],
          [
            120.84506,
            22.11859
          ],
          [
            120.84509,
            22.11849
          ],
          [
            120.84511,
            22.11842
          ],
          [
            120.84514,
            22.11837
          ],
          [
            120.84517,
            22.11833
          ],
          [
            120.84527,
            22.11823
          ],
          [
            120.84531,
            22.1182
          ],
          [
            120.84545,
            22.11807
          ],
          [
            120.84620200554991,
            22.117473245716692
          ],
          [
            120.8462071880552,
            22.117469771393512
          ],
          [
            120.84621280623927,
            22.11746721207161
          ],
          [
            120.8462188024687,
            22.117465560281403
          ],
          [
            120.8462250096675,
            22.11746486204757
          ],
          [
            120.84623125488136,
            22.117465136825352
          ],
          [
            120.84623743490403,
            22.117466397307226
          ],
          [
            120.84691682089404,
            22.117661607454664
          ],
          [
            120.84693188380356,
            22.11766364723596
          ],
          [
            120.84694679486073,
            22.117661281091756
          ],
          [
            120.84696021012593,
            22.117654763611696
          ],
          [
            120.84697083733504,
            22.11764472261085
          ],
          [
            120.8469776527915,
            22.11763212531759
          ],
          [
            120.84697999999999,
            22.117618185202534
          ],
          [
            120.84698,
            22.11755
          ],
          [
            120.84698,
            22.11752
          ],
          [
            120.84697,
            22.1175
          ],
          [
            120.8469,
            22.1173
          ],
          [
            120.84685,
            22.11718
          ],
          [
            120.84681,
            22.11705
          ],
          [
            120.84676,
            22.11695
          ],
          [
            120.84671,
            22.11684
          ],
          [
            120.84646706308183,
            22.11618923309923
          ],
          [
            120.84645450048947,
            22.116165315509182
          ],
          [
            120.8464362593491,
            22.116145132292466
          ],
          [
            120.8464133355546,
            22.116129653905254
          ],
          [
            120.84638708487255,
            22.1161197957754
          ],
          [
            120.84635905982938,
            22.11611614093565
          ],
          [
            120.84633074269594,
            22.116118943416502
          ],
          [
            120.84550846952729,
            22.116295974539998
          ],
          [
            120.84548624776562,
            22.11629825416632
          ],
          [
            120.84546421771557,
            22.116295613561693
          ],
          [
            120.845443464214,
            22.116288230429777
          ],
          [
            120.84542514285152,
            22.116276515876045
          ],
          [
            120.84541027379309,
            22.116261122186973
          ],
          [
            120.84539960133662,
            22.116242709861652
          ],
          [
            120.84516590771898,
            22.115694771290556
          ],
          [
            120.84516013970011,
            22.11567665246222
          ],
          [
            120.84515782031305,
            22.115657613655145
          ],
          [
            120.84515912497447,
            22.11563849097047
          ],
          [
            120.84516401303742,
            22.115619880178755
          ],
          [
            120.84517233221345,
            22.115602361102475
          ],
          [
            120.8451835715809,
            22.11558676968896
          ],
          [
            120.84539,
            22.11535
          ],
          [
            120.84544,
            22.11529
          ],
          [
            120.84564,
            22.11505
          ],
          [
            120.84599713899648,
            22.114690939014533
          ],
          [
            120.84601012228092,
            22.114675070620276
          ],
          [
            120.84601992053234,
            22.11465689830716
          ],
          [
            120.84602591295955,
            22.114637339601735
          ],
          [
            120.8460278891512,
            22.114617081266346
          ],
          [
            120.84602577971751,
            22.114596834629364
          ],
          [
            120.84601976194938,
            22.11457755359222
          ],
          [
            120.84588,
            22.11425
          ],
          [
            120.84585,
            22.11419
          ],
          [
            120.8458,
            22.11413
          ],
          [
            120.84576,
            22.11408
          ],
          [
            120.84573,
            22.11406
          ],
          [
            120.84569,
            22.11403
          ],
          [
            120.84561,
            22.11399
          ],
          [
            120.84556,
            22.11397
          ],
          [
            120.84539,
            22.11389
          ],
          [
            120.84528,
            22.11384
          ],
          [
            120.84521,
            22.11381
          ],
          [
            120.84503,
            22.11374
          ],
          [
            120.84491,
            22.11369
          ],
          [
            120.84475,
            22.11362
          ],
          [
            120.84461,
            22.11358
          ],
          [
            120.8445,
            22.11354
          ],
          [
            120.84441,
            22.11352
          ],
          [
            120.84368999999998,
            22.11352
          ],
          [
            120.84369,
            22.11348
          ],
          [
            120.84369,
            22.11343
          ],
          [
            120.84369,
            22.11335
          ],
          [
            120.84369,
            22.11329
          ],
          [
            120.84369,
            22.11323
          ],
          [
            120.84367,
            22.11317
          ],
          [
            120.84365,
            22.11312
          ],
          [
            120.84319838465952,
            22.112552099955206
          ],
          [
            120.84319126345218,
            22.112540520087524
          ],
          [
            120.84318708999086,
            22.112527545050845
          ],
          [
            120.84318621186434,
            22.112514023149515
          ],
          [
            120.84318867573475,
            22.112500672914457
          ],
          [
            120.84319435067624,
            22.11248820375456
          ],
          [
            120.84320278523,
            22.11247742947805
          ],
          [
            120.84329,
            22.11239
          ],
          [
            120.84332,
            22.11233
          ],
          [
            120.84338,
            22.11222
          ],
          [
            120.84343,
            22.11214
          ],
          [
            120.84346,
            22.11204
          ],
          [
            120.8435,
            22.11192
          ],
          [
            120.84351,
            22.11179
          ],
          [
            120.84352,
            22.11171
          ],
          [
            120.84369156923059,
            22.111192266487627
          ],
          [
            120.84369577684261,
            22.111173970072308
          ],
          [
            120.84369654301015,
            22.11115505691945
          ],
          [
            120.84369377673296,
            22.11113630706073
          ],
          [
            120.84368756209629,
            22.11111829042708
          ],
          [
            120.84367808800364,
            22.111101554661932
          ],
          [
            120.84366591923785,
            22.111086887881424
          ],
          [
            120.84345,
            22.11087
          ],
          [
            120.84343,
            22.11086
          ],
          [
            120.8434,
            22.11083
          ],
          [
            120.84336,
            22.11079
          ],
          [
            120.84332,
            22.11075
          ],
          [
            120.8433,
            22.11073
          ],
          [
            120.84329,
            22.11072
          ],
          [
            120.84292070738891,
            22.110224843831368
          ],
          [
            120.84290946093245,
            22.110205309259573
          ],
          [
            120.8429030579222,
            22.110183615904962
          ],
          [
            120.84290202416676,
            22.110161135689093
          ],
          [
            120.84290641217027,
            22.110139010375875
          ],
          [
            120.84291599906726,
            22.11011836370381
          ],
          [
            120.84293004342277,
            22.110100501318932
          ],
          [
            120.84356749383196,
            22.109459213042747
          ],
          [
            120.84357342758271,
            22.109452143289456
          ],
          [
            120.84357817360514,
            22.109444105392555
          ],
          [
            120.84358146272996,
            22.109435456799716
          ],
          [
            120.84358320822845,
            22.10942642556
          ],
          [
            120.8435833640747,
            22.109417249812225
          ],
          [
            120.84358194723134,
            22.109408256478844
          ],
          [
            120.84347399626918,
            22.108974283154115
          ],
          [
            120.84347109114043,
            22.10895339562931
          ],
          [
            120.84347259296993,
            22.108932212693187
          ],
          [
            120.84347848471162,
            22.10891170750435
          ],
          [
            120.8434885410513,
            22.10889266423001
          ],
          [
            120.84350237741059,
            22.108875811130268
          ],
          [
            120.84351914982898,
            22.108862004609044
          ],
          [
            120.84440586060299,
            22.10826752108393
          ],
          [
            120.84442357729901,
            22.108252757847076
          ],
          [
            120.84443790864378,
            22.108234633333023
          ],
          [
            120.84444792290513,
            22.108214139661282
          ],
          [
            120.84445318900899,
            22.108192159002748
          ],
          [
            120.84445348027057,
            22.108169637537177
          ],
          [
            120.8444488519231,
            22.108147749895902
          ],
          [
            120.84428573973604,
            22.107655950818305
          ],
          [
            120.84427953655549,
            22.107641574996954
          ],
          [
            120.84427093133183,
            22.107628530596706
          ],
          [
            120.84426010944777,
            22.107617012394144
          ],
          [
            120.84424737563813,
            22.10760734473185
          ],
          [
            120.84423308847597,
            22.107599799842806
          ],
          [
            120.84421781751851,
            22.107594632346462
          ],
          [
            120.84399785039042,
            22.107539485038192
          ],
          [
            120.84398732838142,
            22.107535434528955
          ],
          [
            120.84397817979736,
            22.107528993315444
          ],
          [
            120.84397107759384,
            22.107520600541935
          ],
          [
            120.84396648474126,
            22.10751080330704
          ],
          [
            120.8439647006333,
            22.107500240261803
          ],
          [
            120.84396582599011,
            22.10748966288531
          ],
          [
            120.84420272644246,
            22.106537009981288
          ],
          [
            120.84420501808769,
            22.106501023403215
          ],
          [
            120.8441944761789,
            22.106466169634018
          ],
          [
            120.84417223355105,
            22.10643649057419
          ],
          [
            120.84414076557611,
            22.106415289192793
          ],
          [
            120.84410357431068,
            22.106404924981916
          ],
          [
            120.8440646333824,
            22.106406584811218
          ],
          [
            120.8435,
            22.10652
          ],
          [
            120.84344,
            22.10653
          ],
          [
            120.84343,
            22.10653
          ],
          [
            120.84336,
            22.10655
          ],
          [
            120.84325,
            22.1066
          ],
          [
            120.84313,
            22.10665
          ],
          [
            120.84307,
            22.10667
          ],
          [
            120.84296,
            22.10671
          ],
          [
            120.84281,
            22.10675
          ],
          [
            120.8427,
            22.10678
          ],
          [
            120.84264,
            22.10679
          ],
          [
            120.84253,
            22.10681
          ],
          [
            120.84251,
            22.10682
          ],
          [
            120.84239,
            22.10684
          ],
          [
            120.84228,
            22.10687
          ],
          [
            120.84211,
            22.10691
          ],
          [
            120.84201,
            22.10693
          ],
          [
            120.84191,
            22.10693
          ],
          [
            120.84185,
            22.10692
          ],
          [
            120.84179,
            22.1069
          ],
          [
            120.84175,
            22.10689
          ],
          [
            120.84169,
            22.10686
          ],
          [
            120.84161,
            22.10682
          ],
          [
            120.84123781662217,
            22.10682
          ],
          [
            120.84121590400191,
            22.10681805739752
          ],
          [
            120.84119477561708,
            22.106812299114306
          ],
          [
            120.84117518763595,
            22.106802931234775
          ],
          [
            120.84115784109696,
            22.106790289027966
          ],
          [
            120.84114335681907,
            22.106774824948506
          ],
          [
            120.84113212253438,
            22.10675682868156
          ],
          [
            120.84081414285454,
            22.10611830717787
          ],
          [
            120.8407894538414,
            22.10608577033055
          ],
          [
            120.84075412770862,
            22.10606385665717
          ],
          [
            120.84071272984886,
            22.10605521536507
          ],
          [
            120.84067076336684,
            22.106060995159428
          ],
          [
            120.84063380695551,
            22.106080427719988
          ],
          [
            120.84060660538,
            22.106111213044567
          ],
          [
            120.84033982675473,
            22.106556535102385
          ],
          [
            120.84031546550477,
            22.10658465725637
          ],
          [
            120.84028256296159,
            22.106603179783928
          ],
          [
            120.84024487269662,
            22.106610169954504
          ],
          [
            120.84020687911814,
            22.10660479607379
          ],
          [
            120.8401731027228,
            22.10658769752904
          ],
          [
            120.84014737859928,
            22.10656063093267
          ],
          [
            120.84008351767316,
            22.106465313749553
          ],
          [
            120.84041814875421,
            22.105792065076155
          ],
          [
            120.84042461711228,
            22.105775557522495
          ],
          [
            120.84042817858362,
            22.10575800337657
          ],
          [
            120.84042860599149,
            22.10574014193669
          ],
          [
            120.84042588775962,
            22.105722456976547
          ],
          [
            120.84042009751083,
            22.105705427489937
          ],
          [
            120.84041158404216,
            22.105689804998114
          ],
          [
            120.84002,
            22.1051
          ],
          [
            120.8397782176798,
            22.104776104677768
          ],
          [
            120.83977124482595,
            22.104764900303287
          ],
          [
            120.83976615614642,
            22.104752554889895
          ],
          [
            120.83976324842529,
            22.10473960917453
          ],
          [
            120.83976259647345,
            22.104726396229104
          ],
          [
            120.83976421706454,
            22.104713256000895
          ],
          [
            120.83976799833421,
            22.104700703502537
          ],
          [
            120.83984,
            22.10452
          ],
          [
            120.83984,
            22.1045
          ],
          [
            120.83987,
            22.1044
          ],
          [
            120.83988,
            22.10435
          ],
          [
            120.83989,
            22.10433
          ],
          [
            120.8399,
            22.10426
          ],
          [
            120.83991,
            22.10421
          ],
          [
            120.8399,
            22.10415
          ],
          [
            120.8399,
            22.10409
          ],
          [
            120.83989,
            22.10402
          ],
          [
            120.83988,
            22.10399
          ],
          [
            120.83987,
            22.10396
          ],
          [
            120.83987,
            22.1039
          ],
          [
            120.83989,
            22.10382
          ],
          [
            120.83989,
            22.10381
          ],
          [
            120.83991,
            22.10375
          ],
          [
            120.83993,
            22.10368
          ],
          [
            120.83995,
            22.10364
          ],
          [
            120.83996,
            22.10362
          ],
          [
            120.83999,
            22.10357
          ],
          [
            120.84,
            22.10356
          ],
          [
            120.84003,
            22.10352
          ],
          [
            120.84004,
            22.10351
          ],
          [
            120.84004,
            22.1035
          ],
          [
            120.84005,
            22.10348
          ],
          [
            120.84006,
            22.10345
          ],
          [
            120.84007,
            22.10337
          ],
          [
            120.8401,
            22.10326
          ],
          [
            120.84011,
            22.10317
          ],
          [
            120.84013,
            22.10313
          ],
          [
            120.84015,
            22.10309
          ],
          [
            120.84016,
            22.10307
          ],
          [
            120.84018,
            22.10305
          ],
          [
            120.84033846473324,
            22.102943966707464
          ],
          [
            120.84035233053487,
            22.102932415425283
          ],
          [
            120.84036354736554,
            22.102918233254886
          ],
          [
            120.84037138598046,
            22.102902196547006
          ],
          [
            120.84037550891729,
            22.102884995702297
          ],
          [
            120.84037573867838,
            22.102867371238975
          ],
          [
            120.84037211836784,
            22.10285024243244
          ],
          [
            120.84016,
            22.10221
          ],
          [
            120.84015,
            22.10218
          ],
          [
            120.84012,
            22.10212
          ],
          [
            120.84007,
            22.10205
          ],
          [
            120.84001,
            22.10199
          ],
          [
            120.83991,
            22.10192
          ],
          [
            120.8398,
            22.10183
          ],
          [
            120.83971,
            22.10176
          ],
          [
            120.83962,
            22.10169
          ],
          [
            120.83956,
            22.10165
          ],
          [
            120.83952,
            22.10162
          ],
          [
            120.83951,
            22.10161
          ],
          [
            120.83945,
            22.10158
          ],
          [
            120.8394,
            22.10156
          ],
          [
            120.83934,
            22.10154
          ],
          [
            120.83921,
            22.10152
          ],
          [
            120.8392,
            22.10152
          ],
          [
            120.83911,
            22.10151
          ],
          [
            120.83901,
            22.1015
          ],
          [
            120.83898,
            22.1015
          ],
          [
            120.83882,
            22.1015
          ],
          [
            120.83876,
            22.10149
          ],
          [
            120.83872,
            22.10149
          ],
          [
            120.83855,
            22.10147
          ],
          [
            120.83842,
            22.10144
          ],
          [
            120.83833,
            22.1014
          ],
          [
            120.83827,
            22.10138
          ],
          [
            120.83821,
            22.10134
          ],
          [
            120.83812,
            22.10129
          ],
          [
            120.83802,
            22.10122
          ],
          [
            120.83801,
            22.10121
          ],
          [
            120.83794,
            22.10116
          ],
          [
            120.8379,
            22.10112
          ],
          [
            120.83787,
            22.10109
          ],
          [
            120.83775,
            22.10099
          ],
          [
            120.83764,
            22.10094
          ],
          [
            120.83757,
            22.10091
          ],
          [
            120.83752,
            22.10089
          ],
          [
            120.83746,
            22.10087
          ],
          [
            120.83736,
            22.10086
          ],
          [
            120.83727,
            22.10087
          ],
          [
            120.83721,
            22.10087
          ],
          [
            120.83706,
            22.10087
          ],
          [
            120.83668,
            22.10087
          ],
          [
            120.83661,
            22.10088
          ],
          [
            120.83659,
            22.10088
          ],
          [
            120.83635,
            22.1009
          ],
          [
            120.8363,
            22.1009
          ],
          [
            120.83623,
            22.10092
          ],
          [
            120.83618,
            22.10093
          ],
          [
            120.83612,
            22.10097
          ],
          [
            120.83608,
            22.10101
          ],
          [
            120.836,
            22.10109
          ],
          [
            120.83589,
            22.10119
          ],
          [
            120.83587,
            22.10121
          ],
          [
            120.83578,
            22.10128
          ],
          [
            120.83571,
            22.10132
          ],
          [
            120.83562,
            22.10136
          ],
          [
            120.83545,
            22.10141
          ],
          [
            120.8344763554964,
            22.10172479937281
          ],
          [
            120.83445061730272,
            22.10173022777984
          ],
          [
            120.83442448225813,
            22.10173013283688
          ],
          [
            120.8343990293096,
            22.10172459718758
          ],
          [
            120.83437554280536,
            22.101713900159144
          ],
          [
            120.83435520786738,
            22.10169858152044
          ],
          [
            120.83433885879082,
            22.101679124039244
          ],
          [
            120.83418,
            22.10144
          ],
          [
            120.83414,
            22.10138
          ],
          [
            120.8341,
            22.10133
          ],
          [
            120.83404,
            22.10128
          ],
          [
            120.83398,
            22.10125
          ],
          [
            120.83392,
            22.10122
          ],
          [
            120.83385,
            22.10118
          ],
          [
            120.8335,
            22.10102
          ],
          [
            120.83247845903037,
            22.100495889993717
          ],
          [
            120.8324672168355,
            22.100491189627416
          ],
          [
            120.83245550107273,
            22.10048835573626
          ],
          [
            120.83244344436605,
            22.100487368514237
          ],
          [
            120.83243137868382,
            22.100488255143443
          ],
          [
            120.83241963624161,
            22.100490991211494
          ],
          [
            120.83240835165277,
            22.100495596528805
          ],
          [
            120.83226,
            22.10057
          ],
          [
            120.8322,
            22.10061
          ],
          [
            120.83161521608655,
            22.101132131429313
          ],
          [
            120.8315994344453,
            22.101144035722978
          ],
          [
            120.83158204924823,
            22.10115304490994
          ],
          [
            120.8315632736716,
            22.101159159982917
          ],
          [
            120.83154365625346,
            22.101162202286933
          ],
          [
            120.8315237701267,
            22.10116208293952
          ],
          [
            120.83150399732077,
            22.101158755257433
          ],
          [
            120.83123,
            22.10109
          ],
          [
            120.83113,
            22.10105
          ],
          [
            120.83101,
            22.10097
          ],
          [
            120.83088,
            22.10087
          ],
          [
            120.83079,
            22.10079
          ],
          [
            120.83067,
            22.10066
          ],
          [
            120.83067,
            22.10065
          ],
          [
            120.83056,
            22.10049
          ],
          [
            120.83045,
            22.10036
          ],
          [
            120.83036,
            22.10021
          ],
          [
            120.83025,
            22.10006
          ],
          [
            120.83019,
            22.09997
          ],
          [
            120.83014,
            22.09988
          ],
          [
            120.8301,
            22.0998
          ],
          [
            120.83008,
            22.09973
          ],
          [
            120.83008,
            22.09968
          ],
          [
            120.83007,
            22.09954
          ],
          [
            120.83006,
            22.09931
          ],
          [
            120.83006,
            22.09899
          ],
          [
            120.83005,
            22.09883
          ],
          [
            120.83005,
            22.09879
          ],
          [
            120.83005,
            22.09866
          ],
          [
            120.83002,
            22.09827
          ],
          [
            120.82994946422697,
            22.097454948166497
          ],
          [
            120.82994953754594,
            22.097442317582306
          ],
          [
            120.82995192214841,
            22.097429842226173
          ],
          [
            120.8299565517595,
            22.097417929019308
          ],
          [
            120.82996329076138,
            22.09740692694202
          ],
          [
            120.82997194174466,
            22.0973971582844
          ],
          [
            120.82998203658978,
            22.097389053684232
          ],
          [
            120.83013,
            22.09729
          ],
          [
            120.8302,
            22.09723
          ],
          [
            120.83028,
            22.09717
          ],
          [
            120.83029,
            22.09716
          ],
          [
            120.83089194539198,
            22.096741156548287
          ],
          [
            120.83090522601599,
            22.09672985996251
          ],
          [
            120.83091615364798,
            22.09671617521801
          ],
          [
            120.83092406636563,
            22.096700789277612
          ],
          [
            120.8309286705239,
            22.096684273121557
          ],
          [
            120.83092979526008,
            22.096667239672993
          ],
          [
            120.83092743184446,
            22.09665045418566
          ],
          [
            120.83088,
            22.09646
          ],
          [
            120.83087,
            22.0964
          ],
          [
            120.83085,
            22.09633
          ],
          [
            120.83084,
            22.09629
          ],
          [
            120.83081,
            22.09622
          ],
          [
            120.83057,
            22.09559
          ],
          [
            120.83044,
            22.09521
          ],
          [
            120.83034,
            22.09486
          ],
          [
            120.83027,
            22.09457
          ],
          [
            120.8302,
            22.094360000000002
          ],
          [
            120.83017,
            22.09421
          ],
          [
            120.83015,
            22.09409
          ],
          [
            120.83015,
            22.09403
          ],
          [
            120.83014,
            22.09394
          ],
          [
            120.83013,
            22.09383
          ],
          [
            120.83012,
            22.0937
          ],
          [
            120.83011,
            22.0936
          ],
          [
            120.8301,
            22.09352
          ],
          [
            120.83008,
            22.09341
          ],
          [
            120.83006,
            22.09328
          ],
          [
            120.83002,
            22.09315
          ],
          [
            120.83001,
            22.09312
          ],
          [
            120.82998,
            22.09303
          ],
          [
            120.82995,
            22.09296
          ],
          [
            120.82991,
            22.09289
          ],
          [
            120.82986,
            22.09282
          ],
          [
            120.82981,
            22.09276
          ],
          [
            120.82981,
            22.09275
          ],
          [
            120.82976,
            22.09269
          ],
          [
            120.82968,
            22.09263
          ],
          [
            120.82955,
            22.09252
          ],
          [
            120.82892443051735,
            22.092009204960963
          ],
          [
            120.8289152802891,
            22.092000113484087
          ],
          [
            120.82890800525813,
            22.091989377355095
          ],
          [
            120.82890305867811,
            22.091977543391646
          ],
          [
            120.82890062222651,
            22.09196504623032
          ],
          [
            120.82890078538907,
            22.091952344865547
          ],
          [
            120.82890350076534,
            22.091940031125027
          ],
          [
            120.82895,
            22.0918
          ],
          [
            120.82896,
            22.09169
          ],
          [
            120.82896,
            22.09165
          ],
          [
            120.82898,
            22.09147
          ],
          [
            120.82898,
            22.09144
          ],
          [
            120.82899,
            22.09141
          ],
          [
            120.829,
            22.09133
          ],
          [
            120.829,
            22.09129
          ],
          [
            120.829,
            22.09124
          ],
          [
            120.829,
            22.09118
          ],
          [
            120.829,
            22.09111
          ],
          [
            120.829,
            22.09107
          ],
          [
            120.82899,
            22.09101
          ],
          [
            120.82898,
            22.09097
          ],
          [
            120.82897,
            22.09091
          ],
          [
            120.82895,
            22.09084
          ],
          [
            120.82894,
            22.0908
          ],
          [
            120.82893,
            22.09074
          ],
          [
            120.82892,
            22.09065
          ],
          [
            120.82892,
            22.09056
          ],
          [
            120.82893,
            22.09036
          ],
          [
            120.82893,
            22.09029
          ],
          [
            120.82894,
            22.09013
          ],
          [
            120.82895,
            22.08997
          ],
          [
            120.82896,
            22.08986
          ],
          [
            120.82897,
            22.08977
          ],
          [
            120.82898,
            22.08975
          ],
          [
            120.829,
            22.08965
          ],
          [
            120.82905,
            22.08948
          ],
          [
            120.82911,
            22.08929
          ],
          [
            120.82916,
            22.08912
          ],
          [
            120.8292,
            22.08895
          ],
          [
            120.82922,
            22.08888
          ],
          [
            120.82935,
            22.08836
          ],
          [
            120.82941,
            22.0881
          ],
          [
            120.82945,
            22.08796
          ],
          [
            120.82951,
            22.08774
          ],
          [
            120.82958,
            22.08743
          ],
          [
            120.82962,
            22.08726
          ],
          [
            120.82966,
            22.08708
          ],
          [
            120.82967,
            22.08701
          ],
          [
            120.82969,
            22.0869
          ],
          [
            120.82971,
            22.08681
          ],
          [
            120.82972,
            22.08673
          ],
          [
            120.82972,
            22.0867
          ],
          [
            120.82973,
            22.08657
          ],
          [
            120.82973,
            22.08637
          ],
          [
            120.82974,
            22.08628
          ],
          [
            120.82974,
            22.08619
          ],
          [
            120.82974,
            22.08597
          ],
          [
            120.82974,
            22.08566
          ],
          [
            120.82974,
            22.08543
          ],
          [
            120.82975,
            22.08536
          ],
          [
            120.82976,
            22.08529
          ],
          [
            120.82978,
            22.08523
          ],
          [
            120.8298,
            22.08516
          ],
          [
            120.82983,
            22.08508
          ],
          [
            120.83012820574159,
            22.08455526552032
          ],
          [
            120.83013526676172,
            22.084539443002814
          ],
          [
            120.8301392213045,
            22.08452242251081
          ],
          [
            120.83013979912133,
            22.08450501491473
          ],
          [
            120.83013698101159,
            22.084487798659712
          ],
          [
            120.83013086061963,
            22.08447134583275
          ],
          [
            120.83012183342949,
            22.084456461645164
          ],
          [
            120.82999,
            22.08428
          ],
          [
            120.82993,
            22.08421
          ],
          [
            120.8299,
            22.08418
          ],
          [
            120.82986,
            22.08413
          ],
          [
            120.82978,
            22.08404
          ],
          [
            120.82972,
            22.08398
          ],
          [
            120.82965,
            22.0839
          ],
          [
            120.82962,
            22.08387
          ],
          [
            120.82953,
            22.08379
          ],
          [
            120.82952,
            22.08377
          ],
          [
            120.82945,
            22.0837
          ],
          [
            120.82939,
            22.08364
          ],
          [
            120.82939,
            22.08363
          ],
          [
            120.82934,
            22.08357
          ],
          [
            120.8293,
            22.0835
          ],
          [
            120.82929,
            22.08348
          ],
          [
            120.82926,
            22.08343
          ],
          [
            120.82922,
            22.08335
          ],
          [
            120.82921,
            22.08332
          ],
          [
            120.82918,
            22.08326
          ],
          [
            120.82915,
            22.08318
          ],
          [
            120.82912,
            22.08309
          ],
          [
            120.82909,
            22.08301
          ],
          [
            120.82908,
            22.08298
          ],
          [
            120.82904,
            22.08288
          ],
          [
            120.82899,
            22.08277
          ],
          [
            120.82893,
            22.08265
          ],
          [
            120.82887,
            22.08253
          ],
          [
            120.82876,
            22.08231
          ],
          [
            120.82867,
            22.08212
          ],
          [
            120.82858,
            22.08193
          ],
          [
            120.8285,
            22.08177
          ],
          [
            120.82838,
            22.08154
          ],
          [
            120.82833,
            22.08145
          ],
          [
            120.82832,
            22.08143
          ],
          [
            120.82825,
            22.08128
          ],
          [
            120.82818,
            22.08117
          ],
          [
            120.82816,
            22.08112
          ],
          [
            120.82811,
            22.08101
          ],
          [
            120.82809,
            22.08095
          ],
          [
            120.82808,
            22.08093
          ],
          [
            120.82805,
            22.08082
          ],
          [
            120.82805,
            22.08078
          ],
          [
            120.82804,
            22.08074
          ],
          [
            120.82802,
            22.08062
          ],
          [
            120.82802,
            22.0806
          ],
          [
            120.828,
            22.08042
          ],
          [
            120.828,
            22.08041
          ],
          [
            120.82799,
            22.08024
          ],
          [
            120.82799,
            22.08021
          ],
          [
            120.82798,
            22.08006
          ],
          [
            120.82798,
            22.08002
          ],
          [
            120.82797,
            22.07982
          ],
          [
            120.82798,
            22.07974
          ],
          [
            120.82799,
            22.07954
          ],
          [
            120.82801,
            22.07933
          ],
          [
            120.82801,
            22.0793
          ],
          [
            120.82801,
            22.07915
          ],
          [
            120.82801,
            22.07914
          ],
          [
            120.82801,
            22.07903
          ],
          [
            120.82801,
            22.07899
          ],
          [
            120.828,
            22.07891
          ],
          [
            120.828,
            22.07882
          ],
          [
            120.828,
            22.07879
          ],
          [
            120.82799,
            22.07866
          ],
          [
            120.82798,
            22.07841
          ],
          [
            120.82794,
            22.07795
          ],
          [
            120.82792,
            22.07784
          ],
          [
            120.82789,
            22.0774
          ],
          [
            120.82787,
            22.07707
          ],
          [
            120.82785,
            22.07682
          ],
          [
            120.82784,
            22.07659
          ],
          [
            120.82783,
            22.0764
          ],
          [
            120.82783000000003,
            22.07602695237484
          ],
          [
            120.82782695787785,
            22.076002288048375
          ],
          [
            120.82781799062502,
            22.07597891375381
          ],
          [
            120.82780356726077,
            22.075958052049792
          ],
          [
            120.82778444217826,
            22.07594079407756
          ],
          [
            120.8277616156873,
            22.075928042490368
          ],
          [
            120.82773643513343,
            22.07592049270046
          ],
          [
            120.82705710531896,
            22.075795035200727
          ],
          [
            120.82703868776025,
            22.07579011553849
          ],
          [
            120.82702125033197,
            22.07578236843532
          ],
          [
            120.82700542668549,
            22.075772035728427
          ],
          [
            120.82699165297518,
            22.075759402222893
          ],
          [
            120.82698030885204,
            22.075744816141736
          ],
          [
            120.82697160372187,
            22.07572843649907
          ],
          [
            120.82684,
            22.07542
          ],
          [
            120.82679,
            22.07536
          ],
          [
            120.82676,
            22.07533
          ],
          [
            120.82666,
            22.07523
          ],
          [
            120.82648,
            22.07507
          ],
          [
            120.82586172298386,
            22.07470991570386
          ],
          [
            120.82584233515065,
            22.07469526943522
          ],
          [
            120.82582702536487,
            22.074676502923342
          ],
          [
            120.8258169614201,
            22.074654867121335
          ],
          [
            120.82581272581793,
            22.07463161431041
          ],
          [
            120.82581456371521,
            22.074608090364297
          ],
          [
            120.82582225056103,
            22.07458589521698
          ],
          [
            120.82591,
            22.07441
          ],
          [
            120.82591,
            22.07435
          ],
          [
            120.82592,
            22.07425
          ],
          [
            120.82592,
            22.07423
          ],
          [
            120.82592,
            22.07417
          ],
          [
            120.82594,
            22.07409
          ],
          [
            120.82595,
            22.07406
          ],
          [
            120.82585529323994,
            22.07434552863482
          ],
          [
            120.82584913114322,
            22.074356763511442
          ],
          [
            120.82583927366359,
            22.074365301104482
          ],
          [
            120.82582688411334,
            22.07437018271436
          ],
          [
            120.82581345300115,
            22.074370821065354
          ],
          [
            120.82580059613949,
            22.074367139361474
          ],
          [
            120.82578976773452,
            22.07435948757301
          ],
          [
            120.82576,
            22.07433
          ],
          [
            120.82572,
            22.0743
          ],
          [
            120.82569,
            22.07428
          ],
          [
            120.82562,
            22.07424
          ],
          [
            120.82551,
            22.0742
          ],
          [
            120.82541,
            22.07418
          ],
          [
            120.82536,
            22.07417
          ],
          [
            120.82518,
            22.07415
          ],
          [
            120.82499,
            22.07411
          ],
          [
            120.82467,
            22.07403
          ],
          [
            120.82462,
            22.07402
          ],
          [
            120.82391815366724,
            22.0737458836043
          ],
          [
            120.82388672856877,
            22.07373811036414
          ],
          [
            120.8238545142341,
            22.07373871313257
          ],
          [
            120.82382371289945,
            22.07374753993454
          ],
          [
            120.8237966877889,
            22.073763913536048
          ],
          [
            120.82377551239671,
            22.07378657767696
          ],
          [
            120.82376174358207,
            22.073813998977123
          ],
          [
            120.8234083707805,
            22.07488
          ],
          [
            120.82291478400003,
            22.07488
          ],
          [
            120.8229035185549,
            22.074881068121268
          ],
          [
            120.8228927134867,
            22.07488422883492
          ],
          [
            120.8228828103585,
            22.074889352974328
          ],
          [
            120.82287421387437,
            22.07489623113491
          ],
          [
            120.82286727534076,
            22.07490458223178
          ],
          [
            120.8228622337863,
            22.07491417724114
          ],
          [
            120.82282,
            22.07502
          ],
          [
            120.82274,
            22.07514
          ],
          [
            120.82260912634791,
            22.075428269585565
          ],
          [
            120.82260030760429,
            22.075444079188397
          ],
          [
            120.82258902998002,
            22.075458124568446
          ],
          [
            120.82257547445852,
            22.075470290391515
          ],
          [
            120.82255999536318,
            22.07548025865906
          ],
          [
            120.82254299729716,
            22.07548776881374
          ],
          [
            120.82252508070748,
            22.075492594995552
          ],
          [
            120.82169,
            22.07565
          ],
          [
            120.82163,
            22.07566
          ],
          [
            120.8215,
            22.07568
          ],
          [
            120.82142,
            22.07568
          ],
          [
            120.8213,
            22.07569
          ],
          [
            120.82126,
            22.07569
          ],
          [
            120.82117,
            22.07571
          ],
          [
            120.82112,
            22.07573
          ],
          [
            120.82109,
            22.07574
          ],
          [
            120.821,
            22.07582
          ],
          [
            120.82097,
            22.07584
          ],
          [
            120.82069,
            22.0761
          ],
          [
            120.82058,
            22.07613
          ],
          [
            120.82047,
            22.07616
          ],
          [
            120.82034,
            22.07618
          ],
          [
            120.82018,
            22.07621
          ],
          [
            120.82,
            22.07624
          ],
          [
            120.81954281291735,
            22.076305633944937
          ],
          [
            120.81952062707232,
            22.076310976289168
          ],
          [
            120.81949988835179,
            22.07632033339873
          ],
          [
            120.81948153201984,
            22.076333320744602
          ],
          [
            120.81946627789533,
            22.076349429045468
          ],
          [
            120.81945472414829,
            22.07636802663596
          ],
          [
            120.8194472835139,
            22.076388547411725
          ],
          [
            120.81924891085636,
            22.077185273078815
          ],
          [
            120.8192313074377,
            22.07722255268215
          ],
          [
            120.81920036778025,
            22.07725105869749
          ],
          [
            120.81916037354794,
            22.077266972148564
          ],
          [
            120.81911691168395,
            22.077268070026157
          ],
          [
            120.81907605353783,
            22.07725419896367
          ],
          [
            120.8190432652667,
            22.077227004461704
          ],
          [
            120.81873,
            22.07685
          ],
          [
            120.81872,
            22.07684
          ],
          [
            120.81861492318,
            22.076664492268012
          ],
          [
            120.81860645182063,
            22.076652643425028
          ],
          [
            120.81859621415332,
            22.0766424278923
          ],
          [
            120.81858434423711,
            22.076633887950806
          ],
          [
            120.8185711531989,
            22.076627247444197
          ],
          [
            120.81855698679401,
            22.076622680429328
          ],
          [
            120.81854227426085,
            22.07662031148011
          ],
          [
            120.81818,
            22.07659
          ],
          [
            120.8181,
            22.07656
          ],
          [
            120.81807,
            22.07655
          ],
          [
            120.81803,
            22.07653
          ],
          [
            120.81793,
            22.07645
          ],
          [
            120.81792,
            22.07644
          ],
          [
            120.8178,
            22.07633
          ],
          [
            120.81764,
            22.07624
          ],
          [
            120.81743,
            22.07615
          ],
          [
            120.81716,
            22.07606
          ],
          [
            120.81693,
            22.07598
          ],
          [
            120.81681,
            22.07595
          ],
          [
            120.8167,
            22.07593
          ],
          [
            120.81663,
            22.07592
          ],
          [
            120.81655,
            22.0759
          ],
          [
            120.81652,
            22.07589
          ],
          [
            120.81648,
            22.07587
          ],
          [
            120.81644,
            22.07585
          ],
          [
            120.81639,
            22.0758
          ],
          [
            120.81637,
            22.07577
          ],
          [
            120.81635,
            22.07574
          ],
          [
            120.81628,
            22.07561
          ],
          [
            120.81627,
            22.07559
          ],
          [
            120.81624,
            22.07555
          ],
          [
            120.8162,
            22.07551
          ],
          [
            120.81615,
            22.07547
          ],
          [
            120.81607,
            22.07544
          ],
          [
            120.81589,
            22.07539
          ],
          [
            120.81579,
            22.07536
          ],
          [
            120.81571,
            22.07533
          ],
          [
            120.81566,
            22.07528
          ],
          [
            120.81563,
            22.07525
          ],
          [
            120.8156,
            22.07523
          ],
          [
            120.8151729720204,
            22.074542663064385
          ],
          [
            120.8151688479073,
            22.074534355229062
          ],
          [
            120.81516632630225,
            22.07452534416292
          ],
          [
            120.81516557321636,
            22.074516057443297
          ],
          [
            120.81516661295994,
            22.07450679485364
          ],
          [
            120.81516941196917,
            22.07449785539847
          ],
          [
            120.81517378829565,
            22.074489666251857
          ],
          [
            120.81550105813994,
            22.07399651342438
          ],
          [
            120.8155150448752,
            22.073964997799404
          ],
          [
            120.81551783145251,
            22.073930647754935
          ],
          [
            120.81550894573016,
            22.073897212402127
          ],
          [
            120.81548928246671,
            22.073868058554215
          ],
          [
            120.81546082167823,
            22.073846121893137
          ],
          [
            120.81542659447783,
            22.073833644698716
          ],
          [
            120.81485077970763,
            22.07371808486623
          ],
          [
            120.81482656589982,
            22.0737160635269
          ],
          [
            120.81480270027873,
            22.073719627760248
          ],
          [
            120.81478049438806,
            22.07372853287178
          ],
          [
            120.81476129797426,
            22.073742237579758
          ],
          [
            120.81474627785803,
            22.073759908867327
          ],
          [
            120.81473628997362,
            22.07378064561831
          ],
          [
            120.81468,
            22.07395
          ],
          [
            120.81477793727038,
            22.073655514148243
          ],
          [
            120.81479644986258,
            22.073621773727112
          ],
          [
            120.81482607087875,
            22.073596146558724
          ],
          [
            120.81486329655492,
            22.07358151734799
          ],
          [
            120.81490363853243,
            22.07357964996198
          ],
          [
            120.8149422327153,
            22.07359076955437
          ],
          [
            120.81497470233334,
            22.073613814949656
          ],
          [
            120.8153839411054,
            22.07402436943449
          ],
          [
            120.81539848012713,
            22.074042667002136
          ],
          [
            120.81540865966038,
            22.074063780125808
          ],
          [
            120.8154137295908,
            22.074086443442518
          ],
          [
            120.81541345211546,
            22.074109593939014
          ],
          [
            120.81540784024922,
            22.074132145751094
          ],
          [
            120.81539734582888,
            22.074152755286867
          ],
          [
            120.81517378827124,
            22.074489666295115
          ],
          [
            120.81516941190837,
            22.07449785547039
          ],
          [
            120.81516661288796,
            22.0745067949667
          ],
          [
            120.81516557314659,
            22.07451605759923
          ],
          [
            120.81516632624816,
            22.074525344360286
          ],
          [
            120.81516884788182,
            22.07453435546331
          ],
          [
            120.81517297204766,
            22.074542663320376
          ],
          [
            120.8156,
            22.07523
          ],
          [
            120.81563,
            22.07525
          ],
          [
            120.81566,
            22.07528
          ],
          [
            120.81571,
            22.07533
          ],
          [
            120.81579,
            22.07536
          ],
          [
            120.81589,
            22.07539
          ],
          [
            120.81607,
            22.07544
          ],
          [
            120.81615,
            22.07547
          ],
          [
            120.8162,
            22.07551
          ],
          [
            120.81624,
            22.07555
          ],
          [
            120.81627,
            22.07559
          ],
          [
            120.81628,
            22.07561
          ],
          [
            120.81635,
            22.07574
          ],
          [
            120.81637,
            22.07577
          ],
          [
            120.81639,
            22.0758
          ],
          [
            120.81644,
            22.07585
          ],
          [
            120.81648,
            22.07587
          ],
          [
            120.81652,
            22.07589
          ],
          [
            120.81655,
            22.0759
          ],
          [
            120.81663,
            22.07592
          ],
          [
            120.8167,
            22.07593
          ],
          [
            120.81681,
            22.07595
          ],
          [
            120.81693,
            22.07598
          ],
          [
            120.81716,
            22.07606
          ],
          [
            120.81743,
            22.07615
          ],
          [
            120.81764,
            22.07624
          ],
          [
            120.8178,
            22.07633
          ],
          [
            120.81792,
            22.07644
          ],
          [
            120.81793,
            22.07645
          ],
          [
            120.81803,
            22.07653
          ],
          [
            120.81807,
            22.07655
          ],
          [
            120.8181,
            22.07656
          ],
          [
            120.81818,
            22.07659
          ],
          [
            120.81854227423096,
            22.0766203114771
          ],
          [
            120.81855698676242,
            22.0766226804194
          ],
          [
            120.8185711531667,
            22.076627247427584
          ],
          [
            120.81858434420624,
            22.07663388792615
          ],
          [
            120.81859621412617,
            22.076642427858694
          ],
          [
            120.81860645179987,
            22.076652643382097
          ],
          [
            120.81861492315123,
            22.076664492225433
          ],
          [
            120.81896292531432,
            22.077246605785987
          ],
          [
            120.81899012551163,
            22.077277381094444
          ],
          [
            120.81902707302321,
            22.077296804859287
          ],
          [
            120.81906902597377,
            22.07730257885912
          ],
          [
            120.81911040898743,
            22.07729393575293
          ],
          [
            120.81914572243049,
            22.07727202417426
          ],
          [
            120.81917040416114,
            22.07723949236694
          ],
          [
            120.8193,
            22.07698
          ],
          [
            120.81938052022659,
            22.076494289734512
          ],
          [
            120.81938553168118,
            22.076475360744507
          ],
          [
            120.81939403049077,
            22.076457673840387
          ],
          [
            120.81940576441151,
            22.0764416794188
          ],
          [
            120.81942035933508,
            22.07642788742409
          ],
          [
            120.81943734993683,
            22.076416737581432
          ],
          [
            120.81945594912095,
            22.07640866787054
          ],
          [
            120.81993,
            22.07625
          ],
          [
            120.82,
            22.07624
          ],
          [
            120.82018,
            22.07621
          ],
          [
            120.82034,
            22.07618
          ],
          [
            120.82047,
            22.07616
          ],
          [
            120.82058,
            22.07613
          ],
          [
            120.82069,
            22.0761
          ],
          [
            120.82097,
            22.07584
          ],
          [
            120.821,
            22.07582
          ],
          [
            120.82109,
            22.07574
          ],
          [
            120.82112,
            22.07573
          ],
          [
            120.82117,
            22.07571
          ],
          [
            120.82126,
            22.07569
          ],
          [
            120.8213,
            22.07569
          ],
          [
            120.82142,
            22.07568
          ],
          [
            120.8215,
            22.07568
          ],
          [
            120.82163,
            22.07566
          ],
          [
            120.82169,
            22.07565
          ],
          [
            120.8225250807607,
            22.07549259497174
          ],
          [
            120.82254299735571,
            22.07548776876827
          ],
          [
            120.82255999542583,
            22.075480258596937
          ],
          [
            120.82257547452127,
            22.075470290310925
          ],
          [
            120.82258903003844,
            22.075458124468373
          ],
          [
            120.82260030765359,
            22.07544407906872
          ],
          [
            120.82260912641833,
            22.07542826946159
          ],
          [
            120.8228274282757,
            22.074946552837126
          ],
          [
            120.82283835686408,
            22.07492771161198
          ],
          [
            120.82285282954632,
            22.074911432206253
          ],
          [
            120.82287041034364,
            22.074898081074995
          ],
          [
            120.82289043175683,
            22.074888165127522
          ],
          [
            120.82291213362252,
            22.07488206084774
          ],
          [
            120.8229346919744,
            22.07488
          ],
          [
            120.82340837103703,
            22.07488
          ],
          [
            120.82376174358133,
            22.0738139991056
          ],
          [
            120.8237755124474,
            22.07378657782247
          ],
          [
            120.82379668779869,
            22.07376391365801
          ],
          [
            120.82382371287567,
            22.073747540021678
          ],
          [
            120.82385451418762,
            22.07373871317566
          ],
          [
            120.82388672851334,
            22.07373811035701
          ],
          [
            120.82391815360188,
            22.073745883579008
          ],
          [
            120.82462,
            22.07402
          ],
          [
            120.82467,
            22.07403
          ],
          [
            120.82499,
            22.07411
          ],
          [
            120.82518,
            22.07415
          ],
          [
            120.82536,
            22.07417
          ],
          [
            120.82586875268309,
            22.074272331607954
          ],
          [
            120.82588130517355,
            22.07427308889104
          ],
          [
            120.8258934837409,
            22.07427038723239
          ],
          [
            120.82590428060931,
            22.074264475652534
          ],
          [
            120.82591274908513,
            22.074255872492085
          ],
          [
            120.82591814663331,
            22.0742453320955
          ],
          [
            120.82592,
            22.07423377866845
          ],
          [
            120.82592,
            22.07417
          ],
          [
            120.82599414790738,
            22.07387221270734
          ],
          [
            120.8259969582101,
            22.073853525477922
          ],
          [
            120.82599623659313,
            22.07383450011852
          ],
          [
            120.82599196478557,
            22.073815884944732
          ],
          [
            120.82598427415792,
            22.073798252427018
          ],
          [
            120.82597340121919,
            22.073782144816295
          ],
          [
            120.82595997953962,
            22.073768316009804
          ],
          [
            120.82559,
            22.07345
          ],
          [
            120.82551,
            22.0734
          ],
          [
            120.82548,
            22.07338
          ],
          [
            120.82546,
            22.07337
          ],
          [
            120.82532,
            22.07335
          ],
          [
            120.82529,
            22.07335
          ],
          [
            120.82523,
            22.07334
          ],
          [
            120.82513,
            22.07334
          ],
          [
            120.8251,
            22.07333
          ],
          [
            120.82505,
            22.07332
          ],
          [
            120.82495,
            22.07329
          ],
          [
            120.82477008661157,
            22.07314551676995
          ],
          [
            120.82475643444822,
            22.0731361897926
          ],
          [
            120.82474164893216,
            22.07312921878509
          ],
          [
            120.82472585032846,
            22.073124570205376
          ],
          [
            120.82470945427528,
            22.07312236635078
          ],
          [
            120.82469289212875,
            22.073122665201495
          ],
          [
            120.82467642510788,
            22.073125502888253
          ],
          [
            120.82426,
            22.07323
          ],
          [
            120.82423,
            22.07323
          ],
          [
            120.82402,
            22.07327
          ],
          [
            120.82374,
            22.07331
          ],
          [
            120.82356,
            22.07335
          ],
          [
            120.82345,
            22.07338
          ],
          [
            120.82338,
            22.07341
          ],
          [
            120.82334,
            22.07344
          ],
          [
            120.8233,
            22.07347
          ],
          [
            120.82322,
            22.0736
          ],
          [
            120.82318,
            22.07365
          ],
          [
            120.82312,
            22.07373
          ],
          [
            120.8231,
            22.07374
          ],
          [
            120.82306,
            22.0738
          ],
          [
            120.82291,
            22.07394
          ],
          [
            120.8228,
            22.07406
          ],
          [
            120.82273,
            22.07419
          ],
          [
            120.82268,
            22.07434
          ],
          [
            120.82265,
            22.07441
          ],
          [
            120.82262,
            22.07445
          ],
          [
            120.82258,
            22.07449
          ],
          [
            120.82256,
            22.07451
          ],
          [
            120.8225,
            22.07458
          ],
          [
            120.82244,
            22.07461
          ],
          [
            120.82242,
            22.07462
          ],
          [
            120.82234,
            22.07465
          ],
          [
            120.82227,
            22.07468
          ],
          [
            120.82209,
            22.07476
          ],
          [
            120.82192,
            22.07483
          ],
          [
            120.82156,
            22.07498
          ],
          [
            120.82138,
            22.07505
          ],
          [
            120.82127,
            22.07509
          ],
          [
            120.82102,
            22.07518
          ],
          [
            120.82066,
            22.07532
          ],
          [
            120.82064,
            22.07533
          ],
          [
            120.82009815722394,
            22.075572077481763
          ],
          [
            120.8200793915611,
            22.07557873213132
          ],
          [
            120.82005999698741,
            22.07558224538754
          ],
          [
            120.82004024506396,
            22.075582645062386
          ],
          [
            120.82002070554138,
            22.07557991962711
          ],
          [
            120.82000194204345,
            22.07557414769776
          ],
          [
            120.81998418252019,
            22.075565306304977
          ],
          [
            120.81904203270875,
            22.074996899849637
          ],
          [
            120.81903473282415,
            22.074993593305948
          ],
          [
            120.81902688629425,
            22.07499208677786
          ],
          [
            120.81901888333921,
            22.074992419025218
          ],
          [
            120.81901121114886,
            22.07499456982205
          ],
          [
            120.8190043367774,
            22.074998408235906
          ],
          [
            120.8189986110572,
            22.075003782149704
          ],
          [
            120.81860057999948,
            22.075483380977705
          ],
          [
            120.81857028247757,
            22.075509154314013
          ],
          [
            120.81853267250602,
            22.07552344168186
          ],
          [
            120.81849209181009,
            22.075524794422606
          ],
          [
            120.81845348537563,
            22.075513047697186
          ],
          [
            120.81842155761363,
            22.075489632910106
          ],
          [
            120.81840009569537,
            22.075457160349927
          ],
          [
            120.81829,
            22.0752
          ],
          [
            120.81828,
            22.07518
          ],
          [
            120.81821,
            22.07499
          ],
          [
            120.81819,
            22.0748
          ],
          [
            120.8182,
            22.07459
          ],
          [
            120.81825,
            22.07444
          ],
          [
            120.81829,
            22.07432
          ],
          [
            120.81839,
            22.07407
          ],
          [
            120.81842,
            22.07385
          ],
          [
            120.81842,
            22.07355
          ],
          [
            120.81841,
            22.07324
          ],
          [
            120.81839,
            22.07308
          ],
          [
            120.81839,
            22.07306
          ],
          [
            120.81836,
            22.07292
          ],
          [
            120.81835,
            22.07291
          ],
          [
            120.8183,
            22.07276
          ],
          [
            120.81816,
            22.0725
          ],
          [
            120.81805,
            22.07225
          ],
          [
            120.81802,
            22.07215
          ],
          [
            120.81797,
            22.07197
          ],
          [
            120.81792,
            22.07181
          ],
          [
            120.81792,
            22.07179
          ],
          [
            120.81792,
            22.07175
          ],
          [
            120.81789,
            22.07161
          ],
          [
            120.81786,
            22.07144
          ],
          [
            120.81783,
            22.07129
          ],
          [
            120.81782,
            22.07108
          ],
          [
            120.81782,
            22.07107
          ],
          [
            120.81783,
            22.0709
          ],
          [
            120.81783,
            22.07082
          ],
          [
            120.81782,
            22.07064
          ],
          [
            120.8178,
            22.07048
          ],
          [
            120.81775,
            22.07036
          ],
          [
            120.81766,
            22.07023
          ],
          [
            120.81765,
            22.07022
          ],
          [
            120.81754,
            22.07012
          ],
          [
            120.81751,
            22.07009
          ],
          [
            120.81739,
            22.06995
          ],
          [
            120.81725,
            22.0697
          ],
          [
            120.81712,
            22.06938
          ],
          [
            120.81695,
            22.06895
          ],
          [
            120.81688,
            22.06878
          ],
          [
            120.8166,
            22.06808
          ],
          [
            120.81647,
            22.06775
          ],
          [
            120.81642,
            22.0676
          ],
          [
            120.81639,
            22.06753
          ],
          [
            120.81635,
            22.06738
          ],
          [
            120.81629,
            22.06723
          ],
          [
            120.81618,
            22.06704
          ],
          [
            120.81603,
            22.0669
          ],
          [
            120.81582,
            22.0667
          ],
          [
            120.81568,
            22.06656
          ],
          [
            120.81566,
            22.06653
          ],
          [
            120.81561,
            22.06644
          ],
          [
            120.81556,
            22.06634
          ],
          [
            120.81538,
            22.06583
          ],
          [
            120.81527,
            22.06556
          ],
          [
            120.81522,
            22.06538
          ],
          [
            120.81518,
            22.0652
          ],
          [
            120.81516,
            22.06514
          ],
          [
            120.81507,
            22.06489
          ],
          [
            120.81494000000001,
            22.0646
          ],
          [
            120.81484,
            22.0644
          ],
          [
            120.81473,
            22.06421
          ],
          [
            120.8147,
            22.06415
          ],
          [
            120.81464,
            22.06405
          ],
          [
            120.81461,
            22.06401
          ],
          [
            120.81445,
            22.06373
          ],
          [
            120.81444,
            22.06371
          ],
          [
            120.81425,
            22.06331
          ],
          [
            120.8142,
            22.06321
          ],
          [
            120.81415,
            22.06307
          ],
          [
            120.81412,
            22.06292
          ],
          [
            120.81408,
            22.06274
          ],
          [
            120.81407,
            22.06272
          ],
          [
            120.81403,
            22.06254
          ],
          [
            120.81402,
            22.06252
          ],
          [
            120.81398,
            22.06239
          ],
          [
            120.81378591065815,
            22.061772745748648
          ],
          [
            120.81378169501582,
            22.061751638543765
          ],
          [
            120.81378203775785,
            22.06172996563464
          ],
          [
            120.81378698699928,
            22.061708788285806
          ],
          [
            120.81379634543237,
            22.061688950758867
          ],
          [
            120.81380973997145,
            22.061671243901745
          ],
          [
            120.81382632348753,
            22.06165659936403
          ],
          [
            120.81417,
            22.06141
          ],
          [
            120.8142,
            22.06139
          ],
          [
            120.81421,
            22.06138
          ],
          [
            120.81429,
            22.06133
          ],
          [
            120.81434,
            22.06127
          ],
          [
            120.81439,
            22.06119
          ],
          [
            120.81446,
            22.06105
          ],
          [
            120.81449,
            22.06097
          ],
          [
            120.8145,
            22.06096
          ],
          [
            120.81453,
            22.06091
          ],
          [
            120.81456,
            22.06088
          ],
          [
            120.81462,
            22.06084
          ],
          [
            120.81477,
            22.06075
          ],
          [
            120.81485,
            22.06071
          ],
          [
            120.81494000000001,
            22.060669999999998
          ],
          [
            120.81507,
            22.06059
          ],
          [
            120.81515,
            22.06052
          ],
          [
            120.81529,
            22.06038
          ],
          [
            120.81539,
            22.06025
          ],
          [
            120.81545,
            22.06013
          ],
          [
            120.81549,
            22.06006
          ],
          [
            120.81568444533502,
            22.059734604338242
          ],
          [
            120.81569516855048,
            22.059719606315358
          ],
          [
            120.81570814606336,
            22.059706688839853
          ],
          [
            120.81572320100119,
            22.059695912389895
          ],
          [
            120.81573993278377,
            22.05968756370414
          ],
          [
            120.81575789621358,
            22.05968186492356
          ],
          [
            120.81577654599046,
            22.05967897290582
          ],
          [
            120.81641,
            22.05963
          ],
          [
            120.81653,
            22.05964
          ],
          [
            120.81664,
            22.05967
          ],
          [
            120.8168,
            22.05973
          ],
          [
            120.81693,
            22.05982
          ],
          [
            120.81705,
            22.05989
          ],
          [
            120.81714,
            22.05993
          ],
          [
            120.81735,
            22.06001
          ],
          [
            120.81745,
            22.06006
          ],
          [
            120.81755,
            22.06013
          ],
          [
            120.81762,
            22.0602
          ],
          [
            120.81768,
            22.06027
          ],
          [
            120.81776,
            22.06036
          ],
          [
            120.81781,
            22.0604
          ],
          [
            120.81785,
            22.06045
          ],
          [
            120.81786,
            22.06046
          ],
          [
            120.81792,
            22.0605
          ],
          [
            120.81798,
            22.06054
          ],
          [
            120.8181,
            22.0606
          ],
          [
            120.81825,
            22.06068
          ],
          [
            120.81836,
            22.06074
          ],
          [
            120.81847,
            22.06083
          ],
          [
            120.81859,
            22.06094
          ],
          [
            120.81869,
            22.06104
          ],
          [
            120.81911267094725,
            22.0614647569895
          ],
          [
            120.81913083685191,
            22.06147968900397
          ],
          [
            120.81915154713998,
            22.061490636274222
          ],
          [
            120.81917421139948,
            22.061497419756655
          ],
          [
            120.81919788060915,
            22.061499755406313
          ],
          [
            120.81922156366751,
            22.06149754542246
          ],
          [
            120.81924454248632,
            22.061490771873103
          ],
          [
            120.81957,
            22.06136
          ],
          [
            120.81963,
            22.06134
          ],
          [
            120.81976,
            22.06128
          ],
          [
            120.81989,
            22.0612
          ],
          [
            120.81998,
            22.06116
          ],
          [
            120.82005,
            22.06111
          ],
          [
            120.82021,
            22.061
          ],
          [
            120.82023,
            22.06098
          ],
          [
            120.8205,
            22.06072
          ],
          [
            120.8206,
            22.0606
          ],
          [
            120.82071,
            22.06048
          ],
          [
            120.82097,
            22.0602
          ],
          [
            120.82119,
            22.05995
          ],
          [
            120.8213,
            22.05976
          ],
          [
            120.82138,
            22.05959
          ],
          [
            120.8215,
            22.05929
          ],
          [
            120.82156,
            22.05909
          ],
          [
            120.82157,
            22.05909
          ],
          [
            120.8216,
            22.05892
          ],
          [
            120.8216,
            22.05891
          ],
          [
            120.82164,
            22.0587
          ],
          [
            120.8217,
            22.05848
          ],
          [
            120.82172,
            22.05838
          ],
          [
            120.82173,
            22.05829
          ],
          [
            120.82176,
            22.05821
          ],
          [
            120.82177,
            22.05817
          ],
          [
            120.82181,
            22.05798
          ],
          [
            120.82183,
            22.05782
          ],
          [
            120.82186,
            22.05763
          ],
          [
            120.82189,
            22.05754
          ],
          [
            120.82194,
            22.05745
          ],
          [
            120.822,
            22.05738
          ],
          [
            120.82214,
            22.05723
          ],
          [
            120.82219,
            22.05717
          ],
          [
            120.82225,
            22.05712
          ],
          [
            120.82228,
            22.05708
          ],
          [
            120.82232,
            22.05703
          ],
          [
            120.82233,
            22.05701
          ],
          [
            120.82237,
            22.05694
          ],
          [
            120.82274524305117,
            22.05626049386225
          ],
          [
            120.8227472916745,
            22.056257482180555
          ],
          [
            120.82274985582235,
            22.056254911123183
          ],
          [
            120.82275287729708,
            22.05625281708009
          ],
          [
            120.82275625575647,
            22.056251269593783
          ],
          [
            120.82275987900293,
            22.056250320055803
          ],
          [
            120.82276362670959,
            22.05625
          ],
          [
            120.82281,
            22.05625
          ],
          [
            120.8229,
            22.05623
          ],
          [
            120.82296,
            22.05623
          ],
          [
            120.82311,
            22.05621
          ],
          [
            120.8233,
            22.05619
          ],
          [
            120.82334,
            22.05619
          ],
          [
            120.82344,
            22.05617
          ],
          [
            120.82353,
            22.05614
          ],
          [
            120.82355,
            22.05613
          ],
          [
            120.82369,
            22.05607
          ],
          [
            120.8237,
            22.05606
          ],
          [
            120.82382,
            22.05601
          ],
          [
            120.82388,
            22.05599
          ],
          [
            120.82395,
            22.05596
          ],
          [
            120.82406,
            22.05592
          ],
          [
            120.82408,
            22.05592
          ],
          [
            120.82425,
            22.05588
          ],
          [
            120.82444,
            22.05584
          ],
          [
            120.82526584504804,
            22.055644666105767
          ],
          [
            120.82528129175381,
            22.055639613737696
          ],
          [
            120.82529569726476,
            22.055632056175682
          ],
          [
            120.82530846403537,
            22.055622262908926
          ],
          [
            120.82531919828223,
            22.055610536004917
          ],
          [
            120.82532756891386,
            22.05559723717301
          ],
          [
            120.82533336205339,
            22.055582625273363
          ],
          [
            120.82539,
            22.05539
          ],
          [
            120.82542,
            22.05532
          ],
          [
            120.82546,
            22.05522
          ],
          [
            120.82553,
            22.05509
          ],
          [
            120.82597,
            22.05436
          ],
          [
            120.82603,
            22.05424
          ],
          [
            120.82621,
            22.05379
          ],
          [
            120.82627,
            22.0536
          ],
          [
            120.8263,
            22.05349
          ],
          [
            120.82634,
            22.05335
          ],
          [
            120.82635,
            22.05332
          ],
          [
            120.82637,
            22.05325
          ],
          [
            120.8264,
            22.05314
          ],
          [
            120.82644,
            22.05302
          ],
          [
            120.82667,
            22.05194
          ],
          [
            120.82683,
            22.05125
          ],
          [
            120.82686,
            22.05114
          ],
          [
            120.82687,
            22.05114
          ],
          [
            120.82691,
            22.05104
          ],
          [
            120.82697,
            22.05094
          ],
          [
            120.82705,
            22.05085
          ],
          [
            120.82741,
            22.05049
          ],
          [
            120.82797,
            22.04996
          ],
          [
            120.82826,
            22.04963
          ],
          [
            120.82842,
            22.04943
          ],
          [
            120.82843,
            22.04941
          ],
          [
            120.82848,
            22.04938
          ],
          [
            120.82855,
            22.04934
          ],
          [
            120.82865,
            22.04929
          ],
          [
            120.82891,
            22.04919
          ],
          [
            120.829,
            22.04915
          ],
          [
            120.82912,
            22.04907
          ],
          [
            120.82925,
            22.04897
          ],
          [
            120.82926,
            22.04896
          ],
          [
            120.82952,
            22.04874
          ],
          [
            120.82978,
            22.04848
          ],
          [
            120.82999,
            22.04824
          ],
          [
            120.83018,
            22.048
          ],
          [
            120.83037,
            22.04774
          ],
          [
            120.83043,
            22.04764
          ],
          [
            120.8308,
            22.04719
          ],
          [
            120.83094,
            22.04701
          ],
          [
            120.83102,
            22.04693
          ],
          [
            120.83106,
            22.04687
          ],
          [
            120.83107,
            22.04684
          ],
          [
            120.83112,
            22.04674
          ],
          [
            120.83114,
            22.0467
          ],
          [
            120.83118,
            22.04662
          ],
          [
            120.83121,
            22.04654
          ],
          [
            120.83129,
            22.04633
          ],
          [
            120.83135,
            22.04616
          ],
          [
            120.83142,
            22.04603
          ],
          [
            120.83143,
            22.04601
          ],
          [
            120.83151,
            22.04588
          ],
          [
            120.83151,
            22.04587
          ],
          [
            120.83161,
            22.04572
          ],
          [
            120.83163,
            22.04569
          ],
          [
            120.83171,
            22.04557
          ],
          [
            120.83177,
            22.04545
          ],
          [
            120.83179,
            22.0454
          ],
          [
            120.8318,
            22.04536
          ],
          [
            120.83179,
            22.04525
          ],
          [
            120.83179,
            22.04522
          ],
          [
            120.83178,
            22.04509
          ],
          [
            120.83175,
            22.04487
          ],
          [
            120.83172,
            22.04469
          ],
          [
            120.8317,
            22.04451
          ],
          [
            120.83167,
            22.04433
          ],
          [
            120.83165,
            22.04415
          ],
          [
            120.83162,
            22.04398
          ],
          [
            120.83162,
            22.04391
          ],
          [
            120.8316,
            22.04381
          ],
          [
            120.83157,
            22.0437
          ],
          [
            120.83147,
            22.04343
          ],
          [
            120.83144,
            22.04333
          ],
          [
            120.83129,
            22.04295
          ],
          [
            120.83124,
            22.04284
          ],
          [
            120.83114,
            22.04266
          ],
          [
            120.83109,
            22.04256
          ],
          [
            120.83069432760627,
            22.041993083088794
          ],
          [
            120.83068457620334,
            22.041975751745213
          ],
          [
            120.83067823961758,
            22.041956726671486
          ],
          [
            120.83067573451581,
            22.0419369410391
          ],
          [
            120.83067714527539,
            22.041917061271807
          ],
          [
            120.83068242437882,
            22.041897756964033
          ],
          [
            120.83069121668798,
            22.04187996463716
          ],
          [
            120.83094,
            22.04148
          ],
          [
            120.83108,
            22.04138
          ],
          [
            120.831775726306,
            22.041130279723085
          ],
          [
            120.83179625693528,
            22.04112057337391
          ],
          [
            120.83181453578632,
            22.041107105207654
          ],
          [
            120.8318295735988,
            22.04109050763835
          ],
          [
            120.83184076742218,
            22.041071446156028
          ],
          [
            120.83184766843301,
            22.041050685042855
          ],
          [
            120.83185,
            22.041029056728764
          ],
          [
            120.83185,
            22.04074
          ],
          [
            120.83185,
            22.0407
          ],
          [
            120.83184,
            22.04063
          ],
          [
            120.83182,
            22.04049
          ],
          [
            120.8318,
            22.04031
          ],
          [
            120.83172,
            22.03963
          ],
          [
            120.83168,
            22.03933
          ],
          [
            120.8315845068603,
            22.03865814446512
          ],
          [
            120.83158357512805,
            22.03864038891093
          ],
          [
            120.83158578101697,
            22.0386226322685
          ],
          [
            120.83159107863783,
            22.038605454271185
          ],
          [
            120.831599324349,
            22.0385893206895
          ],
          [
            120.83161029457324,
            22.038574668975308
          ],
          [
            120.83162338622202,
            22.038562144229356
          ],
          [
            120.83201,
            22.03825
          ],
          [
            120.83255,
            22.03785
          ],
          [
            120.83334,
            22.03724
          ],
          [
            120.83338,
            22.03721
          ],
          [
            120.83342,
            22.03718
          ],
          [
            120.83345,
            22.03714
          ],
          [
            120.83353,
            22.03696
          ],
          [
            120.83359,
            22.0368
          ],
          [
            120.83364,
            22.03661
          ],
          [
            120.83366,
            22.03643
          ],
          [
            120.83366,
            22.03618
          ],
          [
            120.83366,
            22.03599
          ],
          [
            120.8336,
            22.03488
          ],
          [
            120.83362,
            22.03472
          ],
          [
            120.83364,
            22.03458
          ],
          [
            120.83378,
            22.03413
          ],
          [
            120.83443,
            22.03207
          ],
          [
            120.83447,
            22.03189
          ],
          [
            120.83454,
            22.03156
          ],
          [
            120.83455,
            22.03154
          ],
          [
            120.83459,
            22.03137
          ],
          [
            120.83463,
            22.03119
          ],
          [
            120.83466,
            22.03109
          ],
          [
            120.83468,
            22.03102
          ],
          [
            120.83478,
            22.03068
          ],
          [
            120.83478,
            22.03067
          ],
          [
            120.83484,
            22.0305
          ],
          [
            120.83491,
            22.03033
          ],
          [
            120.83493,
            22.03026
          ],
          [
            120.83497,
            22.03016
          ],
          [
            120.83503,
            22.02999
          ],
          [
            120.83509,
            22.02982
          ],
          [
            120.83515,
            22.02965
          ],
          [
            120.83521,
            22.02948
          ],
          [
            120.83545,
            22.02881
          ],
          [
            120.83549,
            22.02871
          ],
          [
            120.83551,
            22.02866
          ],
          [
            120.83554,
            22.02857
          ],
          [
            120.83555,
            22.02852
          ],
          [
            120.83557,
            22.02846
          ],
          [
            120.83584122424267,
            22.0275887609658
          ],
          [
            120.83584577486408,
            22.027559045772048
          ],
          [
            120.83584137534277,
            22.027529107030745
          ],
          [
            120.83582830589954,
            22.0275014604269
          ],
          [
            120.83580757927437,
            22.027478248272182
          ],
          [
            120.83578080155567,
            22.02746126925658
          ],
          [
            120.83575018821094,
            22.027451862696022
          ],
          [
            120.83544,
            22.0274
          ],
          [
            120.83523836617225,
            22.02754693291618
          ],
          [
            120.83521915526407,
            22.02755840332867
          ],
          [
            120.83519829794966,
            22.027566052105165
          ],
          [
            120.83517625636958,
            22.027569824108987
          ],
          [
            120.83515384904437,
            22.02756957926567
          ],
          [
            120.83513190807655,
            22.02756532666754
          ],
          [
            120.8351109473081,
            22.027557072362857
          ],
          [
            120.834228075934,
            22.027113311380564
          ],
          [
            120.83420320331601,
            22.027103997781754
          ],
          [
            120.83417704910973,
            22.027100258690865
          ],
          [
            120.83415066651709,
            22.027102135875623
          ],
          [
            120.83412542143154,
            22.02710953214942
          ],
          [
            120.8341026208549,
            22.027122064588497
          ],
          [
            120.83408318779388,
            22.027139372777174
          ],
          [
            120.833465106059,
            22.027829045879347
          ],
          [
            120.83344919473413,
            22.027843770396736
          ],
          [
            120.83343090824728,
            22.027855195348558
          ],
          [
            120.83341064377126,
            22.027863199999924
          ],
          [
            120.83338912687618,
            22.02786749774408
          ],
          [
            120.8333671279751,
            22.027867934700165
          ],
          [
            120.8333452359813,
            22.02786444510842
          ],
          [
            120.83277,
            22.02772
          ],
          [
            120.83264,
            22.02768
          ],
          [
            120.83236,
            22.02758
          ],
          [
            120.83226,
            22.02754
          ],
          [
            120.83219,
            22.02753
          ],
          [
            120.83217,
            22.02753
          ],
          [
            120.83207,
            22.02754
          ],
          [
            120.83201,
            22.02755
          ],
          [
            120.83183,
            22.02759
          ],
          [
            120.83158,
            22.02766
          ],
          [
            120.83124,
            22.02774
          ],
          [
            120.83092,
            22.02783
          ],
          [
            120.83083,
            22.02786
          ],
          [
            120.8308,
            22.02787
          ],
          [
            120.8307,
            22.02791
          ],
          [
            120.8306,
            22.02797
          ],
          [
            120.83049,
            22.02803
          ],
          [
            120.83033,
            22.02813
          ],
          [
            120.82965909704797,
            22.028573297892336
          ],
          [
            120.82963431627503,
            22.02858587837542
          ],
          [
            120.829607402391,
            22.028592470021437
          ],
          [
            120.82957958158184,
            22.028592904279286
          ],
          [
            120.82955244668588,
            22.028587156286168
          ],
          [
            120.82952755127052,
            22.028575555134758
          ],
          [
            120.82950604391041,
            22.028558485718758
          ],
          [
            120.82902,
            22.02807
          ],
          [
            120.82894,
            22.02797
          ],
          [
            120.8287095224526,
            22.027274434865728
          ],
          [
            120.82870714357192,
            22.027268922191865
          ],
          [
            120.8287038440868,
            22.0272639203874
          ],
          [
            120.82869969507252,
            22.027259504123847
          ],
          [
            120.82869481338234,
            22.027255797781386
          ],
          [
            120.82868933650487,
            22.027252905745918
          ],
          [
            120.82868348272542,
            22.027250925602853
          ],
          [
            120.8286,
            22.02723
          ],
          [
            120.82853,
            22.02721
          ],
          [
            120.82846,
            22.02721
          ],
          [
            120.82831,
            22.02723
          ],
          [
            120.82827,
            22.02722
          ],
          [
            120.82823,
            22.02722
          ],
          [
            120.82807,
            22.02718
          ],
          [
            120.82784,
            22.02706
          ],
          [
            120.82763,
            22.02696
          ],
          [
            120.82749,
            22.02694
          ],
          [
            120.82742,
            22.02693
          ],
          [
            120.82736,
            22.02691
          ],
          [
            120.82731,
            22.02689
          ],
          [
            120.82726,
            22.02687
          ],
          [
            120.82717,
            22.02684
          ],
          [
            120.82706,
            22.0268
          ],
          [
            120.82686,
            22.02676
          ],
          [
            120.82682,
            22.02676
          ],
          [
            120.82677,
            22.02675
          ],
          [
            120.82668,
            22.02673
          ],
          [
            120.82657,
            22.02668
          ],
          [
            120.8264,
            22.02661
          ],
          [
            120.82636,
            22.0266
          ],
          [
            120.82633,
            22.02659
          ],
          [
            120.82631,
            22.02659
          ],
          [
            120.82598911278919,
            22.02659
          ],
          [
            120.82597201154226,
            22.026588643953442
          ],
          [
            120.82595540028008,
            22.02658461466721
          ],
          [
            120.82593975494837,
            22.026578027588364
          ],
          [
            120.82592552381696,
            22.026569071449813
          ],
          [
            120.82591311463617,
            22.02655800286276
          ],
          [
            120.8259027158052,
            22.026544885904222
          ],
          [
            120.82556910201052,
            22.026041755888343
          ],
          [
            120.8255571766863,
            22.026026708216882
          ],
          [
            120.82554294443003,
            22.026014010138457
          ],
          [
            120.82552662163242,
            22.026003735352912
          ],
          [
            120.82550867613413,
            22.025996178354017
          ],
          [
            120.8254896222853,
            22.025991555738905
          ],
          [
            120.82547000620363,
            22.025989999999997
          ],
          [
            120.82513,
            22.02599
          ],
          [
            120.82504,
            22.02597
          ],
          [
            120.82492,
            22.02595
          ],
          [
            120.82438,
            22.0259
          ],
          [
            120.8243,
            22.02591
          ],
          [
            120.8242,
            22.02594
          ],
          [
            120.82402,
            22.02602
          ],
          [
            120.82384,
            22.0261
          ],
          [
            120.82365,
            22.02622
          ],
          [
            120.82315102345433,
            22.026675940229538
          ],
          [
            120.82314018485164,
            22.026684178897035
          ],
          [
            120.82312811204018,
            22.026690262680493
          ],
          [
            120.82311503970074,
            22.026694149624344
          ],
          [
            120.82310142181518,
            22.02669570474113
          ],
          [
            120.82308773131129,
            22.026694874024084
          ],
          [
            120.8230742882823,
            22.02669163405184
          ],
          [
            120.82292,
            22.02664
          ],
          [
            120.82286,
            22.02662
          ],
          [
            120.82281,
            22.02661
          ],
          [
            120.82277,
            22.0266
          ],
          [
            120.82273,
            22.02659
          ],
          [
            120.82264,
            22.02658
          ],
          [
            120.8221218271751,
            22.02658
          ],
          [
            120.82210325614204,
            22.026578606672093
          ],
          [
            120.82208516182266,
            22.02657446245475
          ],
          [
            120.8220680086935,
            22.026567673728966
          ],
          [
            120.822052237071,
            22.026558414759602
          ],
          [
            120.8220382518087,
            22.02654692322203
          ],
          [
            120.82202619343452,
            22.02653320039656
          ],
          [
            120.82170931572895,
            22.026108817082513
          ],
          [
            120.82170703747136,
            22.0261062311366
          ],
          [
            120.82170439697147,
            22.026104066080894
          ],
          [
            120.82170142042534,
            22.02610232183621
          ],
          [
            120.82169818401697,
            22.026101043046094
          ],
          [
            120.8216947705815,
            22.026100262440885
          ],
          [
            120.82169126748506,
            22.0261
          ],
          [
            120.82167208577143,
            22.0261
          ],
          [
            120.82176572986998,
            22.027136262195054
          ],
          [
            120.82176893915225,
            22.02715047438968
          ],
          [
            120.82177577197179,
            22.027163485269295
          ],
          [
            120.82178581409205,
            22.02717453446728
          ],
          [
            120.82179845217115,
            22.027182947132584
          ],
          [
            120.82181291431408,
            22.02718820944546
          ],
          [
            120.82182831721774,
            22.027190000000004
          ],
          [
            120.8223281139785,
            22.027190000000004
          ],
          [
            120.82236792207547,
            22.02719655911608
          ],
          [
            120.82240291973086,
            22.02721544385561
          ],
          [
            120.82242887780066,
            22.027244372171896
          ],
          [
            120.8224426594914,
            22.027279848344577
          ],
          [
            120.82244259941278,
            22.0273175854052
          ],
          [
            120.8224288820293,
            22.02735273682528
          ],
          [
            120.8222,
            22.02772
          ],
          [
            120.82214,
            22.02778
          ],
          [
            120.82206,
            22.02784
          ],
          [
            120.82195,
            22.02787
          ],
          [
            120.82161,
            22.02794
          ],
          [
            120.8214,
            22.02798
          ],
          [
            120.82135,
            22.028
          ],
          [
            120.82069847764691,
            22.028327781693168
          ],
          [
            120.82068844908324,
            22.028331084765302
          ],
          [
            120.82067791580191,
            22.028331322463686
          ],
          [
            120.82066781751152,
            22.02832851572399
          ],
          [
            120.8206591388445,
            22.028322938216988
          ],
          [
            120.82065272601315,
            22.028315133776772
          ],
          [
            120.82064919652738,
            22.02830582432551
          ],
          [
            120.82064,
            22.02826
          ],
          [
            120.82065,
            22.0282
          ],
          [
            120.82065,
            22.02819
          ],
          [
            120.82065,
            22.0281
          ],
          [
            120.82066,
            22.02801
          ],
          [
            120.82066,
            22.02797
          ],
          [
            120.8205307697789,
            22.02732046858987
          ],
          [
            120.82052374719576,
            22.0272983822666
          ],
          [
            120.82051197353033,
            22.027278288926517
          ],
          [
            120.82049594626339,
            22.027260948716776
          ],
          [
            120.8204763787782,
            22.027247133460463
          ],
          [
            120.82045414203517,
            22.027237458082894
          ],
          [
            120.82043032190515,
            22.027232364007798
          ],
          [
            120.82014,
            22.0272
          ],
          [
            120.82004,
            22.02719
          ],
          [
            120.81995,
            22.02718
          ],
          [
            120.81987,
            22.0272
          ],
          [
            120.81966481440757,
            22.027371513665763
          ],
          [
            120.81964294938578,
            22.027386063258
          ],
          [
            120.81961848404944,
            22.027395440587995
          ],
          [
            120.8195923817483,
            22.027399414631756
          ],
          [
            120.81956599264106,
            22.027397779829258
          ],
          [
            120.8195406817216,
            22.02739062074173
          ],
          [
            120.81951744392678,
            22.02737809031811
          ],
          [
            120.81907,
            22.02707
          ],
          [
            120.81903,
            22.02705
          ],
          [
            120.81878,
            22.02682
          ],
          [
            120.81865,
            22.0267
          ],
          [
            120.81851,
            22.02657
          ],
          [
            120.81846,
            22.02653
          ],
          [
            120.81836,
            22.02646
          ],
          [
            120.81832,
            22.02644
          ],
          [
            120.81822,
            22.02639
          ],
          [
            120.81809,
            22.02633
          ],
          [
            120.81799,
            22.02623
          ],
          [
            120.81793,
            22.02612
          ],
          [
            120.81792,
            22.0261
          ],
          [
            120.81784,
            22.02589
          ],
          [
            120.81778,
            22.02579
          ],
          [
            120.81772,
            22.02569
          ],
          [
            120.81768,
            22.02563
          ],
          [
            120.81759,
            22.02548
          ],
          [
            120.81751,
            22.02534
          ],
          [
            120.81749,
            22.02532
          ],
          [
            120.81743,
            22.02524
          ],
          [
            120.81736,
            22.02519
          ],
          [
            120.81736,
            22.02518
          ],
          [
            120.81724,
            22.02513
          ],
          [
            120.81719,
            22.02511
          ],
          [
            120.81717,
            22.0251
          ],
          [
            120.81705,
            22.02503
          ],
          [
            120.81699,
            22.02495
          ],
          [
            120.81695,
            22.02484
          ],
          [
            120.81693,
            22.02478
          ],
          [
            120.8167251251054,
            22.024080147491972
          ],
          [
            120.81671582480924,
            22.024058048844015
          ],
          [
            120.8167017345768,
            22.02403851397811
          ],
          [
            120.81668346318237,
            22.024022275675133
          ],
          [
            120.81666187055389,
            22.024010098177264
          ],
          [
            120.81663797293044,
            22.02400255460829
          ],
          [
            120.81661289503417,
            22.024
          ],
          [
            120.81628,
            22.024
          ],
          [
            120.81617,
            22.024
          ],
          [
            120.81607,
            22.024
          ],
          [
            120.8151937121626,
            22.02408816647101
          ],
          [
            120.81518886447962,
            22.024088262936868
          ],
          [
            120.81518409225514,
            22.024087580774868
          ],
          [
            120.81517951685217,
            22.02408614243098
          ],
          [
            120.8151752746658,
            22.024083990782962
          ],
          [
            120.81517149215772,
            22.02408118997251
          ],
          [
            120.81516822592165,
            22.024077752964782
          ],
          [
            120.81509375405365,
            22.023984493293447
          ],
          [
            120.81508802581536,
            22.023975572648187
          ],
          [
            120.81508417945106,
            22.02396561825636
          ],
          [
            120.81508247783081,
            22.023955155919225
          ],
          [
            120.81508298579367,
            22.02394458429688
          ],
          [
            120.81508568398402,
            22.02393430621365
          ],
          [
            120.8150903790193,
            22.023924856916388
          ],
          [
            120.81541,
            22.02342
          ],
          [
            120.81541,
            22.0234
          ],
          [
            120.81552271084438,
            22.023249125280707
          ],
          [
            120.81552937136364,
            22.02323842057959
          ],
          [
            120.81553423042352,
            22.023226624767453
          ],
          [
            120.81553700443482,
            22.023214254952002
          ],
          [
            120.81553762186674,
            22.023201630101628
          ],
          [
            120.81553606679817,
            22.023189075761085
          ],
          [
            120.81553244653765,
            22.023177084800338
          ],
          [
            120.81539,
            22.02282
          ],
          [
            120.81537,
            22.02276
          ],
          [
            120.81536,
            22.02272
          ],
          [
            120.81537,
            22.02271
          ],
          [
            120.81537,
            22.02269
          ],
          [
            120.81538,
            22.02267
          ],
          [
            120.8154,
            22.02264
          ],
          [
            120.8159169030988,
            22.02193763654163
          ],
          [
            120.81592762748518,
            22.021919390280782
          ],
          [
            120.81593447998752,
            22.021899215627382
          ],
          [
            120.81593698310544,
            22.02187818036907
          ],
          [
            120.81593504056637,
            22.02185709354422
          ],
          [
            120.81592872708246,
            22.021836766174516
          ],
          [
            120.8159184873742,
            22.02181827070117
          ],
          [
            120.81546147243762,
            22.021162118580435
          ],
          [
            120.81545092791862,
            22.021142895995453
          ],
          [
            120.8154446037968,
            22.021121762066496
          ],
          [
            120.81544296119124,
            22.021099872573274
          ],
          [
            120.81544606721506,
            22.02107812187061
          ],
          [
            120.81545379496322,
            22.021057398642665
          ],
          [
            120.81546559612337,
            22.021038842970167
          ],
          [
            120.81564,
            22.02082
          ],
          [
            120.81568,
            22.02078
          ],
          [
            120.81609260752622,
            22.020210026749183
          ],
          [
            120.8161144623109,
            22.020187301777234
          ],
          [
            120.81614188599158,
            22.02017130245855
          ],
          [
            120.81617296885247,
            22.020162972883305
          ],
          [
            120.81620530686723,
            22.020162957281716
          ],
          [
            120.81623639893284,
            22.02017125686044
          ],
          [
            120.81626414856407,
            22.02018747160617
          ],
          [
            120.81646,
            22.02034
          ],
          [
            120.81653,
            22.02039
          ],
          [
            120.81643691791264,
            22.020323461064798
          ],
          [
            120.81642909116007,
            22.020316549428976
          ],
          [
            120.81642279472064,
            22.020308178241926
          ],
          [
            120.81641843221833,
            22.020298795086937
          ],
          [
            120.81641618226806,
            22.020288784140735
          ],
          [
            120.81641613699013,
            22.020278555283845
          ],
          [
            120.81641826667375,
            22.020268622913918
          ],
          [
            120.81668923620222,
            22.01945096117834
          ],
          [
            120.81669345043804,
            22.019432656729656
          ],
          [
            120.81669422209005,
            22.019413733835457
          ],
          [
            120.81669145983807,
            22.01939497365063
          ],
          [
            120.81668524773325,
            22.019376947019477
          ],
          [
            120.81667577480064,
            22.01936020246537
          ],
          [
            120.81666360595841,
            22.01934552887703
          ],
          [
            120.81631,
            22.01899
          ],
          [
            120.81622,
            22.01888
          ],
          [
            120.81619,
            22.01885
          ],
          [
            120.81612,
            22.0188
          ],
          [
            120.816,
            22.01874
          ],
          [
            120.81592,
            22.01868
          ],
          [
            120.81587,
            22.0186
          ],
          [
            120.81581,
            22.01849
          ],
          [
            120.8157,
            22.01826
          ],
          [
            120.81546509689132,
            22.017610469666952
          ],
          [
            120.81546193814808,
            22.017598150565437
          ],
          [
            120.81546115446342,
            22.01758535248823
          ],
          [
            120.81546282290766,
            22.01757262850524
          ],
          [
            120.81546689021141,
            22.017560384862577
          ],
          [
            120.81547322651544,
            22.017549012470262
          ],
          [
            120.81548144665406,
            22.017539059035308
          ],
          [
            120.8156,
            22.01742
          ],
          [
            120.8159,
            22.01699
          ],
          [
            120.81595,
            22.01692
          ],
          [
            120.81599,
            22.01684
          ],
          [
            120.8162700095092,
            22.01637081182062
          ],
          [
            120.8162793765007,
            22.0163502262976
          ],
          [
            120.81628405750796,
            22.016327963066015
          ],
          [
            120.81628367983006,
            22.016305277686016
          ],
          [
            120.81627825996364,
            22.016283161034067
          ],
          [
            120.81626803464346,
            22.016262579145135
          ],
          [
            120.81625372732564,
            22.01624471029351
          ],
          [
            120.8159766008424,
            22.0159666619635
          ],
          [
            120.81596427911857,
            22.015950108282908
          ],
          [
            120.81595721800078,
            22.01593078999982
          ],
          [
            120.8159561548608,
            22.015910401994734
          ],
          [
            120.81596117263213,
            22.015890534696435
          ],
          [
            120.81597187988818,
            22.01587273791438
          ],
          [
            120.81598722990364,
            22.0158585470407
          ],
          [
            120.81688,
            22.01524
          ],
          [
            120.81693,
            22.01521
          ],
          [
            120.81708,
            22.01509
          ],
          [
            120.81715,
            22.01504
          ],
          [
            120.81793054922997,
            22.014426176934414
          ],
          [
            120.81793634609836,
            22.01442074513309
          ],
          [
            120.81794117963558,
            22.014414350830595
          ],
          [
            120.81794477912891,
            22.01440728271089
          ],
          [
            120.81794703989007,
            22.014399746344292
          ],
          [
            120.81794789616674,
            22.0143919609197
          ],
          [
            120.81794733102558,
            22.014384200982917
          ],
          [
            120.81793,
            22.01428
          ],
          [
            120.81792,
            22.01421
          ],
          [
            120.81792,
            22.0142
          ],
          [
            120.81792,
            22.01416
          ],
          [
            120.81793,
            22.01412
          ],
          [
            120.81802613073963,
            22.013926945676932
          ],
          [
            120.8180319131105,
            22.01391198417771
          ],
          [
            120.81803490670393,
            22.013896073631468
          ],
          [
            120.81803490923944,
            22.013879919465708
          ],
          [
            120.81803192064072,
            22.013864008101013
          ],
          [
            120.81802603089788,
            22.013848818646935
          ],
          [
            120.81801760446012,
            22.013835060351138
          ],
          [
            120.81779,
            22.01353
          ],
          [
            120.81776,
            22.01348
          ],
          [
            120.81775,
            22.01343
          ],
          [
            120.81775,
            22.0134
          ],
          [
            120.81775,
            22.01336
          ],
          [
            120.81774,
            22.01323
          ],
          [
            120.81773,
            22.01308
          ],
          [
            120.81774,
            22.01301
          ],
          [
            120.81775,
            22.01293
          ],
          [
            120.81776,
            22.01287
          ],
          [
            120.81777,
            22.01287
          ],
          [
            120.81777,
            22.0128
          ],
          [
            120.81778,
            22.01273
          ],
          [
            120.81778,
            22.01269
          ],
          [
            120.81777,
            22.01264
          ],
          [
            120.81775,
            22.01252
          ],
          [
            120.81773,
            22.01237
          ],
          [
            120.81773,
            22.01233
          ],
          [
            120.81772,
            22.0123
          ],
          [
            120.81773,
            22.01223
          ],
          [
            120.81775,
            22.01217
          ],
          [
            120.8178,
            22.01198
          ],
          [
            120.81786,
            22.01178
          ],
          [
            120.8179,
            22.01163
          ],
          [
            120.81793,
            22.01153
          ],
          [
            120.81798,
            22.01136
          ],
          [
            120.81811,
            22.01115
          ],
          [
            120.81814,
            22.01111
          ],
          [
            120.81825,
            22.01096
          ],
          [
            120.81827,
            22.01093
          ],
          [
            120.8183,
            22.01088
          ],
          [
            120.81833,
            22.01082
          ],
          [
            120.81835,
            22.01076
          ],
          [
            120.81837,
            22.01071
          ],
          [
            120.8184,
            22.01062
          ],
          [
            120.81862,
            22.01048
          ],
          [
            120.81872,
            22.01043
          ],
          [
            120.81882,
            22.01038
          ],
          [
            120.81905,
            22.01024
          ],
          [
            120.81915,
            22.01013
          ],
          [
            120.81917,
            22.0101
          ],
          [
            120.81925,
            22.01001
          ],
          [
            120.81956,
            22.00959
          ],
          [
            120.81967,
            22.00937
          ],
          [
            120.81971,
            22.00927
          ],
          [
            120.81973,
            22.00916
          ],
          [
            120.81976,
            22.00901
          ],
          [
            120.81976,
            22.009
          ],
          [
            120.81979,
            22.00885
          ],
          [
            120.8198,
            22.00883
          ],
          [
            120.81984,
            22.00872
          ],
          [
            120.81987,
            22.00866
          ],
          [
            120.82005,
            22.00825
          ],
          [
            120.82011,
            22.00813
          ],
          [
            120.82012,
            22.00805
          ],
          [
            120.82012,
            22.00799
          ],
          [
            120.82012,
            22.00795
          ],
          [
            120.82011,
            22.00784
          ],
          [
            120.82003088658503,
            22.007601802408654
          ],
          [
            120.82002635716688,
            22.00758092722215
          ],
          [
            120.82002630247125,
            22.00755941413097
          ],
          [
            120.82003079251322,
            22.007538313401856
          ],
          [
            120.82003965095926,
            22.00751845370548
          ],
          [
            120.82005252991925,
            22.00750061497453
          ],
          [
            120.82006861297815,
            22.007485733075235
          ],
          [
            120.82058,
            22.0071
          ],
          [
            120.82062,
            22.00707
          ],
          [
            120.82101379291841,
            22.006674867159965
          ],
          [
            120.8210361493859,
            22.00664183774832
          ],
          [
            120.8210445410123,
            22.006603176995046
          ],
          [
            120.82103758308524,
            22.006564268918293
          ],
          [
            120.82101619431349,
            22.00653025085159
          ],
          [
            120.82098319882157,
            22.006505614462704
          ],
          [
            120.82094305506706,
            22.006493624801433
          ],
          [
            120.8199,
            22.00637
          ],
          [
            120.81945,
            22.00632
          ],
          [
            120.81933,
            22.00631
          ],
          [
            120.81902,
            22.00629
          ],
          [
            120.81896,
            22.00629
          ],
          [
            120.81877,
            22.00628
          ],
          [
            120.81857,
            22.00628
          ],
          [
            120.81778,
            22.00626
          ],
          [
            120.81757,
            22.00625
          ],
          [
            120.81743,
            22.00623
          ],
          [
            120.81724,
            22.0062
          ],
          [
            120.81719,
            22.00619
          ],
          [
            120.81601,
            22.00595
          ],
          [
            120.81595,
            22.00594
          ],
          [
            120.81557,
            22.00586
          ],
          [
            120.81481,
            22.0057
          ],
          [
            120.81465,
            22.00567
          ],
          [
            120.81452,
            22.00565
          ],
          [
            120.81443,
            22.00564
          ],
          [
            120.81427,
            22.00563
          ],
          [
            120.81407,
            22.00561
          ],
          [
            120.81383,
            22.00559
          ],
          [
            120.81359,
            22.00557
          ],
          [
            120.81328,
            22.00551
          ],
          [
            120.81262,
            22.00538
          ],
          [
            120.81257,
            22.00537
          ],
          [
            120.81198,
            22.00525
          ],
          [
            120.81185,
            22.00523
          ],
          [
            120.81166,
            22.00519
          ],
          [
            120.81052052889238,
            22.00495939681405
          ],
          [
            120.81055,
            22.00493
          ],
          [
            120.81058,
            22.0049
          ],
          [
            120.81062,
            22.00488
          ],
          [
            120.81155,
            22.00453
          ],
          [
            120.81182,
            22.00443
          ],
          [
            120.81189,
            22.0044
          ],
          [
            120.81196,
            22.00435
          ],
          [
            120.81204,
            22.0043
          ],
          [
            120.81215,
            22.0042
          ],
          [
            120.81225,
            22.0041
          ],
          [
            120.81236,
            22.00397
          ],
          [
            120.81237,
            22.00397
          ],
          [
            120.81282,
            22.00344
          ],
          [
            120.81294,
            22.00329
          ],
          [
            120.81306,
            22.00315
          ],
          [
            120.81354,
            22.00259
          ],
          [
            120.81367,
            22.00245
          ],
          [
            120.81558,
            22.00022
          ],
          [
            120.81572,
            22.00006
          ],
          [
            120.81609,
            21.99964
          ],
          [
            120.81668,
            21.999
          ],
          [
            120.81706,
            21.9986
          ],
          [
            120.81742,
            21.9982
          ],
          [
            120.81768,
            21.9979
          ],
          [
            120.81784,
            21.99772
          ],
          [
            120.8182,
            21.9973
          ],
          [
            120.81832,
            21.99716
          ],
          [
            120.81923,
            21.99612
          ],
          [
            120.8211,
            21.99402
          ],
          [
            120.82115,
            21.99396
          ],
          [
            120.82173,
            21.99331
          ],
          [
            120.82178,
            21.99327
          ],
          [
            120.82181,
            21.99324
          ],
          [
            120.82183,
            21.99323
          ],
          [
            120.82187,
            21.9932
          ],
          [
            120.82218,
            21.99275
          ],
          [
            120.82228,
            21.9926
          ],
          [
            120.82234,
            21.99251
          ],
          [
            120.82238,
            21.99245
          ],
          [
            120.82247,
            21.99229
          ],
          [
            120.82248,
            21.99226
          ],
          [
            120.82257,
            21.99213
          ],
          [
            120.82278,
            21.99184
          ],
          [
            120.82293,
            21.99165
          ],
          [
            120.82328,
            21.99128
          ],
          [
            120.82338,
            21.99118
          ],
          [
            120.82344,
            21.99112
          ],
          [
            120.8235,
            21.99108
          ],
          [
            120.82362,
            21.99102
          ],
          [
            120.82406,
            21.99085
          ],
          [
            120.82423,
            21.99078
          ],
          [
            120.82431,
            21.99076
          ],
          [
            120.82437,
            21.99075
          ],
          [
            120.82442,
            21.99074
          ],
          [
            120.82449,
            21.99074
          ],
          [
            120.82457,
            21.99073
          ],
          [
            120.82467,
            21.99073
          ],
          [
            120.82476,
            21.99074
          ],
          [
            120.82488,
            21.99075
          ],
          [
            120.82517,
            21.9908
          ],
          [
            120.82565,
            21.99087
          ],
          [
            120.82646,
            21.99099
          ],
          [
            120.82658,
            21.99101
          ],
          [
            120.82707,
            21.99103
          ],
          [
            120.82786,
            21.99117
          ],
          [
            120.82802,
            21.9912
          ],
          [
            120.82889,
            21.99133
          ],
          [
            120.82918,
            21.99137
          ],
          [
            120.82954,
            21.99143
          ],
          [
            120.8299,
            21.99149
          ],
          [
            120.83022,
            21.99156
          ],
          [
            120.83037,
            21.99159
          ],
          [
            120.83086,
            21.99168
          ],
          [
            120.83149,
            21.9918
          ],
          [
            120.83186,
            21.99187
          ],
          [
            120.83242,
            21.99196
          ],
          [
            120.83248,
            21.99197
          ],
          [
            120.83255,
            21.99198
          ],
          [
            120.83261,
            21.99199
          ],
          [
            120.83267,
            21.99199
          ],
          [
            120.8328,
            21.99199
          ],
          [
            120.83295,
            21.99196
          ],
          [
            120.83325,
            21.9919
          ],
          [
            120.83344,
            21.99187
          ],
          [
            120.83365,
            21.99183
          ],
          [
            120.83388,
            21.9918
          ],
          [
            120.83403,
            21.99177
          ],
          [
            120.83421,
            21.99174
          ],
          [
            120.83441,
            21.9917
          ],
          [
            120.83464,
            21.99166
          ],
          [
            120.83485,
            21.99163
          ],
          [
            120.83496,
            21.9916
          ],
          [
            120.83508,
            21.99158
          ],
          [
            120.83537,
            21.99153
          ],
          [
            120.83566,
            21.99148
          ],
          [
            120.83585,
            21.99144
          ],
          [
            120.83612,
            21.99139
          ],
          [
            120.83652,
            21.99132
          ],
          [
            120.83691,
            21.99124
          ],
          [
            120.83719,
            21.99119
          ],
          [
            120.83739,
            21.99115
          ],
          [
            120.83769,
            21.99109
          ],
          [
            120.83788,
            21.99106
          ],
          [
            120.83807,
            21.99102
          ],
          [
            120.83808,
            21.99102
          ],
          [
            120.83827,
            21.99099
          ],
          [
            120.83841,
            21.99096
          ],
          [
            120.8386,
            21.99093
          ],
          [
            120.83892,
            21.99087
          ],
          [
            120.83923,
            21.99081
          ],
          [
            120.83987,
            21.99074
          ],
          [
            120.84014,
            21.99068
          ],
          [
            120.84039,
            21.99059
          ],
          [
            120.84048,
            21.99053
          ],
          [
            120.84064,
            21.99043
          ],
          [
            120.84091,
            21.99023
          ],
          [
            120.8413965708169,
            21.989898989654105
          ],
          [
            120.8414136491359,
            21.989884650133387
          ],
          [
            120.84142757558465,
            21.98986714327127
          ],
          [
            120.84143747372772,
            21.98984739040877
          ],
          [
            120.84144294410191,
            21.98982618871994
          ],
          [
            120.84144376593711,
            21.98980439384972
          ],
          [
            120.84143996052609,
            21.989783072019744
          ],
          [
            120.84124,
            21.9891
          ],
          [
            120.84119,
            21.98893
          ],
          [
            120.84104,
            21.98841
          ],
          [
            120.84099,
            21.98823
          ],
          [
            120.84093,
            21.98806
          ],
          [
            120.84088,
            21.98789
          ],
          [
            120.84078,
            21.98754
          ],
          [
            120.84073,
            21.98736
          ],
          [
            120.84071,
            21.98724
          ],
          [
            120.84071,
            21.98719
          ],
          [
            120.84071,
            21.98707
          ],
          [
            120.84072,
            21.98701
          ],
          [
            120.84073,
            21.98696
          ],
          [
            120.84084,
            21.98667
          ],
          [
            120.8409,
            21.9865
          ],
          [
            120.84095,
            21.98636
          ],
          [
            120.84099,
            21.98625
          ],
          [
            120.84101,
            21.98619
          ],
          [
            120.84101,
            21.98615
          ],
          [
            120.84102,
            21.9861
          ],
          [
            120.84102,
            21.98601
          ],
          [
            120.84102,
            21.98591
          ],
          [
            120.84101,
            21.98582
          ],
          [
            120.84101,
            21.98581
          ],
          [
            120.84095,
            21.98568
          ],
          [
            120.84094,
            21.98566
          ],
          [
            120.8409,
            21.98557
          ],
          [
            120.84086,
            21.98549
          ],
          [
            120.84083,
            21.98543
          ],
          [
            120.84082,
            21.98538
          ],
          [
            120.84082,
            21.98535
          ],
          [
            120.84081,
            21.9853
          ],
          [
            120.84081,
            21.98528
          ],
          [
            120.84082,
            21.98524
          ],
          [
            120.84083,
            21.98519
          ],
          [
            120.84085,
            21.98514
          ],
          [
            120.84089,
            21.98502
          ],
          [
            120.84095,
            21.98486
          ],
          [
            120.841,
            21.98474
          ],
          [
            120.84102,
            21.98469
          ],
          [
            120.84109,
            21.98453
          ],
          [
            120.84116,
            21.98436
          ],
          [
            120.84123,
            21.98419
          ],
          [
            120.84143,
            21.98389
          ],
          [
            120.84153,
            21.98373
          ],
          [
            120.84173,
            21.98342
          ],
          [
            120.8418,
            21.98326
          ],
          [
            120.84182,
            21.98322
          ],
          [
            120.84186,
            21.98312
          ],
          [
            120.84189,
            21.98302
          ],
          [
            120.8419,
            21.98297
          ],
          [
            120.8419,
            21.98291
          ],
          [
            120.84189,
            21.98283
          ],
          [
            120.84188,
            21.98275
          ],
          [
            120.84186,
            21.98269
          ],
          [
            120.84182,
            21.98257
          ],
          [
            120.8418,
            21.98252
          ],
          [
            120.84178,
            21.98245
          ],
          [
            120.84177,
            21.98238
          ],
          [
            120.84176,
            21.98234
          ],
          [
            120.84176,
            21.98229
          ],
          [
            120.84176,
            21.98225
          ],
          [
            120.84176,
            21.98222
          ],
          [
            120.84178,
            21.98213
          ],
          [
            120.84181,
            21.98205
          ],
          [
            120.84181,
            21.98204
          ],
          [
            120.84182,
            21.98203
          ],
          [
            120.84188,
            21.98191
          ],
          [
            120.84189,
            21.98189
          ],
          [
            120.8419,
            21.98187
          ],
          [
            120.84199,
            21.98171
          ],
          [
            120.84201,
            21.98168
          ],
          [
            120.84206,
            21.98156
          ],
          [
            120.84206,
            21.98155
          ],
          [
            120.84208,
            21.98145
          ],
          [
            120.84208,
            21.98133
          ],
          [
            120.84205,
            21.98118
          ],
          [
            120.84197,
            21.98096
          ],
          [
            120.84194,
            21.98088
          ],
          [
            120.84192,
            21.98083
          ],
          [
            120.84191,
            21.98076
          ],
          [
            120.8419,
            21.98068
          ],
          [
            120.8419,
            21.98063
          ],
          [
            120.8419,
            21.98057
          ],
          [
            120.84191,
            21.98051
          ],
          [
            120.84193,
            21.98043
          ],
          [
            120.84199,
            21.98026
          ],
          [
            120.842,
            21.98024
          ],
          [
            120.84206,
            21.98009
          ],
          [
            120.84215,
            21.97988
          ],
          [
            120.84223,
            21.97969
          ],
          [
            120.84228,
            21.97959
          ],
          [
            120.8423,
            21.97955
          ],
          [
            120.84234,
            21.97948
          ],
          [
            120.84237,
            21.97943
          ],
          [
            120.84239,
            21.97939
          ],
          [
            120.84244,
            21.97931
          ],
          [
            120.84247,
            21.97927
          ],
          [
            120.84249,
            21.97924
          ],
          [
            120.84254,
            21.97918
          ],
          [
            120.84261,
            21.9791
          ],
          [
            120.8427,
            21.97901
          ],
          [
            120.8428,
            21.97892
          ],
          [
            120.84298,
            21.97876
          ],
          [
            120.84339,
            21.97838
          ],
          [
            120.84341,
            21.97837
          ],
          [
            120.84348,
            21.97829
          ],
          [
            120.84353,
            21.97825
          ],
          [
            120.84362,
            21.97817
          ],
          [
            120.84377,
            21.97803
          ],
          [
            120.84389,
            21.97792
          ],
          [
            120.84422676801935,
            21.97762997304652
          ],
          [
            120.84424017673174,
            21.97761614285254
          ],
          [
            120.84425103840556,
            21.977600034582704
          ],
          [
            120.8442587201069,
            21.977582402139028
          ],
          [
            120.84426298563525,
            21.977563787692088
          ],
          [
            120.84426370383218,
            21.977544763607547
          ],
          [
            120.84426089312274,
            21.977526078147523
          ],
          [
            120.84413,
            21.977
          ],
          [
            120.8441,
            21.97692
          ],
          [
            120.84409,
            21.97691
          ],
          [
            120.84404,
            21.97676
          ],
          [
            120.844,
            21.97667
          ],
          [
            120.84394,
            21.97654
          ],
          [
            120.84389,
            21.97644
          ],
          [
            120.84383,
            21.97631
          ],
          [
            120.84381,
            21.97627
          ],
          [
            120.84378,
            21.97621
          ],
          [
            120.84376,
            21.97615
          ],
          [
            120.84375,
            21.97612
          ],
          [
            120.84374,
            21.97608
          ],
          [
            120.84373,
            21.97605
          ],
          [
            120.84372,
            21.976
          ],
          [
            120.84368,
            21.9759
          ],
          [
            120.84366,
            21.97586
          ],
          [
            120.84362,
            21.97557
          ],
          [
            120.84361,
            21.97555
          ],
          [
            120.84355,
            21.97521
          ],
          [
            120.84353,
            21.97511
          ],
          [
            120.84352,
            21.97503
          ],
          [
            120.84349,
            21.97488
          ],
          [
            120.84348,
            21.97485
          ],
          [
            120.84349,
            21.97488
          ],
          [
            120.84352,
            21.97503
          ],
          [
            120.84353,
            21.97511
          ],
          [
            120.84355,
            21.97521
          ],
          [
            120.84361,
            21.97555
          ],
          [
            120.84362,
            21.97557
          ],
          [
            120.84366,
            21.97586
          ],
          [
            120.84368,
            21.9759
          ],
          [
            120.84372,
            21.976
          ],
          [
            120.84373,
            21.97605
          ],
          [
            120.84374,
            21.97608
          ],
          [
            120.84375,
            21.97612
          ],
          [
            120.84376,
            21.97615
          ],
          [
            120.84378,
            21.97621
          ],
          [
            120.84381,
            21.97627
          ],
          [
            120.84383,
            21.97631
          ],
          [
            120.84389,
            21.97644
          ],
          [
            120.84394,
            21.97654
          ],
          [
            120.844,
            21.97667
          ],
          [
            120.84404,
            21.97676
          ],
          [
            120.84409,
            21.97691
          ],
          [
            120.8441,
            21.97692
          ],
          [
            120.84429399646051,
            21.977440038016166
          ],
          [
            120.84429899041375,
            21.97745880024065
          ],
          [
            120.84430033507353,
            21.97747832846522
          ],
          [
            120.84429790383678,
            21.977497764859233
          ],
          [
            120.84429177570243,
            21.977516477869756
          ],
          [
            120.84428214979391,
            21.977533859448997
          ],
          [
            120.84426961549144,
            21.97754906543522
          ],
          [
            120.84401,
            21.97781
          ],
          [
            120.84396,
            21.97786
          ],
          [
            120.84389,
            21.97792
          ],
          [
            120.84377,
            21.97803
          ],
          [
            120.84362,
            21.97817
          ],
          [
            120.84353,
            21.97825
          ],
          [
            120.84348,
            21.97829
          ],
          [
            120.84341,
            21.97837
          ],
          [
            120.84339,
            21.97838
          ],
          [
            120.84298,
            21.97876
          ],
          [
            120.8428,
            21.97892
          ],
          [
            120.8427,
            21.97901
          ],
          [
            120.84261,
            21.9791
          ],
          [
            120.84254,
            21.97918
          ],
          [
            120.84249,
            21.97924
          ],
          [
            120.84247,
            21.97927
          ],
          [
            120.84244,
            21.97931
          ],
          [
            120.84239,
            21.97939
          ],
          [
            120.84237,
            21.97943
          ],
          [
            120.84234,
            21.97948
          ],
          [
            120.8423,
            21.97955
          ],
          [
            120.84228,
            21.97959
          ],
          [
            120.84223,
            21.97969
          ],
          [
            120.84215,
            21.97988
          ],
          [
            120.84206,
            21.98009
          ],
          [
            120.842,
            21.98024
          ],
          [
            120.84199,
            21.98026
          ],
          [
            120.84193,
            21.98043
          ],
          [
            120.84191,
            21.98051
          ],
          [
            120.8419,
            21.98057
          ],
          [
            120.8419,
            21.98063
          ],
          [
            120.8419,
            21.98068
          ],
          [
            120.84191,
            21.98076
          ],
          [
            120.84192,
            21.98083
          ],
          [
            120.84194,
            21.98088
          ],
          [
            120.84197,
            21.98096
          ],
          [
            120.84205,
            21.98118
          ],
          [
            120.84208,
            21.98133
          ],
          [
            120.84208,
            21.98145
          ],
          [
            120.84206,
            21.98155
          ],
          [
            120.84206,
            21.98156
          ],
          [
            120.84201,
            21.98168
          ],
          [
            120.84199,
            21.98171
          ],
          [
            120.8419,
            21.98187
          ],
          [
            120.84189,
            21.98189
          ],
          [
            120.84188,
            21.98191
          ],
          [
            120.84182,
            21.98203
          ],
          [
            120.84181,
            21.98204
          ],
          [
            120.84181,
            21.98205
          ],
          [
            120.84178,
            21.98213
          ],
          [
            120.84176,
            21.98222
          ],
          [
            120.84176,
            21.98225
          ],
          [
            120.84176,
            21.98229
          ],
          [
            120.84176,
            21.98234
          ],
          [
            120.84177,
            21.98238
          ],
          [
            120.84178,
            21.98245
          ],
          [
            120.8418,
            21.98252
          ],
          [
            120.84182,
            21.98257
          ],
          [
            120.84186,
            21.98269
          ],
          [
            120.84188,
            21.98275
          ],
          [
            120.84189,
            21.98283
          ],
          [
            120.8419,
            21.98291
          ],
          [
            120.8419,
            21.98297
          ],
          [
            120.84189,
            21.98302
          ],
          [
            120.84186,
            21.98312
          ],
          [
            120.84182,
            21.98322
          ],
          [
            120.8418,
            21.98326
          ],
          [
            120.84173,
            21.98342
          ],
          [
            120.84153,
            21.98373
          ],
          [
            120.84143,
            21.98389
          ],
          [
            120.84123,
            21.98419
          ],
          [
            120.84116,
            21.98436
          ],
          [
            120.84109,
            21.98453
          ],
          [
            120.84102,
            21.98469
          ],
          [
            120.841,
            21.98474
          ],
          [
            120.84095,
            21.98486
          ],
          [
            120.84089,
            21.98502
          ],
          [
            120.84085,
            21.98514
          ],
          [
            120.84083,
            21.98519
          ],
          [
            120.84082,
            21.98524
          ],
          [
            120.84081,
            21.98528
          ],
          [
            120.84081,
            21.9853
          ],
          [
            120.84082,
            21.98535
          ],
          [
            120.84082,
            21.98538
          ],
          [
            120.84083,
            21.98543
          ],
          [
            120.84086,
            21.98549
          ],
          [
            120.8409,
            21.98557
          ],
          [
            120.84094,
            21.98566
          ],
          [
            120.84095,
            21.98568
          ],
          [
            120.84101,
            21.98581
          ],
          [
            120.84101,
            21.98582
          ],
          [
            120.84102,
            21.98591
          ],
          [
            120.84102,
            21.98601
          ],
          [
            120.84102,
            21.9861
          ],
          [
            120.84101,
            21.98615
          ],
          [
            120.84101,
            21.98619
          ],
          [
            120.84099,
            21.98625
          ],
          [
            120.84095,
            21.98636
          ],
          [
            120.8409,
            21.9865
          ],
          [
            120.84084,
            21.98667
          ],
          [
            120.84073,
            21.98696
          ],
          [
            120.84072,
            21.98701
          ],
          [
            120.84071,
            21.98707
          ],
          [
            120.84071,
            21.98719
          ],
          [
            120.84071,
            21.98724
          ],
          [
            120.84073,
            21.98736
          ],
          [
            120.84078,
            21.98754
          ],
          [
            120.84088,
            21.98789
          ],
          [
            120.84093,
            21.98806
          ],
          [
            120.84099,
            21.98823
          ],
          [
            120.84104,
            21.98841
          ],
          [
            120.84119,
            21.98893
          ],
          [
            120.84124,
            21.9891
          ],
          [
            120.84143996056504,
            21.989783071897577
          ],
          [
            120.84144376609379,
            21.989804393771735
          ],
          [
            120.84144294427453,
            21.989826188712343
          ],
          [
            120.84143747388622,
            21.9898473904698
          ],
          [
            120.84142757570093,
            21.989867143390946
          ],
          [
            120.84141364918618,
            21.989884650294233
          ],
          [
            120.84139657075626,
            21.989898989798554
          ],
          [
            120.84091,
            21.99023
          ],
          [
            120.84064,
            21.99043
          ],
          [
            120.84048,
            21.99053
          ],
          [
            120.84039,
            21.99059
          ],
          [
            120.84014,
            21.99068
          ],
          [
            120.83987,
            21.99074
          ],
          [
            120.83923,
            21.99081
          ],
          [
            120.83892,
            21.99087
          ],
          [
            120.8386,
            21.99093
          ],
          [
            120.83841,
            21.99096
          ],
          [
            120.83827,
            21.99099
          ],
          [
            120.83808,
            21.99102
          ],
          [
            120.83807,
            21.99102
          ],
          [
            120.83788,
            21.99106
          ],
          [
            120.83769,
            21.99109
          ],
          [
            120.83739,
            21.99115
          ],
          [
            120.83719,
            21.99119
          ],
          [
            120.83691,
            21.99124
          ],
          [
            120.83652,
            21.99132
          ],
          [
            120.83612,
            21.99139
          ],
          [
            120.83585,
            21.99144
          ],
          [
            120.83566,
            21.99148
          ],
          [
            120.83537,
            21.99153
          ],
          [
            120.83508,
            21.99158
          ],
          [
            120.83496,
            21.9916
          ],
          [
            120.83485,
            21.99163
          ],
          [
            120.83464,
            21.99166
          ],
          [
            120.83441,
            21.9917
          ],
          [
            120.83421,
            21.99174
          ],
          [
            120.83403,
            21.99177
          ],
          [
            120.83388,
            21.9918
          ],
          [
            120.83365,
            21.99183
          ],
          [
            120.83344,
            21.99187
          ],
          [
            120.83325,
            21.9919
          ],
          [
            120.83295,
            21.99196
          ],
          [
            120.8328,
            21.99199
          ],
          [
            120.83267,
            21.99199
          ],
          [
            120.83261,
            21.99199
          ],
          [
            120.83255,
            21.99198
          ],
          [
            120.83248,
            21.99197
          ],
          [
            120.83242,
            21.99196
          ],
          [
            120.83186,
            21.99187
          ],
          [
            120.83149,
            21.9918
          ],
          [
            120.83086,
            21.99168
          ],
          [
            120.83037,
            21.99159
          ],
          [
            120.83022,
            21.99156
          ],
          [
            120.8299,
            21.99149
          ],
          [
            120.82954,
            21.99143
          ],
          [
            120.82918,
            21.99137
          ],
          [
            120.82889,
            21.99133
          ],
          [
            120.82802,
            21.9912
          ],
          [
            120.82786,
            21.99117
          ],
          [
            120.82707,
            21.99103
          ],
          [
            120.82658,
            21.99101
          ],
          [
            120.82646,
            21.99099
          ],
          [
            120.82565,
            21.99087
          ],
          [
            120.82517,
            21.9908
          ],
          [
            120.82488,
            21.99075
          ],
          [
            120.82476,
            21.99074
          ],
          [
            120.82467,
            21.99073
          ],
          [
            120.82457,
            21.99073
          ],
          [
            120.82449,
            21.99074
          ],
          [
            120.82442,
            21.99074
          ],
          [
            120.82437,
            21.99075
          ],
          [
            120.82431,
            21.99076
          ],
          [
            120.82423,
            21.99078
          ],
          [
            120.82406,
            21.99085
          ],
          [
            120.82362,
            21.99102
          ],
          [
            120.8235,
            21.99108
          ],
          [
            120.82344,
            21.99112
          ],
          [
            120.82338,
            21.99118
          ],
          [
            120.82328,
            21.99128
          ],
          [
            120.82293,
            21.99165
          ],
          [
            120.82278,
            21.99184
          ],
          [
            120.82257,
            21.99213
          ],
          [
            120.82248,
            21.99226
          ],
          [
            120.82247,
            21.99229
          ],
          [
            120.82238,
            21.99245
          ],
          [
            120.82234,
            21.99251
          ],
          [
            120.82228,
            21.9926
          ],
          [
            120.82218,
            21.99275
          ],
          [
            120.82187,
            21.9932
          ],
          [
            120.82183,
            21.99323
          ],
          [
            120.82181,
            21.99324
          ],
          [
            120.82178,
            21.99327
          ],
          [
            120.82173,
            21.99331
          ],
          [
            120.82115,
            21.99396
          ],
          [
            120.8211,
            21.99402
          ],
          [
            120.81923,
            21.99612
          ],
          [
            120.81832,
            21.99716
          ],
          [
            120.8182,
            21.9973
          ],
          [
            120.81784,
            21.99772
          ],
          [
            120.81768,
            21.9979
          ],
          [
            120.81742,
            21.9982
          ],
          [
            120.81706,
            21.9986
          ],
          [
            120.81668,
            21.999
          ],
          [
            120.81609,
            21.99964
          ],
          [
            120.81572,
            22.00006
          ],
          [
            120.81558,
            22.00022
          ],
          [
            120.81367,
            22.00245
          ],
          [
            120.81354,
            22.00259
          ],
          [
            120.81306,
            22.00315
          ],
          [
            120.81294,
            22.00329
          ],
          [
            120.81282,
            22.00344
          ],
          [
            120.81237,
            22.00397
          ],
          [
            120.81236,
            22.00397
          ],
          [
            120.81225,
            22.0041
          ],
          [
            120.81215,
            22.0042
          ],
          [
            120.81204,
            22.0043
          ],
          [
            120.81196,
            22.00435
          ],
          [
            120.81189,
            22.0044
          ],
          [
            120.81182,
            22.00443
          ],
          [
            120.81155,
            22.00453
          ],
          [
            120.81062,
            22.00488
          ],
          [
            120.81058,
            22.0049
          ],
          [
            120.81055,
            22.00493
          ],
          [
            120.81051,
            22.00497
          ],
          [
            120.80976,
            22.00516
          ],
          [
            120.80963,
            22.0052
          ],
          [
            120.80956,
            22.00522
          ],
          [
            120.80949,
            22.00525
          ],
          [
            120.80939,
            22.00529
          ],
          [
            120.80925,
            22.00537
          ],
          [
            120.8091,
            22.00547
          ],
          [
            120.80894,
            22.0056
          ],
          [
            120.8086,
            22.00587
          ],
          [
            120.80857,
            22.00589
          ],
          [
            120.80829,
            22.00612
          ],
          [
            120.80827,
            22.00613
          ],
          [
            120.80803,
            22.00633
          ],
          [
            120.80767,
            22.00662
          ],
          [
            120.80736,
            22.00685
          ],
          [
            120.80732,
            22.00687
          ],
          [
            120.80728,
            22.0069
          ],
          [
            120.80719,
            22.00695
          ],
          [
            120.80687,
            22.00716
          ],
          [
            120.80663,
            22.00728
          ],
          [
            120.80649,
            22.00735
          ],
          [
            120.80631,
            22.00743
          ],
          [
            120.80616,
            22.00748
          ],
          [
            120.80611,
            22.0075
          ],
          [
            120.80597,
            22.00754
          ],
          [
            120.80553,
            22.00768
          ],
          [
            120.80545,
            22.00771
          ],
          [
            120.80542,
            22.00772
          ],
          [
            120.80539,
            22.00773
          ],
          [
            120.80503,
            22.00783
          ],
          [
            120.80476,
            22.00792
          ],
          [
            120.80469,
            22.00795
          ],
          [
            120.80462,
            22.00799
          ],
          [
            120.80459,
            22.008
          ],
          [
            120.8045,
            22.00804
          ],
          [
            120.80445,
            22.00808
          ],
          [
            120.8044,
            22.00811
          ],
          [
            120.80392,
            22.00839
          ],
          [
            120.80387,
            22.00842
          ],
          [
            120.80373,
            22.0085
          ],
          [
            120.80358,
            22.00858
          ],
          [
            120.80345,
            22.00862
          ],
          [
            120.80327,
            22.00867
          ],
          [
            120.80306,
            22.00871
          ],
          [
            120.80269,
            22.00877
          ],
          [
            120.80265,
            22.00878
          ],
          [
            120.80185,
            22.00891
          ],
          [
            120.80047,
            22.00914
          ],
          [
            120.80041,
            22.00915
          ],
          [
            120.80009,
            22.00921
          ],
          [
            120.79991,
            22.00924
          ],
          [
            120.7999,
            22.00924
          ],
          [
            120.79971,
            22.00927
          ],
          [
            120.79954,
            22.00929
          ],
          [
            120.79932,
            22.00932
          ],
          [
            120.79913,
            22.00934
          ],
          [
            120.79876,
            22.00939
          ],
          [
            120.79817,
            22.00945
          ],
          [
            120.79798,
            22.00947
          ],
          [
            120.79783,
            22.00949
          ],
          [
            120.79765,
            22.0095
          ],
          [
            120.79743,
            22.00952
          ],
          [
            120.79679,
            22.0096
          ],
          [
            120.79678,
            22.0096
          ],
          [
            120.79655,
            22.00962
          ],
          [
            120.79645,
            22.00962
          ],
          [
            120.79626,
            22.00962
          ],
          [
            120.79615,
            22.00961
          ],
          [
            120.79603,
            22.00958
          ],
          [
            120.79589,
            22.00954
          ],
          [
            120.79551,
            22.0094
          ],
          [
            120.79542,
            22.00936
          ],
          [
            120.79477,
            22.00913
          ],
          [
            120.7947,
            22.0091
          ],
          [
            120.79452,
            22.00903
          ],
          [
            120.79333,
            22.0086
          ],
          [
            120.79305,
            22.00849
          ],
          [
            120.79294,
            22.00844
          ],
          [
            120.79287,
            22.00841
          ],
          [
            120.79285,
            22.0084
          ],
          [
            120.79273,
            22.00834
          ],
          [
            120.79258,
            22.00824
          ],
          [
            120.79232,
            22.00804
          ],
          [
            120.79225,
            22.00799
          ],
          [
            120.79215,
            22.00793
          ],
          [
            120.79205,
            22.00789
          ],
          [
            120.79194,
            22.00785
          ],
          [
            120.79185,
            22.00783
          ],
          [
            120.79177,
            22.00782
          ],
          [
            120.79167,
            22.00781
          ],
          [
            120.79156,
            22.00781
          ],
          [
            120.7913,
            22.00786
          ],
          [
            120.79101,
            22.00793
          ],
          [
            120.79065,
            22.00805
          ],
          [
            120.79053,
            22.00809
          ],
          [
            120.79046,
            22.00812
          ],
          [
            120.79039,
            22.00817
          ],
          [
            120.7903,
            22.00825
          ],
          [
            120.79022,
            22.00834
          ],
          [
            120.78954079983599,
            22.009106673985283
          ],
          [
            120.78952138704715,
            22.009124152722002
          ],
          [
            120.7894985498838,
            22.009136832756734
          ],
          [
            120.78947322582796,
            22.00914434103143
          ],
          [
            120.78944673734394,
            22.009146285451482
          ],
          [
            120.78942046770452,
            22.009142564476036
          ],
          [
            120.78939548787392,
            22.009133220616658
          ],
          [
            120.78892083356153,
            22.008894855424693
          ],
          [
            120.78890374809428,
            22.008884283716757
          ],
          [
            120.78888869104678,
            22.008870834897838
          ],
          [
            120.78887644688098,
            22.008855092731004
          ],
          [
            120.78886740885588,
            22.00883756282428
          ],
          [
            120.78886186725539,
            22.00881880820444
          ],
          [
            120.78886,
            22.008799431233687
          ],
          [
            120.78885999999999,
            22.0079762313595
          ],
          [
            120.78885813314434,
            22.007956856055745
          ],
          [
            120.78885259252685,
            22.007938102941424
          ],
          [
            120.7888435560706,
            22.007920574225903
          ],
          [
            120.78883131395877,
            22.007904832800048
          ],
          [
            120.78881625931615,
            22.00789138416039
          ],
          [
            120.78879917646141,
            22.007880812038074
          ],
          [
            120.78832,
            22.00764
          ],
          [
            120.78826,
            22.00762
          ],
          [
            120.78803,
            22.00754
          ],
          [
            120.78792,
            22.00751
          ],
          [
            120.7878,
            22.00749
          ],
          [
            120.78763,
            22.00746
          ],
          [
            120.78757,
            22.00746
          ],
          [
            120.78751,
            22.00746
          ],
          [
            120.78738,
            22.00747
          ],
          [
            120.78731,
            22.00749
          ],
          [
            120.7872,
            22.00752
          ],
          [
            120.78688,
            22.00763
          ],
          [
            120.78651,
            22.00778
          ],
          [
            120.78644,
            22.00781
          ],
          [
            120.78637,
            22.00783
          ],
          [
            120.78633,
            22.00783
          ],
          [
            120.78629,
            22.00784
          ],
          [
            120.786,
            22.00786
          ],
          [
            120.78588,
            22.00785
          ],
          [
            120.78571,
            22.00783
          ],
          [
            120.78549,
            22.00777
          ],
          [
            120.78537,
            22.00774
          ],
          [
            120.78496,
            22.00759
          ],
          [
            120.7848,
            22.00753
          ],
          [
            120.78478,
            22.00752
          ],
          [
            120.78442,
            22.00738
          ],
          [
            120.78407,
            22.00724
          ],
          [
            120.78388,
            22.00717
          ],
          [
            120.78371,
            22.0071
          ],
          [
            120.78339,
            22.00698
          ],
          [
            120.78329,
            22.00693
          ],
          [
            120.78321,
            22.00689
          ],
          [
            120.78311,
            22.00682
          ],
          [
            120.78295,
            22.0067
          ],
          [
            120.78247,
            22.00632
          ],
          [
            120.78233,
            22.00623
          ],
          [
            120.7822,
            22.00615
          ],
          [
            120.78203,
            22.00607
          ],
          [
            120.78173,
            22.00593
          ],
          [
            120.78113,
            22.00564
          ],
          [
            120.781,
            22.00558
          ],
          [
            120.78088,
            22.00553
          ],
          [
            120.78076,
            22.0055
          ],
          [
            120.78066,
            22.00547
          ],
          [
            120.78037,
            22.00542
          ],
          [
            120.78025,
            22.00539
          ],
          [
            120.78009,
            22.00533
          ],
          [
            120.77998,
            22.00528
          ],
          [
            120.77964,
            22.0051
          ],
          [
            120.77948,
            22.00501
          ],
          [
            120.77947,
            22.00501
          ],
          [
            120.77943,
            22.00499
          ],
          [
            120.77857,
            22.00449
          ],
          [
            120.77832,
            22.00433
          ],
          [
            120.77824,
            22.00427
          ],
          [
            120.77814,
            22.0042
          ],
          [
            120.77782,
            22.00395
          ],
          [
            120.77769,
            22.00385
          ],
          [
            120.77751,
            22.00372
          ],
          [
            120.77692,
            22.00326
          ],
          [
            120.7768,
            22.00318
          ],
          [
            120.7767,
            22.00315
          ],
          [
            120.7766,
            22.00313
          ],
          [
            120.77649,
            22.00311
          ],
          [
            120.77631,
            22.00309
          ],
          [
            120.7759,
            22.00306
          ],
          [
            120.77566,
            22.00304
          ],
          [
            120.77547,
            22.00303
          ],
          [
            120.77527,
            22.00302
          ],
          [
            120.77428,
            22.00295
          ],
          [
            120.77331,
            22.00289
          ],
          [
            120.77318,
            22.00288
          ],
          [
            120.77294,
            22.00287
          ],
          [
            120.77272,
            22.00286
          ],
          [
            120.77263,
            22.00286
          ],
          [
            120.7726,
            22.00286
          ],
          [
            120.77243,
            22.00287
          ],
          [
            120.77212,
            22.0029
          ],
          [
            120.77196,
            22.00291
          ],
          [
            120.77148,
            22.00296
          ],
          [
            120.77132,
            22.00299
          ],
          [
            120.77121,
            22.00302
          ],
          [
            120.77111,
            22.00306
          ],
          [
            120.771,
            22.0031
          ],
          [
            120.77089,
            22.00317
          ],
          [
            120.77082,
            22.00322
          ],
          [
            120.7707,
            22.00333
          ],
          [
            120.77046,
            22.00358
          ],
          [
            120.77035,
            22.00369
          ],
          [
            120.77027,
            22.00376
          ],
          [
            120.77018,
            22.00382
          ],
          [
            120.77002,
            22.0039
          ],
          [
            120.76989,
            22.00395
          ],
          [
            120.76977,
            22.00398
          ],
          [
            120.76965,
            22.00399
          ],
          [
            120.76958,
            22.00399
          ],
          [
            120.76954,
            22.00399
          ],
          [
            120.76942,
            22.00399
          ],
          [
            120.76921,
            22.00397
          ],
          [
            120.76904,
            22.00396
          ],
          [
            120.76899,
            22.00397
          ],
          [
            120.76888,
            22.00397
          ],
          [
            120.7688,
            22.00398
          ],
          [
            120.76877,
            22.00398
          ],
          [
            120.76863,
            22.004
          ],
          [
            120.76861,
            22.004
          ],
          [
            120.76831,
            22.00405
          ],
          [
            120.76815,
            22.00408
          ],
          [
            120.76804,
            22.00409
          ],
          [
            120.7679,
            22.00409
          ],
          [
            120.76778,
            22.00408
          ],
          [
            120.76767,
            22.00407
          ],
          [
            120.7675,
            22.00403
          ],
          [
            120.76704,
            22.00392
          ],
          [
            120.76648,
            22.00379
          ],
          [
            120.76632,
            22.00375
          ],
          [
            120.76579,
            22.00362
          ],
          [
            120.76556,
            22.00357
          ],
          [
            120.7655,
            22.00356
          ],
          [
            120.76537,
            22.00354
          ],
          [
            120.76499,
            22.00348
          ],
          [
            120.76433,
            22.00339
          ],
          [
            120.76419,
            22.00338
          ],
          [
            120.76367731802927,
            22.00334038675126
          ],
          [
            120.76365531668009,
            22.003340623730733
          ],
          [
            120.76363382169095,
            22.00334470828965
          ],
          [
            120.76361353092393,
            22.003352489815025
          ],
          [
            120.76359516663783,
            22.003363691320025
          ],
          [
            120.76357938251756,
            22.00337791408214
          ],
          [
            120.763566566209,
            22.00339493720296
          ],
          [
            120.76322,
            22.00396
          ],
          [
            120.76277,
            22.00463
          ],
          [
            120.76248,
            22.00503
          ],
          [
            120.76247,
            22.00505
          ],
          [
            120.76209,
            22.0056
          ],
          [
            120.76198,
            22.00575
          ],
          [
            120.7619,
            22.00583
          ],
          [
            120.76179,
            22.00595
          ],
          [
            120.7617,
            22.00603
          ],
          [
            120.7615,
            22.00616
          ],
          [
            120.76136,
            22.00624
          ],
          [
            120.76127,
            22.00628
          ],
          [
            120.76103,
            22.00639
          ],
          [
            120.76097,
            22.00641
          ],
          [
            120.76091,
            22.00644
          ],
          [
            120.76084,
            22.00647
          ],
          [
            120.76073,
            22.00652
          ],
          [
            120.76022,
            22.00673
          ],
          [
            120.76007,
            22.00678
          ],
          [
            120.75985,
            22.00685
          ],
          [
            120.75882,
            22.007
          ],
          [
            120.75863,
            22.00702
          ],
          [
            120.75844,
            22.00704
          ],
          [
            120.7584,
            22.00705
          ],
          [
            120.75805,
            22.00709
          ],
          [
            120.75767,
            22.00714
          ],
          [
            120.75748,
            22.00717
          ],
          [
            120.75733,
            22.00719
          ],
          [
            120.75728,
            22.00719
          ],
          [
            120.75717,
            22.0072
          ],
          [
            120.75705,
            22.00718
          ],
          [
            120.75696,
            22.00715
          ],
          [
            120.75691,
            22.00713
          ],
          [
            120.75683,
            22.0071
          ],
          [
            120.75673,
            22.00705
          ],
          [
            120.7559,
            22.00665
          ],
          [
            120.75464,
            22.00618
          ],
          [
            120.75418,
            22.00601
          ],
          [
            120.75362,
            22.00577
          ],
          [
            120.75325,
            22.00558
          ],
          [
            120.75322,
            22.00557
          ],
          [
            120.75317,
            22.00554
          ],
          [
            120.75209,
            22.00498
          ],
          [
            120.75206,
            22.00496
          ],
          [
            120.75172,
            22.00478
          ],
          [
            120.75156,
            22.00469
          ],
          [
            120.75128,
            22.00454
          ],
          [
            120.75124,
            22.00452
          ],
          [
            120.75116,
            22.00448
          ],
          [
            120.75082,
            22.0043
          ],
          [
            120.7508,
            22.00429
          ],
          [
            120.75063,
            22.00425
          ],
          [
            120.75047,
            22.00422
          ],
          [
            120.75025,
            22.00418
          ],
          [
            120.75004,
            22.00414
          ],
          [
            120.74994,
            22.00413
          ],
          [
            120.74974,
            22.0041
          ],
          [
            120.74964,
            22.0041
          ],
          [
            120.74955,
            22.0041
          ],
          [
            120.74937,
            22.00412
          ],
          [
            120.74894,
            22.00419
          ],
          [
            120.74802,
            22.00431
          ],
          [
            120.74755999999999,
            22.0044
          ],
          [
            120.74691,
            22.00449
          ],
          [
            120.74604,
            22.00461
          ],
          [
            120.74601,
            22.00461
          ],
          [
            120.7451,
            22.00418
          ],
          [
            120.74425642472563,
            22.00374419925756
          ],
          [
            120.74422972694693,
            22.003725092909153
          ],
          [
            120.74420984429877,
            22.003699362504527
          ],
          [
            120.74419877864838,
            22.00366936345926
          ],
          [
            120.74419747525428,
            22.00363765837495
          ],
          [
            120.74420604545602,
            22.003606955587752
          ],
          [
            120.74422350036065,
            22.00358016639142
          ],
          [
            120.74476,
            22.00298
          ],
          [
            120.74486,
            22.00286
          ],
          [
            120.745,
            22.00269
          ],
          [
            120.74509,
            22.00257
          ],
          [
            120.74560603326537,
            22.001844035443348
          ],
          [
            120.74560886085223,
            22.001838573296304
          ],
          [
            120.74561006320191,
            22.001832536357128
          ],
          [
            120.74560951055558,
            22.00182641763915
          ],
          [
            120.7456072423689,
            22.00182065398223
          ],
          [
            120.74560342057684,
            22.001815656876992
          ],
          [
            120.74559838378337,
            22.001811820745637
          ],
          [
            120.74556,
            22.00179
          ],
          [
            120.74523,
            22.00158
          ],
          [
            120.74494,
            22.00142
          ],
          [
            120.74483,
            22.00096
          ],
          [
            120.74482,
            22.00097
          ],
          [
            120.7448,
            22.00097
          ],
          [
            120.74479,
            22.00097
          ],
          [
            120.74478,
            22.00097
          ],
          [
            120.74476,
            22.00097
          ],
          [
            120.74475,
            22.00096
          ],
          [
            120.74474,
            22.00096
          ],
          [
            120.74473,
            22.00096
          ],
          [
            120.74472,
            22.00095
          ],
          [
            120.7447,
            22.00095
          ],
          [
            120.74469,
            22.00094
          ],
          [
            120.74468,
            22.00094
          ],
          [
            120.74467,
            22.00093
          ],
          [
            120.74466,
            22.00092
          ],
          [
            120.74466,
            22.00091
          ],
          [
            120.74465,
            22.0009
          ],
          [
            120.74464,
            22.0009
          ],
          [
            120.74463,
            22.00089
          ],
          [
            120.74463,
            22.00088
          ],
          [
            120.74462,
            22.00087
          ],
          [
            120.74462,
            22.00085
          ],
          [
            120.74462,
            22.00084
          ],
          [
            120.74462,
            22.00083
          ],
          [
            120.74461,
            22.00082
          ],
          [
            120.74461,
            22.00081
          ],
          [
            120.74461,
            22.0008
          ],
          [
            120.74462,
            22.00079
          ],
          [
            120.74462,
            22.00078
          ],
          [
            120.74462,
            22.00077
          ],
          [
            120.74462,
            22.00076
          ],
          [
            120.74463,
            22.00074
          ],
          [
            120.74463,
            22.00073
          ],
          [
            120.74464,
            22.00072
          ],
          [
            120.74465,
            22.00072
          ],
          [
            120.74466,
            22.00071
          ],
          [
            120.74466,
            22.0007
          ],
          [
            120.74467,
            22.00069
          ],
          [
            120.74468,
            22.00068
          ],
          [
            120.74469,
            22.00068
          ],
          [
            120.7447,
            22.00067
          ],
          [
            120.74471,
            22.00066
          ],
          [
            120.74472,
            22.00066
          ],
          [
            120.74474,
            22.00065
          ],
          [
            120.74475,
            22.00065
          ],
          [
            120.74476,
            22.00065
          ],
          [
            120.74477,
            22.00065
          ],
          [
            120.74479,
            22.00065
          ],
          [
            120.7448,
            22.00065
          ],
          [
            120.74481,
            22.00065
          ],
          [
            120.74482,
            22.00065
          ],
          [
            120.74483,
            22.00065
          ],
          [
            120.74485,
            22.00066
          ],
          [
            120.74486,
            22.00066
          ],
          [
            120.74487,
            22.00066
          ],
          [
            120.74488,
            22.00067
          ],
          [
            120.74489,
            22.00068
          ],
          [
            120.7449,
            22.00068
          ],
          [
            120.74491,
            22.00069
          ],
          [
            120.74492,
            22.0007
          ],
          [
            120.74492,
            22.00071
          ],
          [
            120.74493,
            22.00072
          ],
          [
            120.74494,
            22.00072
          ],
          [
            120.74494,
            22.00073
          ],
          [
            120.74495,
            22.00074
          ],
          [
            120.74495,
            22.00076
          ],
          [
            120.74496,
            22.00077
          ],
          [
            120.74496,
            22.00078
          ],
          [
            120.74496,
            22.00079
          ],
          [
            120.74512,
            22.00078
          ],
          [
            120.7452,
            22.00077
          ],
          [
            120.74534,
            22.00077
          ],
          [
            120.7452,
            22.00077
          ],
          [
            120.74512,
            22.00078
          ],
          [
            120.74487917463271,
            22.00079506512913
          ],
          [
            120.74485264650276,
            22.00079390240898
          ],
          [
            120.74482714378398,
            22.000787168507237
          ],
          [
            120.74480393693628,
            22.000775216784874
          ],
          [
            120.74478423186194,
            22.000758668291738
          ],
          [
            120.74476905249986,
            22.00073838294063
          ],
          [
            120.74475913292024,
            22.000715227889
          ],
          [
            120.74469,
            22.00048
          ],
          [
            120.74457,
            22.00011
          ],
          [
            120.74444,
            21.99966
          ],
          [
            120.74437,
            21.99946
          ],
          [
            120.74433,
            21.99929
          ],
          [
            120.74431,
            21.99918
          ],
          [
            120.7443,
            21.99911
          ],
          [
            120.7443,
            21.99904
          ],
          [
            120.7443,
            21.999
          ],
          [
            120.74449666442887,
            21.998249221071163
          ],
          [
            120.74449994142566,
            21.998224288528295
          ],
          [
            120.74449695135421,
            21.998199149190278
          ],
          [
            120.74448781205307,
            21.998175338331233
          ],
          [
            120.74447301968128,
            21.99815414860729
          ],
          [
            120.74445337729473,
            21.998136730377052
          ],
          [
            120.7444302255746,
            21.99812414074137
          ],
          [
            120.74347161964825,
            21.997735873762867
          ],
          [
            120.74344492565031,
            21.9977283829253
          ],
          [
            120.74341738797084,
            21.997727021292516
          ],
          [
            120.74339028148083,
            21.99773175384674
          ],
          [
            120.74336513119135,
            21.99774231433449
          ],
          [
            120.74334335205768,
            21.99775810862273
          ],
          [
            120.7433259779161,
            21.99777853840649
          ],
          [
            120.74302,
            21.99824
          ],
          [
            120.74283,
            21.99853
          ],
          [
            120.74236,
            21.99925
          ],
          [
            120.7421,
            21.99965
          ],
          [
            120.74201,
            21.9998
          ],
          [
            120.74195,
            21.9999
          ],
          [
            120.74191,
            21.99998
          ],
          [
            120.74188,
            22.00001
          ],
          [
            120.74182,
            22.0001
          ],
          [
            120.74176,
            22.00017
          ],
          [
            120.74143,
            22.0007
          ],
          [
            120.74128,
            22.00093
          ],
          [
            120.74112,
            22.00118
          ],
          [
            120.7404829504576,
            22.002190594256454
          ],
          [
            120.74053,
            22.0022
          ],
          [
            120.7407,
            22.00226
          ],
          [
            120.74094,
            22.00234
          ],
          [
            120.74099,
            22.00237
          ],
          [
            120.74177039578787,
            22.00274646566013
          ],
          [
            120.74179361071404,
            22.002754938824406
          ],
          [
            120.74181789268114,
            22.00275858087201
          ],
          [
            120.74184245187571,
            22.00275737253613
          ],
          [
            120.74186618942862,
            22.002751367882187
          ],
          [
            120.74188804323403,
            22.00274083558059
          ],
          [
            120.7419073213693,
            22.00272597423428
          ],
          [
            120.74244,
            22.00222
          ],
          [
            120.74267999999999,
            22.00195
          ],
          [
            120.74281,
            22.00184
          ],
          [
            120.74299,
            22.00168
          ],
          [
            120.74307,
            22.00159
          ],
          [
            120.74318,
            22.0015
          ],
          [
            120.74346,
            22.00131
          ],
          [
            120.74354,
            22.00123
          ],
          [
            120.74365,
            22.00114
          ],
          [
            120.74377,
            22.00105
          ],
          [
            120.74404,
            22.00084
          ],
          [
            120.74425,
            22.0007
          ],
          [
            120.74459602497203,
            22.000480927317714
          ],
          [
            120.74461401824493,
            22.000466741406655
          ],
          [
            120.74462878412051,
            22.000449160708477
          ],
          [
            120.74463938277702,
            22.000429129880832
          ],
          [
            120.74464536528822,
            22.000407497367522
          ],
          [
            120.74464647825347,
            22.00038517945478
          ],
          [
            120.74464272749962,
            22.00036330580502
          ],
          [
            120.74444,
            21.99966
          ],
          [
            120.74437,
            21.99946
          ],
          [
            120.74417828121015,
            21.99864172798393
          ],
          [
            120.74417671047007,
            21.99860401674842
          ],
          [
            120.74418914078835,
            21.998567941982106
          ],
          [
            120.7442140935519,
            21.99853805475759
          ],
          [
            120.74424852801197,
            21.998517997138066
          ],
          [
            120.74428824797826,
            21.998510213349103
          ],
          [
            120.74432864513247,
            21.998515723882097
          ],
          [
            120.74469406627205,
            21.99862810361571
          ],
          [
            120.74471956946029,
            21.998639391732475
          ],
          [
            120.74474157663872,
            21.99865625017745
          ],
          [
            120.7447585368805,
            21.998677596665654
          ],
          [
            120.7447694334737,
            21.998702151543814
          ],
          [
            120.74477361320267,
            21.998728442826003
          ],
          [
            120.74477086346015,
            21.998754735731744
          ],
          [
            120.74463,
            21.99934
          ],
          [
            120.74463,
            21.99936
          ],
          [
            120.74462,
            21.99937
          ],
          [
            120.7446,
            21.99938
          ],
          [
            120.74458,
            21.99938
          ],
          [
            120.74457,
            21.99938
          ],
          [
            120.74455,
            21.99937
          ],
          [
            120.74454,
            21.99936
          ],
          [
            120.74452,
            21.99935
          ],
          [
            120.74451,
            21.99934
          ],
          [
            120.7445,
            21.99931
          ],
          [
            120.7445,
            21.99929
          ],
          [
            120.7445,
            21.99919
          ],
          [
            120.74452,
            21.99906
          ]
        ]
      }
    },
    {
      "type": "Feature",
      "properties": {
        "feature_type": "route",
        "ref": "幸福滿州2路",
        "name": "幸福滿州2路",
        "name_en": "幸福滿州2路",
        "color": "#ea580c",
        "direction": 1
      },
      "geometry": {
        "type": "LineString",
        "coordinates": [
          [
            120.74436,
            21.99942
          ],
          [
            120.74433,
            21.99929
          ],
          [
            120.74431,
            21.99918
          ],
          [
            120.7443,
            21.99911
          ],
          [
            120.7443,
            21.99904
          ],
          [
            120.7443,
            21.999
          ],
          [
            120.74449666442887,
            21.998249221071163
          ],
          [
            120.74449994142566,
            21.998224288528295
          ],
          [
            120.74449695135421,
            21.998199149190278
          ],
          [
            120.74448781205307,
            21.998175338331233
          ],
          [
            120.74447301968128,
            21.99815414860729
          ],
          [
            120.74445337729473,
            21.998136730377052
          ],
          [
            120.7444302255746,
            21.99812414074137
          ],
          [
            120.74347161964825,
            21.997735873762867
          ],
          [
            120.74344492565031,
            21.9977283829253
          ],
          [
            120.74341738797084,
            21.997727021292516
          ],
          [
            120.74339028148083,
            21.99773175384674
          ],
          [
            120.74336513119135,
            21.99774231433449
          ],
          [
            120.74334335205768,
            21.99775810862273
          ],
          [
            120.7433259779161,
            21.99777853840649
          ],
          [
            120.74302,
            21.99824
          ],
          [
            120.74283,
            21.99853
          ],
          [
            120.74236,
            21.99925
          ],
          [
            120.7421,
            21.99965
          ],
          [
            120.74201,
            21.9998
          ],
          [
            120.74195,
            21.9999
          ],
          [
            120.74191,
            21.99998
          ],
          [
            120.74188,
            22.00001
          ],
          [
            120.74182,
            22.0001
          ],
          [
            120.74176,
            22.00017
          ],
          [
            120.74143,
            22.0007
          ],
          [
            120.74128,
            22.00093
          ],
          [
            120.74112,
            22.00118
          ],
          [
            120.7404829504576,
            22.002190594256454
          ],
          [
            120.74053,
            22.0022
          ],
          [
            120.7407,
            22.00226
          ],
          [
            120.74094,
            22.00234
          ],
          [
            120.74099,
            22.00237
          ],
          [
            120.74152,
            22.00262
          ],
          [
            120.74099,
            22.00237
          ],
          [
            120.74094,
            22.00234
          ],
          [
            120.74061382460364,
            22.00223122080311
          ],
          [
            120.74058406819171,
            22.002216333539323
          ],
          [
            120.74055999111627,
            22.002193897145823
          ],
          [
            120.74054389929108,
            22.002165914379866
          ],
          [
            120.74053717018708,
            22.002134780584864
          ],
          [
            120.74054037982005,
            22.002103160834384
          ],
          [
            120.74055307140773,
            22.002074049557162
          ],
          [
            120.74081,
            22.00167
          ],
          [
            120.74112,
            22.00118
          ],
          [
            120.74128,
            22.00093
          ],
          [
            120.74143,
            22.0007
          ],
          [
            120.74176,
            22.00017
          ],
          [
            120.74182,
            22.0001
          ],
          [
            120.74188,
            22.00001
          ],
          [
            120.74191,
            21.99998
          ],
          [
            120.74195,
            21.9999
          ],
          [
            120.74201,
            21.9998
          ],
          [
            120.7421,
            21.99965
          ],
          [
            120.74236,
            21.99925
          ],
          [
            120.74283,
            21.99853
          ],
          [
            120.74333757004936,
            21.99775211654674
          ],
          [
            120.74334925963244,
            21.99773818190217
          ],
          [
            120.74336396590797,
            21.997727377354668
          ],
          [
            120.74338098648342,
            21.997720116455593
          ],
          [
            120.74339936094414,
            21.99771680891339
          ],
          [
            120.7434180524803,
            21.997717641361685
          ],
          [
            120.74343619104854,
            21.99772264098782
          ],
          [
            120.74358,
            21.99778
          ],
          [
            120.74443022551829,
            21.998124140728144
          ],
          [
            120.7444533773299,
            21.998136730336604
          ],
          [
            120.74447301978098,
            21.99815414859452
          ],
          [
            120.74448781219546,
            21.99817533836737
          ],
          [
            120.7444969515112,
            21.99819914928819
          ],
          [
            120.74449994156585,
            21.998224288691084
          ],
          [
            120.74449666444369,
            21.998249221272886
          ],
          [
            120.7443,
            21.999
          ],
          [
            120.7443,
            21.99904
          ],
          [
            120.7443,
            21.99911
          ],
          [
            120.74431,
            21.99918
          ],
          [
            120.74433,
            21.99929
          ],
          [
            120.74437,
            21.99946
          ],
          [
            120.74444,
            21.99966
          ],
          [
            120.74457,
            22.00011
          ],
          [
            120.74477107899806,
            22.000731458594075
          ],
          [
            120.74478203987412,
            22.000755020351328
          ],
          [
            120.74479846710184,
            22.00077536571192
          ],
          [
            120.74481952070133,
            22.000791575495604
          ],
          [
            120.74484404087383,
            22.000802756739276
          ],
          [
            120.74487067685426,
            22.0008082934916
          ],
          [
            120.7448980688158,
            22.000807867194624
          ],
          [
            120.7452,
            22.00077
          ],
          [
            120.74532,
            22.00077
          ],
          [
            120.74492968419807,
            22.00077
          ],
          [
            120.7448955103175,
            22.000774795461968
          ],
          [
            120.74486435564444,
            22.000788758176515
          ],
          [
            120.74483897264419,
            22.000810654560237
          ],
          [
            120.74482160386408,
            22.000838550102777
          ],
          [
            120.74481378380793,
            22.00086998027775
          ],
          [
            120.74481616594953,
            22.0009020105764
          ],
          [
            120.74494,
            22.00142
          ],
          [
            120.74508,
            22.00181
          ],
          [
            120.74525244904777,
            22.00230453592152
          ],
          [
            120.7452567169137,
            22.002321338300085
          ],
          [
            120.74525807561028,
            22.002338783914816
          ],
          [
            120.745256415921,
            22.002356206814053
          ],
          [
            120.7452517809349,
            22.002373154663072
          ],
          [
            120.74524429098584,
            22.00238918746042
          ],
          [
            120.74523437957069,
            22.002403596282967
          ],
          [
            120.74486,
            22.00286
          ],
          [
            120.74476,
            22.00298
          ],
          [
            120.7442235005151,
            22.003580165991362
          ],
          [
            120.74420604541379,
            22.00360695518553
          ],
          [
            120.74419747511627,
            22.003637658056164
          ],
          [
            120.7441987784772,
            22.003669363245038
          ],
          [
            120.7442098441591,
            22.003699362389412
          ],
          [
            120.74422972689463,
            22.003725092862553
          ],
          [
            120.7442564248196,
            22.0037441991945
          ],
          [
            120.7451,
            22.00418
          ],
          [
            120.74601,
            22.00461
          ],
          [
            120.74605,
            22.00461
          ],
          [
            120.74691,
            22.00449
          ],
          [
            120.74755999999999,
            22.0044
          ],
          [
            120.74802,
            22.00431
          ],
          [
            120.74894,
            22.00419
          ],
          [
            120.74937,
            22.00412
          ],
          [
            120.74955,
            22.0041
          ],
          [
            120.74964,
            22.0041
          ],
          [
            120.74974,
            22.0041
          ],
          [
            120.74994,
            22.00413
          ],
          [
            120.75004,
            22.00414
          ],
          [
            120.75025,
            22.00418
          ],
          [
            120.75047,
            22.00422
          ],
          [
            120.75063,
            22.00425
          ],
          [
            120.7508,
            22.00429
          ],
          [
            120.75082,
            22.0043
          ],
          [
            120.75116,
            22.00448
          ],
          [
            120.75124,
            22.00452
          ],
          [
            120.75128,
            22.00454
          ],
          [
            120.75156,
            22.00469
          ],
          [
            120.75172,
            22.00478
          ],
          [
            120.75206,
            22.00496
          ],
          [
            120.75209,
            22.00498
          ],
          [
            120.75317,
            22.00554
          ],
          [
            120.75322,
            22.00557
          ],
          [
            120.75325,
            22.00558
          ],
          [
            120.75362,
            22.00577
          ],
          [
            120.75418,
            22.00601
          ],
          [
            120.75464,
            22.00618
          ],
          [
            120.7559,
            22.00665
          ],
          [
            120.75673,
            22.00705
          ],
          [
            120.75683,
            22.0071
          ],
          [
            120.75691,
            22.00713
          ],
          [
            120.75696,
            22.00715
          ],
          [
            120.75705,
            22.00718
          ],
          [
            120.75717,
            22.0072
          ],
          [
            120.75728,
            22.00719
          ],
          [
            120.75733,
            22.00719
          ],
          [
            120.75748,
            22.00717
          ],
          [
            120.75767,
            22.00714
          ],
          [
            120.75805,
            22.00709
          ],
          [
            120.7584,
            22.00705
          ],
          [
            120.75844,
            22.00704
          ],
          [
            120.75863,
            22.00702
          ],
          [
            120.75882,
            22.007
          ],
          [
            120.75985,
            22.00685
          ],
          [
            120.76007,
            22.00678
          ],
          [
            120.76022,
            22.00673
          ],
          [
            120.76073,
            22.00652
          ],
          [
            120.76084,
            22.00647
          ],
          [
            120.76091,
            22.00644
          ],
          [
            120.76097,
            22.00641
          ],
          [
            120.76103,
            22.00639
          ],
          [
            120.76127,
            22.00628
          ],
          [
            120.76136,
            22.00624
          ],
          [
            120.7615,
            22.00616
          ],
          [
            120.7617,
            22.00603
          ],
          [
            120.76179,
            22.00595
          ],
          [
            120.7619,
            22.00583
          ],
          [
            120.76198,
            22.00575
          ],
          [
            120.76209,
            22.0056
          ],
          [
            120.76247,
            22.00505
          ],
          [
            120.76248,
            22.00503
          ],
          [
            120.76277,
            22.00463
          ],
          [
            120.76322,
            22.00396
          ],
          [
            120.76356656587473,
            22.003394937410086
          ],
          [
            120.7635793821962,
            22.00337791424755
          ],
          [
            120.76359516631565,
            22.00336369142896
          ],
          [
            120.76361353061658,
            22.003352489874477
          ],
          [
            120.76363382141112,
            22.003344708309882
          ],
          [
            120.76365531643675,
            22.003340623724455
          ],
          [
            120.76367731782659,
            22.003340386735974
          ],
          [
            120.76419,
            22.00338
          ],
          [
            120.76433,
            22.00339
          ],
          [
            120.76499,
            22.00348
          ],
          [
            120.76537,
            22.00354
          ],
          [
            120.7655,
            22.00356
          ],
          [
            120.76556,
            22.00357
          ],
          [
            120.76579,
            22.00362
          ],
          [
            120.76632,
            22.00375
          ],
          [
            120.76648,
            22.00379
          ],
          [
            120.76704,
            22.00392
          ],
          [
            120.7675,
            22.00403
          ],
          [
            120.76767,
            22.00407
          ],
          [
            120.76778,
            22.00408
          ],
          [
            120.7679,
            22.00409
          ],
          [
            120.76804,
            22.00409
          ],
          [
            120.76815,
            22.00408
          ],
          [
            120.76831,
            22.00405
          ],
          [
            120.76861,
            22.004
          ],
          [
            120.76863,
            22.004
          ],
          [
            120.76877,
            22.00398
          ],
          [
            120.7688,
            22.00398
          ],
          [
            120.76888,
            22.00397
          ],
          [
            120.76899,
            22.00397
          ],
          [
            120.76904,
            22.00396
          ],
          [
            120.76921,
            22.00397
          ],
          [
            120.76942,
            22.00399
          ],
          [
            120.76954,
            22.00399
          ],
          [
            120.76958,
            22.00399
          ],
          [
            120.76965,
            22.00399
          ],
          [
            120.76977,
            22.00398
          ],
          [
            120.76989,
            22.00395
          ],
          [
            120.77002,
            22.0039
          ],
          [
            120.77018,
            22.00382
          ],
          [
            120.77027,
            22.00376
          ],
          [
            120.77035,
            22.00369
          ],
          [
            120.77046,
            22.00358
          ],
          [
            120.7707,
            22.00333
          ],
          [
            120.77082,
            22.00322
          ],
          [
            120.77089,
            22.00317
          ],
          [
            120.771,
            22.0031
          ],
          [
            120.77111,
            22.00306
          ],
          [
            120.77121,
            22.00302
          ],
          [
            120.77132,
            22.00299
          ],
          [
            120.77148,
            22.00296
          ],
          [
            120.77196,
            22.00291
          ],
          [
            120.77212,
            22.0029
          ],
          [
            120.77243,
            22.00287
          ],
          [
            120.7726,
            22.00286
          ],
          [
            120.77263,
            22.00286
          ],
          [
            120.77272,
            22.00286
          ],
          [
            120.77294,
            22.00287
          ],
          [
            120.77318,
            22.00288
          ],
          [
            120.77331,
            22.00289
          ],
          [
            120.77428,
            22.00295
          ],
          [
            120.77527,
            22.00302
          ],
          [
            120.77547,
            22.00303
          ],
          [
            120.77566,
            22.00304
          ],
          [
            120.7759,
            22.00306
          ],
          [
            120.77631,
            22.00309
          ],
          [
            120.77649,
            22.00311
          ],
          [
            120.7766,
            22.00313
          ],
          [
            120.7767,
            22.00315
          ],
          [
            120.7768,
            22.00318
          ],
          [
            120.77692,
            22.00326
          ],
          [
            120.77751,
            22.00372
          ],
          [
            120.77769,
            22.00385
          ],
          [
            120.77782,
            22.00395
          ],
          [
            120.77814,
            22.0042
          ],
          [
            120.77824,
            22.00427
          ],
          [
            120.77832,
            22.00433
          ],
          [
            120.77857,
            22.00449
          ],
          [
            120.77943,
            22.00499
          ],
          [
            120.77947,
            22.00501
          ],
          [
            120.77948,
            22.00501
          ],
          [
            120.77964,
            22.0051
          ],
          [
            120.77998,
            22.00528
          ],
          [
            120.78009,
            22.00533
          ],
          [
            120.78025,
            22.00539
          ],
          [
            120.78037,
            22.00542
          ],
          [
            120.78066,
            22.00547
          ],
          [
            120.78076,
            22.0055
          ],
          [
            120.78088,
            22.00553
          ],
          [
            120.781,
            22.00558
          ],
          [
            120.78113,
            22.00564
          ],
          [
            120.78173,
            22.00593
          ],
          [
            120.78203,
            22.00607
          ],
          [
            120.7822,
            22.00615
          ],
          [
            120.78233,
            22.00623
          ],
          [
            120.78247,
            22.00632
          ],
          [
            120.78295,
            22.0067
          ],
          [
            120.78311,
            22.00682
          ],
          [
            120.78321,
            22.00689
          ],
          [
            120.78329,
            22.00693
          ],
          [
            120.78339,
            22.00698
          ],
          [
            120.78371,
            22.0071
          ],
          [
            120.78388,
            22.00717
          ],
          [
            120.78407,
            22.00724
          ],
          [
            120.78442,
            22.00738
          ],
          [
            120.78478,
            22.00752
          ],
          [
            120.7848,
            22.00753
          ],
          [
            120.78496,
            22.00759
          ],
          [
            120.78537,
            22.00774
          ],
          [
            120.78549,
            22.00777
          ],
          [
            120.78571,
            22.00783
          ],
          [
            120.78588,
            22.00785
          ],
          [
            120.786,
            22.00786
          ],
          [
            120.78629,
            22.00784
          ],
          [
            120.78633,
            22.00783
          ],
          [
            120.78637,
            22.00783
          ],
          [
            120.78644,
            22.00781
          ],
          [
            120.78651,
            22.00778
          ],
          [
            120.78688,
            22.00763
          ],
          [
            120.7872,
            22.00752
          ],
          [
            120.78731,
            22.00749
          ],
          [
            120.78738,
            22.00747
          ],
          [
            120.78751,
            22.00746
          ],
          [
            120.78757,
            22.00746
          ],
          [
            120.78763,
            22.00746
          ],
          [
            120.7878,
            22.00749
          ],
          [
            120.78792,
            22.00751
          ],
          [
            120.78803,
            22.00754
          ],
          [
            120.78826,
            22.00762
          ],
          [
            120.78872212922221,
            22.00777484902092
          ],
          [
            120.78874107501359,
            22.007783115947074
          ],
          [
            120.7887583263191,
            22.00779457636981
          ],
          [
            120.7887730657207,
            22.007808767664613
          ],
          [
            120.78878480446625,
            22.00782521925432
          ],
          [
            120.78879315330403,
            22.00784338561138
          ],
          [
            120.78879784922414,
            22.00786276261684
          ],
          [
            120.78886,
            22.0083
          ],
          [
            120.78885999999999,
            22.008843046718482
          ],
          [
            120.78886241881911,
            22.008865074629522
          ],
          [
            120.7888695746372,
            22.008886186030104
          ],
          [
            120.7888811697237,
            22.008905502542806
          ],
          [
            120.78889672164439,
            22.00892222046972
          ],
          [
            120.78891558333395,
            22.008935644231734
          ],
          [
            120.78893672468908,
            22.008945132740546
          ],
          [
            120.78943584031055,
            22.009112234936676
          ],
          [
            120.78945908294304,
            22.00911763281382
          ],
          [
            120.78948275684071,
            22.009118485451697
          ],
          [
            120.78950612439137,
            22.009114839967374
          ],
          [
            120.78952821540032,
            22.0091068477173
          ],
          [
            120.78954811267344,
            22.00909484053082
          ],
          [
            120.78956524526478,
            22.009079027847342
          ],
          [
            120.79022,
            22.00834
          ],
          [
            120.7903,
            22.00825
          ],
          [
            120.79039,
            22.00817
          ],
          [
            120.79046,
            22.00812
          ],
          [
            120.79053,
            22.00809
          ],
          [
            120.79065,
            22.00805
          ],
          [
            120.79101,
            22.00793
          ],
          [
            120.7913,
            22.00786
          ],
          [
            120.79156,
            22.00781
          ],
          [
            120.79167,
            22.00781
          ],
          [
            120.79177,
            22.00782
          ],
          [
            120.79185,
            22.00783
          ],
          [
            120.79194,
            22.00785
          ],
          [
            120.79205,
            22.00789
          ],
          [
            120.79215,
            22.00793
          ],
          [
            120.79225,
            22.00799
          ],
          [
            120.79232,
            22.00804
          ],
          [
            120.79258,
            22.00824
          ],
          [
            120.79273,
            22.00834
          ],
          [
            120.79285,
            22.0084
          ],
          [
            120.79287,
            22.00841
          ],
          [
            120.79294,
            22.00844
          ],
          [
            120.79305,
            22.00849
          ],
          [
            120.79333,
            22.0086
          ],
          [
            120.79452,
            22.00903
          ],
          [
            120.7947,
            22.0091
          ],
          [
            120.79477,
            22.00913
          ],
          [
            120.79542,
            22.00936
          ],
          [
            120.79551,
            22.0094
          ],
          [
            120.79589,
            22.00954
          ],
          [
            120.79603,
            22.00958
          ],
          [
            120.79615,
            22.00961
          ],
          [
            120.79626,
            22.00962
          ],
          [
            120.79645,
            22.00962
          ],
          [
            120.79655,
            22.00962
          ],
          [
            120.79678,
            22.0096
          ],
          [
            120.79679,
            22.0096
          ],
          [
            120.79743,
            22.00952
          ],
          [
            120.79765,
            22.0095
          ],
          [
            120.79783,
            22.00949
          ],
          [
            120.79798,
            22.00947
          ],
          [
            120.79817,
            22.00945
          ],
          [
            120.79876,
            22.00939
          ],
          [
            120.79913,
            22.00934
          ],
          [
            120.79932,
            22.00932
          ],
          [
            120.79954,
            22.00929
          ],
          [
            120.79971,
            22.00927
          ],
          [
            120.7999,
            22.00924
          ],
          [
            120.79991,
            22.00924
          ],
          [
            120.80009,
            22.00921
          ],
          [
            120.80041,
            22.00915
          ],
          [
            120.80047,
            22.00914
          ],
          [
            120.80185,
            22.00891
          ],
          [
            120.80265,
            22.00878
          ],
          [
            120.80269,
            22.00877
          ],
          [
            120.80306,
            22.00871
          ],
          [
            120.80327,
            22.00867
          ],
          [
            120.80345,
            22.00862
          ],
          [
            120.80358,
            22.00858
          ],
          [
            120.80373,
            22.0085
          ],
          [
            120.80387,
            22.00842
          ],
          [
            120.80392,
            22.00839
          ],
          [
            120.8044,
            22.00811
          ],
          [
            120.80445,
            22.00808
          ],
          [
            120.8045,
            22.00804
          ],
          [
            120.80459,
            22.008
          ],
          [
            120.80462,
            22.00799
          ],
          [
            120.80469,
            22.00795
          ],
          [
            120.80476,
            22.00792
          ],
          [
            120.80503,
            22.00783
          ],
          [
            120.80539,
            22.00773
          ],
          [
            120.80542,
            22.00772
          ],
          [
            120.80545,
            22.00771
          ],
          [
            120.80553,
            22.00768
          ],
          [
            120.80597,
            22.00754
          ],
          [
            120.80611,
            22.0075
          ],
          [
            120.80616,
            22.00748
          ],
          [
            120.80631,
            22.00743
          ],
          [
            120.80649,
            22.00735
          ],
          [
            120.80663,
            22.00728
          ],
          [
            120.80687,
            22.00716
          ],
          [
            120.80719,
            22.00695
          ],
          [
            120.80728,
            22.0069
          ],
          [
            120.80732,
            22.00687
          ],
          [
            120.80736,
            22.00685
          ],
          [
            120.80767,
            22.00662
          ],
          [
            120.80803,
            22.00633
          ],
          [
            120.80827,
            22.00613
          ],
          [
            120.80829,
            22.00612
          ],
          [
            120.80857,
            22.00589
          ],
          [
            120.8086,
            22.00587
          ],
          [
            120.80894,
            22.0056
          ],
          [
            120.8091,
            22.00547
          ],
          [
            120.80925,
            22.00537
          ],
          [
            120.80939,
            22.00529
          ],
          [
            120.80949,
            22.00525
          ],
          [
            120.80956,
            22.00522
          ],
          [
            120.80963,
            22.0052
          ],
          [
            120.80976,
            22.00516
          ],
          [
            120.81051,
            22.00497
          ],
          [
            120.81055,
            22.00493
          ],
          [
            120.81058,
            22.0049
          ],
          [
            120.81062,
            22.00488
          ],
          [
            120.81155,
            22.00453
          ],
          [
            120.81182,
            22.00443
          ],
          [
            120.81189,
            22.0044
          ],
          [
            120.81196,
            22.00435
          ],
          [
            120.81204,
            22.0043
          ],
          [
            120.81215,
            22.0042
          ],
          [
            120.81225,
            22.0041
          ],
          [
            120.81236,
            22.00397
          ],
          [
            120.81237,
            22.00397
          ],
          [
            120.81282,
            22.00344
          ],
          [
            120.81294,
            22.00329
          ],
          [
            120.81306,
            22.00315
          ],
          [
            120.81354,
            22.00259
          ],
          [
            120.81367,
            22.00245
          ],
          [
            120.81558,
            22.00022
          ],
          [
            120.81572,
            22.00006
          ],
          [
            120.81609,
            21.99964
          ],
          [
            120.81668,
            21.999
          ],
          [
            120.81706,
            21.9986
          ],
          [
            120.81742,
            21.9982
          ],
          [
            120.81768,
            21.9979
          ],
          [
            120.81784,
            21.99772
          ],
          [
            120.8182,
            21.9973
          ],
          [
            120.81832,
            21.99716
          ],
          [
            120.81923,
            21.99612
          ],
          [
            120.8211,
            21.99402
          ],
          [
            120.82115,
            21.99396
          ],
          [
            120.82173,
            21.99331
          ],
          [
            120.82178,
            21.99327
          ],
          [
            120.82181,
            21.99324
          ],
          [
            120.82183,
            21.99323
          ],
          [
            120.82187,
            21.9932
          ],
          [
            120.82218,
            21.99275
          ],
          [
            120.82228,
            21.9926
          ],
          [
            120.82234,
            21.99251
          ],
          [
            120.82238,
            21.99245
          ],
          [
            120.82247,
            21.99229
          ],
          [
            120.82248,
            21.99226
          ],
          [
            120.82257,
            21.99213
          ],
          [
            120.82278,
            21.99184
          ],
          [
            120.82293,
            21.99165
          ],
          [
            120.82328,
            21.99128
          ],
          [
            120.82338,
            21.99118
          ],
          [
            120.82344,
            21.99112
          ],
          [
            120.8235,
            21.99108
          ],
          [
            120.82362,
            21.99102
          ],
          [
            120.82406,
            21.99085
          ],
          [
            120.82423,
            21.99078
          ],
          [
            120.82431,
            21.99076
          ],
          [
            120.82437,
            21.99075
          ],
          [
            120.82442,
            21.99074
          ],
          [
            120.82449,
            21.99074
          ],
          [
            120.82457,
            21.99073
          ],
          [
            120.82467,
            21.99073
          ],
          [
            120.82476,
            21.99074
          ],
          [
            120.82488,
            21.99075
          ],
          [
            120.82517,
            21.9908
          ],
          [
            120.82565,
            21.99087
          ],
          [
            120.82646,
            21.99099
          ],
          [
            120.82658,
            21.99101
          ],
          [
            120.82707,
            21.99103
          ],
          [
            120.82786,
            21.99117
          ],
          [
            120.82802,
            21.9912
          ],
          [
            120.82889,
            21.99133
          ],
          [
            120.82918,
            21.99137
          ],
          [
            120.82954,
            21.99143
          ],
          [
            120.8299,
            21.99149
          ],
          [
            120.83022,
            21.99156
          ],
          [
            120.83037,
            21.99159
          ],
          [
            120.83086,
            21.99168
          ],
          [
            120.83149,
            21.9918
          ],
          [
            120.83186,
            21.99187
          ],
          [
            120.83242,
            21.99196
          ],
          [
            120.83248,
            21.99197
          ],
          [
            120.83255,
            21.99198
          ],
          [
            120.83261,
            21.99199
          ],
          [
            120.83267,
            21.99199
          ],
          [
            120.8328,
            21.99199
          ],
          [
            120.83295,
            21.99196
          ],
          [
            120.83325,
            21.9919
          ],
          [
            120.83344,
            21.99187
          ],
          [
            120.83365,
            21.99183
          ],
          [
            120.83388,
            21.9918
          ],
          [
            120.83403,
            21.99177
          ],
          [
            120.83421,
            21.99174
          ],
          [
            120.83441,
            21.9917
          ],
          [
            120.83464,
            21.99166
          ],
          [
            120.83485,
            21.99163
          ],
          [
            120.83496,
            21.9916
          ],
          [
            120.83508,
            21.99158
          ],
          [
            120.83537,
            21.99153
          ],
          [
            120.83566,
            21.99148
          ],
          [
            120.83585,
            21.99144
          ],
          [
            120.83612,
            21.99139
          ],
          [
            120.83652,
            21.99132
          ],
          [
            120.83691,
            21.99124
          ],
          [
            120.83719,
            21.99119
          ],
          [
            120.83739,
            21.99115
          ],
          [
            120.83769,
            21.99109
          ],
          [
            120.83788,
            21.99106
          ],
          [
            120.83807,
            21.99102
          ],
          [
            120.83808,
            21.99102
          ],
          [
            120.83827,
            21.99099
          ],
          [
            120.83841,
            21.99096
          ],
          [
            120.8386,
            21.99093
          ],
          [
            120.83892,
            21.99087
          ],
          [
            120.83923,
            21.99081
          ],
          [
            120.83987,
            21.99074
          ],
          [
            120.84014,
            21.99068
          ],
          [
            120.84039,
            21.99059
          ],
          [
            120.84048,
            21.99053
          ],
          [
            120.84064,
            21.99043
          ],
          [
            120.84091,
            21.99023
          ],
          [
            120.8413965708169,
            21.989898989654105
          ],
          [
            120.8414136491359,
            21.989884650133387
          ],
          [
            120.84142757558465,
            21.98986714327127
          ],
          [
            120.84143747372772,
            21.98984739040877
          ],
          [
            120.84144294410191,
            21.98982618871994
          ],
          [
            120.84144376593711,
            21.98980439384972
          ],
          [
            120.84143996052609,
            21.989783072019744
          ],
          [
            120.84124,
            21.9891
          ],
          [
            120.84119,
            21.98893
          ],
          [
            120.84104,
            21.98841
          ],
          [
            120.84099,
            21.98823
          ],
          [
            120.84093,
            21.98806
          ],
          [
            120.84088,
            21.98789
          ],
          [
            120.84078,
            21.98754
          ],
          [
            120.84073,
            21.98736
          ],
          [
            120.84071,
            21.98724
          ],
          [
            120.84071,
            21.98719
          ],
          [
            120.84071,
            21.98707
          ],
          [
            120.84072,
            21.98701
          ],
          [
            120.84073,
            21.98696
          ],
          [
            120.84084,
            21.98667
          ],
          [
            120.8409,
            21.9865
          ],
          [
            120.84095,
            21.98636
          ],
          [
            120.84099,
            21.98625
          ],
          [
            120.84101,
            21.98619
          ],
          [
            120.84101,
            21.98615
          ],
          [
            120.84102,
            21.9861
          ],
          [
            120.84102,
            21.98601
          ],
          [
            120.84102,
            21.98591
          ],
          [
            120.84101,
            21.98582
          ],
          [
            120.84101,
            21.98581
          ],
          [
            120.84095,
            21.98568
          ],
          [
            120.84094,
            21.98566
          ],
          [
            120.8409,
            21.98557
          ],
          [
            120.84086,
            21.98549
          ],
          [
            120.84083,
            21.98543
          ],
          [
            120.84082,
            21.98538
          ],
          [
            120.84082,
            21.98535
          ],
          [
            120.84081,
            21.9853
          ],
          [
            120.84081,
            21.98528
          ],
          [
            120.84082,
            21.98524
          ],
          [
            120.84083,
            21.98519
          ],
          [
            120.84085,
            21.98514
          ],
          [
            120.84089,
            21.98502
          ],
          [
            120.84095,
            21.98486
          ],
          [
            120.841,
            21.98474
          ],
          [
            120.84102,
            21.98469
          ],
          [
            120.84109,
            21.98453
          ],
          [
            120.84116,
            21.98436
          ],
          [
            120.84123,
            21.98419
          ],
          [
            120.84143,
            21.98389
          ],
          [
            120.84153,
            21.98373
          ],
          [
            120.84173,
            21.98342
          ],
          [
            120.8418,
            21.98326
          ],
          [
            120.84182,
            21.98322
          ],
          [
            120.84186,
            21.98312
          ],
          [
            120.84189,
            21.98302
          ],
          [
            120.8419,
            21.98297
          ],
          [
            120.8419,
            21.98291
          ],
          [
            120.84189,
            21.98283
          ],
          [
            120.84188,
            21.98275
          ],
          [
            120.84186,
            21.98269
          ],
          [
            120.84182,
            21.98257
          ],
          [
            120.8418,
            21.98252
          ],
          [
            120.84178,
            21.98245
          ],
          [
            120.84177,
            21.98238
          ],
          [
            120.84176,
            21.98234
          ],
          [
            120.84176,
            21.98229
          ],
          [
            120.84176,
            21.98225
          ],
          [
            120.84176,
            21.98222
          ],
          [
            120.84178,
            21.98213
          ],
          [
            120.84181,
            21.98205
          ],
          [
            120.84181,
            21.98204
          ],
          [
            120.84182,
            21.98203
          ],
          [
            120.84188,
            21.98191
          ],
          [
            120.84189,
            21.98189
          ],
          [
            120.8419,
            21.98187
          ],
          [
            120.84199,
            21.98171
          ],
          [
            120.84201,
            21.98168
          ],
          [
            120.84206,
            21.98156
          ],
          [
            120.84206,
            21.98155
          ],
          [
            120.84208,
            21.98145
          ],
          [
            120.84208,
            21.98133
          ],
          [
            120.84205,
            21.98118
          ],
          [
            120.84197,
            21.98096
          ],
          [
            120.84194,
            21.98088
          ],
          [
            120.84192,
            21.98083
          ],
          [
            120.84191,
            21.98076
          ],
          [
            120.8419,
            21.98068
          ],
          [
            120.8419,
            21.98063
          ],
          [
            120.8419,
            21.98057
          ],
          [
            120.84191,
            21.98051
          ],
          [
            120.84193,
            21.98043
          ],
          [
            120.84199,
            21.98026
          ],
          [
            120.842,
            21.98024
          ],
          [
            120.84206,
            21.98009
          ],
          [
            120.84215,
            21.97988
          ],
          [
            120.84223,
            21.97969
          ],
          [
            120.84228,
            21.97959
          ],
          [
            120.8423,
            21.97955
          ],
          [
            120.84234,
            21.97948
          ],
          [
            120.84237,
            21.97943
          ],
          [
            120.84239,
            21.97939
          ],
          [
            120.84244,
            21.97931
          ],
          [
            120.84247,
            21.97927
          ],
          [
            120.84249,
            21.97924
          ],
          [
            120.84254,
            21.97918
          ],
          [
            120.84261,
            21.9791
          ],
          [
            120.8427,
            21.97901
          ],
          [
            120.8428,
            21.97892
          ],
          [
            120.84298,
            21.97876
          ],
          [
            120.84339,
            21.97838
          ],
          [
            120.84341,
            21.97837
          ],
          [
            120.84348,
            21.97829
          ],
          [
            120.84353,
            21.97825
          ],
          [
            120.84362,
            21.97817
          ],
          [
            120.84377,
            21.97803
          ],
          [
            120.84389,
            21.97792
          ],
          [
            120.84422676801935,
            21.97762997304652
          ],
          [
            120.84424017673174,
            21.97761614285254
          ],
          [
            120.84425103840556,
            21.977600034582704
          ],
          [
            120.8442587201069,
            21.977582402139028
          ],
          [
            120.84426298563525,
            21.977563787692088
          ],
          [
            120.84426370383218,
            21.977544763607547
          ],
          [
            120.84426089312274,
            21.977526078147523
          ],
          [
            120.84413,
            21.977
          ],
          [
            120.8441,
            21.97692
          ],
          [
            120.84409,
            21.97691
          ],
          [
            120.84404,
            21.97676
          ],
          [
            120.844,
            21.97667
          ],
          [
            120.84394,
            21.97654
          ],
          [
            120.84389,
            21.97644
          ],
          [
            120.84383,
            21.97631
          ],
          [
            120.84381,
            21.97627
          ],
          [
            120.84378,
            21.97621
          ],
          [
            120.84376,
            21.97615
          ],
          [
            120.84375,
            21.97612
          ],
          [
            120.84374,
            21.97608
          ],
          [
            120.84373,
            21.97605
          ],
          [
            120.84372,
            21.976
          ],
          [
            120.84368,
            21.9759
          ],
          [
            120.84366,
            21.97586
          ],
          [
            120.84362,
            21.97557
          ],
          [
            120.84361,
            21.97555
          ],
          [
            120.84355,
            21.97521
          ],
          [
            120.84353,
            21.97511
          ],
          [
            120.84352,
            21.97503
          ],
          [
            120.84349,
            21.97488
          ],
          [
            120.84348,
            21.97485
          ],
          [
            120.84348,
            21.97483
          ],
          [
            120.84348,
            21.97485
          ],
          [
            120.84349,
            21.97488
          ],
          [
            120.84352,
            21.97503
          ],
          [
            120.84353,
            21.97511
          ],
          [
            120.84355,
            21.97521
          ],
          [
            120.84361,
            21.97555
          ],
          [
            120.84362,
            21.97557
          ],
          [
            120.84366,
            21.97586
          ],
          [
            120.84368,
            21.9759
          ],
          [
            120.84372,
            21.976
          ],
          [
            120.84373,
            21.97605
          ],
          [
            120.84374,
            21.97608
          ],
          [
            120.84375,
            21.97612
          ],
          [
            120.84376,
            21.97615
          ],
          [
            120.84378,
            21.97621
          ],
          [
            120.84381,
            21.97627
          ],
          [
            120.84383,
            21.97631
          ],
          [
            120.84389,
            21.97644
          ],
          [
            120.84394,
            21.97654
          ],
          [
            120.844,
            21.97667
          ],
          [
            120.84404,
            21.97676
          ],
          [
            120.84409,
            21.97691
          ],
          [
            120.8441,
            21.97692
          ],
          [
            120.84429399646051,
            21.977440038016166
          ],
          [
            120.84429899041375,
            21.97745880024065
          ],
          [
            120.84430033507353,
            21.97747832846522
          ],
          [
            120.84429790383678,
            21.977497764859233
          ],
          [
            120.84429177570243,
            21.977516477869756
          ],
          [
            120.84428214979391,
            21.977533859448997
          ],
          [
            120.84426961549144,
            21.97754906543522
          ],
          [
            120.84401,
            21.97781
          ],
          [
            120.84396,
            21.97786
          ],
          [
            120.84389,
            21.97792
          ],
          [
            120.84377,
            21.97803
          ],
          [
            120.84362,
            21.97817
          ],
          [
            120.84353,
            21.97825
          ],
          [
            120.84348,
            21.97829
          ],
          [
            120.84341,
            21.97837
          ],
          [
            120.84339,
            21.97838
          ],
          [
            120.84298,
            21.97876
          ],
          [
            120.8428,
            21.97892
          ],
          [
            120.8427,
            21.97901
          ],
          [
            120.84261,
            21.9791
          ],
          [
            120.84254,
            21.97918
          ],
          [
            120.84249,
            21.97924
          ],
          [
            120.84247,
            21.97927
          ],
          [
            120.84244,
            21.97931
          ],
          [
            120.84239,
            21.97939
          ],
          [
            120.84237,
            21.97943
          ],
          [
            120.84234,
            21.97948
          ],
          [
            120.8423,
            21.97955
          ],
          [
            120.84228,
            21.97959
          ],
          [
            120.84223,
            21.97969
          ],
          [
            120.84215,
            21.97988
          ],
          [
            120.84206,
            21.98009
          ],
          [
            120.842,
            21.98024
          ],
          [
            120.84199,
            21.98026
          ],
          [
            120.84193,
            21.98043
          ],
          [
            120.84191,
            21.98051
          ],
          [
            120.8419,
            21.98057
          ],
          [
            120.8419,
            21.98063
          ],
          [
            120.8419,
            21.98068
          ],
          [
            120.84191,
            21.98076
          ],
          [
            120.84192,
            21.98083
          ],
          [
            120.84194,
            21.98088
          ],
          [
            120.84197,
            21.98096
          ],
          [
            120.84205,
            21.98118
          ],
          [
            120.84208,
            21.98133
          ],
          [
            120.84208,
            21.98145
          ],
          [
            120.84206,
            21.98155
          ],
          [
            120.84206,
            21.98156
          ],
          [
            120.84201,
            21.98168
          ],
          [
            120.84199,
            21.98171
          ],
          [
            120.8419,
            21.98187
          ],
          [
            120.84189,
            21.98189
          ],
          [
            120.84188,
            21.98191
          ],
          [
            120.84182,
            21.98203
          ],
          [
            120.84181,
            21.98204
          ],
          [
            120.84181,
            21.98205
          ],
          [
            120.84178,
            21.98213
          ],
          [
            120.84176,
            21.98222
          ],
          [
            120.84176,
            21.98225
          ],
          [
            120.84176,
            21.98229
          ],
          [
            120.84176,
            21.98234
          ],
          [
            120.84177,
            21.98238
          ],
          [
            120.84178,
            21.98245
          ],
          [
            120.8418,
            21.98252
          ],
          [
            120.84182,
            21.98257
          ],
          [
            120.84186,
            21.98269
          ],
          [
            120.84188,
            21.98275
          ],
          [
            120.84189,
            21.98283
          ],
          [
            120.8419,
            21.98291
          ],
          [
            120.8419,
            21.98297
          ],
          [
            120.84189,
            21.98302
          ],
          [
            120.84186,
            21.98312
          ],
          [
            120.84182,
            21.98322
          ],
          [
            120.8418,
            21.98326
          ],
          [
            120.84173,
            21.98342
          ],
          [
            120.84153,
            21.98373
          ],
          [
            120.84143,
            21.98389
          ],
          [
            120.84123,
            21.98419
          ],
          [
            120.84116,
            21.98436
          ],
          [
            120.84109,
            21.98453
          ],
          [
            120.84102,
            21.98469
          ],
          [
            120.841,
            21.98474
          ],
          [
            120.84095,
            21.98486
          ],
          [
            120.84089,
            21.98502
          ],
          [
            120.84085,
            21.98514
          ],
          [
            120.84083,
            21.98519
          ],
          [
            120.84082,
            21.98524
          ],
          [
            120.84081,
            21.98528
          ],
          [
            120.84081,
            21.9853
          ],
          [
            120.84082,
            21.98535
          ],
          [
            120.84082,
            21.98538
          ],
          [
            120.84083,
            21.98543
          ],
          [
            120.84086,
            21.98549
          ],
          [
            120.8409,
            21.98557
          ],
          [
            120.84094,
            21.98566
          ],
          [
            120.84095,
            21.98568
          ],
          [
            120.84101,
            21.98581
          ],
          [
            120.84101,
            21.98582
          ],
          [
            120.84102,
            21.98591
          ],
          [
            120.84102,
            21.98601
          ],
          [
            120.84102,
            21.9861
          ],
          [
            120.84101,
            21.98615
          ],
          [
            120.84101,
            21.98619
          ],
          [
            120.84099,
            21.98625
          ],
          [
            120.84095,
            21.98636
          ],
          [
            120.8409,
            21.9865
          ],
          [
            120.84084,
            21.98667
          ],
          [
            120.84073,
            21.98696
          ],
          [
            120.84072,
            21.98701
          ],
          [
            120.84071,
            21.98707
          ],
          [
            120.84071,
            21.98719
          ],
          [
            120.84071,
            21.98724
          ],
          [
            120.84073,
            21.98736
          ],
          [
            120.84078,
            21.98754
          ],
          [
            120.84088,
            21.98789
          ],
          [
            120.84093,
            21.98806
          ],
          [
            120.84099,
            21.98823
          ],
          [
            120.84104,
            21.98841
          ],
          [
            120.84119,
            21.98893
          ],
          [
            120.84124,
            21.9891
          ],
          [
            120.84143996056504,
            21.989783071897577
          ],
          [
            120.84144376609379,
            21.989804393771735
          ],
          [
            120.84144294427453,
            21.989826188712343
          ],
          [
            120.84143747388622,
            21.9898473904698
          ],
          [
            120.84142757570093,
            21.989867143390946
          ],
          [
            120.84141364918618,
            21.989884650294233
          ],
          [
            120.84139657075626,
            21.989898989798554
          ],
          [
            120.84091,
            21.99023
          ],
          [
            120.84064,
            21.99043
          ],
          [
            120.84048,
            21.99053
          ],
          [
            120.84039,
            21.99059
          ],
          [
            120.84014,
            21.99068
          ],
          [
            120.83987,
            21.99074
          ],
          [
            120.83923,
            21.99081
          ],
          [
            120.83892,
            21.99087
          ],
          [
            120.8386,
            21.99093
          ],
          [
            120.83841,
            21.99096
          ],
          [
            120.83827,
            21.99099
          ],
          [
            120.83808,
            21.99102
          ],
          [
            120.83807,
            21.99102
          ],
          [
            120.83788,
            21.99106
          ],
          [
            120.83769,
            21.99109
          ],
          [
            120.83739,
            21.99115
          ],
          [
            120.83719,
            21.99119
          ],
          [
            120.83691,
            21.99124
          ],
          [
            120.83652,
            21.99132
          ],
          [
            120.83612,
            21.99139
          ],
          [
            120.83585,
            21.99144
          ],
          [
            120.83566,
            21.99148
          ],
          [
            120.83537,
            21.99153
          ],
          [
            120.83508,
            21.99158
          ],
          [
            120.83496,
            21.9916
          ],
          [
            120.83485,
            21.99163
          ],
          [
            120.83464,
            21.99166
          ],
          [
            120.83441,
            21.9917
          ],
          [
            120.83421,
            21.99174
          ],
          [
            120.83403,
            21.99177
          ],
          [
            120.83388,
            21.9918
          ],
          [
            120.83365,
            21.99183
          ],
          [
            120.83344,
            21.99187
          ],
          [
            120.83325,
            21.9919
          ],
          [
            120.83295,
            21.99196
          ],
          [
            120.8328,
            21.99199
          ],
          [
            120.83267,
            21.99199
          ],
          [
            120.83261,
            21.99199
          ],
          [
            120.83255,
            21.99198
          ],
          [
            120.83248,
            21.99197
          ],
          [
            120.83242,
            21.99196
          ],
          [
            120.83186,
            21.99187
          ],
          [
            120.83149,
            21.9918
          ],
          [
            120.83086,
            21.99168
          ],
          [
            120.83037,
            21.99159
          ],
          [
            120.83022,
            21.99156
          ],
          [
            120.8299,
            21.99149
          ],
          [
            120.82954,
            21.99143
          ],
          [
            120.82918,
            21.99137
          ],
          [
            120.82889,
            21.99133
          ],
          [
            120.82802,
            21.9912
          ],
          [
            120.82786,
            21.99117
          ],
          [
            120.82707,
            21.99103
          ],
          [
            120.82658,
            21.99101
          ],
          [
            120.82646,
            21.99099
          ],
          [
            120.82565,
            21.99087
          ],
          [
            120.82517,
            21.9908
          ],
          [
            120.82488,
            21.99075
          ],
          [
            120.82476,
            21.99074
          ],
          [
            120.82467,
            21.99073
          ],
          [
            120.82457,
            21.99073
          ],
          [
            120.82449,
            21.99074
          ],
          [
            120.82442,
            21.99074
          ],
          [
            120.82437,
            21.99075
          ],
          [
            120.82431,
            21.99076
          ],
          [
            120.82423,
            21.99078
          ],
          [
            120.82406,
            21.99085
          ],
          [
            120.82362,
            21.99102
          ],
          [
            120.8235,
            21.99108
          ],
          [
            120.82344,
            21.99112
          ],
          [
            120.82338,
            21.99118
          ],
          [
            120.82328,
            21.99128
          ],
          [
            120.82293,
            21.99165
          ],
          [
            120.82278,
            21.99184
          ],
          [
            120.82257,
            21.99213
          ],
          [
            120.82248,
            21.99226
          ],
          [
            120.82247,
            21.99229
          ],
          [
            120.82238,
            21.99245
          ],
          [
            120.82234,
            21.99251
          ],
          [
            120.82228,
            21.9926
          ],
          [
            120.82218,
            21.99275
          ],
          [
            120.82187,
            21.9932
          ],
          [
            120.82183,
            21.99323
          ],
          [
            120.82181,
            21.99324
          ],
          [
            120.82178,
            21.99327
          ],
          [
            120.82173,
            21.99331
          ],
          [
            120.82115,
            21.99396
          ],
          [
            120.8211,
            21.99402
          ],
          [
            120.81923,
            21.99612
          ],
          [
            120.81832,
            21.99716
          ],
          [
            120.8182,
            21.9973
          ],
          [
            120.81784,
            21.99772
          ],
          [
            120.81768,
            21.9979
          ],
          [
            120.81742,
            21.9982
          ],
          [
            120.81706,
            21.9986
          ],
          [
            120.81668,
            21.999
          ],
          [
            120.81609,
            21.99964
          ],
          [
            120.81572,
            22.00006
          ],
          [
            120.81558,
            22.00022
          ],
          [
            120.81367,
            22.00245
          ],
          [
            120.81354,
            22.00259
          ],
          [
            120.81306,
            22.00315
          ],
          [
            120.81294,
            22.00329
          ],
          [
            120.81282,
            22.00344
          ],
          [
            120.81237,
            22.00397
          ],
          [
            120.81236,
            22.00397
          ],
          [
            120.81225,
            22.0041
          ],
          [
            120.81215,
            22.0042
          ],
          [
            120.81204,
            22.0043
          ],
          [
            120.81196,
            22.00435
          ],
          [
            120.81189,
            22.0044
          ],
          [
            120.81182,
            22.00443
          ],
          [
            120.81155,
            22.00453
          ],
          [
            120.81062,
            22.00488
          ],
          [
            120.81058,
            22.0049
          ],
          [
            120.81055684427044,
            22.004922980892278
          ],
          [
            120.81055114509597,
            22.00493124505991
          ],
          [
            120.8105487967765,
            22.004940927173745
          ],
          [
            120.81055015841399,
            22.00495077270753
          ],
          [
            120.81055506385351,
            22.00495958025197
          ],
          [
            120.81056291450481,
            22.00496627505927
          ],
          [
            120.81057270895323,
            22.004970031368355
          ],
          [
            120.81166,
            22.00519
          ],
          [
            120.81185,
            22.00523
          ],
          [
            120.81198,
            22.00525
          ],
          [
            120.81257,
            22.00537
          ],
          [
            120.81262,
            22.00538
          ],
          [
            120.81328,
            22.00551
          ],
          [
            120.81359,
            22.00557
          ],
          [
            120.81383,
            22.00559
          ],
          [
            120.81407,
            22.00561
          ],
          [
            120.81427,
            22.00563
          ],
          [
            120.81443,
            22.00564
          ],
          [
            120.81452,
            22.00565
          ],
          [
            120.81465,
            22.00567
          ],
          [
            120.81481,
            22.0057
          ],
          [
            120.81557,
            22.00586
          ],
          [
            120.81595,
            22.00594
          ],
          [
            120.81601,
            22.00595
          ],
          [
            120.81719,
            22.00619
          ],
          [
            120.81724,
            22.0062
          ],
          [
            120.81743,
            22.00623
          ],
          [
            120.81757,
            22.00625
          ],
          [
            120.81778,
            22.00626
          ],
          [
            120.81857,
            22.00628
          ],
          [
            120.81877,
            22.00628
          ],
          [
            120.81896,
            22.00629
          ],
          [
            120.81902,
            22.00629
          ],
          [
            120.81933,
            22.00631
          ],
          [
            120.81945,
            22.00632
          ],
          [
            120.8199,
            22.00637
          ],
          [
            120.82094305465567,
            22.006493624772133
          ],
          [
            120.82098319848728,
            22.006505614417723
          ],
          [
            120.82101619403473,
            22.006530250846108
          ],
          [
            120.82103758282099,
            22.006564268980416
          ],
          [
            120.82104454071029,
            22.00660317712911
          ],
          [
            120.8210361489958,
            22.006641837932204
          ],
          [
            120.82101379235424,
            22.00667486730401
          ],
          [
            120.82062,
            22.00707
          ],
          [
            120.82058,
            22.0071
          ],
          [
            120.8200686131567,
            22.007485733003968
          ],
          [
            120.82005252999515,
            22.007500614877852
          ],
          [
            120.82003965097671,
            22.007518453637598
          ],
          [
            120.82003079249019,
            22.00753831337712
          ],
          [
            120.82002630242899,
            22.007559414158106
          ],
          [
            120.82002635712831,
            22.007580927303646
          ],
          [
            120.82003088664452,
            22.007601802519474
          ],
          [
            120.82011,
            22.00784
          ],
          [
            120.82012,
            22.00795
          ],
          [
            120.82012,
            22.00799
          ],
          [
            120.82012,
            22.00805
          ],
          [
            120.82011,
            22.00813
          ],
          [
            120.82005,
            22.00825
          ],
          [
            120.81987,
            22.00866
          ],
          [
            120.81984,
            22.00872
          ],
          [
            120.8198,
            22.00883
          ],
          [
            120.81979,
            22.00885
          ],
          [
            120.81976,
            22.009
          ],
          [
            120.81976,
            22.00901
          ],
          [
            120.81973,
            22.00916
          ],
          [
            120.81971,
            22.00927
          ],
          [
            120.81967,
            22.00937
          ],
          [
            120.81956,
            22.00959
          ],
          [
            120.81925,
            22.01001
          ],
          [
            120.81917,
            22.0101
          ],
          [
            120.81915,
            22.01013
          ],
          [
            120.81905,
            22.01024
          ],
          [
            120.81882,
            22.01038
          ],
          [
            120.81872,
            22.01043
          ],
          [
            120.81862,
            22.01048
          ],
          [
            120.8184,
            22.01062
          ],
          [
            120.81837,
            22.01071
          ],
          [
            120.81835,
            22.01076
          ],
          [
            120.81833,
            22.01082
          ],
          [
            120.8183,
            22.01088
          ],
          [
            120.81827,
            22.01093
          ],
          [
            120.81825,
            22.01096
          ],
          [
            120.81814,
            22.01111
          ],
          [
            120.81811,
            22.01115
          ],
          [
            120.81798,
            22.01136
          ],
          [
            120.81793,
            22.01153
          ],
          [
            120.8179,
            22.01163
          ],
          [
            120.81786,
            22.01178
          ],
          [
            120.8178,
            22.01198
          ],
          [
            120.81775,
            22.01217
          ],
          [
            120.81773,
            22.01223
          ],
          [
            120.81772,
            22.0123
          ],
          [
            120.81773,
            22.01233
          ],
          [
            120.81773,
            22.01237
          ],
          [
            120.81775,
            22.01252
          ],
          [
            120.81777,
            22.01264
          ],
          [
            120.81778,
            22.01269
          ],
          [
            120.81778,
            22.01273
          ],
          [
            120.81777,
            22.0128
          ],
          [
            120.81777,
            22.01287
          ],
          [
            120.81776,
            22.01287
          ],
          [
            120.81775,
            22.01293
          ],
          [
            120.81774,
            22.01301
          ],
          [
            120.81773,
            22.01308
          ],
          [
            120.81774,
            22.01323
          ],
          [
            120.81775,
            22.01336
          ],
          [
            120.81775,
            22.0134
          ],
          [
            120.81775,
            22.01343
          ],
          [
            120.81776,
            22.01348
          ],
          [
            120.81802180869414,
            22.013918898060272
          ],
          [
            120.81802595331457,
            22.01392761253864
          ],
          [
            120.81802844470063,
            22.013937027279518
          ],
          [
            120.81802911992568,
            22.013946704593454
          ],
          [
            120.8180279578522,
            22.013956341538275
          ],
          [
            120.81802499485818,
            22.013965636435543
          ],
          [
            120.8180204207134,
            22.013974151700705
          ],
          [
            120.81795,
            22.01408
          ],
          [
            120.81793,
            22.01412
          ],
          [
            120.81792,
            22.01416
          ],
          [
            120.81791999999999,
            22.014425438830873
          ],
          [
            120.81791872163834,
            22.014438693286447
          ],
          [
            120.81791492768174,
            22.014451521310654
          ],
          [
            120.81790874019194,
            22.014463510191582
          ],
          [
            120.81790035823707,
            22.014474274214788
          ],
          [
            120.81789005148708,
            22.0144834670728
          ],
          [
            120.81787835701468,
            22.014490689535712
          ],
          [
            120.81772,
            22.01457
          ],
          [
            120.81767,
            22.01461
          ],
          [
            120.81753,
            22.01475
          ],
          [
            120.8175,
            22.01477
          ],
          [
            120.81738,
            22.01486
          ],
          [
            120.81715,
            22.01504
          ],
          [
            120.81708,
            22.01509
          ],
          [
            120.81693,
            22.01521
          ],
          [
            120.81688,
            22.01524
          ],
          [
            120.81598723005887,
            22.015858546443933
          ],
          [
            120.8159718798925,
            22.015872737344388
          ],
          [
            120.81596117253108,
            22.015890534211593
          ],
          [
            120.81595615469871,
            22.015910401622236
          ],
          [
            120.81595721782874,
            22.015930789750335
          ],
          [
            120.815964278988,
            22.015950108149568
          ],
          [
            120.81597660081957,
            22.015966661903594
          ],
          [
            120.81625372717319,
            22.016244710167783
          ],
          [
            120.81626803460892,
            22.016262579016733
          ],
          [
            120.81627825997843,
            22.01628316096125
          ],
          [
            120.81628367986538,
            22.0163052776804
          ],
          [
            120.8162840575327,
            22.016327963130347
          ],
          [
            120.81627937648412,
            22.016350226425473
          ],
          [
            120.81627000936034,
            22.01637081196328
          ],
          [
            120.81599,
            22.01684
          ],
          [
            120.81595,
            22.01692
          ],
          [
            120.8159,
            22.01699
          ],
          [
            120.81551491016504,
            22.017542749607237
          ],
          [
            120.8155079437779,
            22.01755482176666
          ],
          [
            120.81550302575542,
            22.01756803711214
          ],
          [
            120.81550044605207,
            22.017581818505853
          ],
          [
            120.81550027170499,
            22.017595807819326
          ],
          [
            120.81550250724482,
            22.017609641521016
          ],
          [
            120.8155070069942,
            22.01762276146134
          ],
          [
            120.81559,
            22.01781
          ],
          [
            120.81562,
            22.01796
          ],
          [
            120.81566,
            22.01814
          ],
          [
            120.81566,
            22.01815
          ],
          [
            120.8157,
            22.01826
          ],
          [
            120.81581,
            22.01849
          ],
          [
            120.81587,
            22.0186
          ],
          [
            120.81592,
            22.01868
          ],
          [
            120.816,
            22.01874
          ],
          [
            120.81612,
            22.0188
          ],
          [
            120.81619,
            22.01885
          ],
          [
            120.81622,
            22.01888
          ],
          [
            120.81631,
            22.01899
          ],
          [
            120.8166775345656,
            22.01935953559595
          ],
          [
            120.81669028079074,
            22.0193750530265
          ],
          [
            120.8166999902185,
            22.019392806649208
          ],
          [
            120.81670605884074,
            22.01941191843485
          ],
          [
            120.81670828203622,
            22.019431743974057
          ],
          [
            120.81670658484344,
            22.019451614791187
          ],
          [
            120.81670111672157,
            22.0194706279435
          ],
          [
            120.81639700603712,
            22.02023522208436
          ],
          [
            120.81639313105158,
            22.02024966223541
          ],
          [
            120.81639266029647,
            22.02026469989755
          ],
          [
            120.81639567483745,
            22.020279478390343
          ],
          [
            120.81640203275876,
            22.020293301985546
          ],
          [
            120.81641143474808,
            22.020305519908728
          ],
          [
            120.81642323722961,
            22.02031542206707
          ],
          [
            120.81655,
            22.0204
          ],
          [
            120.81644248415684,
            22.020328303672752
          ],
          [
            120.8164330508238,
            22.020320467491103
          ],
          [
            120.81642541774958,
            22.020310838125866
          ],
          [
            120.81642008174398,
            22.02029994362011
          ],
          [
            120.81641727332487,
            22.020288254621473
          ],
          [
            120.81641711381724,
            22.020276276100027
          ],
          [
            120.81641957412253,
            22.020264634523162
          ],
          [
            120.81668923620222,
            22.01945096117834
          ],
          [
            120.81669345043804,
            22.019432656729656
          ],
          [
            120.81669422209005,
            22.019413733835457
          ],
          [
            120.81669145983807,
            22.01939497365063
          ],
          [
            120.81668524773325,
            22.019376947019477
          ],
          [
            120.81667577480064,
            22.01936020246537
          ],
          [
            120.81666360595841,
            22.01934552887703
          ],
          [
            120.81631,
            22.01899
          ],
          [
            120.81622,
            22.01888
          ],
          [
            120.81619,
            22.01885
          ],
          [
            120.81612,
            22.0188
          ],
          [
            120.816,
            22.01874
          ],
          [
            120.81592,
            22.01868
          ],
          [
            120.81587,
            22.0186
          ],
          [
            120.81581,
            22.01849
          ],
          [
            120.8157,
            22.01826
          ],
          [
            120.81546509689132,
            22.017610469666952
          ],
          [
            120.81546193814808,
            22.017598150565437
          ],
          [
            120.81546115446342,
            22.01758535248823
          ],
          [
            120.81546282290766,
            22.01757262850524
          ],
          [
            120.81546689021141,
            22.017560384862577
          ],
          [
            120.81547322651544,
            22.017549012470262
          ],
          [
            120.81548144665406,
            22.017539059035308
          ],
          [
            120.8156,
            22.01742
          ],
          [
            120.8159,
            22.01699
          ],
          [
            120.81595,
            22.01692
          ],
          [
            120.81599,
            22.01684
          ],
          [
            120.8162700095092,
            22.01637081182062
          ],
          [
            120.8162793765007,
            22.0163502262976
          ],
          [
            120.81628405750796,
            22.016327963066015
          ],
          [
            120.81628367983006,
            22.016305277686016
          ],
          [
            120.81627825996364,
            22.016283161034067
          ],
          [
            120.81626803464346,
            22.016262579145135
          ],
          [
            120.81625372732564,
            22.01624471029351
          ],
          [
            120.8159766008424,
            22.0159666619635
          ],
          [
            120.81596427911857,
            22.015950108282908
          ],
          [
            120.81595721800078,
            22.01593078999982
          ],
          [
            120.8159561548608,
            22.015910401994734
          ],
          [
            120.81596117263213,
            22.015890534696435
          ],
          [
            120.81597187988818,
            22.01587273791438
          ],
          [
            120.81598722990364,
            22.0158585470407
          ],
          [
            120.81688,
            22.01524
          ],
          [
            120.81693,
            22.01521
          ],
          [
            120.81708,
            22.01509
          ],
          [
            120.81715,
            22.01504
          ],
          [
            120.81793054922997,
            22.014426176934414
          ],
          [
            120.81793634609836,
            22.01442074513309
          ],
          [
            120.81794117963558,
            22.014414350830595
          ],
          [
            120.81794477912891,
            22.01440728271089
          ],
          [
            120.81794703989007,
            22.014399746344292
          ],
          [
            120.81794789616674,
            22.0143919609197
          ],
          [
            120.81794733102558,
            22.014384200982917
          ],
          [
            120.81793,
            22.01428
          ],
          [
            120.81792,
            22.01421
          ],
          [
            120.81792,
            22.0142
          ],
          [
            120.81792,
            22.01416
          ],
          [
            120.81793,
            22.01412
          ],
          [
            120.81802613073963,
            22.013926945676932
          ],
          [
            120.8180319131105,
            22.01391198417771
          ],
          [
            120.81803490670393,
            22.013896073631468
          ],
          [
            120.81803490923944,
            22.013879919465708
          ],
          [
            120.81803192064072,
            22.013864008101013
          ],
          [
            120.81802603089788,
            22.013848818646935
          ],
          [
            120.81801760446012,
            22.013835060351138
          ],
          [
            120.81779,
            22.01353
          ],
          [
            120.81776,
            22.01348
          ],
          [
            120.81775,
            22.01343
          ],
          [
            120.81775,
            22.0134
          ],
          [
            120.81775,
            22.01336
          ],
          [
            120.81774,
            22.01323
          ],
          [
            120.81773,
            22.01308
          ],
          [
            120.81774,
            22.01301
          ],
          [
            120.81775,
            22.01293
          ],
          [
            120.81776,
            22.01287
          ],
          [
            120.81777,
            22.01287
          ],
          [
            120.81777,
            22.0128
          ],
          [
            120.81778,
            22.01273
          ],
          [
            120.81778,
            22.01269
          ],
          [
            120.81777,
            22.01264
          ],
          [
            120.81775,
            22.01252
          ],
          [
            120.81773,
            22.01237
          ],
          [
            120.81773,
            22.01233
          ],
          [
            120.81772,
            22.0123
          ],
          [
            120.81773,
            22.01223
          ],
          [
            120.81775,
            22.01217
          ],
          [
            120.8178,
            22.01198
          ],
          [
            120.81786,
            22.01178
          ],
          [
            120.8179,
            22.01163
          ],
          [
            120.81793,
            22.01153
          ],
          [
            120.81798,
            22.01136
          ],
          [
            120.81811,
            22.01115
          ],
          [
            120.81814,
            22.01111
          ],
          [
            120.81825,
            22.01096
          ],
          [
            120.81827,
            22.01093
          ],
          [
            120.8183,
            22.01088
          ],
          [
            120.81833,
            22.01082
          ],
          [
            120.81835,
            22.01076
          ],
          [
            120.81837,
            22.01071
          ],
          [
            120.8184,
            22.01062
          ],
          [
            120.81862,
            22.01048
          ],
          [
            120.81872,
            22.01043
          ],
          [
            120.81882,
            22.01038
          ],
          [
            120.81905,
            22.01024
          ],
          [
            120.81915,
            22.01013
          ],
          [
            120.81917,
            22.0101
          ],
          [
            120.81925,
            22.01001
          ],
          [
            120.81956,
            22.00959
          ],
          [
            120.81967,
            22.00937
          ],
          [
            120.81971,
            22.00927
          ],
          [
            120.81973,
            22.00916
          ],
          [
            120.81976,
            22.00901
          ],
          [
            120.81976,
            22.009
          ],
          [
            120.81979,
            22.00885
          ],
          [
            120.8198,
            22.00883
          ],
          [
            120.81984,
            22.00872
          ],
          [
            120.81987,
            22.00866
          ],
          [
            120.82005,
            22.00825
          ],
          [
            120.82011,
            22.00813
          ],
          [
            120.82012,
            22.00805
          ],
          [
            120.82012,
            22.00799
          ],
          [
            120.82012,
            22.00795
          ],
          [
            120.82011,
            22.00784
          ],
          [
            120.82003088658503,
            22.007601802408654
          ],
          [
            120.82002635716688,
            22.00758092722215
          ],
          [
            120.82002630247125,
            22.00755941413097
          ],
          [
            120.82003079251322,
            22.007538313401856
          ],
          [
            120.82003965095926,
            22.00751845370548
          ],
          [
            120.82005252991925,
            22.00750061497453
          ],
          [
            120.82006861297815,
            22.007485733075235
          ],
          [
            120.82058,
            22.0071
          ],
          [
            120.82062,
            22.00707
          ],
          [
            120.82069,
            22.007
          ],
          [
            120.82074,
            22.00695
          ],
          [
            120.82079,
            22.0069
          ],
          [
            120.82103303252687,
            22.006564526851594
          ],
          [
            120.82104668576699,
            22.006548890221197
          ],
          [
            120.82106289153396,
            22.006536084815576
          ],
          [
            120.82108132098791,
            22.00652624423434
          ],
          [
            120.82110135965885,
            22.006519696579534
          ],
          [
            120.82112233942273,
            22.00651666016134
          ],
          [
            120.82114365795191,
            22.006517247248894
          ],
          [
            120.82223,
            22.00664
          ],
          [
            120.82243,
            22.00666
          ],
          [
            120.82262,
            22.00669
          ],
          [
            120.82281,
            22.00671
          ],
          [
            120.82347,
            22.00678
          ],
          [
            120.82397,
            22.00684
          ],
          [
            120.82416,
            22.00687
          ],
          [
            120.82429,
            22.00689
          ],
          [
            120.82448,
            22.00693
          ],
          [
            120.82454,
            22.00694
          ],
          [
            120.82457,
            22.00695
          ],
          [
            120.82476,
            22.00701
          ],
          [
            120.82516,
            22.00713
          ],
          [
            120.82539,
            22.0072
          ],
          [
            120.82547,
            22.00722
          ],
          [
            120.82557,
            22.00725
          ],
          [
            120.82568,
            22.00726
          ],
          [
            120.82576,
            22.00727
          ],
          [
            120.82585,
            22.00728
          ],
          [
            120.8259,
            22.00727
          ],
          [
            120.826,
            22.00726
          ],
          [
            120.82609,
            22.00724
          ],
          [
            120.82615,
            22.00722
          ],
          [
            120.82635,
            22.00718
          ],
          [
            120.82645,
            22.00716
          ],
          [
            120.82659,
            22.00715
          ],
          [
            120.82669,
            22.00714
          ],
          [
            120.82681,
            22.00715
          ],
          [
            120.827,
            22.00716
          ],
          [
            120.82705,
            22.00716
          ],
          [
            120.82729,
            22.00718
          ],
          [
            120.82743,
            22.00721
          ],
          [
            120.82757,
            22.00725
          ],
          [
            120.82766,
            22.0073
          ],
          [
            120.82775,
            22.00735
          ],
          [
            120.82789,
            22.00745
          ],
          [
            120.82804,
            22.00756
          ],
          [
            120.82818,
            22.0077
          ],
          [
            120.82847,
            22.00801
          ],
          [
            120.82872,
            22.0083
          ],
          [
            120.82887,
            22.00844
          ],
          [
            120.82897,
            22.00851
          ],
          [
            120.82913,
            22.0086
          ],
          [
            120.8293,
            22.00868
          ],
          [
            120.82945,
            22.00873
          ],
          [
            120.82949,
            22.00874
          ],
          [
            120.82992,
            22.00888
          ],
          [
            120.83027,
            22.00901
          ],
          [
            120.83028,
            22.00901
          ],
          [
            120.83046,
            22.00907
          ],
          [
            120.83067,
            22.00913
          ],
          [
            120.83113,
            22.00926
          ],
          [
            120.83123,
            22.00929
          ],
          [
            120.83151,
            22.00938
          ],
          [
            120.83164,
            22.00943
          ],
          [
            120.83172,
            22.00946
          ],
          [
            120.83211,
            22.00964
          ],
          [
            120.83251,
            22.00984
          ],
          [
            120.83292,
            22.01006
          ],
          [
            120.8331,
            22.01019
          ],
          [
            120.83311,
            22.0102
          ],
          [
            120.83338,
            22.01049
          ],
          [
            120.83355,
            22.01067
          ],
          [
            120.8337,
            22.0108
          ],
          [
            120.83394,
            22.01097
          ],
          [
            120.83436,
            22.01125
          ],
          [
            120.83499,
            22.01168
          ],
          [
            120.83537,
            22.01193
          ],
          [
            120.83558,
            22.01205
          ],
          [
            120.83585,
            22.01215
          ],
          [
            120.83605,
            22.01219
          ],
          [
            120.83618,
            22.01222
          ],
          [
            120.83628,
            22.01225
          ],
          [
            120.83657,
            22.0123
          ],
          [
            120.8372415413177,
            22.012453245441534
          ],
          [
            120.83726552750876,
            22.012461462031652
          ],
          [
            120.837287159378,
            22.01247448291564
          ],
          [
            120.83730519314523,
            22.012491627942534
          ],
          [
            120.83731874518145,
            22.012512057030378
          ],
          [
            120.83732715145612,
            22.012534769182867
          ],
          [
            120.83733,
            22.012558651536786
          ],
          [
            120.83733,
            22.01294
          ],
          [
            120.83732,
            22.01301
          ],
          [
            120.8373,
            22.01319
          ],
          [
            120.83728,
            22.01329
          ],
          [
            120.83722,
            22.01353
          ],
          [
            120.83717,
            22.01376
          ],
          [
            120.83714,
            22.01392
          ],
          [
            120.83713,
            22.01403
          ],
          [
            120.83712,
            22.0142
          ],
          [
            120.83716,
            22.01443
          ],
          [
            120.83721,
            22.01461
          ],
          [
            120.83729,
            22.01484
          ],
          [
            120.83734,
            22.01501
          ],
          [
            120.8374,
            22.01518
          ],
          [
            120.83746,
            22.01535
          ],
          [
            120.83752,
            22.01552
          ],
          [
            120.83756,
            22.0157
          ],
          [
            120.83781,
            22.01692
          ],
          [
            120.83813,
            22.01852
          ],
          [
            120.83817,
            22.01876
          ],
          [
            120.83819,
            22.01886
          ],
          [
            120.83828,
            22.01921
          ],
          [
            120.83833,
            22.01939
          ],
          [
            120.83836,
            22.01953
          ],
          [
            120.83854,
            22.02024
          ],
          [
            120.83858,
            22.02037
          ],
          [
            120.8387,
            22.02061
          ],
          [
            120.83892090410404,
            22.020891109533768
          ],
          [
            120.83893075288957,
            22.020906187241646
          ],
          [
            120.83893796840277,
            22.02092290341107
          ],
          [
            120.83894212216221,
            22.020940503700594
          ],
          [
            120.83894309968379,
            22.020958503019042
          ],
          [
            120.83894087402551,
            22.020976405277388
          ],
          [
            120.83893560318735,
            22.020993479874083
          ],
          [
            120.83845,
            22.02218
          ],
          [
            120.83807,
            22.02311
          ],
          [
            120.83803,
            22.02319
          ],
          [
            120.83799,
            22.02329
          ],
          [
            120.83779,
            22.02368
          ],
          [
            120.83765,
            22.02394
          ],
          [
            120.83738,
            22.02451
          ],
          [
            120.83713,
            22.02496
          ],
          [
            120.83693,
            22.02533
          ],
          [
            120.83692,
            22.02536
          ],
          [
            120.83663,
            22.02597
          ],
          [
            120.83653,
            22.02616
          ],
          [
            120.83644,
            22.02634
          ],
          [
            120.83627,
            22.02666
          ],
          [
            120.83625,
            22.0267
          ],
          [
            120.83621,
            22.02674
          ],
          [
            120.83619,
            22.02677
          ],
          [
            120.83612,
            22.02685
          ],
          [
            120.836,
            22.02696
          ],
          [
            120.83581,
            22.02712
          ],
          [
            120.83563,
            22.02726
          ],
          [
            120.83563,
            22.02744
          ],
          [
            120.83564,
            22.02755
          ],
          [
            120.83564,
            22.02763
          ],
          [
            120.83564,
            22.0277
          ],
          [
            120.83565,
            22.02791
          ],
          [
            120.83567,
            22.02814
          ],
          [
            120.83557,
            22.02846
          ],
          [
            120.83555,
            22.02852
          ],
          [
            120.83554,
            22.02857
          ],
          [
            120.83551,
            22.02866
          ],
          [
            120.83549,
            22.02871
          ],
          [
            120.83545,
            22.02881
          ],
          [
            120.83521,
            22.02948
          ],
          [
            120.83515,
            22.02965
          ],
          [
            120.83509,
            22.02982
          ],
          [
            120.83503,
            22.02999
          ],
          [
            120.83497,
            22.03016
          ],
          [
            120.83493,
            22.03026
          ],
          [
            120.83491,
            22.03033
          ],
          [
            120.83484,
            22.0305
          ],
          [
            120.83478,
            22.03067
          ],
          [
            120.83478,
            22.03068
          ],
          [
            120.83468,
            22.03102
          ],
          [
            120.83466,
            22.03109
          ],
          [
            120.83463,
            22.03119
          ],
          [
            120.83459,
            22.03137
          ],
          [
            120.83455,
            22.03154
          ],
          [
            120.83454,
            22.03156
          ],
          [
            120.83447,
            22.03189
          ],
          [
            120.83443,
            22.03207
          ],
          [
            120.83378,
            22.03413
          ],
          [
            120.83364,
            22.03458
          ],
          [
            120.83362,
            22.03472
          ],
          [
            120.8336,
            22.03488
          ],
          [
            120.83366,
            22.03599
          ],
          [
            120.83366,
            22.03618
          ],
          [
            120.83366,
            22.03643
          ],
          [
            120.83364,
            22.03661
          ],
          [
            120.83359,
            22.0368
          ],
          [
            120.83353,
            22.03696
          ],
          [
            120.83345,
            22.03714
          ],
          [
            120.83342,
            22.03718
          ],
          [
            120.83338,
            22.03721
          ],
          [
            120.83334,
            22.03724
          ],
          [
            120.83255,
            22.03785
          ],
          [
            120.83163045324699,
            22.038533016883548
          ],
          [
            120.83161698810682,
            22.038544852094724
          ],
          [
            120.83160548638499,
            22.038558842660567
          ],
          [
            120.83159656316161,
            22.03857438702342
          ],
          [
            120.83159045392601,
            22.038591074957996
          ],
          [
            120.83158731990466,
            22.03860846605945
          ],
          [
            120.83158723903784,
            22.03862604297823
          ],
          [
            120.83161,
            22.0389
          ],
          [
            120.83163,
            22.03902
          ],
          [
            120.83166,
            22.03919
          ],
          [
            120.83168,
            22.03933
          ],
          [
            120.83172,
            22.03963
          ],
          [
            120.8318,
            22.04031
          ],
          [
            120.83187229967936,
            22.040963678169682
          ],
          [
            120.83187255709318,
            22.040983135924698
          ],
          [
            120.83186906775236,
            22.041002399078177
          ],
          [
            120.83186193616748,
            22.041020766498722
          ],
          [
            120.83185139331071,
            22.041037643316653
          ],
          [
            120.83183778063587,
            22.04105248293878
          ],
          [
            120.83182185331991,
            22.0410646065965
          ],
          [
            120.83159,
            22.04121
          ],
          [
            120.83148,
            22.04125
          ],
          [
            120.83087951421419,
            22.04143539645285
          ],
          [
            120.83085768363298,
            22.041444619482473
          ],
          [
            120.830838160072,
            22.04145797641421
          ],
          [
            120.8308220215061,
            22.041474816593908
          ],
          [
            120.8308099670775,
            22.041494410484596
          ],
          [
            120.83080251899862,
            22.041515909255203
          ],
          [
            120.8308,
            22.04153838155296
          ],
          [
            120.8308,
            22.04205
          ],
          [
            120.83081,
            22.04212
          ],
          [
            120.83084,
            22.04219
          ],
          [
            120.83088,
            22.04226
          ],
          [
            120.83109,
            22.04256
          ],
          [
            120.83114,
            22.04266
          ],
          [
            120.83124,
            22.04284
          ],
          [
            120.83129,
            22.04295
          ],
          [
            120.83144,
            22.04333
          ],
          [
            120.83147,
            22.04343
          ],
          [
            120.83157,
            22.0437
          ],
          [
            120.8316,
            22.04381
          ],
          [
            120.83162,
            22.04391
          ],
          [
            120.83162,
            22.04398
          ],
          [
            120.83165,
            22.04415
          ],
          [
            120.83167,
            22.04433
          ],
          [
            120.8317,
            22.04451
          ],
          [
            120.83172,
            22.04469
          ],
          [
            120.83175,
            22.04487
          ],
          [
            120.83178,
            22.04509
          ],
          [
            120.83179,
            22.04522
          ],
          [
            120.83179,
            22.04525
          ],
          [
            120.8318,
            22.04536
          ],
          [
            120.83179,
            22.0454
          ],
          [
            120.83177,
            22.04545
          ],
          [
            120.83171,
            22.04557
          ],
          [
            120.83163,
            22.04569
          ],
          [
            120.83161,
            22.04572
          ],
          [
            120.83151,
            22.04587
          ],
          [
            120.83151,
            22.04588
          ],
          [
            120.83143,
            22.04601
          ],
          [
            120.83142,
            22.04603
          ],
          [
            120.83135,
            22.04616
          ],
          [
            120.83129,
            22.04633
          ],
          [
            120.83121,
            22.04654
          ],
          [
            120.83118,
            22.04662
          ],
          [
            120.83114,
            22.0467
          ],
          [
            120.83112,
            22.04674
          ],
          [
            120.83107,
            22.04684
          ],
          [
            120.83106,
            22.04687
          ],
          [
            120.83102,
            22.04693
          ],
          [
            120.83094,
            22.04701
          ],
          [
            120.8308,
            22.04719
          ],
          [
            120.83043,
            22.04764
          ],
          [
            120.83037,
            22.04774
          ],
          [
            120.83018,
            22.048
          ],
          [
            120.82999,
            22.04824
          ],
          [
            120.82978,
            22.04848
          ],
          [
            120.82952,
            22.04874
          ],
          [
            120.82926,
            22.04896
          ],
          [
            120.82925,
            22.04897
          ],
          [
            120.82912,
            22.04907
          ],
          [
            120.829,
            22.04915
          ],
          [
            120.82891,
            22.04919
          ],
          [
            120.82865,
            22.04929
          ],
          [
            120.82855,
            22.04934
          ],
          [
            120.82848,
            22.04938
          ],
          [
            120.82843,
            22.04941
          ],
          [
            120.82842,
            22.04943
          ],
          [
            120.82826,
            22.04963
          ],
          [
            120.82797,
            22.04996
          ],
          [
            120.82741,
            22.05049
          ],
          [
            120.82705,
            22.05085
          ],
          [
            120.82697,
            22.05094
          ],
          [
            120.82691,
            22.05104
          ],
          [
            120.82687,
            22.05114
          ],
          [
            120.82686,
            22.05114
          ],
          [
            120.82683,
            22.05125
          ],
          [
            120.82667,
            22.05194
          ],
          [
            120.82644,
            22.05302
          ],
          [
            120.8264,
            22.05314
          ],
          [
            120.82637,
            22.05325
          ],
          [
            120.82635,
            22.05332
          ],
          [
            120.82634,
            22.05335
          ],
          [
            120.8263,
            22.05349
          ],
          [
            120.82627,
            22.0536
          ],
          [
            120.82621,
            22.05379
          ],
          [
            120.82603,
            22.05424
          ],
          [
            120.82597,
            22.05436
          ],
          [
            120.82525499222383,
            22.055549422156577
          ],
          [
            120.82525065540416,
            22.055555363546013
          ],
          [
            120.82524534928378,
            22.05556040857949
          ],
          [
            120.82523917612754,
            22.055564505131986
          ],
          [
            120.82523232793791,
            22.055567525789247
          ],
          [
            120.82522501771271,
            22.055569376600392
          ],
          [
            120.82521747282038,
            22.05557
          ],
          [
            120.82512,
            22.05557
          ],
          [
            120.82506,
            22.05559
          ],
          [
            120.825,
            22.05561
          ],
          [
            120.82495,
            22.05563
          ],
          [
            120.82486,
            22.05569
          ],
          [
            120.8248,
            22.05573
          ],
          [
            120.82479,
            22.05574
          ],
          [
            120.82474,
            22.05576
          ],
          [
            120.82469,
            22.05578
          ],
          [
            120.82463,
            22.0558
          ],
          [
            120.82461,
            22.0558
          ],
          [
            120.82444,
            22.05584
          ],
          [
            120.82425,
            22.05588
          ],
          [
            120.82408,
            22.05592
          ],
          [
            120.82406,
            22.05592
          ],
          [
            120.82395,
            22.05596
          ],
          [
            120.82388,
            22.05599
          ],
          [
            120.82382,
            22.05601
          ],
          [
            120.8237,
            22.05606
          ],
          [
            120.82369,
            22.05607
          ],
          [
            120.82355,
            22.05613
          ],
          [
            120.82353,
            22.05614
          ],
          [
            120.82344,
            22.05617
          ],
          [
            120.82259235998978,
            22.056340553443572
          ],
          [
            120.82258568994737,
            22.05634255428961
          ],
          [
            120.82257951606888,
            22.056345747257353
          ],
          [
            120.82257412546656,
            22.0563500000314
          ],
          [
            120.82256972403157,
            22.056355150179314
          ],
          [
            120.82256647987437,
            22.056361000993952
          ],
          [
            120.82256450861323,
            22.056367370780283
          ],
          [
            120.82255,
            22.05644
          ],
          [
            120.82254,
            22.05652
          ],
          [
            120.82252,
            22.05661
          ],
          [
            120.82247,
            22.05673
          ],
          [
            120.82242,
            22.05685
          ],
          [
            120.82237,
            22.05694
          ],
          [
            120.82233,
            22.05701
          ],
          [
            120.82232,
            22.05703
          ],
          [
            120.82228,
            22.05708
          ],
          [
            120.82225,
            22.05712
          ],
          [
            120.82219,
            22.05717
          ],
          [
            120.82214,
            22.05723
          ],
          [
            120.822,
            22.05738
          ],
          [
            120.82194,
            22.05745
          ],
          [
            120.82189,
            22.05754
          ],
          [
            120.82186,
            22.05763
          ],
          [
            120.82183,
            22.05782
          ],
          [
            120.82181,
            22.05798
          ],
          [
            120.82177,
            22.05817
          ],
          [
            120.82176,
            22.05821
          ],
          [
            120.82173,
            22.05829
          ],
          [
            120.82172,
            22.05838
          ],
          [
            120.8217,
            22.05848
          ],
          [
            120.82164,
            22.0587
          ],
          [
            120.8216,
            22.05891
          ],
          [
            120.8216,
            22.05892
          ],
          [
            120.82157,
            22.05909
          ],
          [
            120.82156,
            22.05909
          ],
          [
            120.8215,
            22.05929
          ],
          [
            120.82138,
            22.05959
          ],
          [
            120.8213,
            22.05976
          ],
          [
            120.82119,
            22.05995
          ],
          [
            120.82097,
            22.0602
          ],
          [
            120.82071,
            22.06048
          ],
          [
            120.8206,
            22.0606
          ],
          [
            120.8205,
            22.06072
          ],
          [
            120.82023,
            22.06098
          ],
          [
            120.82021,
            22.061
          ],
          [
            120.81958932927463,
            22.06142875873084
          ],
          [
            120.81957285714503,
            22.061438339070715
          ],
          [
            120.81955528057401,
            22.06144511873331
          ],
          [
            120.81953675519854,
            22.06144913442607
          ],
          [
            120.81951777630562,
            22.061450278787042
          ],
          [
            120.81949885130732,
            22.061448521221045
          ],
          [
            120.81948024078571,
            22.061443826211907
          ],
          [
            120.81917,
            22.06134
          ],
          [
            120.81905,
            22.06128
          ],
          [
            120.81887,
            22.06119
          ],
          [
            120.81877,
            22.06112
          ],
          [
            120.81869,
            22.06104
          ],
          [
            120.81859,
            22.06094
          ],
          [
            120.81847,
            22.06083
          ],
          [
            120.81836,
            22.06074
          ],
          [
            120.81825,
            22.06068
          ],
          [
            120.8181,
            22.0606
          ],
          [
            120.81798,
            22.06054
          ],
          [
            120.81792,
            22.0605
          ],
          [
            120.81786,
            22.06046
          ],
          [
            120.81785,
            22.06045
          ],
          [
            120.81781,
            22.0604
          ],
          [
            120.81776,
            22.06036
          ],
          [
            120.81768,
            22.06027
          ],
          [
            120.81762,
            22.0602
          ],
          [
            120.81755,
            22.06013
          ],
          [
            120.81745,
            22.06006
          ],
          [
            120.81735,
            22.06001
          ],
          [
            120.81714,
            22.05993
          ],
          [
            120.81705,
            22.05989
          ],
          [
            120.81693,
            22.05982
          ],
          [
            120.81655001690268,
            22.059555890156968
          ],
          [
            120.81653320323754,
            22.059546082228064
          ],
          [
            120.81651522327547,
            22.059539191886756
          ],
          [
            120.81649626500096,
            22.05953519221698
          ],
          [
            120.81647685781914,
            22.05953419490851
          ],
          [
            120.81645754367068,
            22.05953622781095
          ],
          [
            120.81643860744458,
            22.059541324768233
          ],
          [
            120.81585,
            22.05975
          ],
          [
            120.81577,
            22.05978
          ],
          [
            120.81572,
            22.05981
          ],
          [
            120.81566,
            22.05985
          ],
          [
            120.81561,
            22.05989
          ],
          [
            120.81555,
            22.05996
          ],
          [
            120.81549,
            22.06006
          ],
          [
            120.81545,
            22.06013
          ],
          [
            120.81539,
            22.06025
          ],
          [
            120.81529,
            22.06038
          ],
          [
            120.81515,
            22.06052
          ],
          [
            120.81507,
            22.06059
          ],
          [
            120.81494000000001,
            22.060669999999998
          ],
          [
            120.81485,
            22.06071
          ],
          [
            120.81477,
            22.06075
          ],
          [
            120.81462,
            22.06084
          ],
          [
            120.81456,
            22.06088
          ],
          [
            120.81453,
            22.06091
          ],
          [
            120.8145,
            22.06096
          ],
          [
            120.81449,
            22.06097
          ],
          [
            120.81446,
            22.06105
          ],
          [
            120.81439,
            22.06119
          ],
          [
            120.81434,
            22.06127
          ],
          [
            120.81429,
            22.06133
          ],
          [
            120.81422,
            22.06138
          ],
          [
            120.8142,
            22.06139
          ],
          [
            120.81417,
            22.06141
          ],
          [
            120.81382632353174,
            22.061656599352318
          ],
          [
            120.81380973991581,
            22.061671243875722
          ],
          [
            120.81379634532303,
            22.061688950773274
          ],
          [
            120.81378698685808,
            22.061708788354814
          ],
          [
            120.81378203761007,
            22.06172996576571
          ],
          [
            120.8137816948881,
            22.061751638737068
          ],
          [
            120.81378591064843,
            22.061772745976192
          ],
          [
            120.81398,
            22.06239
          ],
          [
            120.81402,
            22.06252
          ],
          [
            120.81403,
            22.06254
          ],
          [
            120.81407,
            22.06272
          ],
          [
            120.81408,
            22.06274
          ],
          [
            120.81412,
            22.06292
          ],
          [
            120.81415,
            22.06307
          ],
          [
            120.8142,
            22.06321
          ],
          [
            120.81425,
            22.06331
          ],
          [
            120.81444,
            22.06371
          ],
          [
            120.81445,
            22.06373
          ],
          [
            120.81461,
            22.06401
          ],
          [
            120.81464,
            22.06405
          ],
          [
            120.8147,
            22.06415
          ],
          [
            120.81473,
            22.06421
          ],
          [
            120.81484,
            22.0644
          ],
          [
            120.81494000000001,
            22.0646
          ],
          [
            120.81507,
            22.06489
          ],
          [
            120.81516,
            22.06514
          ],
          [
            120.81518,
            22.0652
          ],
          [
            120.81522,
            22.06538
          ],
          [
            120.81527,
            22.06556
          ],
          [
            120.81538,
            22.06583
          ],
          [
            120.81556,
            22.06634
          ],
          [
            120.81561,
            22.06644
          ],
          [
            120.81566,
            22.06653
          ],
          [
            120.81568,
            22.06656
          ],
          [
            120.81582,
            22.0667
          ],
          [
            120.81603,
            22.0669
          ],
          [
            120.81618,
            22.06704
          ],
          [
            120.81629,
            22.06723
          ],
          [
            120.81635,
            22.06738
          ],
          [
            120.81639,
            22.06753
          ],
          [
            120.81642,
            22.0676
          ],
          [
            120.81647,
            22.06775
          ],
          [
            120.8166,
            22.06808
          ],
          [
            120.81688,
            22.06878
          ],
          [
            120.81695,
            22.06895
          ],
          [
            120.81712,
            22.06938
          ],
          [
            120.81725,
            22.0697
          ],
          [
            120.81739,
            22.06995
          ],
          [
            120.81751,
            22.07009
          ],
          [
            120.81754,
            22.07012
          ],
          [
            120.81765,
            22.07022
          ],
          [
            120.81766,
            22.07023
          ],
          [
            120.81775,
            22.07036
          ],
          [
            120.8178,
            22.07048
          ],
          [
            120.81782,
            22.07064
          ],
          [
            120.81783,
            22.07082
          ],
          [
            120.81783,
            22.0709
          ],
          [
            120.81782,
            22.07107
          ],
          [
            120.81782,
            22.07108
          ],
          [
            120.81783,
            22.07129
          ],
          [
            120.81786,
            22.07144
          ],
          [
            120.81789,
            22.07161
          ],
          [
            120.81792,
            22.07175
          ],
          [
            120.81792,
            22.07179
          ],
          [
            120.81792,
            22.07181
          ],
          [
            120.81797,
            22.07197
          ],
          [
            120.81802,
            22.07215
          ],
          [
            120.81805,
            22.07225
          ],
          [
            120.81816,
            22.0725
          ],
          [
            120.8183,
            22.07276
          ],
          [
            120.81835,
            22.07291
          ],
          [
            120.81836,
            22.07292
          ],
          [
            120.81839,
            22.07306
          ],
          [
            120.81839,
            22.07308
          ],
          [
            120.81841,
            22.07324
          ],
          [
            120.81842,
            22.07355
          ],
          [
            120.81842,
            22.07385
          ],
          [
            120.81839,
            22.07407
          ],
          [
            120.81829,
            22.07432
          ],
          [
            120.81825,
            22.07444
          ],
          [
            120.81802611014811,
            22.075114791137604
          ],
          [
            120.818021104303,
            22.075141707166242
          ],
          [
            120.81802350474369,
            22.075169147457125
          ],
          [
            120.81803322487457,
            22.075195141737225
          ],
          [
            120.81804963950738,
            22.07521801808268
          ],
          [
            120.81807169287076,
            22.075236305111787
          ],
          [
            120.8180977209706,
            22.075248743960422
          ],
          [
            120.81854543472917,
            22.0753986079175
          ],
          [
            120.81855886006757,
            22.075401785620343
          ],
          [
            120.81857253431022,
            22.075402457998695
          ],
          [
            120.8185860897171,
            22.075400649613808
          ],
          [
            120.81859901441453,
            22.075396428753173
          ],
          [
            120.81861082034538,
            22.075389954803182
          ],
          [
            120.81862122930504,
            22.075381302957457
          ],
          [
            120.81901791440441,
            22.074982241412307
          ],
          [
            120.81998418265928,
            22.075565306356392
          ],
          [
            120.82000194218315,
            22.07557414773829
          ],
          [
            120.820020705685,
            22.075579919646415
          ],
          [
            120.82004024520754,
            22.075582645060695
          ],
          [
            120.8200599971271,
            22.075582245365702
          ],
          [
            120.82007939169345,
            22.07557873209076
          ],
          [
            120.82009815735081,
            22.075572077432877
          ],
          [
            120.82064,
            22.07533
          ],
          [
            120.82066,
            22.07532
          ],
          [
            120.82102,
            22.07518
          ],
          [
            120.82127,
            22.07509
          ],
          [
            120.82138,
            22.07505
          ],
          [
            120.82156,
            22.07498
          ],
          [
            120.82192,
            22.07483
          ],
          [
            120.82209,
            22.07476
          ],
          [
            120.82227,
            22.07468
          ],
          [
            120.82234,
            22.07465
          ],
          [
            120.82242,
            22.07462
          ],
          [
            120.82244,
            22.07461
          ],
          [
            120.8225,
            22.07458
          ],
          [
            120.82256,
            22.07451
          ],
          [
            120.82258,
            22.07449
          ],
          [
            120.82262,
            22.07445
          ],
          [
            120.82265,
            22.07441
          ],
          [
            120.82268,
            22.07434
          ],
          [
            120.82273,
            22.07419
          ],
          [
            120.8228,
            22.07406
          ],
          [
            120.82291,
            22.07394
          ],
          [
            120.82306,
            22.0738
          ],
          [
            120.8231,
            22.07374
          ],
          [
            120.82312,
            22.07373
          ],
          [
            120.82318,
            22.07365
          ],
          [
            120.82322,
            22.0736
          ],
          [
            120.8233,
            22.07347
          ],
          [
            120.82334,
            22.07344
          ],
          [
            120.82338,
            22.07341
          ],
          [
            120.82345,
            22.07338
          ],
          [
            120.82356,
            22.07335
          ],
          [
            120.82374,
            22.07331
          ],
          [
            120.82402,
            22.07327
          ],
          [
            120.82423,
            22.07323
          ],
          [
            120.82426,
            22.07323
          ],
          [
            120.82467642503707,
            22.073125502897632
          ],
          [
            120.82469289206541,
            22.073122665206714
          ],
          [
            120.82470945421906,
            22.07312236634757
          ],
          [
            120.82472585028091,
            22.0731245701938
          ],
          [
            120.824741648895,
            22.073129218765494
          ],
          [
            120.82475643442322,
            22.07313618976564
          ],
          [
            120.82477008659306,
            22.07314551674503
          ],
          [
            120.82495,
            22.07329
          ],
          [
            120.82505,
            22.07332
          ],
          [
            120.8251,
            22.07333
          ],
          [
            120.82513,
            22.07334
          ],
          [
            120.82523,
            22.07334
          ],
          [
            120.82529,
            22.07335
          ],
          [
            120.82532,
            22.07335
          ],
          [
            120.82610182853166,
            22.073462199152758
          ],
          [
            120.82613652232799,
            22.073472611759794
          ],
          [
            120.82616614845891,
            22.073492613242866
          ],
          [
            120.82618765748848,
            22.073520209607896
          ],
          [
            120.82619892405576,
            22.073552673989113
          ],
          [
            120.82619883488307,
            22.07358679849991
          ],
          [
            120.8261875506054,
            22.073618935236823
          ],
          [
            120.82580061764781,
            22.07431875024281
          ],
          [
            120.82579560494038,
            22.07432526985422
          ],
          [
            120.82578883261968,
            22.074330089180602
          ],
          [
            120.82578084995953,
            22.07433285908548
          ],
          [
            120.8257723489413,
            22.074333339458082
          ],
          [
            120.82576406648062,
            22.074331488657034
          ],
          [
            120.82575664321612,
            22.074327408770063
          ],
          [
            120.82572,
            22.0743
          ],
          [
            120.82569,
            22.07428
          ],
          [
            120.82562,
            22.07424
          ],
          [
            120.82551,
            22.0742
          ],
          [
            120.82541,
            22.07418
          ],
          [
            120.82536,
            22.07417
          ],
          [
            120.82518,
            22.07415
          ],
          [
            120.82499,
            22.07411
          ],
          [
            120.82467,
            22.07403
          ],
          [
            120.82462,
            22.07402
          ],
          [
            120.82391815366724,
            22.0737458836043
          ],
          [
            120.82388672856877,
            22.07373811036414
          ],
          [
            120.8238545142341,
            22.07373871313257
          ],
          [
            120.82382371289945,
            22.07374753993454
          ],
          [
            120.8237966877889,
            22.073763913536048
          ],
          [
            120.82377551239671,
            22.07378657767696
          ],
          [
            120.82376174358207,
            22.073813998977123
          ],
          [
            120.8234083707805,
            22.07488
          ],
          [
            120.82291478400003,
            22.07488
          ],
          [
            120.8229035185549,
            22.074881068121268
          ],
          [
            120.8228927134867,
            22.07488422883492
          ],
          [
            120.8228828103585,
            22.074889352974328
          ],
          [
            120.82287421387437,
            22.07489623113491
          ],
          [
            120.82286727534076,
            22.07490458223178
          ],
          [
            120.8228622337863,
            22.07491417724114
          ],
          [
            120.82282,
            22.07502
          ],
          [
            120.82274,
            22.07514
          ],
          [
            120.82260912634791,
            22.075428269585565
          ],
          [
            120.82260030760429,
            22.075444079188397
          ],
          [
            120.82258902998002,
            22.075458124568446
          ],
          [
            120.82257547445852,
            22.075470290391515
          ],
          [
            120.82255999536318,
            22.07548025865906
          ],
          [
            120.82254299729716,
            22.07548776881374
          ],
          [
            120.82252508070748,
            22.075492594995552
          ],
          [
            120.82169,
            22.07565
          ],
          [
            120.82163,
            22.07566
          ],
          [
            120.8215,
            22.07568
          ],
          [
            120.82142,
            22.07568
          ],
          [
            120.8213,
            22.07569
          ],
          [
            120.82126,
            22.07569
          ],
          [
            120.82117,
            22.07571
          ],
          [
            120.82112,
            22.07573
          ],
          [
            120.82109,
            22.07574
          ],
          [
            120.821,
            22.07582
          ],
          [
            120.82097,
            22.07584
          ],
          [
            120.82069,
            22.0761
          ],
          [
            120.82058,
            22.07613
          ],
          [
            120.82047,
            22.07616
          ],
          [
            120.82034,
            22.07618
          ],
          [
            120.82018,
            22.07621
          ],
          [
            120.82,
            22.07624
          ],
          [
            120.81954281291735,
            22.076305633944937
          ],
          [
            120.81952062707232,
            22.076310976289168
          ],
          [
            120.81949988835179,
            22.07632033339873
          ],
          [
            120.81948153201984,
            22.076333320744602
          ],
          [
            120.81946627789533,
            22.076349429045468
          ],
          [
            120.81945472414829,
            22.07636802663596
          ],
          [
            120.8194472835139,
            22.076388547411725
          ],
          [
            120.81924891085636,
            22.077185273078815
          ],
          [
            120.8192313074377,
            22.07722255268215
          ],
          [
            120.81920036778025,
            22.07725105869749
          ],
          [
            120.81916037354794,
            22.077266972148564
          ],
          [
            120.81911691168395,
            22.077268070026157
          ],
          [
            120.81907605353783,
            22.07725419896367
          ],
          [
            120.8190432652667,
            22.077227004461704
          ],
          [
            120.81873,
            22.07685
          ],
          [
            120.81872,
            22.07684
          ],
          [
            120.81861492318,
            22.076664492268012
          ],
          [
            120.81860645182063,
            22.076652643425028
          ],
          [
            120.81859621415332,
            22.0766424278923
          ],
          [
            120.81858434423711,
            22.076633887950806
          ],
          [
            120.8185711531989,
            22.076627247444197
          ],
          [
            120.81855698679401,
            22.076622680429328
          ],
          [
            120.81854227426085,
            22.07662031148011
          ],
          [
            120.81818,
            22.07659
          ],
          [
            120.8181,
            22.07656
          ],
          [
            120.81807,
            22.07655
          ],
          [
            120.81803,
            22.07653
          ],
          [
            120.81793,
            22.07645
          ],
          [
            120.81792,
            22.07644
          ],
          [
            120.8178,
            22.07633
          ],
          [
            120.81764,
            22.07624
          ],
          [
            120.81743,
            22.07615
          ],
          [
            120.81716,
            22.07606
          ],
          [
            120.81693,
            22.07598
          ],
          [
            120.81681,
            22.07595
          ],
          [
            120.8167,
            22.07593
          ],
          [
            120.81663,
            22.07592
          ],
          [
            120.81655,
            22.0759
          ],
          [
            120.81652,
            22.07589
          ],
          [
            120.81648,
            22.07587
          ],
          [
            120.81644,
            22.07585
          ],
          [
            120.81639,
            22.0758
          ],
          [
            120.81637,
            22.07577
          ],
          [
            120.81635,
            22.07574
          ],
          [
            120.81628,
            22.07561
          ],
          [
            120.81627,
            22.07559
          ],
          [
            120.81624,
            22.07555
          ],
          [
            120.8162,
            22.07551
          ],
          [
            120.81615,
            22.07547
          ],
          [
            120.81607,
            22.07544
          ],
          [
            120.81589,
            22.07539
          ],
          [
            120.81579,
            22.07536
          ],
          [
            120.81571,
            22.07533
          ],
          [
            120.81566,
            22.07528
          ],
          [
            120.81563,
            22.07525
          ],
          [
            120.8156,
            22.07523
          ],
          [
            120.8151729720204,
            22.074542663064385
          ],
          [
            120.8151688479073,
            22.074534355229062
          ],
          [
            120.81516632630225,
            22.07452534416292
          ],
          [
            120.81516557321636,
            22.074516057443297
          ],
          [
            120.81516661295994,
            22.07450679485364
          ],
          [
            120.81516941196917,
            22.07449785539847
          ],
          [
            120.81517378829565,
            22.074489666251857
          ],
          [
            120.81550105813994,
            22.07399651342438
          ],
          [
            120.8155150448752,
            22.073964997799404
          ],
          [
            120.81551783145251,
            22.073930647754935
          ],
          [
            120.81550894573016,
            22.073897212402127
          ],
          [
            120.81548928246671,
            22.073868058554215
          ],
          [
            120.81546082167823,
            22.073846121893137
          ],
          [
            120.81542659447783,
            22.073833644698716
          ],
          [
            120.81485077970763,
            22.07371808486623
          ],
          [
            120.81482656589982,
            22.0737160635269
          ],
          [
            120.81480270027873,
            22.073719627760248
          ],
          [
            120.81478049438806,
            22.07372853287178
          ],
          [
            120.81476129797426,
            22.073742237579758
          ],
          [
            120.81474627785803,
            22.073759908867327
          ],
          [
            120.81473628997362,
            22.07378064561831
          ],
          [
            120.81468,
            22.07395
          ],
          [
            120.81477793727038,
            22.073655514148243
          ],
          [
            120.81479644986258,
            22.073621773727112
          ],
          [
            120.81482607087875,
            22.073596146558724
          ],
          [
            120.81486329655492,
            22.07358151734799
          ],
          [
            120.81490363853243,
            22.07357964996198
          ],
          [
            120.8149422327153,
            22.07359076955437
          ],
          [
            120.81497470233334,
            22.073613814949656
          ],
          [
            120.8153839411054,
            22.07402436943449
          ],
          [
            120.81539848012713,
            22.074042667002136
          ],
          [
            120.81540865966038,
            22.074063780125808
          ],
          [
            120.8154137295908,
            22.074086443442518
          ],
          [
            120.81541345211546,
            22.074109593939014
          ],
          [
            120.81540784024922,
            22.074132145751094
          ],
          [
            120.81539734582888,
            22.074152755286867
          ],
          [
            120.81517378827124,
            22.074489666295115
          ],
          [
            120.81516941190837,
            22.07449785547039
          ],
          [
            120.81516661288796,
            22.0745067949667
          ],
          [
            120.81516557314659,
            22.07451605759923
          ],
          [
            120.81516632624816,
            22.074525344360286
          ],
          [
            120.81516884788182,
            22.07453435546331
          ],
          [
            120.81517297204766,
            22.074542663320376
          ],
          [
            120.8156,
            22.07523
          ],
          [
            120.81563,
            22.07525
          ],
          [
            120.81566,
            22.07528
          ],
          [
            120.81571,
            22.07533
          ],
          [
            120.81579,
            22.07536
          ],
          [
            120.81589,
            22.07539
          ],
          [
            120.81607,
            22.07544
          ],
          [
            120.81615,
            22.07547
          ],
          [
            120.8162,
            22.07551
          ],
          [
            120.81624,
            22.07555
          ],
          [
            120.81627,
            22.07559
          ],
          [
            120.81628,
            22.07561
          ],
          [
            120.81635,
            22.07574
          ],
          [
            120.81637,
            22.07577
          ],
          [
            120.81639,
            22.0758
          ],
          [
            120.81644,
            22.07585
          ],
          [
            120.81648,
            22.07587
          ],
          [
            120.81652,
            22.07589
          ],
          [
            120.81655,
            22.0759
          ],
          [
            120.81663,
            22.07592
          ],
          [
            120.8167,
            22.07593
          ],
          [
            120.81681,
            22.07595
          ],
          [
            120.81693,
            22.07598
          ],
          [
            120.81716,
            22.07606
          ],
          [
            120.81743,
            22.07615
          ],
          [
            120.81764,
            22.07624
          ],
          [
            120.8178,
            22.07633
          ],
          [
            120.81792,
            22.07644
          ],
          [
            120.81793,
            22.07645
          ],
          [
            120.81803,
            22.07653
          ],
          [
            120.81807,
            22.07655
          ],
          [
            120.8181,
            22.07656
          ],
          [
            120.81818,
            22.07659
          ],
          [
            120.81854227423096,
            22.0766203114771
          ],
          [
            120.81855698676242,
            22.0766226804194
          ],
          [
            120.8185711531667,
            22.076627247427584
          ],
          [
            120.81858434420624,
            22.07663388792615
          ],
          [
            120.81859621412617,
            22.076642427858694
          ],
          [
            120.81860645179987,
            22.076652643382097
          ],
          [
            120.81861492315123,
            22.076664492225433
          ],
          [
            120.81896292531432,
            22.077246605785987
          ],
          [
            120.81899012551163,
            22.077277381094444
          ],
          [
            120.81902707302321,
            22.077296804859287
          ],
          [
            120.81906902597377,
            22.07730257885912
          ],
          [
            120.81911040898743,
            22.07729393575293
          ],
          [
            120.81914572243049,
            22.07727202417426
          ],
          [
            120.81917040416114,
            22.07723949236694
          ],
          [
            120.8193,
            22.07698
          ],
          [
            120.81938052022659,
            22.076494289734512
          ],
          [
            120.81938553168118,
            22.076475360744507
          ],
          [
            120.81939403049077,
            22.076457673840387
          ],
          [
            120.81940576441151,
            22.0764416794188
          ],
          [
            120.81942035933508,
            22.07642788742409
          ],
          [
            120.81943734993683,
            22.076416737581432
          ],
          [
            120.81945594912095,
            22.07640866787054
          ],
          [
            120.81993,
            22.07625
          ],
          [
            120.82,
            22.07624
          ],
          [
            120.82018,
            22.07621
          ],
          [
            120.82034,
            22.07618
          ],
          [
            120.82047,
            22.07616
          ],
          [
            120.82058,
            22.07613
          ],
          [
            120.82069,
            22.0761
          ],
          [
            120.82097,
            22.07584
          ],
          [
            120.821,
            22.07582
          ],
          [
            120.82109,
            22.07574
          ],
          [
            120.82112,
            22.07573
          ],
          [
            120.82117,
            22.07571
          ],
          [
            120.82126,
            22.07569
          ],
          [
            120.8213,
            22.07569
          ],
          [
            120.82142,
            22.07568
          ],
          [
            120.8215,
            22.07568
          ],
          [
            120.82163,
            22.07566
          ],
          [
            120.82169,
            22.07565
          ],
          [
            120.8225250807607,
            22.07549259497174
          ],
          [
            120.82254299735571,
            22.07548776876827
          ],
          [
            120.82255999542583,
            22.075480258596937
          ],
          [
            120.82257547452127,
            22.075470290310925
          ],
          [
            120.82258903003844,
            22.075458124468373
          ],
          [
            120.82260030765359,
            22.07544407906872
          ],
          [
            120.82260912641833,
            22.07542826946159
          ],
          [
            120.8228274282757,
            22.074946552837126
          ],
          [
            120.82283835686408,
            22.07492771161198
          ],
          [
            120.82285282954632,
            22.074911432206253
          ],
          [
            120.82287041034364,
            22.074898081074995
          ],
          [
            120.82289043175683,
            22.074888165127522
          ],
          [
            120.82291213362252,
            22.07488206084774
          ],
          [
            120.8229346919744,
            22.07488
          ],
          [
            120.82340837103703,
            22.07488
          ],
          [
            120.82376174358133,
            22.0738139991056
          ],
          [
            120.8237755124474,
            22.07378657782247
          ],
          [
            120.82379668779869,
            22.07376391365801
          ],
          [
            120.82382371287567,
            22.073747540021678
          ],
          [
            120.82385451418762,
            22.07373871317566
          ],
          [
            120.82388672851334,
            22.07373811035701
          ],
          [
            120.82391815360188,
            22.073745883579008
          ],
          [
            120.82462,
            22.07402
          ],
          [
            120.82467,
            22.07403
          ],
          [
            120.82499,
            22.07411
          ],
          [
            120.82518,
            22.07415
          ],
          [
            120.82536,
            22.07417
          ],
          [
            120.82586875268309,
            22.074272331607954
          ],
          [
            120.82588130517355,
            22.07427308889104
          ],
          [
            120.8258934837409,
            22.07427038723239
          ],
          [
            120.82590428060931,
            22.074264475652534
          ],
          [
            120.82591274908513,
            22.074255872492085
          ],
          [
            120.82591814663331,
            22.0742453320955
          ],
          [
            120.82592,
            22.07423377866845
          ],
          [
            120.82592,
            22.07417
          ],
          [
            120.82594,
            22.07409
          ],
          [
            120.82595,
            22.07405
          ],
          [
            120.82596,
            22.07404
          ],
          [
            120.82595,
            22.07405
          ],
          [
            120.82581711477351,
            22.07458453392932
          ],
          [
            120.82581419266664,
            22.07460597619844
          ],
          [
            120.82581591153559,
            22.074627698573458
          ],
          [
            120.8258222425256,
            22.074648663467087
          ],
          [
            120.82583293076324,
            22.074668026873255
          ],
          [
            120.82584754596076,
            22.07468500925868
          ],
          [
            120.82586518535346,
            22.074698728647995
          ],
          [
            120.82617,
            22.07489
          ],
          [
            120.82682561481796,
            22.075271968627934
          ],
          [
            120.8268409964538,
            22.075282752621135
          ],
          [
            120.82685449357652,
            22.07529602292514
          ],
          [
            120.82686541092237,
            22.07531122011883
          ],
          [
            120.82687343837517,
            22.07532791251349
          ],
          [
            120.82687834790862,
            22.075345625948
          ],
          [
            120.82688,
            22.075363857257774
          ],
          [
            120.82687999999999,
            22.07571727851203
          ],
          [
            120.82688197889628,
            22.075733031513792
          ],
          [
            120.82688780827301,
            22.075747930257155
          ],
          [
            120.82689717201303,
            22.0757611668087
          ],
          [
            120.82690956233668,
            22.075772023372835
          ],
          [
            120.82692430733789,
            22.075779911216607
          ],
          [
            120.82694052262656,
            22.075784388927453
          ],
          [
            120.82777286431583,
            22.07591791009616
          ],
          [
            120.82780145072702,
            22.07592615893236
          ],
          [
            120.82782694230673,
            22.075941020909962
          ],
          [
            120.82784750245524,
            22.07596148215546
          ],
          [
            120.82786175847731,
            22.075986176576855
          ],
          [
            120.82786875857175,
            22.076013455454802
          ],
          [
            120.82786805410308,
            22.07604138381473
          ],
          [
            120.82783,
            22.07627
          ],
          [
            120.82783,
            22.0764
          ],
          [
            120.82784,
            22.07659
          ],
          [
            120.82785,
            22.07682
          ],
          [
            120.82787,
            22.07707
          ],
          [
            120.82789,
            22.0774
          ],
          [
            120.82792,
            22.07784
          ],
          [
            120.82794,
            22.07795
          ],
          [
            120.82798,
            22.07841
          ],
          [
            120.82799,
            22.07866
          ],
          [
            120.828,
            22.07879
          ],
          [
            120.828,
            22.07882
          ],
          [
            120.828,
            22.07891
          ],
          [
            120.82801,
            22.07899
          ],
          [
            120.82801,
            22.07903
          ],
          [
            120.82801,
            22.07914
          ],
          [
            120.82801,
            22.07915
          ],
          [
            120.82801,
            22.0793
          ],
          [
            120.82801,
            22.07933
          ],
          [
            120.82799,
            22.07954
          ],
          [
            120.82798,
            22.07974
          ],
          [
            120.82797,
            22.07982
          ],
          [
            120.82798,
            22.08002
          ],
          [
            120.82798,
            22.08006
          ],
          [
            120.82799,
            22.08021
          ],
          [
            120.82799,
            22.08024
          ],
          [
            120.828,
            22.08041
          ],
          [
            120.828,
            22.08042
          ],
          [
            120.82802,
            22.0806
          ],
          [
            120.82802,
            22.08062
          ],
          [
            120.82804,
            22.08074
          ],
          [
            120.82805,
            22.08078
          ],
          [
            120.82805,
            22.08082
          ],
          [
            120.82808,
            22.08093
          ],
          [
            120.82809,
            22.08095
          ],
          [
            120.82811,
            22.08101
          ],
          [
            120.82816,
            22.08112
          ],
          [
            120.82818,
            22.08117
          ],
          [
            120.82825,
            22.08128
          ],
          [
            120.82832,
            22.08143
          ],
          [
            120.82833,
            22.08145
          ],
          [
            120.82838,
            22.08154
          ],
          [
            120.8285,
            22.08177
          ],
          [
            120.82858,
            22.08193
          ],
          [
            120.82867,
            22.08212
          ],
          [
            120.82876,
            22.08231
          ],
          [
            120.82887,
            22.08253
          ],
          [
            120.82893,
            22.08265
          ],
          [
            120.82899,
            22.08277
          ],
          [
            120.82904,
            22.08288
          ],
          [
            120.82908,
            22.08298
          ],
          [
            120.82909,
            22.08301
          ],
          [
            120.82912,
            22.08309
          ],
          [
            120.82915,
            22.08318
          ],
          [
            120.82918,
            22.08326
          ],
          [
            120.82921,
            22.08332
          ],
          [
            120.82922,
            22.08335
          ],
          [
            120.82926,
            22.08343
          ],
          [
            120.82929,
            22.08348
          ],
          [
            120.8293,
            22.0835
          ],
          [
            120.82934,
            22.08357
          ],
          [
            120.82939,
            22.08363
          ],
          [
            120.82939,
            22.08364
          ],
          [
            120.82945,
            22.0837
          ],
          [
            120.82952,
            22.08377
          ],
          [
            120.82953,
            22.08379
          ],
          [
            120.82962,
            22.08387
          ],
          [
            120.82965,
            22.0839
          ],
          [
            120.82972,
            22.08398
          ],
          [
            120.83018287987659,
            22.08444531218713
          ],
          [
            120.83019845581855,
            22.08446522974564
          ],
          [
            120.83020892888757,
            22.08448827846076
          ],
          [
            120.83021346539417,
            22.08451295307336
          ],
          [
            120.83021182407157,
            22.084537941303907
          ],
          [
            120.83020409221083,
            22.08456191419362
          ],
          [
            120.8301909137822,
            22.084583303379617
          ],
          [
            120.83001,
            22.08481
          ],
          [
            120.82995,
            22.08488
          ],
          [
            120.8299,
            22.08495
          ],
          [
            120.82987,
            22.08501
          ],
          [
            120.82983,
            22.08508
          ],
          [
            120.8298,
            22.08516
          ],
          [
            120.82978,
            22.08523
          ],
          [
            120.82976,
            22.08529
          ],
          [
            120.82975,
            22.08536
          ],
          [
            120.82974,
            22.08543
          ],
          [
            120.82974,
            22.08566
          ],
          [
            120.82974,
            22.08597
          ],
          [
            120.82974,
            22.08619
          ],
          [
            120.82974,
            22.08628
          ],
          [
            120.82973,
            22.08637
          ],
          [
            120.82973,
            22.08657
          ],
          [
            120.82972,
            22.0867
          ],
          [
            120.82972,
            22.08673
          ],
          [
            120.82971,
            22.08681
          ],
          [
            120.82969,
            22.0869
          ],
          [
            120.82967,
            22.08701
          ],
          [
            120.82966,
            22.08708
          ],
          [
            120.82962,
            22.08726
          ],
          [
            120.82958,
            22.08743
          ],
          [
            120.82951,
            22.08774
          ],
          [
            120.82945,
            22.08796
          ],
          [
            120.82941,
            22.0881
          ],
          [
            120.82935,
            22.08836
          ],
          [
            120.82922,
            22.08888
          ],
          [
            120.8292,
            22.08895
          ],
          [
            120.82916,
            22.08912
          ],
          [
            120.82911,
            22.08929
          ],
          [
            120.82905,
            22.08948
          ],
          [
            120.829,
            22.08965
          ],
          [
            120.82898,
            22.08975
          ],
          [
            120.82897,
            22.08977
          ],
          [
            120.82896,
            22.08986
          ],
          [
            120.82895,
            22.08997
          ],
          [
            120.82894,
            22.09013
          ],
          [
            120.82893,
            22.09029
          ],
          [
            120.82893,
            22.09036
          ],
          [
            120.82892,
            22.09056
          ],
          [
            120.82892,
            22.09065
          ],
          [
            120.82893,
            22.09074
          ],
          [
            120.82894,
            22.0908
          ],
          [
            120.82895,
            22.09084
          ],
          [
            120.82897,
            22.09091
          ],
          [
            120.82898,
            22.09097
          ],
          [
            120.82899,
            22.09101
          ],
          [
            120.829,
            22.09107
          ],
          [
            120.829,
            22.09111
          ],
          [
            120.829,
            22.09118
          ],
          [
            120.829,
            22.09124
          ],
          [
            120.829,
            22.09129
          ],
          [
            120.829,
            22.09133
          ],
          [
            120.82892529966311,
            22.09193090369757
          ],
          [
            120.82892466622162,
            22.091948422361366
          ],
          [
            120.82892708411565,
            22.091965892577427
          ],
          [
            120.82893250027364,
            22.091982767312142
          ],
          [
            120.8289407718826,
            22.091998601613383
          ],
          [
            120.8289516808372,
            22.092012977963122
          ],
          [
            120.82896463350113,
            22.092025270569184
          ],
          [
            120.82917,
            22.09219
          ],
          [
            120.82925,
            22.09226
          ],
          [
            120.82933,
            22.09234
          ],
          [
            120.82939,
            22.09239
          ],
          [
            120.82955,
            22.09252
          ],
          [
            120.82968,
            22.09263
          ],
          [
            120.82976,
            22.09269
          ],
          [
            120.82981,
            22.09275
          ],
          [
            120.82981,
            22.09276
          ],
          [
            120.82986,
            22.09282
          ],
          [
            120.82991,
            22.09289
          ],
          [
            120.82995,
            22.09296
          ],
          [
            120.82998,
            22.09303
          ],
          [
            120.83001,
            22.09312
          ],
          [
            120.83002,
            22.09315
          ],
          [
            120.83006,
            22.09328
          ],
          [
            120.83008,
            22.09341
          ],
          [
            120.8301,
            22.09352
          ],
          [
            120.83011,
            22.0936
          ],
          [
            120.83012,
            22.0937
          ],
          [
            120.83013,
            22.09383
          ],
          [
            120.83014,
            22.09394
          ],
          [
            120.83015,
            22.09403
          ],
          [
            120.83015,
            22.09409
          ],
          [
            120.83017,
            22.09421
          ],
          [
            120.8302,
            22.094360000000002
          ],
          [
            120.83027,
            22.09457
          ],
          [
            120.83034,
            22.09486
          ],
          [
            120.83044,
            22.09521
          ],
          [
            120.83057,
            22.09559
          ],
          [
            120.8309560102943,
            22.096605752566354
          ],
          [
            120.83096168689023,
            22.096628156221552
          ],
          [
            120.8309621503267,
            22.096651411809226
          ],
          [
            120.83095729381132,
            22.096674225715514
          ],
          [
            120.83094734029338,
            22.09669555061691
          ],
          [
            120.83093274671141,
            22.096714407546003
          ],
          [
            120.83091449778809,
            22.096729718883896
          ],
          [
            120.83069,
            22.09688
          ],
          [
            120.83065,
            22.09691
          ],
          [
            120.83059,
            22.09695
          ],
          [
            120.83002114634186,
            22.097293347250304
          ],
          [
            120.8300094899316,
            22.09730177170071
          ],
          [
            120.8299992717876,
            22.097312061751335
          ],
          [
            120.82999101719265,
            22.097323786311453
          ],
          [
            120.82998495326967,
            22.097336622783008
          ],
          [
            120.82998124686583,
            22.097350217974025
          ],
          [
            120.82998000000003,
            22.097364197816564
          ],
          [
            120.82998,
            22.09756
          ],
          [
            120.82998,
            22.0976
          ],
          [
            120.82998,
            22.09766
          ],
          [
            120.82998,
            22.09778
          ],
          [
            120.82998,
            22.09789
          ],
          [
            120.83,
            22.09804
          ],
          [
            120.83002,
            22.09827
          ],
          [
            120.83005,
            22.09866
          ],
          [
            120.83005,
            22.09879
          ],
          [
            120.83005,
            22.09883
          ],
          [
            120.83006,
            22.09899
          ],
          [
            120.83006,
            22.09931
          ],
          [
            120.83007,
            22.09954
          ],
          [
            120.83008,
            22.09968
          ],
          [
            120.83008,
            22.09973
          ],
          [
            120.8301,
            22.0998
          ],
          [
            120.83014,
            22.09988
          ],
          [
            120.83019,
            22.09997
          ],
          [
            120.83025,
            22.10006
          ],
          [
            120.83036,
            22.10021
          ],
          [
            120.83045,
            22.10036
          ],
          [
            120.83056,
            22.10049
          ],
          [
            120.83067,
            22.10065
          ],
          [
            120.83067,
            22.10066
          ],
          [
            120.83111081358855,
            22.101139737963692
          ],
          [
            120.8311259773905,
            22.101153583567978
          ],
          [
            120.83114322967319,
            22.101164448133343
          ],
          [
            120.83116228061776,
            22.101172270602426
          ],
          [
            120.83118252051244,
            22.101176800622746
          ],
          [
            120.831203301594,
            22.101177893214253
          ],
          [
            120.8312241240898,
            22.101175480036556
          ],
          [
            120.83155,
            22.10111
          ],
          [
            120.83161,
            22.10109
          ],
          [
            120.83167,
            22.10106
          ],
          [
            120.83176,
            22.10101
          ],
          [
            120.83234710013737,
            22.10046795508122
          ],
          [
            120.83236834995222,
            22.100452327156503
          ],
          [
            120.83239250553636,
            22.10044182151422
          ],
          [
            120.832418589532,
            22.10043672034469
          ],
          [
            120.83244523328942,
            22.100437291310673
          ],
          [
            120.83247103878769,
            22.100443504453086
          ],
          [
            120.8324949665648,
            22.100455233998492
          ],
          [
            120.83285,
            22.10068
          ],
          [
            120.83305,
            22.10079
          ],
          [
            120.8335,
            22.10102
          ],
          [
            120.83385,
            22.10118
          ],
          [
            120.83392,
            22.10122
          ],
          [
            120.83398,
            22.10125
          ],
          [
            120.83404,
            22.10128
          ],
          [
            120.83452063164387,
            22.101682741525064
          ],
          [
            120.83453641008569,
            22.10169358731821
          ],
          [
            120.83455387219132,
            22.1017011655696
          ],
          [
            120.83457259001382,
            22.10170539372875
          ],
          [
            120.8345918333864,
            22.101706106858664
          ],
          [
            120.83461085164099,
            22.101703277140732
          ],
          [
            120.83462914634445,
            22.101696903493824
          ],
          [
            120.83482,
            22.10161
          ],
          [
            120.83483,
            22.10161
          ],
          [
            120.83545,
            22.10141
          ],
          [
            120.83562,
            22.10136
          ],
          [
            120.83571,
            22.10132
          ],
          [
            120.83578,
            22.10128
          ],
          [
            120.83587,
            22.10121
          ],
          [
            120.83589,
            22.10119
          ],
          [
            120.836,
            22.10109
          ],
          [
            120.83608,
            22.10101
          ],
          [
            120.83612,
            22.10097
          ],
          [
            120.83618,
            22.10093
          ],
          [
            120.83623,
            22.10092
          ],
          [
            120.8363,
            22.1009
          ],
          [
            120.83635,
            22.1009
          ],
          [
            120.83659,
            22.10088
          ],
          [
            120.83661,
            22.10088
          ],
          [
            120.83668,
            22.10087
          ],
          [
            120.83706,
            22.10087
          ],
          [
            120.83721,
            22.10087
          ],
          [
            120.83727,
            22.10087
          ],
          [
            120.83736,
            22.10086
          ],
          [
            120.83746,
            22.10087
          ],
          [
            120.83752,
            22.10089
          ],
          [
            120.83757,
            22.10091
          ],
          [
            120.83764,
            22.10094
          ],
          [
            120.83775,
            22.10099
          ],
          [
            120.83787,
            22.10109
          ],
          [
            120.8379,
            22.10112
          ],
          [
            120.83794,
            22.10116
          ],
          [
            120.83801,
            22.10121
          ],
          [
            120.83802,
            22.10122
          ],
          [
            120.83812,
            22.10129
          ],
          [
            120.83821,
            22.10134
          ],
          [
            120.83827,
            22.10138
          ],
          [
            120.83833,
            22.1014
          ],
          [
            120.83842,
            22.10144
          ],
          [
            120.83855,
            22.10147
          ],
          [
            120.83872,
            22.10149
          ],
          [
            120.83876,
            22.10149
          ],
          [
            120.83882,
            22.1015
          ],
          [
            120.83898,
            22.1015
          ],
          [
            120.83901,
            22.1015
          ],
          [
            120.83911,
            22.10151
          ],
          [
            120.8392,
            22.10152
          ],
          [
            120.83921,
            22.10152
          ],
          [
            120.83934,
            22.10154
          ],
          [
            120.8394,
            22.10156
          ],
          [
            120.83945,
            22.10158
          ],
          [
            120.83951,
            22.10161
          ],
          [
            120.83952,
            22.10162
          ],
          [
            120.83956,
            22.10165
          ],
          [
            120.83962,
            22.10169
          ],
          [
            120.83971,
            22.10176
          ],
          [
            120.8398,
            22.10183
          ],
          [
            120.83991,
            22.10192
          ],
          [
            120.84001,
            22.10199
          ],
          [
            120.84007,
            22.10205
          ],
          [
            120.84012,
            22.10212
          ],
          [
            120.84015,
            22.10218
          ],
          [
            120.84016,
            22.10221
          ],
          [
            120.84037211826535,
            22.10285024227702
          ],
          [
            120.84037573865693,
            22.10286737111501
          ],
          [
            120.84037550891344,
            22.102884995629477
          ],
          [
            120.84037138597456,
            22.102902196525957
          ],
          [
            120.84036354733881,
            22.10291823328095
          ],
          [
            120.84035233047078,
            22.102932415488933
          ],
          [
            120.84033846460213,
            22.102943966773346
          ],
          [
            120.84018,
            22.10305
          ],
          [
            120.84016,
            22.10307
          ],
          [
            120.84015,
            22.10309
          ],
          [
            120.84013,
            22.10313
          ],
          [
            120.84011,
            22.10317
          ],
          [
            120.8401,
            22.10326
          ],
          [
            120.84007,
            22.10337
          ],
          [
            120.84006,
            22.10345
          ],
          [
            120.84005,
            22.10348
          ],
          [
            120.84004,
            22.1035
          ],
          [
            120.84004,
            22.10351
          ],
          [
            120.84003,
            22.10352
          ],
          [
            120.84,
            22.10356
          ],
          [
            120.83999,
            22.10357
          ],
          [
            120.83996,
            22.10362
          ],
          [
            120.83995,
            22.10364
          ],
          [
            120.83993,
            22.10368
          ],
          [
            120.83991,
            22.10375
          ],
          [
            120.83989,
            22.10381
          ],
          [
            120.83989,
            22.10382
          ],
          [
            120.83987,
            22.1039
          ],
          [
            120.83987,
            22.10396
          ],
          [
            120.83988,
            22.10399
          ],
          [
            120.83989,
            22.10402
          ],
          [
            120.8399,
            22.10409
          ],
          [
            120.8399,
            22.10415
          ],
          [
            120.83991,
            22.10421
          ],
          [
            120.8399,
            22.10426
          ],
          [
            120.83989,
            22.10433
          ],
          [
            120.83988,
            22.10435
          ],
          [
            120.83987,
            22.1044
          ],
          [
            120.83984,
            22.1045
          ],
          [
            120.83984,
            22.10452
          ],
          [
            120.83976799835133,
            22.10470070347174
          ],
          [
            120.83976421702553,
            22.104713255994717
          ],
          [
            120.83976259642719,
            22.104726396263626
          ],
          [
            120.8397632483846,
            22.104739609250068
          ],
          [
            120.83976615612389,
            22.104752555003984
          ],
          [
            120.83977124483333,
            22.1047649004508
          ],
          [
            120.83977821775493,
            22.104776104832723
          ],
          [
            120.84002,
            22.1051
          ],
          [
            120.8404115839892,
            22.105689804550813
          ],
          [
            120.84042009758979,
            22.105705427060073
          ],
          [
            120.84042588789535,
            22.10572245661072
          ],
          [
            120.84042860615847,
            22.105740141644517
          ],
          [
            120.84042817875485,
            22.105758003161558
          ],
          [
            120.84042461726075,
            22.10577555738188
          ],
          [
            120.84041814879376,
            22.105792064974242
          ],
          [
            120.84008529531651,
            22.106461125474617
          ],
          [
            120.84007882042476,
            22.10648332254574
          ],
          [
            120.84008048661231,
            22.106506458935208
          ],
          [
            120.84009019344843,
            22.106527805722784
          ],
          [
            120.84010686710882,
            22.106545001407905
          ],
          [
            120.84012866306028,
            22.106556143708083
          ],
          [
            120.84015317011361,
            22.10656
          ],
          [
            120.84025677542382,
            22.10656
          ],
          [
            120.84026066646248,
            22.106559707964767
          ],
          [
            120.84026445743692,
            22.10655883936922
          ],
          [
            120.84026805085618,
            22.106557416550665
          ],
          [
            120.84027135430982,
            22.106555476099146
          ],
          [
            120.84027428284426,
            22.106553067916447
          ],
          [
            120.84027680678437,
            22.10655019248348
          ],
          [
            120.84058612367726,
            22.10613525714778
          ],
          [
            120.84059134915115,
            22.106130025396997
          ],
          [
            120.84059787007833,
            22.10612642434424
          ],
          [
            120.84060521228066,
            22.10612467616543
          ],
          [
            120.84061278522185,
            22.10612492146731
          ],
          [
            120.84061997980713,
            22.106127140520137
          ],
          [
            120.84062628604393,
            22.106131214285384
          ],
          [
            120.84117,
            22.1066
          ],
          [
            120.84123,
            22.10665
          ],
          [
            120.84126,
            22.10667
          ],
          [
            120.84135,
            22.10673
          ],
          [
            120.84139,
            22.10675
          ],
          [
            120.84146,
            22.10678
          ],
          [
            120.84154,
            22.10681
          ],
          [
            120.84157,
            22.10682
          ],
          [
            120.84161,
            22.10682
          ],
          [
            120.84169,
            22.10686
          ],
          [
            120.84175,
            22.10689
          ],
          [
            120.84179,
            22.1069
          ],
          [
            120.84185,
            22.10692
          ],
          [
            120.84191,
            22.10693
          ],
          [
            120.84201,
            22.10693
          ],
          [
            120.84211,
            22.10691
          ],
          [
            120.84228,
            22.10687
          ],
          [
            120.84239,
            22.10684
          ],
          [
            120.84251,
            22.10682
          ],
          [
            120.84253,
            22.10681
          ],
          [
            120.84264,
            22.10679
          ],
          [
            120.8427,
            22.10678
          ],
          [
            120.84281,
            22.10675
          ],
          [
            120.84296,
            22.10671
          ],
          [
            120.84307,
            22.10667
          ],
          [
            120.84362186943015,
            22.1064850190633
          ],
          [
            120.84364130509357,
            22.106480178808372
          ],
          [
            120.84366108265372,
            22.106478534931895
          ],
          [
            120.84368087179864,
            22.106480052595717
          ],
          [
            120.8437000962046,
            22.106484687600574
          ],
          [
            120.84371819599487,
            22.10649230496017
          ],
          [
            120.84373495483919,
            22.106502918221697
          ],
          [
            120.84406571723743,
            22.106752122184194
          ],
          [
            120.84407676092141,
            22.106762329462835
          ],
          [
            120.84408560605165,
            22.10677456533134
          ],
          [
            120.84409169212695,
            22.106788188062488
          ],
          [
            120.84409478025162,
            22.106802662925457
          ],
          [
            120.844094749208,
            22.106817421740818
          ],
          [
            120.84409164664022,
            22.10683174440299
          ],
          [
            120.84391811322158,
            22.107355488623643
          ],
          [
            120.844556355467,
            22.107997446303425
          ],
          [
            120.84457474454358,
            22.108022280804324
          ],
          [
            120.8445851682947,
            22.10805125360551
          ],
          [
            120.84458652390632,
            22.108081788974467
          ],
          [
            120.84457870393926,
            22.108111466827296
          ],
          [
            120.84456232816586,
            22.108137935042638
          ],
          [
            120.84453900924068,
            22.10815888383374
          ],
          [
            120.84354380200689,
            22.108826215455455
          ],
          [
            120.8435312578244,
            22.108836352745666
          ],
          [
            120.84352060269582,
            22.108848607732174
          ],
          [
            120.84351242873028,
            22.108862422684524
          ],
          [
            120.84350699171729,
            22.10887736528866
          ],
          [
            120.84350446179839,
            22.108892967942683
          ],
          [
            120.84350490936671,
            22.108908671270513
          ],
          [
            120.84356385847228,
            22.10938265406591
          ],
          [
            120.84356405246504,
            22.109389498723026
          ],
          [
            120.84356294774848,
            22.109396299144244
          ],
          [
            120.84356057510948,
            22.10940281126308
          ],
          [
            120.84355700890241,
            22.109408831001016
          ],
          [
            120.84355236088605,
            22.1094141697099
          ],
          [
            120.84354688939762,
            22.10941858433229
          ],
          [
            120.84297864706329,
            22.109799401317662
          ],
          [
            120.84295532414353,
            22.109820354781554
          ],
          [
            120.84293894751737,
            22.109846829259865
          ],
          [
            120.84293113039848,
            22.10987651368285
          ],
          [
            120.84293249256551,
            22.10990705452712
          ],
          [
            120.84294292601935,
            22.10993603036811
          ],
          [
            120.842961326752,
            22.109960864441717
          ],
          [
            120.84315,
            22.11015
          ],
          [
            120.84317,
            22.11018
          ],
          [
            120.84319,
            22.11021
          ],
          [
            120.8432,
            22.11022
          ],
          [
            120.84321,
            22.11025
          ],
          [
            120.84321,
            22.1103
          ],
          [
            120.84321,
            22.11036
          ],
          [
            120.84321,
            22.11039
          ],
          [
            120.84321,
            22.1104
          ],
          [
            120.84321,
            22.11046
          ],
          [
            120.84321,
            22.1105
          ],
          [
            120.84322,
            22.11055
          ],
          [
            120.84323,
            22.1106
          ],
          [
            120.84324,
            22.11064
          ],
          [
            120.84326,
            22.11068
          ],
          [
            120.84329,
            22.11072
          ],
          [
            120.8433,
            22.11073
          ],
          [
            120.84360374609568,
            22.111035444940626
          ],
          [
            120.84361590719855,
            22.11105011190808
          ],
          [
            120.84362537424181,
            22.111066846349356
          ],
          [
            120.84363158294082,
            22.111084860310402
          ],
          [
            120.84363434465712,
            22.111103606474334
          ],
          [
            120.84363357548168,
            22.111122515277795
          ],
          [
            120.84362936646833,
            22.11114080700645
          ],
          [
            120.84355,
            22.11138
          ],
          [
            120.84354,
            22.11147
          ],
          [
            120.84353,
            22.11153
          ],
          [
            120.84353,
            22.11158
          ],
          [
            120.84353,
            22.11168
          ],
          [
            120.84352,
            22.11171
          ],
          [
            120.84351,
            22.11179
          ],
          [
            120.8435,
            22.11192
          ],
          [
            120.8432595846988,
            22.112645384446054
          ],
          [
            120.8432583017983,
            22.112650795735355
          ],
          [
            120.84325796326966,
            22.112656397144992
          ],
          [
            120.84325859961393,
            22.112661975950246
          ],
          [
            120.84326019409589,
            22.112667385434506
          ],
          [
            120.84326270478239,
            22.112672483334116
          ],
          [
            120.843265986495,
            22.11267704284878
          ],
          [
            120.84332,
            22.11274
          ],
          [
            120.84338,
            22.11281
          ],
          [
            120.84345,
            22.11288
          ],
          [
            120.8435,
            22.11294
          ],
          [
            120.84356,
            22.11301
          ],
          [
            120.84361,
            22.11307
          ],
          [
            120.84365,
            22.11312
          ],
          [
            120.84384783417165,
            22.113617153456943
          ],
          [
            120.84385994439711,
            22.11363821216876
          ],
          [
            120.84387764148683,
            22.11365521989163
          ],
          [
            120.84389964917622,
            22.113667064075713
          ],
          [
            120.84392428964686,
            22.113672841746165
          ],
          [
            120.84394968436285,
            22.11367211242596
          ],
          [
            120.84397412488586,
            22.11366482979945
          ],
          [
            120.84412,
            22.1136
          ],
          [
            120.84412,
            22.11359
          ],
          [
            120.8442,
            22.11356
          ],
          [
            120.84425,
            22.11354
          ],
          [
            120.8443,
            22.11352
          ],
          [
            120.84431,
            22.11352
          ],
          [
            120.84435,
            22.11352
          ],
          [
            120.84441,
            22.11352
          ],
          [
            120.8445,
            22.11354
          ],
          [
            120.84461,
            22.11358
          ],
          [
            120.84475,
            22.11362
          ],
          [
            120.84491,
            22.11369
          ],
          [
            120.84503,
            22.11374
          ],
          [
            120.84521,
            22.11381
          ],
          [
            120.84528,
            22.11384
          ],
          [
            120.8458425864748,
            22.1140970212895
          ],
          [
            120.84585891560033,
            22.114106160361995
          ],
          [
            120.84587365698226,
            22.11411787604769
          ],
          [
            120.84588611159266,
            22.114131710450778
          ],
          [
            120.84589593446971,
            22.114147280392682
          ],
          [
            120.84590285354419,
            22.114164154624707
          ],
          [
            120.8459066878182,
            22.11418195225039
          ],
          [
            120.84595,
            22.11453
          ],
          [
            120.84595,
            22.11454
          ],
          [
            120.84595,
            22.11459
          ],
          [
            120.84593,
            22.11465
          ],
          [
            120.84591,
            22.11471
          ],
          [
            120.84587,
            22.11477
          ],
          [
            120.8458,
            22.11486
          ],
          [
            120.84579,
            22.11487
          ],
          [
            120.84568,
            22.11501
          ],
          [
            120.84515807316562,
            22.115535147480216
          ],
          [
            120.84515062687554,
            22.115544016984035
          ],
          [
            120.84514467077689,
            22.115554101373863
          ],
          [
            120.84514054264211,
            22.115564952176474
          ],
          [
            120.84513835132705,
            22.115576283264183
          ],
          [
            120.8451381546151,
            22.11558779584456
          ],
          [
            120.8451399313111,
            22.11559907975643
          ],
          [
            120.84529293985413,
            22.116214263513804
          ],
          [
            120.84530349978293,
            22.11624071527257
          ],
          [
            120.84532089043725,
            22.116263610128094
          ],
          [
            120.84534399021109,
            22.11628158137211
          ],
          [
            120.84537125566597,
            22.11629342823486
          ],
          [
            120.8454008650285,
            22.11629835915432
          ],
          [
            120.84543100508208,
            22.116296011374097
          ],
          [
            120.84621414051905,
            22.116138704306103
          ],
          [
            120.84624084477379,
            22.11613625041876
          ],
          [
            120.84626727756566,
            22.11613953018734
          ],
          [
            120.84629221595168,
            22.116148338020093
          ],
          [
            120.8463143502357,
            22.1161622113536
          ],
          [
            120.84633251798533,
            22.11618042159814
          ],
          [
            120.84634588114317,
            22.11620226604786
          ],
          [
            120.84646,
            22.11645
          ],
          [
            120.84649,
            22.1165
          ],
          [
            120.84653,
            22.11655
          ],
          [
            120.84657,
            22.11659
          ],
          [
            120.84661,
            22.11663
          ],
          [
            120.84665,
            22.11668
          ],
          [
            120.84671,
            22.11684
          ],
          [
            120.84703112669393,
            22.117550489168913
          ],
          [
            120.84703446947259,
            22.117560495759303
          ],
          [
            120.84703574457748,
            22.117571049325758
          ],
          [
            120.84703484757779,
            22.11758163670538
          ],
          [
            120.84703181114051,
            22.11759187232581
          ],
          [
            120.84702674584699,
            22.117601383425086
          ],
          [
            120.84701997806927,
            22.117609680382497
          ],
          [
            120.84695663342225,
            22.11767317862899
          ],
          [
            120.8462374352076,
            22.11746639739448
          ],
          [
            120.84623125522853,
            22.117465136920202
          ],
          [
            120.8462250100589,
            22.117464862140025
          ],
          [
            120.84621880290298,
            22.11746556036226
          ],
          [
            120.84621280671305,
            22.117467212132084
          ],
          [
            120.84620718856318,
            22.117469771425625
          ],
          [
            120.84620200608653,
            22.117473245714148
          ],
          [
            120.84545,
            22.11807
          ],
          [
            120.8449698049525,
            22.118517869549564
          ],
          [
            120.84495603512254,
            22.118533486513016
          ],
          [
            120.84494544697016,
            22.11855156565507
          ],
          [
            120.84493871049874,
            22.118571185418865
          ],
          [
            120.84493606832359,
            22.11859163919481
          ],
          [
            120.84493761560319,
            22.118612190336215
          ],
          [
            120.84494320439721,
            22.118631865829734
          ],
          [
            120.84505,
            22.1189
          ],
          [
            120.84507111143206,
            22.118984673049123
          ],
          [
            120.84507317492677,
            22.118990671710083
          ],
          [
            120.84507625022536,
            22.118996215434937
          ],
          [
            120.84508026654223,
            22.11900120788443
          ],
          [
            120.84508511310747,
            22.119005511367007
          ],
          [
            120.84509065625303,
            22.119009007192776
          ],
          [
            120.84509665804843,
            22.119011570327274
          ],
          [
            120.84545,
            22.11913
          ],
          [
            120.84552,
            22.11916
          ],
          [
            120.84564,
            22.11921
          ],
          [
            120.84571,
            22.11925
          ],
          [
            120.84576,
            22.11929
          ],
          [
            120.84583,
            22.11936
          ],
          [
            120.84588,
            22.11947
          ],
          [
            120.84616,
            22.11971
          ],
          [
            120.84623,
            22.11978
          ],
          [
            120.84628,
            22.11984
          ],
          [
            120.8465,
            22.12017
          ],
          [
            120.84651,
            22.1202
          ],
          [
            120.84654,
            22.12024
          ],
          [
            120.84655,
            22.12028
          ],
          [
            120.84656,
            22.12034
          ],
          [
            120.84657,
            22.12047
          ],
          [
            120.84658,
            22.1205
          ],
          [
            120.84659,
            22.12053
          ],
          [
            120.8466,
            22.12057
          ],
          [
            120.84662,
            22.1206
          ],
          [
            120.84668,
            22.12067
          ],
          [
            120.84662,
            22.1206
          ],
          [
            120.8466,
            22.12057
          ],
          [
            120.84659,
            22.12053
          ],
          [
            120.84658,
            22.1205
          ],
          [
            120.84657,
            22.12047
          ],
          [
            120.84656,
            22.12034
          ],
          [
            120.84655,
            22.12028
          ],
          [
            120.84654,
            22.12024
          ],
          [
            120.84651,
            22.1202
          ],
          [
            120.8465,
            22.12017
          ],
          [
            120.84628,
            22.11984
          ],
          [
            120.84623,
            22.11978
          ],
          [
            120.84616,
            22.11971
          ],
          [
            120.84588,
            22.11947
          ],
          [
            120.84583,
            22.11936
          ],
          [
            120.84576,
            22.11929
          ],
          [
            120.84571,
            22.11925
          ],
          [
            120.84504622354922,
            22.11886840716319
          ],
          [
            120.84503857148627,
            22.118862961724222
          ],
          [
            120.84503208243294,
            22.118856133887803
          ],
          [
            120.8450271373991,
            22.11884826080429
          ],
          [
            120.84502392449183,
            22.11883964196257
          ],
          [
            120.84502256592882,
            22.118830605219895
          ],
          [
            120.84502310526847,
            22.118821543345668
          ],
          [
            120.84504,
            22.11872
          ],
          [
            120.84506,
            22.11859
          ],
          [
            120.84509,
            22.11849
          ],
          [
            120.84511,
            22.11842
          ],
          [
            120.84514,
            22.11837
          ],
          [
            120.84517,
            22.11833
          ],
          [
            120.84527,
            22.11823
          ],
          [
            120.84531,
            22.1182
          ],
          [
            120.84545,
            22.11807
          ],
          [
            120.84620200554991,
            22.117473245716692
          ],
          [
            120.8462071880552,
            22.117469771393512
          ],
          [
            120.84621280623927,
            22.11746721207161
          ],
          [
            120.8462188024687,
            22.117465560281403
          ],
          [
            120.8462250096675,
            22.11746486204757
          ],
          [
            120.84623125488136,
            22.117465136825352
          ],
          [
            120.84623743490403,
            22.117466397307226
          ],
          [
            120.84691682089404,
            22.117661607454664
          ],
          [
            120.84693188380356,
            22.11766364723596
          ],
          [
            120.84694679486073,
            22.117661281091756
          ],
          [
            120.84696021012593,
            22.117654763611696
          ],
          [
            120.84697083733504,
            22.11764472261085
          ],
          [
            120.8469776527915,
            22.11763212531759
          ],
          [
            120.84697999999999,
            22.117618185202534
          ],
          [
            120.84698,
            22.11755
          ],
          [
            120.84698,
            22.11752
          ],
          [
            120.84697,
            22.1175
          ],
          [
            120.8469,
            22.1173
          ],
          [
            120.84685,
            22.11718
          ],
          [
            120.84681,
            22.11705
          ],
          [
            120.84676,
            22.11695
          ],
          [
            120.84671,
            22.11684
          ],
          [
            120.84646706308183,
            22.11618923309923
          ],
          [
            120.84645450048947,
            22.116165315509182
          ],
          [
            120.8464362593491,
            22.116145132292466
          ],
          [
            120.8464133355546,
            22.116129653905254
          ],
          [
            120.84638708487255,
            22.1161197957754
          ],
          [
            120.84635905982938,
            22.11611614093565
          ],
          [
            120.84633074269594,
            22.116118943416502
          ],
          [
            120.84550846952729,
            22.116295974539998
          ],
          [
            120.84548624776562,
            22.11629825416632
          ],
          [
            120.84546421771557,
            22.116295613561693
          ],
          [
            120.845443464214,
            22.116288230429777
          ],
          [
            120.84542514285152,
            22.116276515876045
          ],
          [
            120.84541027379309,
            22.116261122186973
          ],
          [
            120.84539960133662,
            22.116242709861652
          ],
          [
            120.84516590771898,
            22.115694771290556
          ],
          [
            120.84516013970011,
            22.11567665246222
          ],
          [
            120.84515782031305,
            22.115657613655145
          ],
          [
            120.84515912497447,
            22.11563849097047
          ],
          [
            120.84516401303742,
            22.115619880178755
          ],
          [
            120.84517233221345,
            22.115602361102475
          ],
          [
            120.8451835715809,
            22.11558676968896
          ],
          [
            120.84539,
            22.11535
          ],
          [
            120.84544,
            22.11529
          ],
          [
            120.84564,
            22.11505
          ],
          [
            120.84599713899648,
            22.114690939014533
          ],
          [
            120.84601012228092,
            22.114675070620276
          ],
          [
            120.84601992053234,
            22.11465689830716
          ],
          [
            120.84602591295955,
            22.114637339601735
          ],
          [
            120.8460278891512,
            22.114617081266346
          ],
          [
            120.84602577971751,
            22.114596834629364
          ],
          [
            120.84601976194938,
            22.11457755359222
          ],
          [
            120.84588,
            22.11425
          ],
          [
            120.84585,
            22.11419
          ],
          [
            120.8458,
            22.11413
          ],
          [
            120.84576,
            22.11408
          ],
          [
            120.84573,
            22.11406
          ],
          [
            120.84569,
            22.11403
          ],
          [
            120.84561,
            22.11399
          ],
          [
            120.84556,
            22.11397
          ],
          [
            120.84539,
            22.11389
          ],
          [
            120.84528,
            22.11384
          ],
          [
            120.84521,
            22.11381
          ],
          [
            120.84503,
            22.11374
          ],
          [
            120.84491,
            22.11369
          ],
          [
            120.84475,
            22.11362
          ],
          [
            120.84461,
            22.11358
          ],
          [
            120.8445,
            22.11354
          ],
          [
            120.84441,
            22.11352
          ],
          [
            120.84368999999998,
            22.11352
          ],
          [
            120.84369,
            22.11348
          ],
          [
            120.84369,
            22.11343
          ],
          [
            120.84369,
            22.11335
          ],
          [
            120.84369,
            22.11329
          ],
          [
            120.84369,
            22.11323
          ],
          [
            120.84367,
            22.11317
          ],
          [
            120.84365,
            22.11312
          ],
          [
            120.84319838465952,
            22.112552099955206
          ],
          [
            120.84319126345218,
            22.112540520087524
          ],
          [
            120.84318708999086,
            22.112527545050845
          ],
          [
            120.84318621186434,
            22.112514023149515
          ],
          [
            120.84318867573475,
            22.112500672914457
          ],
          [
            120.84319435067624,
            22.11248820375456
          ],
          [
            120.84320278523,
            22.11247742947805
          ],
          [
            120.84329,
            22.11239
          ],
          [
            120.84332,
            22.11233
          ],
          [
            120.84338,
            22.11222
          ],
          [
            120.84343,
            22.11214
          ],
          [
            120.84346,
            22.11204
          ],
          [
            120.8435,
            22.11192
          ],
          [
            120.84351,
            22.11179
          ],
          [
            120.84352,
            22.11171
          ],
          [
            120.84369156923059,
            22.111192266487627
          ],
          [
            120.84369577684261,
            22.111173970072308
          ],
          [
            120.84369654301015,
            22.11115505691945
          ],
          [
            120.84369377673296,
            22.11113630706073
          ],
          [
            120.84368756209629,
            22.11111829042708
          ],
          [
            120.84367808800364,
            22.111101554661932
          ],
          [
            120.84366591923785,
            22.111086887881424
          ],
          [
            120.84345,
            22.11087
          ],
          [
            120.84343,
            22.11086
          ],
          [
            120.8434,
            22.11083
          ],
          [
            120.84336,
            22.11079
          ],
          [
            120.84332,
            22.11075
          ],
          [
            120.8433,
            22.11073
          ],
          [
            120.84329,
            22.11072
          ],
          [
            120.84292070738891,
            22.110224843831368
          ],
          [
            120.84290946093245,
            22.110205309259573
          ],
          [
            120.8429030579222,
            22.110183615904962
          ],
          [
            120.84290202416676,
            22.110161135689093
          ],
          [
            120.84290641217027,
            22.110139010375875
          ],
          [
            120.84291599906726,
            22.11011836370381
          ],
          [
            120.84293004342277,
            22.110100501318932
          ],
          [
            120.84356749383196,
            22.109459213042747
          ],
          [
            120.84357342758271,
            22.109452143289456
          ],
          [
            120.84357817360514,
            22.109444105392555
          ],
          [
            120.84358146272996,
            22.109435456799716
          ],
          [
            120.84358320822845,
            22.10942642556
          ],
          [
            120.8435833640747,
            22.109417249812225
          ],
          [
            120.84358194723134,
            22.109408256478844
          ],
          [
            120.84347399626918,
            22.108974283154115
          ],
          [
            120.84347109114043,
            22.10895339562931
          ],
          [
            120.84347259296993,
            22.108932212693187
          ],
          [
            120.84347848471162,
            22.10891170750435
          ],
          [
            120.8434885410513,
            22.10889266423001
          ],
          [
            120.84350237741059,
            22.108875811130268
          ],
          [
            120.84351914982898,
            22.108862004609044
          ],
          [
            120.84440586060299,
            22.10826752108393
          ],
          [
            120.84442357729901,
            22.108252757847076
          ],
          [
            120.84443790864378,
            22.108234633333023
          ],
          [
            120.84444792290513,
            22.108214139661282
          ],
          [
            120.84445318900899,
            22.108192159002748
          ],
          [
            120.84445348027057,
            22.108169637537177
          ],
          [
            120.8444488519231,
            22.108147749895902
          ],
          [
            120.84428573973604,
            22.107655950818305
          ],
          [
            120.84427953655549,
            22.107641574996954
          ],
          [
            120.84427093133183,
            22.107628530596706
          ],
          [
            120.84426010944777,
            22.107617012394144
          ],
          [
            120.84424737563813,
            22.10760734473185
          ],
          [
            120.84423308847597,
            22.107599799842806
          ],
          [
            120.84421781751851,
            22.107594632346462
          ],
          [
            120.84399785039042,
            22.107539485038192
          ],
          [
            120.84398732838142,
            22.107535434528955
          ],
          [
            120.84397817979736,
            22.107528993315444
          ],
          [
            120.84397107759384,
            22.107520600541935
          ],
          [
            120.84396648474126,
            22.10751080330704
          ],
          [
            120.8439647006333,
            22.107500240261803
          ],
          [
            120.84396582599011,
            22.10748966288531
          ],
          [
            120.84420272644246,
            22.106537009981288
          ],
          [
            120.84420501808769,
            22.106501023403215
          ],
          [
            120.8441944761789,
            22.106466169634018
          ],
          [
            120.84417223355105,
            22.10643649057419
          ],
          [
            120.84414076557611,
            22.106415289192793
          ],
          [
            120.84410357431068,
            22.106404924981916
          ],
          [
            120.8440646333824,
            22.106406584811218
          ],
          [
            120.8435,
            22.10652
          ],
          [
            120.84344,
            22.10653
          ],
          [
            120.84343,
            22.10653
          ],
          [
            120.84336,
            22.10655
          ],
          [
            120.84325,
            22.1066
          ],
          [
            120.84313,
            22.10665
          ],
          [
            120.84307,
            22.10667
          ],
          [
            120.84296,
            22.10671
          ],
          [
            120.84281,
            22.10675
          ],
          [
            120.8427,
            22.10678
          ],
          [
            120.84264,
            22.10679
          ],
          [
            120.84253,
            22.10681
          ],
          [
            120.84251,
            22.10682
          ],
          [
            120.84239,
            22.10684
          ],
          [
            120.84228,
            22.10687
          ],
          [
            120.84211,
            22.10691
          ],
          [
            120.84201,
            22.10693
          ],
          [
            120.84191,
            22.10693
          ],
          [
            120.84185,
            22.10692
          ],
          [
            120.84179,
            22.1069
          ],
          [
            120.84175,
            22.10689
          ],
          [
            120.84169,
            22.10686
          ],
          [
            120.84161,
            22.10682
          ],
          [
            120.84123781662217,
            22.10682
          ],
          [
            120.84121590400191,
            22.10681805739752
          ],
          [
            120.84119477561708,
            22.106812299114306
          ],
          [
            120.84117518763595,
            22.106802931234775
          ],
          [
            120.84115784109696,
            22.106790289027966
          ],
          [
            120.84114335681907,
            22.106774824948506
          ],
          [
            120.84113212253438,
            22.10675682868156
          ],
          [
            120.84081414285454,
            22.10611830717787
          ],
          [
            120.8407894538414,
            22.10608577033055
          ],
          [
            120.84075412770862,
            22.10606385665717
          ],
          [
            120.84071272984886,
            22.10605521536507
          ],
          [
            120.84067076336684,
            22.106060995159428
          ],
          [
            120.84063380695551,
            22.106080427719988
          ],
          [
            120.84060660538,
            22.106111213044567
          ],
          [
            120.84033982675473,
            22.106556535102385
          ],
          [
            120.84031546550477,
            22.10658465725637
          ],
          [
            120.84028256296159,
            22.106603179783928
          ],
          [
            120.84024487269662,
            22.106610169954504
          ],
          [
            120.84020687911814,
            22.10660479607379
          ],
          [
            120.8401731027228,
            22.10658769752904
          ],
          [
            120.84014737859928,
            22.10656063093267
          ],
          [
            120.84008351767316,
            22.106465313749553
          ],
          [
            120.84041814875421,
            22.105792065076155
          ],
          [
            120.84042461711228,
            22.105775557522495
          ],
          [
            120.84042817858362,
            22.10575800337657
          ],
          [
            120.84042860599149,
            22.10574014193669
          ],
          [
            120.84042588775962,
            22.105722456976547
          ],
          [
            120.84042009751083,
            22.105705427489937
          ],
          [
            120.84041158404216,
            22.105689804998114
          ],
          [
            120.84002,
            22.1051
          ],
          [
            120.8397782176798,
            22.104776104677768
          ],
          [
            120.83977124482595,
            22.104764900303287
          ],
          [
            120.83976615614642,
            22.104752554889895
          ],
          [
            120.83976324842529,
            22.10473960917453
          ],
          [
            120.83976259647345,
            22.104726396229104
          ],
          [
            120.83976421706454,
            22.104713256000895
          ],
          [
            120.83976799833421,
            22.104700703502537
          ],
          [
            120.83984,
            22.10452
          ],
          [
            120.83984,
            22.1045
          ],
          [
            120.83987,
            22.1044
          ],
          [
            120.83988,
            22.10435
          ],
          [
            120.83989,
            22.10433
          ],
          [
            120.8399,
            22.10426
          ],
          [
            120.83991,
            22.10421
          ],
          [
            120.8399,
            22.10415
          ],
          [
            120.8399,
            22.10409
          ],
          [
            120.83989,
            22.10402
          ],
          [
            120.83988,
            22.10399
          ],
          [
            120.83987,
            22.10396
          ],
          [
            120.83987,
            22.1039
          ],
          [
            120.83989,
            22.10382
          ],
          [
            120.83989,
            22.10381
          ],
          [
            120.83991,
            22.10375
          ],
          [
            120.83993,
            22.10368
          ],
          [
            120.83995,
            22.10364
          ],
          [
            120.83996,
            22.10362
          ],
          [
            120.83999,
            22.10357
          ],
          [
            120.84,
            22.10356
          ],
          [
            120.84003,
            22.10352
          ],
          [
            120.84004,
            22.10351
          ],
          [
            120.84004,
            22.1035
          ],
          [
            120.84005,
            22.10348
          ],
          [
            120.84006,
            22.10345
          ],
          [
            120.84007,
            22.10337
          ],
          [
            120.8401,
            22.10326
          ],
          [
            120.84011,
            22.10317
          ],
          [
            120.84013,
            22.10313
          ],
          [
            120.84015,
            22.10309
          ],
          [
            120.84016,
            22.10307
          ],
          [
            120.84015451858892,
            22.10307566118477
          ],
          [
            120.84027,
            22.10354
          ],
          [
            120.84029,
            22.1036
          ],
          [
            120.8403,
            22.10363
          ],
          [
            120.8403,
            22.10366
          ],
          [
            120.84034,
            22.10377
          ],
          [
            120.84036,
            22.10382
          ],
          [
            120.84039,
            22.10394
          ],
          [
            120.84041,
            22.10403
          ],
          [
            120.84042,
            22.10408
          ],
          [
            120.84044,
            22.10411
          ],
          [
            120.84045,
            22.10413
          ],
          [
            120.84046,
            22.10415
          ],
          [
            120.84076632319946,
            22.104663309384243
          ],
          [
            120.84078136883414,
            22.104683112119456
          ],
          [
            120.84080047186788,
            22.104699112626463
          ],
          [
            120.84082287053279,
            22.10471081504188
          ],
          [
            120.84084747442604,
            22.1047176496734
          ],
          [
            120.84087308579079,
            22.10471928380024
          ],
          [
            120.84089865692604,
            22.104715587627826
          ],
          [
            120.84132123657164,
            22.104609474390788
          ],
          [
            120.84133472945517,
            22.104604946935215
          ],
          [
            120.84134740653246,
            22.104598385440138
          ],
          [
            120.84135878215704,
            22.104590000652586
          ],
          [
            120.84136855795174,
            22.104580012501557
          ],
          [
            120.84137647750204,
            22.104568682971514
          ],
          [
            120.84138239689938,
            22.104556137551214
          ],
          [
            120.84175483043923,
            22.103557865740676
          ],
          [
            120.84177418137253,
            22.103525215811977
          ],
          [
            120.84180402116897,
            22.103500730323553
          ],
          [
            120.84184095183123,
            22.103487042395386
          ],
          [
            120.841880665385,
            22.10348574872894
          ],
          [
            120.84191852923075,
            22.10349700023085
          ],
          [
            120.8419504031212,
            22.103519763981115
          ],
          [
            120.8422,
            22.10377
          ],
          [
            120.8426512810865,
            22.104337727858038
          ],
          [
            120.84274899770396,
            22.10431813904505
          ],
          [
            120.84275630361441,
            22.10431607963261
          ],
          [
            120.84276322512143,
            22.104312929090778
          ],
          [
            120.84276951488383,
            22.1043087827986
          ],
          [
            120.84277500979093,
            22.10430374828074
          ],
          [
            120.8427795673448,
            22.10429795609598
          ],
          [
            120.84278311436765,
            22.104291454375726
          ],
          [
            120.84289,
            22.10405
          ],
          [
            120.84289,
            22.10403
          ],
          [
            120.84294,
            22.10396
          ],
          [
            120.843,
            22.10387
          ],
          [
            120.84308,
            22.10379
          ],
          [
            120.84315,
            22.10373
          ],
          [
            120.84322,
            22.10367
          ],
          [
            120.84327,
            22.10365
          ],
          [
            120.84328,
            22.10364
          ],
          [
            120.84331,
            22.10362
          ],
          [
            120.84341,
            22.10357
          ],
          [
            120.84351,
            22.10351
          ],
          [
            120.8436,
            22.10347
          ],
          [
            120.84361,
            22.10346
          ],
          [
            120.84362,
            22.10346
          ],
          [
            120.8437,
            22.10343
          ],
          [
            120.84379,
            22.1034
          ],
          [
            120.8439,
            22.10337
          ],
          [
            120.84397,
            22.10335
          ],
          [
            120.84404,
            22.10332
          ],
          [
            120.84414,
            22.10328
          ],
          [
            120.84423,
            22.10324
          ],
          [
            120.84433,
            22.1032
          ],
          [
            120.84434,
            22.1032
          ],
          [
            120.84435,
            22.10319
          ],
          [
            120.84444,
            22.10315
          ],
          [
            120.8445,
            22.10311
          ],
          [
            120.84451,
            22.10311
          ],
          [
            120.84464,
            22.10304
          ],
          [
            120.84520464370205,
            22.102734497632675
          ],
          [
            120.8452242767241,
            22.10272596994987
          ],
          [
            120.84524491208794,
            22.102721036994254
          ],
          [
            120.84526616549897,
            22.102719697052315
          ],
          [
            120.84528732451697,
            22.102721995040543
          ],
          [
            120.84530767986585,
            22.102727853927572
          ],
          [
            120.84532686257718,
            22.102737267190786
          ],
          [
            120.84563,
            22.10292
          ],
          [
            120.84568,
            22.10297
          ],
          [
            120.84578434873177,
            22.103179416471967
          ],
          [
            120.8457951324637,
            22.103196676805617
          ],
          [
            120.84580903168988,
            22.103211507533434
          ],
          [
            120.84582567485091,
            22.103223631511963
          ],
          [
            120.845844466724,
            22.10323261514155
          ],
          [
            120.84586473524016,
            22.10323813713338
          ],
          [
            120.84588575552034,
            22.10324
          ],
          [
            120.84623208562756,
            22.10324
          ],
          [
            120.84623646317205,
            22.103240336084735
          ],
          [
            120.84624072295827,
            22.103241335298065
          ],
          [
            120.84624475039574,
            22.103242970760636
          ],
          [
            120.84624843714425,
            22.103245198477637
          ],
          [
            120.84625168402836,
            22.10324795852231
          ],
          [
            120.84625445145898,
            22.10325124407294
          ],
          [
            120.8464236826426,
            22.10348923796241
          ],
          [
            120.84642880390332,
            22.103495305695702
          ],
          [
            120.84643480906433,
            22.10350040216644
          ],
          [
            120.84644162552297,
            22.10350451534183
          ],
          [
            120.84644907031213,
            22.103507534816192
          ],
          [
            120.8464569435991,
            22.103509379540924
          ],
          [
            120.84646503404947,
            22.10351
          ],
          [
            120.8472,
            22.10351
          ],
          [
            120.84729,
            22.10352
          ],
          [
            120.84738,
            22.10352
          ],
          [
            120.84742,
            22.10353
          ],
          [
            120.84818181679778,
            22.10353
          ],
          [
            120.84819130865637,
            22.10353071187614
          ],
          [
            120.84820055678017,
            22.10353282922479
          ],
          [
            120.84820932369307,
            22.103536297676044
          ],
          [
            120.84821738427561,
            22.103541028165953
          ],
          [
            120.84822453154577,
            22.103546899223584
          ],
          [
            120.84823069354027,
            22.103553910122514
          ],
          [
            120.84831,
            22.10366
          ],
          [
            120.84834,
            22.10371
          ],
          [
            120.84841,
            22.10382
          ],
          [
            120.84842,
            22.10384
          ],
          [
            120.84849,
            22.10396
          ],
          [
            120.84852,
            22.104
          ],
          [
            120.84857,
            22.10408
          ],
          [
            120.84867,
            22.10419
          ],
          [
            120.84873,
            22.10429
          ],
          [
            120.84877,
            22.10436
          ],
          [
            120.84879,
            22.10441
          ],
          [
            120.8488,
            22.10446
          ],
          [
            120.84881,
            22.10452
          ],
          [
            120.84881,
            22.10459
          ],
          [
            120.84881,
            22.10466
          ],
          [
            120.84881000000001,
            22.10531144201194
          ],
          [
            120.84881396452634,
            22.1053395389001
          ],
          [
            120.84882558792918,
            22.105365721029916
          ],
          [
            120.84884407809207,
            22.10538820413078
          ],
          [
            120.84886817493974,
            22.105405456015035
          ],
          [
            120.84889623631024,
            22.105416300994147
          ],
          [
            120.84892634986632,
            22.10542
          ],
          [
            120.84929,
            22.10542
          ],
          [
            120.84932,
            22.10542
          ],
          [
            120.84938,
            22.10541
          ],
          [
            120.84946,
            22.10541
          ],
          [
            120.85014464937736,
            22.105262564119172
          ],
          [
            120.85016811002923,
            22.105259774790426
          ],
          [
            120.85019151340646,
            22.105261439801996
          ],
          [
            120.85021408242488,
            22.10526745347299
          ],
          [
            120.85023489863343,
            22.105277571075774
          ],
          [
            120.85025311491204,
            22.105291380872345
          ],
          [
            120.85026819724622,
            22.105308613816785
          ],
          [
            120.85046520287162,
            22.1055854536007
          ],
          [
            120.85047125369655,
            22.105592626959115
          ],
          [
            120.85047835004467,
            22.10559865235089
          ],
          [
            120.8504864059057,
            22.10560351534647
          ],
          [
            120.8504952049025,
            22.105607085327783
          ],
          [
            120.85050451069763,
            22.105609266406585
          ],
          [
            120.8505140733413,
            22.10561
          ],
          [
            120.8512953466879,
            22.10561
          ],
          [
            120.85130600833168,
            22.10561084450878
          ],
          [
            120.85131636481022,
            22.105613353862978
          ],
          [
            120.85132611969294,
            22.105617456238054
          ],
          [
            120.85133499376859,
            22.105623034212883
          ],
          [
            120.85134273303699,
            22.105629928130654
          ],
          [
            120.85134922033946,
            22.105638098484924
          ],
          [
            120.85151032469439,
            22.10588061981162
          ],
          [
            120.8515171179145,
            22.10588916381155
          ],
          [
            120.85152521892391,
            22.10589637227994
          ],
          [
            120.85153450565966,
            22.105902204430677
          ],
          [
            120.85154471267937,
            22.10590649356364
          ],
          [
            120.85155554823623,
            22.105909117082728
          ],
          [
            120.85156670261807,
            22.10591
          ],
          [
            120.85236547865719,
            22.10591
          ],
          [
            120.85239717780745,
            22.105914647710897
          ],
          [
            120.85242582127593,
            22.1059281428213
          ],
          [
            120.85244864793738,
            22.105949184452083
          ],
          [
            120.85246345738538,
            22.105975744267244
          ],
          [
            120.85246882204348,
            22.106005261998057
          ],
          [
            120.85246428484217,
            22.106034709999765
          ],
          [
            120.85220272534843,
            22.106822642122577
          ],
          [
            120.85219779063681,
            22.106860557832185
          ],
          [
            120.85220732787224,
            22.106897918275184
          ],
          [
            120.85223021105247,
            22.10692984227117
          ],
          [
            120.85226357612875,
            22.106952334226882
          ],
          [
            120.85230324714284,
            22.106962579059054
          ],
          [
            120.8523444580601,
            22.106959244275625
          ],
          [
            120.85278,
            22.10685
          ],
          [
            120.85342740249317,
            22.106524533091896
          ],
          [
            120.85344449926302,
            22.106517736318395
          ],
          [
            120.85346237380367,
            22.106514093986505
          ],
          [
            120.85348066212296,
            22.106513603624826
          ],
          [
            120.853498731351,
            22.1065162822024
          ],
          [
            120.85351595619962,
            22.106522037026664
          ],
          [
            120.85353200669145,
            22.106530848096824
          ],
          [
            120.85371,
            22.10665
          ],
          [
            120.8543747910783,
            22.107127787581433
          ],
          [
            120.85437913590408,
            22.10713041340385
          ],
          [
            120.85438379605996,
            22.10713228456474
          ],
          [
            120.85438872437666,
            22.107133408354
          ],
          [
            120.8543937842289,
            22.10713375361737
          ],
          [
            120.8543988353449,
            22.107133310783283
          ],
          [
            120.85440380184713,
            22.107132070629373
          ],
          [
            120.85501014647356,
            22.106929090735875
          ],
          [
            120.85504999425228,
            22.106922604367814
          ],
          [
            120.85508956873409,
            22.106929154838543
          ],
          [
            120.85512439323028,
            22.10694787775194
          ],
          [
            120.85515031216408,
            22.10697653891904
          ],
          [
            120.85516423265165,
            22.107011718227728
          ],
          [
            120.85516451559202,
            22.10704909468999
          ],
          [
            120.85503205405271,
            22.10777973895928
          ],
          [
            120.85503274079468,
            22.10781907818544
          ],
          [
            120.8550484821262,
            22.10785571082149
          ],
          [
            120.85507721959333,
            22.107884671926712
          ],
          [
            120.85511515483563,
            22.10790213358137
          ],
          [
            120.85515727378124,
            22.10790578779991
          ],
          [
            120.85519830015693,
            22.10789501827618
          ],
          [
            120.85587685312107,
            22.10758539155689
          ],
          [
            120.85588817723449,
            22.10758128272974
          ],
          [
            120.8558999003697,
            22.10757908827061
          ],
          [
            120.85591185291916,
            22.107578792645327
          ],
          [
            120.85592368420045,
            22.10758040452739
          ],
          [
            120.855935047089,
            22.107583876624904
          ],
          [
            120.8559457961964,
            22.10758922083637
          ],
          [
            120.85635011933411,
            22.107832525265753
          ],
          [
            120.8563886146674,
            22.107847592949607
          ],
          [
            120.85642996256892,
            22.107849062843947
          ],
          [
            120.85646924715142,
            22.1078369389397
          ],
          [
            120.85650150005505,
            22.107812754558967
          ],
          [
            120.85652264222335,
            22.107779568324183
          ],
          [
            120.85653,
            22.107741577331122
          ],
          [
            120.85653,
            22.107016121533853
          ],
          [
            120.85653682582522,
            22.106979485864702
          ],
          [
            120.85655650241704,
            22.106947148710926
          ],
          [
            120.85658672109284,
            22.10692290423695
          ],
          [
            120.85662393625225,
            22.106909597081525
          ],
          [
            120.85666378138748,
            22.1069087885922
          ],
          [
            120.85670188254674,
            22.106920725806987
          ],
          [
            120.85733519298522,
            22.107238523617813
          ],
          [
            120.8573669046765,
            22.107249388335816
          ],
          [
            120.85740028357878,
            22.10725132219453
          ],
          [
            120.85743287321155,
            22.107244317525453
          ],
          [
            120.85746198109437,
            22.107228953038213
          ],
          [
            120.85748520240104,
            22.107206498111356
          ],
          [
            120.85750070173673,
            22.107178584725016
          ],
          [
            120.85767036252936,
            22.106724491335424
          ],
          [
            120.85767831884293,
            22.106707741847675
          ],
          [
            120.85768902355002,
            22.10669266451529
          ],
          [
            120.85770226249421,
            22.106679454550015
          ],
          [
            120.8577176682371,
            22.106668478585984
          ],
          [
            120.85773481320213,
            22.10666004125403
          ],
          [
            120.85775304072546,
            22.10665441728731
          ],
          [
            120.85831,
            22.10653
          ],
          [
            120.85907522435294,
            22.10642013198908
          ],
          [
            120.85910180340188,
            22.10641915642399
          ],
          [
            120.85912780750367,
            22.10642380413143
          ],
          [
            120.85915201210808,
            22.10643381683196
          ],
          [
            120.85917316380217,
            22.106448676027174
          ],
          [
            120.85919016726508,
            22.106467612247446
          ],
          [
            120.85920223418414,
            22.10648987780039
          ],
          [
            120.85942051949871,
            22.107037778803676
          ],
          [
            120.85943753652391,
            22.107066522180393
          ],
          [
            120.85946276862771,
            22.107089060718316
          ],
          [
            120.85949403377458,
            22.10710359572383
          ],
          [
            120.85952851391212,
            22.107108817098894
          ],
          [
            120.85956310120791,
            22.107104254220133
          ],
          [
            120.85959499268931,
            22.10709012022506
          ],
          [
            120.86036291322529,
            22.10660830803418
          ],
          [
            120.86039583731119,
            22.10659388461403
          ],
          [
            120.86043154647263,
            22.106589640334438
          ],
          [
            120.86046693701944,
            22.106595783166654
          ],
          [
            120.86049862130517,
            22.1066117251078
          ],
          [
            120.86052356645328,
            22.106635940166726
          ],
          [
            120.86053945220033,
            22.106666315628495
          ],
          [
            120.86069,
            22.10712
          ],
          [
            120.86069,
            22.10715
          ],
          [
            120.86069,
            22.107811617501525
          ],
          [
            120.86069131492377,
            22.107823585678453
          ],
          [
            120.86069520500072,
            22.107835056037555
          ],
          [
            120.86070150842258,
            22.107845551467793
          ],
          [
            120.86070996299775,
            22.107854635410426
          ],
          [
            120.86072021705708,
            22.107861930017727
          ],
          [
            120.86073171062951,
            22.10786708696499
          ],
          [
            120.86086,
            22.10791
          ],
          [
            120.86094,
            22.10794
          ],
          [
            120.86097,
            22.10796
          ],
          [
            120.86113,
            22.108
          ],
          [
            120.86115,
            22.108
          ],
          [
            120.86135,
            22.10807
          ],
          [
            120.86149,
            22.10814
          ],
          [
            120.86163,
            22.10821
          ],
          [
            120.86181,
            22.10832
          ],
          [
            120.86198,
            22.10842
          ],
          [
            120.8621,
            22.10847
          ],
          [
            120.86215,
            22.10849
          ],
          [
            120.86219,
            22.1085
          ],
          [
            120.86225,
            22.1085
          ],
          [
            120.86232,
            22.1085
          ],
          [
            120.86235,
            22.1085
          ],
          [
            120.86254,
            22.10847
          ],
          [
            120.86273,
            22.10843
          ],
          [
            120.86289,
            22.10841
          ],
          [
            120.86298,
            22.1084
          ],
          [
            120.86303,
            22.10839
          ],
          [
            120.86352,
            22.10844
          ],
          [
            120.864,
            22.10849
          ],
          [
            120.86402,
            22.10849
          ],
          [
            120.86413,
            22.10851
          ],
          [
            120.86419,
            22.10852
          ],
          [
            120.86423,
            22.10854
          ],
          [
            120.8643,
            22.10857
          ],
          [
            120.86436,
            22.1086
          ],
          [
            120.86437,
            22.1086
          ],
          [
            120.86443,
            22.10865
          ],
          [
            120.86451,
            22.10871
          ],
          [
            120.86455,
            22.10874
          ],
          [
            120.86465,
            22.10884
          ],
          [
            120.86467,
            22.10885
          ],
          [
            120.86489,
            22.10909
          ],
          [
            120.86491,
            22.10911
          ],
          [
            120.865,
            22.1092
          ],
          [
            120.86508,
            22.10928
          ],
          [
            120.86534,
            22.10947
          ],
          [
            120.86547,
            22.10956
          ],
          [
            120.86564,
            22.10969
          ],
          [
            120.86579,
            22.1098
          ],
          [
            120.8658,
            22.10981
          ],
          [
            120.86594,
            22.10992
          ],
          [
            120.86601,
            22.10997
          ],
          [
            120.86606,
            22.11002
          ],
          [
            120.86632,
            22.11033
          ],
          [
            120.86644,
            22.11047
          ],
          [
            120.86653,
            22.11058
          ],
          [
            120.8667,
            22.11076
          ],
          [
            120.8668,
            22.11088
          ],
          [
            120.86681,
            22.11089
          ],
          [
            120.86689,
            22.11099
          ],
          [
            120.86698,
            22.11111
          ],
          [
            120.86722,
            22.11149
          ],
          [
            120.86724,
            22.11152
          ],
          [
            120.86732,
            22.11165
          ],
          [
            120.86734,
            22.11168
          ],
          [
            120.86761,
            22.1121
          ],
          [
            120.86775,
            22.1123
          ],
          [
            120.86783,
            22.1124
          ],
          [
            120.86789,
            22.11245
          ],
          [
            120.86794,
            22.1125
          ],
          [
            120.86799,
            22.11254
          ],
          [
            120.86817,
            22.11272
          ],
          [
            120.86835,
            22.11289
          ],
          [
            120.86848,
            22.11302
          ],
          [
            120.86861,
            22.11314
          ],
          [
            120.86916021665978,
            22.113667684575532
          ],
          [
            120.86917470465049,
            22.113684854027873
          ],
          [
            120.86918535865354,
            22.113704739329084
          ],
          [
            120.8691914474052,
            22.113726232524392
          ],
          [
            120.86919271555803,
            22.11374843224163
          ],
          [
            120.86918910992884,
            22.113770407478818
          ],
          [
            120.86918092527166,
            22.11379096504301
          ],
          [
            120.86867660464334,
            22.114741516467596
          ],
          [
            120.86866579600112,
            22.114758100972427
          ],
          [
            120.86865223045359,
            22.11477241660673
          ],
          [
            120.86863618469552,
            22.114784291408053
          ],
          [
            120.86861815585654,
            22.114793357471356
          ],
          [
            120.86859870250605,
            22.114799333911886
          ],
          [
            120.86857847132194,
            22.11480203335096
          ],
          [
            120.86771000893741,
            22.114845663663417
          ],
          [
            120.86769225101882,
            22.114848070048744
          ],
          [
            120.86767520759773,
            22.114853419085353
          ],
          [
            120.86765946994774,
            22.114861535150954
          ],
          [
            120.8676455491706,
            22.114872154665193
          ],
          [
            120.86763389736265,
            22.114884932744783
          ],
          [
            120.86762478089838,
            22.11489968069919
          ],
          [
            120.86738184045163,
            22.115388193239006
          ],
          [
            120.86737831824351,
            22.11539819044981
          ],
          [
            120.86737730866794,
            22.11540879533538
          ],
          [
            120.86737892078426,
            22.11541933519362
          ],
          [
            120.8673830694449,
            22.11542925333797
          ],
          [
            120.86738953552894,
            22.115438025919108
          ],
          [
            120.86739784316556,
            22.11544509923651
          ],
          [
            120.86747795556164,
            22.115498627422557
          ],
          [
            120.86835,
            22.11514
          ],
          [
            120.86846,
            22.1151
          ],
          [
            120.86852,
            22.11508
          ],
          [
            120.86858,
            22.11506
          ],
          [
            120.86914888549374,
            22.114972069606985
          ],
          [
            120.86917079068863,
            22.114966564820314
          ],
          [
            120.86919124715544,
            22.1149571338234
          ],
          [
            120.86920933754543,
            22.1149441595767
          ],
          [
            120.86922436618667,
            22.11492814100916
          ],
          [
            120.86923575514783,
            22.11490969412004
          ],
          [
            120.86924310698028,
            22.114889365094708
          ],
          [
            120.86935,
            22.11446
          ],
          [
            120.86937,
            22.11438
          ],
          [
            120.86939,
            22.11431
          ],
          [
            120.86942,
            22.11425
          ],
          [
            120.86949,
            22.11415
          ],
          [
            120.86967,
            22.11391
          ],
          [
            120.86982,
            22.11369
          ],
          [
            120.86994,
            22.11353
          ],
          [
            120.87002,
            22.11341
          ],
          [
            120.87042,
            22.11282
          ],
          [
            120.87055,
            22.11262
          ],
          [
            120.87065,
            22.11247
          ],
          [
            120.87116076850529,
            22.111687071224335
          ],
          [
            120.87116691803766,
            22.111679209467365
          ],
          [
            120.87117428660514,
            22.111672568431676
          ],
          [
            120.87118275717472,
            22.111667191672794
          ],
          [
            120.87119208355446,
            22.11166323546291
          ],
          [
            120.87120199467888,
            22.111660814786823
          ],
          [
            120.8712122024872,
            22.11166
          ],
          [
            120.87135,
            22.11166
          ],
          [
            120.87137,
            22.11166
          ],
          [
            120.87153,
            22.11166
          ],
          [
            120.87165,
            22.11165
          ],
          [
            120.87193,
            22.11161
          ],
          [
            120.87196,
            22.11161
          ],
          [
            120.87225,
            22.11157
          ],
          [
            120.87241,
            22.11153
          ],
          [
            120.87247,
            22.1115
          ],
          [
            120.87255,
            22.11145
          ],
          [
            120.87267,
            22.11136
          ],
          [
            120.87282,
            22.11124
          ],
          [
            120.87286,
            22.11121
          ],
          [
            120.87291,
            22.11119
          ],
          [
            120.87294,
            22.11117
          ],
          [
            120.87298,
            22.11116
          ],
          [
            120.87301,
            22.11115
          ],
          [
            120.87304,
            22.11113
          ],
          [
            120.87306,
            22.11112
          ],
          [
            120.87307,
            22.1111
          ],
          [
            120.8731,
            22.11107
          ],
          [
            120.87318,
            22.11092
          ],
          [
            120.87326,
            22.11073
          ],
          [
            120.87329,
            22.11066
          ],
          [
            120.87342,
            22.11036
          ],
          [
            120.87346,
            22.11027
          ],
          [
            120.87348,
            22.11025
          ],
          [
            120.87390483130864,
            22.10982265076416
          ],
          [
            120.8739213020077,
            22.109808852814762
          ],
          [
            120.8739399077997,
            22.109798379531505
          ],
          [
            120.87396027637817,
            22.10979131667815
          ],
          [
            120.87398169732654,
            22.10978791059335
          ],
          [
            120.87400342352366,
            22.10978828007473
          ],
          [
            120.87402491771954,
            22.10979247584313
          ],
          [
            120.87433,
            22.10988
          ],
          [
            120.8749350162073,
            22.110108134977626
          ],
          [
            120.87495176245777,
            22.110116021698065
          ],
          [
            120.87496714872762,
            22.11012649023357
          ],
          [
            120.87498049873021,
            22.110139160140847
          ],
          [
            120.8749914548742,
            22.110153692045547
          ],
          [
            120.87499972368988,
            22.1101696966981
          ],
          [
            120.87500511610328,
            22.11018689285863
          ],
          [
            120.87507,
            22.11048
          ],
          [
            120.87507,
            22.11051
          ],
          [
            120.87509,
            22.11058
          ],
          [
            120.87509,
            22.11067
          ],
          [
            120.8751,
            22.11077
          ],
          [
            120.8751,
            22.11084
          ],
          [
            120.87511,
            22.11087
          ],
          [
            120.87511,
            22.11091
          ],
          [
            120.87513,
            22.11094
          ],
          [
            120.87514,
            22.11096
          ],
          [
            120.87516,
            22.111
          ],
          [
            120.87524,
            22.11107
          ],
          [
            120.87533,
            22.11115
          ],
          [
            120.87548,
            22.11128
          ],
          [
            120.87555,
            22.11134
          ],
          [
            120.8756,
            22.11139
          ],
          [
            120.87588,
            22.11174
          ],
          [
            120.87595,
            22.11183
          ],
          [
            120.87607,
            22.11197
          ],
          [
            120.87619,
            22.11211
          ],
          [
            120.87624,
            22.11217
          ],
          [
            120.87652,
            22.1125
          ],
          [
            120.87655,
            22.11254
          ],
          [
            120.8766,
            22.1126
          ],
          [
            120.87668,
            22.11267
          ],
          [
            120.87672,
            22.11271
          ],
          [
            120.87689,
            22.11285
          ],
          [
            120.87725989527597,
            22.11325239975641
          ],
          [
            120.87727416565052,
            22.113265556173317
          ],
          [
            120.8772902960538,
            22.113276041956283
          ],
          [
            120.87730808838812,
            22.113283844394903
          ],
          [
            120.87732703471714,
            22.113288740744814
          ],
          [
            120.87734659416024,
            22.1132905912248
          ],
          [
            120.87736633029112,
            22.113289325442338
          ],
          [
            120.87778,
            22.11323
          ],
          [
            120.87789,
            22.11321
          ],
          [
            120.87797,
            22.1132
          ],
          [
            120.87804,
            22.11319
          ],
          [
            120.87817,
            22.11317
          ],
          [
            120.87823,
            22.11318
          ],
          [
            120.87827,
            22.11318
          ],
          [
            120.87828,
            22.11318
          ],
          [
            120.87832,
            22.11319
          ],
          [
            120.87838,
            22.1132
          ],
          [
            120.87847,
            22.11323
          ],
          [
            120.87856,
            22.11326
          ],
          [
            120.87865,
            22.11329
          ],
          [
            120.87867,
            22.11329
          ],
          [
            120.87873,
            22.11331
          ],
          [
            120.87884,
            22.11333
          ],
          [
            120.87889,
            22.11334
          ],
          [
            120.87950833389432,
            22.113402154678262
          ],
          [
            120.87953019631966,
            22.11340244175988
          ],
          [
            120.87955164593606,
            22.113398929490746
          ],
          [
            120.8795720183743,
            22.113391749686574
          ],
          [
            120.87959059999723,
            22.11338115385263
          ],
          [
            120.87960673989903,
            22.11336751315612
          ],
          [
            120.87962006434559,
            22.113351015247336
          ],
          [
            120.87978,
            22.11311
          ],
          [
            120.8798,
            22.11308
          ],
          [
            120.87984,
            22.11301
          ],
          [
            120.87992,
            22.11286
          ],
          [
            120.87998,
            22.11272
          ],
          [
            120.88023805426235,
            22.11211497154808
          ],
          [
            120.88024819259391,
            22.112096651727956
          ],
          [
            120.8802618634844,
            22.112080767180032
          ],
          [
            120.88027862644329,
            22.11206771324551
          ],
          [
            120.88029782166953,
            22.112058003735775
          ],
          [
            120.88031869362649,
            22.11205202082349
          ],
          [
            120.88034042077996,
            22.112050000000004
          ],
          [
            120.88058,
            22.11205
          ],
          [
            120.88059,
            22.11205
          ],
          [
            120.88061,
            22.11205
          ],
          [
            120.88063,
            22.11205
          ],
          [
            120.88072,
            22.11207
          ],
          [
            120.88087,
            22.11211
          ],
          [
            120.88097,
            22.11213
          ],
          [
            120.88104,
            22.11214
          ],
          [
            120.88108,
            22.11215
          ],
          [
            120.88111,
            22.11215
          ],
          [
            120.88115,
            22.11215
          ],
          [
            120.88119,
            22.11214
          ],
          [
            120.88123,
            22.11213
          ],
          [
            120.88129,
            22.1121
          ],
          [
            120.88161,
            22.11198
          ],
          [
            120.88176,
            22.11194
          ],
          [
            120.88189,
            22.11191
          ],
          [
            120.88197,
            22.11188
          ],
          [
            120.88206,
            22.11184
          ],
          [
            120.88213,
            22.1118
          ],
          [
            120.88222,
            22.11173
          ],
          [
            120.88226,
            22.11171
          ],
          [
            120.8823,
            22.1117
          ],
          [
            120.88235,
            22.11168
          ],
          [
            120.88239,
            22.11167
          ],
          [
            120.88245,
            22.11166
          ],
          [
            120.88251,
            22.11166
          ],
          [
            120.88255,
            22.11166
          ],
          [
            120.88262,
            22.11166
          ],
          [
            120.88274,
            22.11167
          ],
          [
            120.8828,
            22.11168
          ],
          [
            120.88291,
            22.11169
          ],
          [
            120.88309,
            22.11171
          ],
          [
            120.88321,
            22.11173
          ],
          [
            120.88332,
            22.11174
          ],
          [
            120.88358,
            22.11179
          ],
          [
            120.88375,
            22.11182
          ],
          [
            120.88385,
            22.11184
          ],
          [
            120.88394,
            22.11185
          ],
          [
            120.884,
            22.11186
          ],
          [
            120.88407,
            22.11186
          ],
          [
            120.88414,
            22.11187
          ],
          [
            120.88419,
            22.11187
          ],
          [
            120.88423,
            22.11186
          ],
          [
            120.88427,
            22.11185
          ],
          [
            120.88433,
            22.11184
          ],
          [
            120.8846,
            22.11166
          ],
          [
            120.88484,
            22.1115
          ],
          [
            120.88497,
            22.11142
          ],
          [
            120.88506,
            22.11136
          ],
          [
            120.88511,
            22.11134
          ],
          [
            120.88514,
            22.11132
          ],
          [
            120.88516,
            22.11132
          ],
          [
            120.88521,
            22.11131
          ],
          [
            120.88538,
            22.11127
          ],
          [
            120.88557,
            22.11123
          ],
          [
            120.88572,
            22.11119
          ],
          [
            120.88593,
            22.11112
          ],
          [
            120.88608,
            22.11106
          ],
          [
            120.88627,
            22.111
          ],
          [
            120.88635,
            22.11098
          ],
          [
            120.8864,
            22.11096
          ],
          [
            120.88653,
            22.11091
          ],
          [
            120.88658,
            22.11089
          ],
          [
            120.88668,
            22.11084
          ],
          [
            120.88677,
            22.11078
          ],
          [
            120.88689,
            22.11068
          ],
          [
            120.88708,
            22.11052
          ],
          [
            120.88727,
            22.11036
          ],
          [
            120.88746,
            22.1102
          ],
          [
            120.88759,
            22.1101
          ],
          [
            120.88767,
            22.11006
          ],
          [
            120.88776,
            22.11001
          ],
          [
            120.88782,
            22.10998
          ],
          [
            120.88815,
            22.10983
          ],
          [
            120.88826,
            22.10978
          ],
          [
            120.88847,
            22.10968
          ],
          [
            120.88856,
            22.10962
          ],
          [
            120.88866,
            22.10955
          ],
          [
            120.8888,
            22.10944
          ],
          [
            120.88887,
            22.1094
          ],
          [
            120.88894,
            22.10936
          ],
          [
            120.88909,
            22.1093
          ],
          [
            120.88937,
            22.1092
          ],
          [
            120.88944,
            22.10917
          ],
          [
            120.88983,
            22.10904
          ],
          [
            120.89022,
            22.10893
          ],
          [
            120.89044,
            22.10885
          ],
          [
            120.89066,
            22.10876
          ],
          [
            120.89071,
            22.10873
          ],
          [
            120.89081,
            22.10868
          ],
          [
            120.89087,
            22.10864
          ],
          [
            120.89102,
            22.10855
          ],
          [
            120.8912,
            22.10844
          ],
          [
            120.8913,
            22.10839
          ],
          [
            120.89165,
            22.10822
          ],
          [
            120.89191,
            22.10808
          ],
          [
            120.89207,
            22.10798
          ],
          [
            120.89242,
            22.10777
          ],
          [
            120.89275,
            22.10753
          ],
          [
            120.89284,
            22.10748
          ],
          [
            120.89294,
            22.10741
          ],
          [
            120.89304,
            22.10736
          ],
          [
            120.89315,
            22.10731
          ],
          [
            120.89317,
            22.1073
          ],
          [
            120.89327,
            22.10726
          ],
          [
            120.89335,
            22.10723
          ],
          [
            120.89342,
            22.10721
          ],
          [
            120.89354,
            22.10717
          ],
          [
            120.89384,
            22.10707
          ],
          [
            120.89409,
            22.107
          ],
          [
            120.89445,
            22.10688
          ],
          [
            120.89448,
            22.10687
          ],
          [
            120.89485,
            22.10675
          ],
          [
            120.89508,
            22.10668
          ],
          [
            120.89532,
            22.10663
          ],
          [
            120.8955,
            22.10659
          ],
          [
            120.89575,
            22.10655
          ],
          [
            120.89576,
            22.10654
          ],
          [
            120.89584,
            22.10653
          ],
          [
            120.8959,
            22.10651
          ],
          [
            120.89594,
            22.10649
          ],
          [
            120.89612,
            22.10641
          ],
          [
            120.89621,
            22.10637
          ],
          [
            120.89629,
            22.10632
          ],
          [
            120.89673,
            22.10606
          ],
          [
            120.89712,
            22.10577
          ],
          [
            120.89756,
            22.1055
          ],
          [
            120.89757,
            22.1055
          ],
          [
            120.89774,
            22.10544
          ],
          [
            120.89775,
            22.10544
          ],
          [
            120.89825654835636,
            22.105283676065177
          ],
          [
            120.89827436251994,
            22.10527654693776
          ],
          [
            120.89829085484848,
            22.10526661793718
          ],
          [
            120.89830532371619,
            22.10525424361375
          ],
          [
            120.89831735736948,
            22.105239776114725
          ],
          [
            120.89832661335586,
            22.105223627154757
          ],
          [
            120.89833287215336,
            22.10520608701452
          ],
          [
            120.89848,
            22.10464
          ],
          [
            120.8985,
            22.10453
          ],
          [
            120.89849,
            22.10447
          ],
          [
            120.89844,
            22.10425
          ],
          [
            120.89826,
            22.10362
          ],
          [
            120.89811,
            22.10316
          ],
          [
            120.89809,
            22.1031
          ],
          [
            120.89797,
            22.10276
          ],
          [
            120.89776,
            22.10212
          ],
          [
            120.89774,
            22.10207
          ],
          [
            120.89769,
            22.10194
          ],
          [
            120.89753,
            22.10157
          ],
          [
            120.89745,
            22.1014
          ],
          [
            120.89743,
            22.10136
          ],
          [
            120.89733,
            22.10106
          ],
          [
            120.89725,
            22.10085
          ],
          [
            120.89714,
            22.10048
          ],
          [
            120.89708,
            22.10019
          ],
          [
            120.89707,
            22.10014
          ],
          [
            120.89701,
            22.09965
          ],
          [
            120.89694,
            22.0993
          ],
          [
            120.89686,
            22.09894
          ],
          [
            120.89685,
            22.0988
          ],
          [
            120.89685,
            22.09877
          ],
          [
            120.89692,
            22.09806
          ],
          [
            120.89693,
            22.09783
          ],
          [
            120.89693,
            22.09752
          ],
          [
            120.89693,
            22.0974
          ],
          [
            120.89694,
            22.09724
          ],
          [
            120.89702,
            22.09677
          ],
          [
            120.897,
            22.09662
          ],
          [
            120.89699,
            22.09657
          ],
          [
            120.89667,
            22.09547
          ],
          [
            120.89651,
            22.09504
          ],
          [
            120.8963,
            22.09457
          ],
          [
            120.89627,
            22.0945
          ],
          [
            120.89623,
            22.0944
          ],
          [
            120.89564,
            22.09298
          ],
          [
            120.89554,
            22.09267
          ],
          [
            120.89549,
            22.09251
          ],
          [
            120.89542,
            22.09232
          ],
          [
            120.89532,
            22.09202
          ],
          [
            120.89528,
            22.091919999999998
          ],
          [
            120.89525,
            22.09184
          ],
          [
            120.89515,
            22.09168
          ],
          [
            120.89502,
            22.0915
          ],
          [
            120.89482,
            22.09127
          ],
          [
            120.89344,
            22.08992
          ],
          [
            120.89328,
            22.08976
          ],
          [
            120.89322,
            22.08971
          ],
          [
            120.8931,
            22.0896
          ],
          [
            120.89308,
            22.08958
          ],
          [
            120.89294,
            22.08946
          ],
          [
            120.89294,
            22.08945
          ],
          [
            120.89279,
            22.08934
          ],
          [
            120.89265,
            22.08921
          ],
          [
            120.89251,
            22.0891
          ],
          [
            120.89236,
            22.08898
          ],
          [
            120.89222,
            22.08886
          ],
          [
            120.89221,
            22.08885
          ],
          [
            120.89207,
            22.08874
          ],
          [
            120.89189,
            22.08858
          ],
          [
            120.89164,
            22.08837
          ],
          [
            120.8916,
            22.08832
          ],
          [
            120.89164,
            22.08837
          ],
          [
            120.89189,
            22.08858
          ],
          [
            120.89207,
            22.08874
          ],
          [
            120.89221,
            22.08885
          ],
          [
            120.89222,
            22.08886
          ],
          [
            120.89236,
            22.08898
          ],
          [
            120.89251,
            22.0891
          ],
          [
            120.89265,
            22.08921
          ],
          [
            120.89279,
            22.08934
          ],
          [
            120.89294,
            22.08945
          ],
          [
            120.89294,
            22.08946
          ],
          [
            120.89308,
            22.08958
          ],
          [
            120.8931,
            22.0896
          ],
          [
            120.89322,
            22.08971
          ],
          [
            120.89328,
            22.08976
          ],
          [
            120.89344,
            22.08992
          ],
          [
            120.89482,
            22.09127
          ],
          [
            120.89502,
            22.0915
          ],
          [
            120.89515,
            22.09168
          ],
          [
            120.89525,
            22.09184
          ],
          [
            120.89528,
            22.091919999999998
          ],
          [
            120.89532,
            22.09202
          ],
          [
            120.89542,
            22.09232
          ],
          [
            120.89549,
            22.09251
          ],
          [
            120.89554,
            22.09267
          ],
          [
            120.89564,
            22.09298
          ],
          [
            120.89623,
            22.0944
          ],
          [
            120.89627,
            22.0945
          ],
          [
            120.8963,
            22.09457
          ],
          [
            120.89651,
            22.09504
          ],
          [
            120.89667,
            22.09547
          ],
          [
            120.89699,
            22.09657
          ],
          [
            120.897,
            22.09662
          ],
          [
            120.89702,
            22.09677
          ],
          [
            120.89694,
            22.09724
          ],
          [
            120.89693,
            22.0974
          ],
          [
            120.89693,
            22.09752
          ],
          [
            120.89693,
            22.09783
          ],
          [
            120.89692,
            22.09806
          ],
          [
            120.89685,
            22.09877
          ],
          [
            120.89685,
            22.0988
          ],
          [
            120.89686,
            22.09894
          ],
          [
            120.89694,
            22.0993
          ],
          [
            120.89701,
            22.09965
          ],
          [
            120.89707,
            22.10014
          ],
          [
            120.89708,
            22.10019
          ],
          [
            120.89714,
            22.10048
          ],
          [
            120.89725,
            22.10085
          ],
          [
            120.89733,
            22.10106
          ],
          [
            120.89743,
            22.10136
          ],
          [
            120.89745,
            22.1014
          ],
          [
            120.89753,
            22.10157
          ],
          [
            120.89769,
            22.10194
          ],
          [
            120.89774,
            22.10207
          ],
          [
            120.89776,
            22.10212
          ],
          [
            120.89797,
            22.10276
          ],
          [
            120.89809,
            22.1031
          ],
          [
            120.89811,
            22.10316
          ],
          [
            120.89826,
            22.10362
          ],
          [
            120.89844,
            22.10425
          ],
          [
            120.89849,
            22.10447
          ],
          [
            120.89856524816551,
            22.104923838518996
          ],
          [
            120.89856653393346,
            22.10494380605183
          ],
          [
            120.89856384468587,
            22.104963766841568
          ],
          [
            120.89855725406102,
            22.104982921877813
          ],
          [
            120.89854698840206,
            22.105000613315323
          ],
          [
            120.89853340026458,
            22.10501623357353
          ],
          [
            120.89851727117872,
            22.105029039858387
          ],
          [
            120.89801,
            22.10536
          ],
          [
            120.89775,
            22.10544
          ],
          [
            120.89774,
            22.10544
          ],
          [
            120.89757,
            22.1055
          ],
          [
            120.89756,
            22.1055
          ],
          [
            120.89712,
            22.10577
          ],
          [
            120.89673,
            22.10606
          ],
          [
            120.89629,
            22.10632
          ],
          [
            120.89621,
            22.10637
          ],
          [
            120.89612,
            22.10641
          ],
          [
            120.89594,
            22.10649
          ],
          [
            120.8959,
            22.10651
          ],
          [
            120.89584,
            22.10653
          ],
          [
            120.89576,
            22.10654
          ],
          [
            120.89575,
            22.10655
          ],
          [
            120.8955,
            22.10659
          ],
          [
            120.89532,
            22.10663
          ],
          [
            120.89508,
            22.10668
          ],
          [
            120.89485,
            22.10675
          ],
          [
            120.89448,
            22.10687
          ],
          [
            120.89445,
            22.10688
          ],
          [
            120.89409,
            22.107
          ],
          [
            120.89384,
            22.10707
          ],
          [
            120.89354,
            22.10717
          ],
          [
            120.89342,
            22.10721
          ],
          [
            120.89335,
            22.10723
          ],
          [
            120.89327,
            22.10726
          ],
          [
            120.89317,
            22.1073
          ],
          [
            120.89315,
            22.10731
          ],
          [
            120.89304,
            22.10736
          ],
          [
            120.89294,
            22.10741
          ],
          [
            120.89284,
            22.10748
          ],
          [
            120.89275,
            22.10753
          ],
          [
            120.89242,
            22.10777
          ],
          [
            120.89207,
            22.10798
          ],
          [
            120.89191,
            22.10808
          ],
          [
            120.89165,
            22.10822
          ],
          [
            120.8913,
            22.10839
          ],
          [
            120.8912,
            22.10844
          ],
          [
            120.89102,
            22.10855
          ],
          [
            120.89087,
            22.10864
          ],
          [
            120.89081,
            22.10868
          ],
          [
            120.89071,
            22.10873
          ],
          [
            120.89066,
            22.10876
          ],
          [
            120.89044,
            22.10885
          ],
          [
            120.89022,
            22.10893
          ],
          [
            120.88983,
            22.10904
          ],
          [
            120.88944,
            22.10917
          ],
          [
            120.88937,
            22.1092
          ],
          [
            120.88909,
            22.1093
          ],
          [
            120.88894,
            22.10936
          ],
          [
            120.88887,
            22.1094
          ],
          [
            120.8888,
            22.10944
          ],
          [
            120.88866,
            22.10955
          ],
          [
            120.88856,
            22.10962
          ],
          [
            120.88847,
            22.10968
          ],
          [
            120.88826,
            22.10978
          ],
          [
            120.88815,
            22.10983
          ],
          [
            120.88782,
            22.10998
          ],
          [
            120.88776,
            22.11001
          ],
          [
            120.88767,
            22.11006
          ],
          [
            120.88759,
            22.1101
          ],
          [
            120.88746,
            22.1102
          ],
          [
            120.88727,
            22.11036
          ],
          [
            120.88708,
            22.11052
          ],
          [
            120.88689,
            22.11068
          ],
          [
            120.88677,
            22.11078
          ],
          [
            120.88668,
            22.11084
          ],
          [
            120.88658,
            22.11089
          ],
          [
            120.88653,
            22.11091
          ],
          [
            120.8864,
            22.11096
          ],
          [
            120.88635,
            22.11098
          ],
          [
            120.88627,
            22.111
          ],
          [
            120.88608,
            22.11106
          ],
          [
            120.88593,
            22.11112
          ],
          [
            120.88572,
            22.11119
          ],
          [
            120.88557,
            22.11123
          ],
          [
            120.88538,
            22.11127
          ],
          [
            120.88521,
            22.11131
          ],
          [
            120.88516,
            22.11132
          ],
          [
            120.88514,
            22.11132
          ],
          [
            120.88511,
            22.11134
          ],
          [
            120.88506,
            22.11136
          ],
          [
            120.88497,
            22.11142
          ],
          [
            120.88484,
            22.1115
          ],
          [
            120.8846,
            22.11166
          ],
          [
            120.88433,
            22.11184
          ],
          [
            120.88427,
            22.11185
          ],
          [
            120.88423,
            22.11186
          ],
          [
            120.88419,
            22.11187
          ],
          [
            120.88414,
            22.11187
          ],
          [
            120.88407,
            22.11186
          ],
          [
            120.884,
            22.11186
          ],
          [
            120.88394,
            22.11185
          ],
          [
            120.88385,
            22.11184
          ],
          [
            120.88375,
            22.11182
          ],
          [
            120.88358,
            22.11179
          ],
          [
            120.88332,
            22.11174
          ],
          [
            120.88321,
            22.11173
          ],
          [
            120.88309,
            22.11171
          ],
          [
            120.88291,
            22.11169
          ],
          [
            120.8828,
            22.11168
          ],
          [
            120.88274,
            22.11167
          ],
          [
            120.88262,
            22.11166
          ],
          [
            120.88255,
            22.11166
          ],
          [
            120.88251,
            22.11166
          ],
          [
            120.88245,
            22.11166
          ],
          [
            120.88239,
            22.11167
          ],
          [
            120.88235,
            22.11168
          ],
          [
            120.8823,
            22.1117
          ],
          [
            120.88226,
            22.11171
          ],
          [
            120.88222,
            22.11173
          ],
          [
            120.88213,
            22.1118
          ],
          [
            120.88206,
            22.11184
          ],
          [
            120.88197,
            22.11188
          ],
          [
            120.88189,
            22.11191
          ],
          [
            120.88176,
            22.11194
          ],
          [
            120.88161,
            22.11198
          ],
          [
            120.88129,
            22.1121
          ],
          [
            120.88123,
            22.11213
          ],
          [
            120.88119,
            22.11214
          ],
          [
            120.88115,
            22.11215
          ],
          [
            120.88111,
            22.11215
          ],
          [
            120.88108,
            22.11215
          ],
          [
            120.88052810328378,
            22.112011252527868
          ],
          [
            120.88050481329516,
            22.112007665108436
          ],
          [
            120.88048143085112,
            22.112008510111803
          ],
          [
            120.88045870247066,
            22.112013703058604
          ],
          [
            120.88043754738841,
            22.112023033923478
          ],
          [
            120.880418821208,
            22.112036125325623
          ],
          [
            120.88040305473147,
            22.112052741571127
          ],
          [
            120.88025,
            22.11225
          ],
          [
            120.88017,
            22.11237
          ],
          [
            120.88008,
            22.1125
          ],
          [
            120.88004,
            22.11258
          ],
          [
            120.87998,
            22.11272
          ],
          [
            120.8797871690848,
            22.113171856999156
          ],
          [
            120.87977878000096,
            22.113187739583484
          ],
          [
            120.87976791606532,
            22.113201938826208
          ],
          [
            120.87975475452618,
            22.113214331110825
          ],
          [
            120.87973963529157,
            22.113224596395924
          ],
          [
            120.87972294882877,
            22.11323246957168
          ],
          [
            120.87970530133741,
            22.11323770941754
          ],
          [
            120.87923,
            22.11334
          ],
          [
            120.87916,
            22.11335
          ],
          [
            120.87909,
            22.11336
          ],
          [
            120.87899,
            22.11335
          ],
          [
            120.87889,
            22.11334
          ],
          [
            120.87884,
            22.11333
          ],
          [
            120.87873,
            22.11331
          ],
          [
            120.87867,
            22.11329
          ],
          [
            120.87865,
            22.11329
          ],
          [
            120.87856,
            22.11326
          ],
          [
            120.87847,
            22.11323
          ],
          [
            120.87838,
            22.1132
          ],
          [
            120.87832,
            22.11319
          ],
          [
            120.87828,
            22.11318
          ],
          [
            120.87827,
            22.11318
          ],
          [
            120.87823,
            22.11318
          ],
          [
            120.87817,
            22.11317
          ],
          [
            120.87804,
            22.11319
          ],
          [
            120.87797,
            22.1132
          ],
          [
            120.87789,
            22.11321
          ],
          [
            120.87740318275462,
            22.113298929632926
          ],
          [
            120.8773834734074,
            22.113300952182335
          ],
          [
            120.87736383543071,
            22.113299844189545
          ],
          [
            120.87734467825075,
            22.11329566521911
          ],
          [
            120.87732654955244,
            22.113288534743678
          ],
          [
            120.87730996761739,
            22.11327865661653
          ],
          [
            120.87729512938958,
            22.113266034036762
          ],
          [
            120.87701,
            22.11298
          ],
          [
            120.87689,
            22.11285
          ],
          [
            120.87672,
            22.11271
          ],
          [
            120.87668,
            22.11267
          ],
          [
            120.8766,
            22.1126
          ],
          [
            120.87655,
            22.11254
          ],
          [
            120.87652,
            22.1125
          ],
          [
            120.87624,
            22.11217
          ],
          [
            120.87619,
            22.11211
          ],
          [
            120.87607,
            22.11197
          ],
          [
            120.87595,
            22.11183
          ],
          [
            120.87588,
            22.11174
          ],
          [
            120.8756,
            22.11139
          ],
          [
            120.87555,
            22.11134
          ],
          [
            120.87548,
            22.11128
          ],
          [
            120.87533,
            22.11115
          ],
          [
            120.87524,
            22.11107
          ],
          [
            120.87516,
            22.111
          ],
          [
            120.87514,
            22.11096
          ],
          [
            120.87513,
            22.11094
          ],
          [
            120.87511,
            22.11091
          ],
          [
            120.87511,
            22.110355444278056
          ],
          [
            120.87510813231268,
            22.110336071652085
          ],
          [
            120.87510258921014,
            22.110317320956206
          ],
          [
            120.8750935486457,
            22.110299794154347
          ],
          [
            120.87508130085352,
            22.11028405391909
          ],
          [
            120.87506623903127,
            22.110270605567887
          ],
          [
            120.87504914784617,
            22.110260032774512
          ],
          [
            120.87431092107549,
            22.109888872667245
          ],
          [
            120.87429347946123,
            22.109881692555515
          ],
          [
            120.87427535276765,
            22.10987732048819
          ],
          [
            120.87425670915582,
            22.109875717565092
          ],
          [
            120.87423803135394,
            22.109876925289758
          ],
          [
            120.87421980297543,
            22.109880912391276
          ],
          [
            120.87420220055783,
            22.109887716837473
          ],
          [
            120.87363,
            22.11016
          ],
          [
            120.87354,
            22.1102
          ],
          [
            120.87352,
            22.11021
          ],
          [
            120.8735,
            22.11023
          ],
          [
            120.87348,
            22.11025
          ],
          [
            120.87346,
            22.11027
          ],
          [
            120.87342,
            22.11036
          ],
          [
            120.87329,
            22.11066
          ],
          [
            120.87326,
            22.11073
          ],
          [
            120.87318,
            22.11092
          ],
          [
            120.8731,
            22.11107
          ],
          [
            120.87307,
            22.1111
          ],
          [
            120.87306,
            22.11112
          ],
          [
            120.87304,
            22.11113
          ],
          [
            120.87301,
            22.11115
          ],
          [
            120.87298,
            22.11116
          ],
          [
            120.87294,
            22.11117
          ],
          [
            120.87291,
            22.11119
          ],
          [
            120.87286,
            22.11121
          ],
          [
            120.87282,
            22.11124
          ],
          [
            120.87267,
            22.11136
          ],
          [
            120.87255,
            22.11145
          ],
          [
            120.87247,
            22.1115
          ],
          [
            120.87241,
            22.11153
          ],
          [
            120.87225,
            22.11157
          ],
          [
            120.87196,
            22.11161
          ],
          [
            120.87193,
            22.11161
          ],
          [
            120.87165,
            22.11165
          ],
          [
            120.87120088125022,
            22.111687592223962
          ],
          [
            120.87118238049298,
            22.11169057214577
          ],
          [
            120.87116456728182,
            22.111696316759968
          ],
          [
            120.87114798183765,
            22.111704669215143
          ],
          [
            120.87113305932722,
            22.11171541036065
          ],
          [
            120.87112019128546,
            22.11172825837167
          ],
          [
            120.8711095468803,
            22.11174315938561
          ],
          [
            120.87095,
            22.11201
          ],
          [
            120.87084,
            22.11218
          ],
          [
            120.87065,
            22.11247
          ],
          [
            120.87055,
            22.11262
          ],
          [
            120.87042,
            22.11282
          ],
          [
            120.87002,
            22.11341
          ],
          [
            120.86994,
            22.11353
          ],
          [
            120.86982,
            22.11369
          ],
          [
            120.86967,
            22.11391
          ],
          [
            120.86949,
            22.11415
          ],
          [
            120.86942,
            22.11425
          ],
          [
            120.86939,
            22.11431
          ],
          [
            120.86924261035313,
            22.114828669952416
          ],
          [
            120.86923631781889,
            22.114845334681387
          ],
          [
            120.86922732215194,
            22.114860669016405
          ],
          [
            120.86921580504774,
            22.114874457479846
          ],
          [
            120.86920206514284,
            22.11488634253919
          ],
          [
            120.86918645871066,
            22.114896016016868
          ],
          [
            120.86916963584254,
            22.11490314460021
          ],
          [
            120.86888,
            22.115
          ],
          [
            120.86871,
            22.11504
          ],
          [
            120.86858,
            22.11506
          ],
          [
            120.86852,
            22.11508
          ],
          [
            120.86846,
            22.1151
          ],
          [
            120.86835,
            22.11514
          ],
          [
            120.86751966018346,
            22.11548131145972
          ],
          [
            120.86750177126407,
            22.115486484594197
          ],
          [
            120.8674832916781,
            22.115487648834936
          ],
          [
            120.86746501978821,
            22.115484820493812
          ],
          [
            120.86744793333192,
            22.115478150916708
          ],
          [
            120.86743294661355,
            22.11546799699585
          ],
          [
            120.86742071563152,
            22.115454700222084
          ],
          [
            120.86736563312868,
            22.115379291626223
          ],
          [
            120.8673613642962,
            22.115374458887167
          ],
          [
            120.8673562892036,
            22.11537052626444
          ],
          [
            120.86735051958755,
            22.11536754137266
          ],
          [
            120.86734425618022,
            22.11536560805996
          ],
          [
            120.8673377168934,
            22.1153647935887
          ],
          [
            120.86733109336318,
            22.115365131285657
          ],
          [
            120.86643,
            22.11549
          ],
          [
            120.86635,
            22.1155
          ],
          [
            120.86612658795326,
            22.1155
          ],
          [
            120.86611082914031,
            22.115501210164826
          ],
          [
            120.8660954945208,
            22.11550480808426
          ],
          [
            120.8660809968698,
            22.11551069691003
          ],
          [
            120.86606772643292,
            22.115518718127586
          ],
          [
            120.86605604042184,
            22.115528655822956
          ],
          [
            120.86604608169871,
            22.115540485121436
          ],
          [
            120.86562,
            22.11614
          ],
          [
            120.86561,
            22.11615
          ],
          [
            120.86555,
            22.11625
          ],
          [
            120.86546,
            22.11636
          ],
          [
            120.86531,
            22.11654
          ],
          [
            120.86508,
            22.11678
          ],
          [
            120.86496,
            22.11689
          ],
          [
            120.86485,
            22.11698
          ],
          [
            120.8648,
            22.11702
          ],
          [
            120.86475,
            22.11705
          ],
          [
            120.86467,
            22.11708
          ],
          [
            120.86462,
            22.1171
          ],
          [
            120.86455,
            22.11712
          ],
          [
            120.86446,
            22.11714
          ],
          [
            120.8644,
            22.11715
          ],
          [
            120.86431,
            22.11718
          ],
          [
            120.86422,
            22.11722
          ],
          [
            120.8641,
            22.11728
          ],
          [
            120.8639,
            22.11736
          ],
          [
            120.86322731494099,
            22.11781911084131
          ],
          [
            120.86320428495499,
            22.117840126695093
          ],
          [
            120.86318816997843,
            22.11786656686657
          ],
          [
            120.8631805496353,
            22.117896140056672
          ],
          [
            120.86318202212725,
            22.11792652475185
          ],
          [
            120.8631924718627,
            22.117955335734894
          ],
          [
            120.8632108016985,
            22.117980031919878
          ],
          [
            120.86375991995423,
            22.11853126106175
          ],
          [
            120.86379120793382,
            22.118553733480326
          ],
          [
            120.863828346418,
            22.11856509478852
          ],
          [
            120.86386742222079,
            22.118564342610863
          ],
          [
            120.86390402678488,
            22.118551561808523
          ],
          [
            120.86393403035974,
            22.11852819431988
          ],
          [
            120.86395414682329,
            22.118496637582563
          ],
          [
            120.86418268616714,
            22.117946251161584
          ],
          [
            120.86419114778505,
            22.1179299239012
          ],
          [
            120.8642022278785,
            22.11791533460475
          ],
          [
            120.8642157245958,
            22.117902640018578
          ],
          [
            120.86423127179215,
            22.1178921845269
          ],
          [
            120.86424844769651,
            22.117884251770818
          ],
          [
            120.86426662107893,
            22.117879090307554
          ],
          [
            120.86471,
            22.11779
          ],
          [
            120.8648,
            22.11776
          ],
          [
            120.86488,
            22.11774
          ],
          [
            120.86496,
            22.1177
          ],
          [
            120.86504,
            22.11765
          ],
          [
            120.86526,
            22.11751
          ],
          [
            120.86557,
            22.11733
          ],
          [
            120.86563,
            22.1173
          ],
          [
            120.86579,
            22.11721
          ],
          [
            120.86588,
            22.11716
          ],
          [
            120.8663639891861,
            22.116916748036367
          ],
          [
            120.86638184361992,
            22.116909438021928
          ],
          [
            120.86640041784995,
            22.116905064026295
          ],
          [
            120.86641950959859,
            22.116903592562224
          ],
          [
            120.86643860139267,
            22.116905063513066
          ],
          [
            120.86645717575777,
            22.11690943700938
          ],
          [
            120.86647503040095,
            22.11691674654677
          ],
          [
            120.8668,
            22.11708
          ],
          [
            120.86684,
            22.1171
          ],
          [
            120.86689,
            22.11713
          ],
          [
            120.86692,
            22.11717
          ],
          [
            120.86696,
            22.11721
          ],
          [
            120.86704,
            22.1173
          ],
          [
            120.86714,
            22.11744
          ],
          [
            120.86722,
            22.11753
          ],
          [
            120.86723,
            22.11754
          ],
          [
            120.86725,
            22.11756
          ],
          [
            120.86727,
            22.11758
          ],
          [
            120.86731,
            22.1176
          ],
          [
            120.86737,
            22.11763
          ],
          [
            120.86745,
            22.11765
          ],
          [
            120.86758,
            22.11768
          ],
          [
            120.86762,
            22.11769
          ],
          [
            120.86777,
            22.11771
          ],
          [
            120.8678,
            22.11772
          ],
          [
            120.86792,
            22.11775
          ],
          [
            120.86801,
            22.11778
          ],
          [
            120.86816,
            22.11785
          ],
          [
            120.86822,
            22.11788
          ],
          [
            120.8683,
            22.11793
          ],
          [
            120.86836,
            22.11797
          ],
          [
            120.86845,
            22.11805
          ],
          [
            120.86854,
            22.11814
          ],
          [
            120.86872,
            22.11832
          ],
          [
            120.86877,
            22.11837
          ],
          [
            120.86882,
            22.11842
          ],
          [
            120.86884,
            22.11844
          ],
          [
            120.86916856401402,
            22.11893588568216
          ],
          [
            120.86917642398426,
            22.118945803626282
          ],
          [
            120.86918580623212,
            22.118954173383877
          ],
          [
            120.86919656782807,
            22.11896094605079
          ],
          [
            120.86920840011439,
            22.118965927377424
          ],
          [
            120.86922096372453,
            22.11896897449234
          ],
          [
            120.86923389831658,
            22.11897
          ],
          [
            120.86986930666751,
            22.11897
          ],
          [
            120.86988892448677,
            22.118968446045812
          ],
          [
            120.86990798066714,
            22.118963828671436
          ],
          [
            120.86992592964896,
            22.11895628006775
          ],
          [
            120.86994225757054,
            22.11894601634385
          ],
          [
            120.86995649697955,
            22.11893333134005
          ],
          [
            120.86996843225054,
            22.118918297948287
          ],
          [
            120.87051699091711,
            22.118091015773505
          ],
          [
            120.87052760015516,
            22.11807841231471
          ],
          [
            120.87054081260416,
            22.11806851578556
          ],
          [
            120.87055607351532,
            22.11806164742025
          ],
          [
            120.87057259981783,
            22.11805815964967
          ],
          [
            120.87058954351092,
            22.11805823143897
          ],
          [
            120.87060619308527,
            22.118061912255886
          ],
          [
            120.87075,
            22.11811
          ],
          [
            120.87077,
            22.11811
          ],
          [
            120.8708,
            22.11812
          ],
          [
            120.87083,
            22.11814
          ],
          [
            120.87085,
            22.11815
          ],
          [
            120.87086,
            22.11815
          ],
          [
            120.87087,
            22.11816
          ],
          [
            120.87088,
            22.11818
          ],
          [
            120.87089,
            22.11819
          ],
          [
            120.8709,
            22.1182
          ],
          [
            120.87092,
            22.11824
          ],
          [
            120.87107093060267,
            22.11869540687372
          ],
          [
            120.87107811006973,
            22.118712139501152
          ],
          [
            120.87108802263636,
            22.118727359762183
          ],
          [
            120.87110046922967,
            22.118740863153963
          ],
          [
            120.8711151148598,
            22.11875228624374
          ],
          [
            120.87113156535158,
            22.118761321588387
          ],
          [
            120.87114916509647,
            22.118767667460034
          ],
          [
            120.87145,
            22.11885
          ],
          [
            120.87154,
            22.11888
          ],
          [
            120.87161,
            22.11891
          ],
          [
            120.87166,
            22.11894
          ],
          [
            120.87171,
            22.11897
          ],
          [
            120.87175,
            22.11901
          ],
          [
            120.87183,
            22.11907
          ],
          [
            120.87193,
            22.11916
          ],
          [
            120.8721,
            22.11931
          ],
          [
            120.8724,
            22.11959
          ],
          [
            120.87254,
            22.11973
          ],
          [
            120.8726,
            22.11978
          ],
          [
            120.87306060056648,
            22.12030897418894
          ],
          [
            120.87307646653393,
            22.12033404093352
          ],
          [
            120.87308403658312,
            22.120362635650867
          ],
          [
            120.87308243181339,
            22.120392051514955
          ],
          [
            120.87307178899734,
            22.120419781445428
          ],
          [
            120.87305301521,
            22.12044346205213
          ],
          [
            120.87302799042375,
            22.12046093375051
          ],
          [
            120.87287,
            22.12054
          ],
          [
            120.87284,
            22.12056
          ],
          [
            120.87229488958477,
            22.120697082019397
          ],
          [
            120.87227959402679,
            22.12070226367161
          ],
          [
            120.87226528409036,
            22.12070982546143
          ],
          [
            120.87225253021519,
            22.12071951225355
          ],
          [
            120.87224169122446,
            22.12073105151551
          ],
          [
            120.87223307206706,
            22.120744118596612
          ],
          [
            120.87222685820517,
            22.120758518786328
          ],
          [
            120.87209492153777,
            22.12115625620714
          ],
          [
            120.87209089965401,
            22.121173734535724
          ],
          [
            120.8720901650107,
            22.121191802446887
          ],
          [
            120.87209280462555,
            22.121209714870265
          ],
          [
            120.87209873829202,
            22.121226927524386
          ],
          [
            120.87210778571153,
            22.121242917390752
          ],
          [
            120.87211940759354,
            22.121256931554292
          ],
          [
            120.87264071749236,
            22.121781182619465
          ],
          [
            120.87265164706787,
            22.121790459598476
          ],
          [
            120.87266388745769,
            22.12179768149491
          ],
          [
            120.87267727515824,
            22.12180283559101
          ],
          [
            120.87269141259094,
            22.121805768824007
          ],
          [
            120.87270587991219,
            22.121806394084814
          ],
          [
            120.87272036694458,
            22.121804668676575
          ],
          [
            120.87342382572261,
            22.12166314999319
          ],
          [
            120.87343415645066,
            22.12166192286435
          ],
          [
            120.87344447264881,
            22.121662372090594
          ],
          [
            120.8734545529548,
            22.121664467170714
          ],
          [
            120.87346409795167,
            22.121668145874224
          ],
          [
            120.87347282412281,
            22.121673298931995
          ],
          [
            120.87348061478258,
            22.121679917197916
          ],
          [
            120.87364577413463,
            22.12184587686413
          ],
          [
            120.87364983401214,
            22.12185098450611
          ],
          [
            120.87365267645231,
            22.121856878132338
          ],
          [
            120.87365409197749,
            22.12186320449157
          ],
          [
            120.87365401418285,
            22.121869666803104
          ],
          [
            120.87365244671791,
            22.12187596190845
          ],
          [
            120.87364951579809,
            22.12188171471851
          ],
          [
            120.8728470149145,
            22.123092496065176
          ],
          [
            120.87283581784106,
            22.12311611694026
          ],
          [
            120.87283173617185,
            22.123141965704235
          ],
          [
            120.87283523964915,
            22.123167888195784
          ],
          [
            120.87284607126081,
            22.123191982762688
          ],
          [
            120.87286343640889,
            22.123212481847748
          ],
          [
            120.87288579356826,
            22.123227746544277
          ],
          [
            120.87365917148642,
            22.123616648345042
          ],
          [
            120.87366597067552,
            22.12362103376363
          ],
          [
            120.87367168202223,
            22.12362675338899
          ],
          [
            120.87367593673098,
            22.123633487519133
          ],
          [
            120.87367853455221,
            22.123640919209542
          ],
          [
            120.87367935321845,
            22.123648698684775
          ],
          [
            120.87367836764314,
            22.12365640557922
          ],
          [
            120.8736452336598,
            22.123789371597454
          ],
          [
            120.87364281296045,
            22.123796410886058
          ],
          [
            120.87363920496097,
            22.123802916513334
          ],
          [
            120.87363449269971,
            22.123808775430643
          ],
          [
            120.87362880611924,
            22.123813826075864
          ],
          [
            120.87362230202946,
            22.12381792917531
          ],
          [
            120.87361525963341,
            22.123820937966787
          ],
          [
            120.87328880839672,
            22.12393040000284
          ],
          [
            120.87349,
            22.12474
          ],
          [
            120.87352,
            22.12491
          ],
          [
            120.87355,
            22.12506
          ],
          [
            120.87358,
            22.1252
          ],
          [
            120.8736,
            22.12528
          ],
          [
            120.87362,
            22.12536
          ],
          [
            120.87365,
            22.12541
          ],
          [
            120.87368,
            22.12546
          ],
          [
            120.87372,
            22.1255
          ],
          [
            120.87376,
            22.12553
          ],
          [
            120.87377,
            22.12554
          ],
          [
            120.87381,
            22.12557
          ],
          [
            120.87396,
            22.12567
          ],
          [
            120.87418,
            22.1258
          ],
          [
            120.87429,
            22.12587
          ],
          [
            120.87438,
            22.12591
          ],
          [
            120.87518666386102,
            22.126112914856858
          ],
          [
            120.87519256837773,
            22.126114952025947
          ],
          [
            120.87519804369553,
            22.126117966848117
          ],
          [
            120.87520285259407,
            22.12612184676748
          ],
          [
            120.87520683993745,
            22.12612646661722
          ],
          [
            120.87520987709341,
            22.12613167736027
          ],
          [
            120.87521187840933,
            22.12613736060125
          ],
          [
            120.8752425349716,
            22.12626033869165
          ],
          [
            120.8752437436026,
            22.126269799440742
          ],
          [
            120.87524273731314,
            22.126279348992547
          ],
          [
            120.87523954697616,
            22.126288471338402
          ],
          [
            120.87523432275583,
            22.12629673710363
          ],
          [
            120.87522731054813,
            22.126303757231465
          ],
          [
            120.8752189631305,
            22.126309139330107
          ],
          [
            120.87474,
            22.12655
          ],
          [
            120.8747,
            22.12659
          ],
          [
            120.87466,
            22.12664
          ],
          [
            120.87464,
            22.12668
          ],
          [
            120.87457729347868,
            22.127057907379257
          ],
          [
            120.87456992083084,
            22.127082670836415
          ],
          [
            120.8745565866901,
            22.127105030417056
          ],
          [
            120.87453801306557,
            22.127123857455675
          ],
          [
            120.87451523178227,
            22.12713810604926
          ],
          [
            120.87448950841436,
            22.127146984642234
          ],
          [
            120.87446227197773,
            22.12715
          ],
          [
            120.87375030036851,
            22.12715
          ],
          [
            120.8737352435425,
            22.127148870101987
          ],
          [
            120.87372057392551,
            22.127145509464974
          ],
          [
            120.87370666876882,
            22.127140004512825
          ],
          [
            120.87369388566458,
            22.12713249681368
          ],
          [
            120.87368255334952,
            22.127123179439348
          ],
          [
            120.87367278662937,
            22.127112054264682
          ],
          [
            120.87334201135846,
            22.12666864570555
          ],
          [
            120.87333205949344,
            22.12665731485507
          ],
          [
            120.87332051373002,
            22.126647825583106
          ],
          [
            120.87330749081691,
            22.126640179518528
          ],
          [
            120.87329332548268,
            22.126634573188507
          ],
          [
            120.8732783818196,
            22.126631150692806
          ],
          [
            120.87326304392549,
            22.12663
          ],
          [
            120.87291,
            22.12663
          ],
          [
            120.87287,
            22.12662
          ],
          [
            120.87282,
            22.12661
          ],
          [
            120.87275,
            22.12659
          ],
          [
            120.87202201796296,
            22.12634580994659
          ],
          [
            120.87201603254753,
            22.126344343819593
          ],
          [
            120.87200993850445,
            22.12634390808266
          ],
          [
            120.87200385876599,
            22.126344492393937
          ],
          [
            120.87199798795018,
            22.126346078049078
          ],
          [
            120.87199251398722,
            22.12634861428981
          ],
          [
            120.8719875232469,
            22.126352094334198
          ],
          [
            120.87146127759573,
            22.12679309948948
          ],
          [
            120.87144886843944,
            22.12680601543562
          ],
          [
            120.87143946998411,
            22.126821315512544
          ],
          [
            120.87143373540692,
            22.126838118655748
          ],
          [
            120.871431921813,
            22.12685567150999
          ],
          [
            120.87143411051335,
            22.126873187107336
          ],
          [
            120.87144010311843,
            22.12688967770815
          ],
          [
            120.87155769860676,
            22.127125791781452
          ],
          [
            120.87156260387033,
            22.127133859304745
          ],
          [
            120.87156877821752,
            22.12714094005262
          ],
          [
            120.87157611924879,
            22.127146974477736
          ],
          [
            120.8715844261228,
            22.12715179748583
          ],
          [
            120.87159347157395,
            22.127155277125492
          ],
          [
            120.87160294997236,
            22.12715731037325
          ],
          [
            120.87222,
            22.12724
          ],
          [
            120.87247,
            22.12729
          ],
          [
            120.87295580046343,
            22.127365060125513
          ],
          [
            120.8729777130408,
            22.127370566354003
          ],
          [
            120.87299817584805,
            22.127380000675803
          ],
          [
            120.87301627090906,
            22.127392979824293
          ],
          [
            120.8730313020293,
            22.127409004436043
          ],
          [
            120.87304269089726,
            22.127427457975617
          ],
          [
            120.87305003961525,
            22.127447793513713
          ],
          [
            120.87316,
            22.12789
          ],
          [
            120.87316,
            22.12791
          ],
          [
            120.87316,
            22.12793
          ],
          [
            120.87315999999998,
            22.128654043367735
          ],
          [
            120.87316032080778,
            22.128657357960915
          ],
          [
            120.87316127285466,
            22.128660565342386
          ],
          [
            120.87316282534627,
            22.12866356176824
          ],
          [
            120.8731649280667,
            22.128666250318
          ],
          [
            120.87316751300271,
            22.12866854402956
          ],
          [
            120.87317044537028,
            22.12867034314343
          ],
          [
            120.87321,
            22.12869
          ],
          [
            120.87324,
            22.1287
          ],
          [
            120.87331,
            22.12873
          ],
          [
            120.87341,
            22.12877
          ],
          [
            120.87358,
            22.12882
          ],
          [
            120.87381,
            22.12889
          ],
          [
            120.87415,
            22.129
          ],
          [
            120.87442,
            22.12907
          ],
          [
            120.87449,
            22.1291
          ],
          [
            120.87457,
            22.12913
          ],
          [
            120.87488,
            22.12922
          ],
          [
            120.8751,
            22.12927
          ],
          [
            120.87528,
            22.12933
          ],
          [
            120.87534,
            22.12934
          ],
          [
            120.87546,
            22.12935
          ],
          [
            120.87555,
            22.12936
          ],
          [
            120.87557,
            22.12936
          ],
          [
            120.87566,
            22.12936
          ],
          [
            120.87576,
            22.12936
          ],
          [
            120.87588,
            22.12936
          ],
          [
            120.87594,
            22.12936
          ],
          [
            120.87598,
            22.12936
          ],
          [
            120.87605,
            22.12936
          ],
          [
            120.8761,
            22.12937
          ],
          [
            120.87613,
            22.12938
          ],
          [
            120.87615,
            22.12938
          ],
          [
            120.87617,
            22.12939
          ],
          [
            120.87624,
            22.12942
          ],
          [
            120.87635,
            22.12949
          ],
          [
            120.87644,
            22.12955
          ],
          [
            120.87649,
            22.12958
          ],
          [
            120.8766,
            22.12965
          ],
          [
            120.87667,
            22.1297
          ],
          [
            120.877,
            22.12991
          ],
          [
            120.87725,
            22.13005
          ],
          [
            120.87735,
            22.13011
          ],
          [
            120.87755,
            22.13023
          ],
          [
            120.87777,
            22.13035
          ],
          [
            120.8779,
            22.13044
          ],
          [
            120.87795,
            22.13048
          ],
          [
            120.87799,
            22.13051
          ],
          [
            120.87805,
            22.13057
          ],
          [
            120.87811,
            22.13065
          ],
          [
            120.8782,
            22.13081
          ],
          [
            120.87827,
            22.13092
          ],
          [
            120.87831,
            22.13096
          ],
          [
            120.87837,
            22.13102
          ],
          [
            120.87847,
            22.13111
          ],
          [
            120.87861,
            22.13121
          ],
          [
            120.87884,
            22.13135
          ],
          [
            120.87888,
            22.13139
          ],
          [
            120.87893,
            22.13143
          ],
          [
            120.87897,
            22.13148
          ],
          [
            120.87902,
            22.13157
          ],
          [
            120.8791,
            22.13172
          ],
          [
            120.87911,
            22.13177
          ],
          [
            120.87919,
            22.13196
          ],
          [
            120.87932,
            22.13225
          ],
          [
            120.87949,
            22.13257
          ],
          [
            120.87953,
            22.13266
          ],
          [
            120.87956,
            22.13273
          ],
          [
            120.87957,
            22.13276
          ],
          [
            120.87975770607312,
            22.13361
          ],
          [
            120.87974,
            22.13361
          ],
          [
            120.87977,
            22.13361
          ],
          [
            120.87981,
            22.13361
          ],
          [
            120.87988,
            22.13359
          ],
          [
            120.8801,
            22.13353
          ],
          [
            120.88026,
            22.1335
          ],
          [
            120.88041,
            22.13349
          ],
          [
            120.88063,
            22.13348
          ],
          [
            120.88068,
            22.13348
          ],
          [
            120.88089,
            22.13348
          ],
          [
            120.88118,
            22.1335
          ],
          [
            120.88136,
            22.13353
          ],
          [
            120.88145,
            22.13354
          ],
          [
            120.88158,
            22.13355
          ],
          [
            120.88172,
            22.13357
          ],
          [
            120.88197,
            22.13359
          ],
          [
            120.88202,
            22.1336
          ],
          [
            120.8823,
            22.13361
          ],
          [
            120.88241,
            22.13362
          ],
          [
            120.88251,
            22.13363
          ],
          [
            120.88256,
            22.13363
          ],
          [
            120.88259,
            22.13363
          ],
          [
            120.88261,
            22.13363
          ],
          [
            120.88264,
            22.13362
          ],
          [
            120.88266,
            22.13362
          ],
          [
            120.88271,
            22.1336
          ],
          [
            120.8828,
            22.13357
          ],
          [
            120.88291,
            22.13352
          ],
          [
            120.88304,
            22.13345
          ],
          [
            120.88316,
            22.1334
          ],
          [
            120.88326,
            22.13337
          ],
          [
            120.88327,
            22.13337
          ],
          [
            120.88337,
            22.13334
          ],
          [
            120.88345,
            22.13331
          ],
          [
            120.88368,
            22.13324
          ],
          [
            120.88392,
            22.13316
          ],
          [
            120.88414,
            22.1331
          ],
          [
            120.8842,
            22.13308
          ],
          [
            120.88425,
            22.13307
          ],
          [
            120.88432,
            22.13307
          ],
          [
            120.88448,
            22.13312
          ],
          [
            120.88462,
            22.13317
          ],
          [
            120.88468,
            22.13319
          ],
          [
            120.8849,
            22.13327
          ],
          [
            120.88494,
            22.13329
          ],
          [
            120.88509,
            22.13334
          ],
          [
            120.88515,
            22.13337
          ],
          [
            120.88519,
            22.13339
          ],
          [
            120.88524,
            22.13342
          ],
          [
            120.8853,
            22.13345
          ],
          [
            120.88535,
            22.13349
          ],
          [
            120.88549,
            22.13358
          ],
          [
            120.88558,
            22.13364
          ],
          [
            120.8858,
            22.13381
          ],
          [
            120.88586,
            22.13386
          ],
          [
            120.88602,
            22.13396
          ],
          [
            120.88621,
            22.13411
          ],
          [
            120.88626,
            22.13415
          ],
          [
            120.88629,
            22.13417
          ],
          [
            120.88659,
            22.1344
          ],
          [
            120.88681,
            22.13456
          ],
          [
            120.88689,
            22.13462
          ],
          [
            120.88697,
            22.13467
          ],
          [
            120.88702,
            22.13469
          ],
          [
            120.88705,
            22.13471
          ],
          [
            120.88707,
            22.13471
          ],
          [
            120.88709,
            22.13472
          ],
          [
            120.88711,
            22.13472
          ],
          [
            120.88713,
            22.13472
          ],
          [
            120.88715,
            22.13472
          ],
          [
            120.8872,
            22.13472
          ],
          [
            120.88715,
            22.13472
          ],
          [
            120.88713,
            22.13472
          ],
          [
            120.88711,
            22.13472
          ],
          [
            120.88709,
            22.13472
          ],
          [
            120.88707,
            22.13471
          ],
          [
            120.88705,
            22.13471
          ],
          [
            120.88702,
            22.13469
          ],
          [
            120.88697,
            22.13467
          ],
          [
            120.88689,
            22.13462
          ],
          [
            120.88681,
            22.13456
          ],
          [
            120.88659,
            22.1344
          ],
          [
            120.88629,
            22.13417
          ],
          [
            120.88626,
            22.13415
          ],
          [
            120.88621,
            22.13411
          ],
          [
            120.88602,
            22.13396
          ],
          [
            120.88586,
            22.13386
          ],
          [
            120.8858,
            22.13381
          ],
          [
            120.88558,
            22.13364
          ],
          [
            120.88549,
            22.13358
          ],
          [
            120.88535,
            22.13349
          ],
          [
            120.8853,
            22.13345
          ],
          [
            120.88524,
            22.13342
          ],
          [
            120.88519,
            22.13339
          ],
          [
            120.88515,
            22.13337
          ],
          [
            120.88509,
            22.13334
          ],
          [
            120.88494,
            22.13329
          ],
          [
            120.8849,
            22.13327
          ],
          [
            120.88468,
            22.13319
          ],
          [
            120.88462,
            22.13317
          ],
          [
            120.88448,
            22.13312
          ],
          [
            120.88432,
            22.13307
          ],
          [
            120.88425,
            22.13307
          ],
          [
            120.8842,
            22.13308
          ],
          [
            120.88414,
            22.1331
          ],
          [
            120.88392,
            22.13316
          ],
          [
            120.88368,
            22.13324
          ],
          [
            120.88345,
            22.13331
          ],
          [
            120.88337,
            22.13334
          ],
          [
            120.88327,
            22.13337
          ],
          [
            120.88326,
            22.13337
          ],
          [
            120.88316,
            22.1334
          ],
          [
            120.88304,
            22.13345
          ],
          [
            120.88291,
            22.13352
          ],
          [
            120.8828,
            22.13357
          ],
          [
            120.88271,
            22.1336
          ],
          [
            120.88266,
            22.13362
          ],
          [
            120.88264,
            22.13362
          ],
          [
            120.88261,
            22.13363
          ],
          [
            120.88259,
            22.13363
          ],
          [
            120.88256,
            22.13363
          ],
          [
            120.88251,
            22.13363
          ],
          [
            120.88241,
            22.13362
          ],
          [
            120.8823,
            22.13361
          ],
          [
            120.88202,
            22.1336
          ],
          [
            120.88197,
            22.13359
          ],
          [
            120.88172,
            22.13357
          ],
          [
            120.88158,
            22.13355
          ],
          [
            120.88145,
            22.13354
          ],
          [
            120.88136,
            22.13353
          ],
          [
            120.88118,
            22.1335
          ],
          [
            120.88089,
            22.13348
          ],
          [
            120.88068,
            22.13348
          ],
          [
            120.88063,
            22.13348
          ],
          [
            120.8796873171713,
            22.133523071661752
          ],
          [
            120.879677768488,
            22.13352230505155
          ],
          [
            120.87966879677312,
            22.133519193175196
          ],
          [
            120.87966103965152,
            22.133513962006532
          ],
          [
            120.87965505901838,
            22.133506990470682
          ],
          [
            120.87965128808705,
            22.13349878355809
          ],
          [
            120.87965000000001,
            22.133489935744972
          ],
          [
            120.87965,
            22.13343
          ],
          [
            120.87963,
            22.13326
          ],
          [
            120.8796,
            22.13296
          ],
          [
            120.8796,
            22.1329
          ],
          [
            120.87959,
            22.13285
          ],
          [
            120.87957,
            22.13276
          ],
          [
            120.87956,
            22.13273
          ],
          [
            120.87953,
            22.13266
          ],
          [
            120.87949,
            22.13257
          ],
          [
            120.87932,
            22.13225
          ],
          [
            120.87919,
            22.13196
          ],
          [
            120.87911,
            22.13177
          ],
          [
            120.8791,
            22.13172
          ],
          [
            120.87902,
            22.13157
          ],
          [
            120.87897,
            22.13148
          ],
          [
            120.87893,
            22.13143
          ],
          [
            120.87888,
            22.13139
          ],
          [
            120.87884,
            22.13135
          ],
          [
            120.87861,
            22.13121
          ],
          [
            120.87847,
            22.13111
          ],
          [
            120.87837,
            22.13102
          ],
          [
            120.87831,
            22.13096
          ],
          [
            120.87827,
            22.13092
          ],
          [
            120.8782,
            22.13081
          ],
          [
            120.87811,
            22.13065
          ],
          [
            120.87805,
            22.13057
          ],
          [
            120.87799,
            22.13051
          ],
          [
            120.87795,
            22.13048
          ],
          [
            120.8779,
            22.13044
          ],
          [
            120.87777,
            22.13035
          ],
          [
            120.87755,
            22.13023
          ],
          [
            120.87735,
            22.13011
          ],
          [
            120.87725,
            22.13005
          ],
          [
            120.877,
            22.12991
          ],
          [
            120.87667,
            22.1297
          ],
          [
            120.8766,
            22.12965
          ],
          [
            120.87649,
            22.12958
          ],
          [
            120.87644,
            22.12955
          ],
          [
            120.87635,
            22.12949
          ],
          [
            120.87624,
            22.12942
          ],
          [
            120.87617,
            22.12939
          ],
          [
            120.87615,
            22.12938
          ],
          [
            120.87613,
            22.12938
          ],
          [
            120.8761,
            22.12937
          ],
          [
            120.87605,
            22.12936
          ],
          [
            120.87598,
            22.12936
          ],
          [
            120.87594,
            22.12936
          ],
          [
            120.87588,
            22.12936
          ],
          [
            120.87576,
            22.12936
          ],
          [
            120.87566,
            22.12936
          ],
          [
            120.87557,
            22.12936
          ],
          [
            120.87555,
            22.12936
          ],
          [
            120.87546,
            22.12935
          ],
          [
            120.87534,
            22.12934
          ],
          [
            120.87528,
            22.12933
          ],
          [
            120.8751,
            22.12927
          ],
          [
            120.87488,
            22.12922
          ],
          [
            120.87457,
            22.12913
          ],
          [
            120.87449,
            22.1291
          ],
          [
            120.87442,
            22.12907
          ],
          [
            120.87415,
            22.129
          ],
          [
            120.87381,
            22.12889
          ],
          [
            120.87301149934511,
            22.12864583812555
          ],
          [
            120.87299736615728,
            22.12863991205602
          ],
          [
            120.87298472302268,
            22.128631306071476
          ],
          [
            120.87297426892225,
            22.128620440351128
          ],
          [
            120.87296645878358,
            22.128607787734854
          ],
          [
            120.8729616324778,
            22.12859389882229
          ],
          [
            120.87296000000003,
            22.12857937801255
          ],
          [
            120.87296,
            22.12843
          ],
          [
            120.87296,
            22.1284
          ],
          [
            120.87296,
            22.12838
          ],
          [
            120.87296,
            22.12835
          ],
          [
            120.87297,
            22.12833
          ],
          [
            120.87298,
            22.1283
          ],
          [
            120.87317179393878,
            22.12791434484808
          ],
          [
            120.87317852839392,
            22.12789691012315
          ],
          [
            120.87318201336585,
            22.12787837144737
          ],
          [
            120.87318201347665,
            22.127859549865562
          ],
          [
            120.87317852872297,
            22.127841011154075
          ],
          [
            120.87317166385643,
            22.12782331258618
          ],
          [
            120.87316184341648,
            22.127807279887705
          ],
          [
            120.87294,
            22.12751
          ],
          [
            120.87292,
            22.12749
          ],
          [
            120.87291,
            22.12748
          ],
          [
            120.87288,
            22.12745
          ],
          [
            120.87284,
            22.12741
          ],
          [
            120.8728,
            22.12739
          ],
          [
            120.87278,
            22.12738
          ],
          [
            120.87275,
            22.12736
          ],
          [
            120.8727,
            22.12734
          ],
          [
            120.87262,
            22.12732
          ],
          [
            120.8726,
            22.12731
          ],
          [
            120.87247,
            22.12729
          ],
          [
            120.87152289536108,
            22.127099651474566
          ],
          [
            120.87150861882594,
            22.127095145873906
          ],
          [
            120.87149570263941,
            22.127087726712638
          ],
          [
            120.8714849014707,
            22.127077791953127
          ],
          [
            120.871476766691,
            22.127065848738702
          ],
          [
            120.87147171355947,
            22.127052506739044
          ],
          [
            120.87146999999997,
            22.12703844702813
          ],
          [
            120.87146999999999,
            22.126716504238377
          ],
          [
            120.87147142330427,
            22.126700548723143
          ],
          [
            120.87147565406146,
            22.12668503215082
          ],
          [
            120.87148257588163,
            22.126670381388827
          ],
          [
            120.87149199834259,
            22.126656999485775
          ],
          [
            120.87150366222852,
            22.126645254583423
          ],
          [
            120.87151696792742,
            22.126635638688008
          ],
          [
            120.87216963261416,
            22.12624188955445
          ],
          [
            120.87218932811642,
            22.126232590133547
          ],
          [
            120.87221038787119,
            22.126227519403443
          ],
          [
            120.87223212186107,
            22.126226743617774
          ],
          [
            120.87225353538358,
            22.12623029828202
          ],
          [
            120.87227364840315,
            22.126238020709376
          ],
          [
            120.87229180780206,
            22.126249773544412
          ],
          [
            120.87269,
            22.12657
          ],
          [
            120.87275,
            22.12659
          ],
          [
            120.87282,
            22.12661
          ],
          [
            120.87287,
            22.12662
          ],
          [
            120.87291,
            22.12663
          ],
          [
            120.87326304391053,
            22.12663
          ],
          [
            120.87327838180245,
            22.126631150688553
          ],
          [
            120.87329332546439,
            22.126634573178052
          ],
          [
            120.87330749079925,
            22.126640179500214
          ],
          [
            120.8733205137153,
            22.126647825555693
          ],
          [
            120.87333205948438,
            22.126657314817837
          ],
          [
            120.87334201134392,
            22.126668645667976
          ],
          [
            120.87372842788925,
            22.127186531677136
          ],
          [
            120.87374617049154,
            22.12720540092872
          ],
          [
            120.87376774889331,
            22.127219791685647
          ],
          [
            120.8737922600617,
            22.127229249932302
          ],
          [
            120.87381843043978,
            22.12723328423493
          ],
          [
            120.87384490026105,
            22.12723168497831
          ],
          [
            120.87387056800398,
            22.127224424698387
          ],
          [
            120.8745499274468,
            22.126951246886225
          ],
          [
            120.874563864792,
            22.126944265504516
          ],
          [
            120.87457655655095,
            22.126935079738782
          ],
          [
            120.87458741913355,
            22.12692404006484
          ],
          [
            120.87459614543438,
            22.126911458594805
          ],
          [
            120.87460248874469,
            22.126897691030244
          ],
          [
            120.8746062851752,
            22.12688303337755
          ],
          [
            120.8746562447167,
            22.126582057239926
          ],
          [
            120.8746596726829,
            22.12656926774607
          ],
          [
            120.87466552562364,
            22.126557351036322
          ],
          [
            120.87467361805732,
            22.126546635230895
          ],
          [
            120.874683676489,
            22.12653748248516
          ],
          [
            120.87469536098016,
            22.126530202128738
          ],
          [
            120.87470812657314,
            22.126525085629076
          ],
          [
            120.87524961528034,
            22.12636214376725
          ],
          [
            120.87528678146042,
            22.126343311556436
          ],
          [
            120.87531439803509,
            22.126313137172215
          ],
          [
            120.8753285474273,
            22.126275720535062
          ],
          [
            120.87532733953404,
            22.126236059831374
          ],
          [
            120.875310935708,
            22.12619945301427
          ],
          [
            120.87528184206474,
            22.126171002070222
          ],
          [
            120.87513,
            22.12607
          ],
          [
            120.87509,
            22.12605
          ],
          [
            120.87504,
            22.12603
          ],
          [
            120.87494,
            22.12601
          ],
          [
            120.87486,
            22.126
          ],
          [
            120.87478,
            22.12599
          ],
          [
            120.87467,
            22.12598
          ],
          [
            120.87458,
            22.12596
          ],
          [
            120.87452,
            22.12595
          ],
          [
            120.87446,
            22.12593
          ],
          [
            120.87438,
            22.12591
          ],
          [
            120.87429,
            22.12587
          ],
          [
            120.87418,
            22.1258
          ],
          [
            120.87396,
            22.12567
          ],
          [
            120.87381,
            22.12557
          ],
          [
            120.87377,
            22.12554
          ],
          [
            120.87376,
            22.12553
          ],
          [
            120.87372,
            22.1255
          ],
          [
            120.87368,
            22.12546
          ],
          [
            120.87365,
            22.12541
          ],
          [
            120.87362,
            22.12536
          ],
          [
            120.8736,
            22.12528
          ],
          [
            120.87358,
            22.1252
          ],
          [
            120.87355,
            22.12506
          ],
          [
            120.87352,
            22.12491
          ],
          [
            120.87349,
            22.12474
          ],
          [
            120.87328880853129,
            22.1239303999577
          ],
          [
            120.87369353952926,
            22.123794976981554
          ],
          [
            120.87372654453385,
            22.123777720537515
          ],
          [
            120.87375201147267,
            22.12375129275479
          ],
          [
            120.87376696547506,
            22.123718608444637
          ],
          [
            120.87376980403967,
            22.123683170124306
          ],
          [
            120.87376022298017,
            22.123648775436386
          ],
          [
            120.87373952576354,
            22.123619389644585
          ],
          [
            120.87363,
            22.12351
          ],
          [
            120.8736,
            22.12348
          ],
          [
            120.87294391105854,
            22.12314985380016
          ],
          [
            120.87293812989792,
            22.12314615431135
          ],
          [
            120.87293322637476,
            22.123141351388586
          ],
          [
            120.87292950373869,
            22.1231357003996
          ],
          [
            120.87292712554174,
            22.123129449617558
          ],
          [
            120.87292619626871,
            22.12312287366721
          ],
          [
            120.87292674895187,
            22.12311630066436
          ],
          [
            120.87294,
            22.12305
          ],
          [
            120.87295,
            22.12298
          ],
          [
            120.87297,
            22.12291
          ],
          [
            120.873,
            22.12286
          ],
          [
            120.87305,
            22.1228
          ],
          [
            120.87311,
            22.12272
          ],
          [
            120.87318,
            22.12259
          ],
          [
            120.87364951572651,
            22.121881714421164
          ],
          [
            120.8736524466091,
            22.121875961635567
          ],
          [
            120.87365401405164,
            22.121869666564503
          ],
          [
            120.87365409183593,
            22.121863204290996
          ],
          [
            120.873652676313,
            22.121856877970277
          ],
          [
            120.87364983388719,
            22.121850984379826
          ],
          [
            120.87364577403807,
            22.12184587676462
          ],
          [
            120.87350130350613,
            22.121700776421193
          ],
          [
            120.87349198929839,
            22.121692800920094
          ],
          [
            120.87348160883064,
            22.121686507797744
          ],
          [
            120.87347026349238,
            22.12168188624897
          ],
          [
            120.87345825986196,
            22.121679061159167
          ],
          [
            120.87344592230649,
            22.121678108869077
          ],
          [
            120.87343349964517,
            22.121679068242326
          ],
          [
            120.87266892131042,
            22.121797288365716
          ],
          [
            120.87264530643246,
            22.121798689864843
          ],
          [
            120.87262200448754,
            22.12179563514453
          ],
          [
            120.87259983772405,
            22.121788269386546
          ],
          [
            120.87257971259734,
            22.12177689379547
          ],
          [
            120.87256245207502,
            22.121761973548146
          ],
          [
            120.87254858756708,
            22.12174383349055
          ],
          [
            120.87205414648078,
            22.120937312771414
          ],
          [
            120.87204165914062,
            22.12090686923373
          ],
          [
            120.87203945301003,
            22.120874012723238
          ],
          [
            120.8720479051265,
            22.120842050094478
          ],
          [
            120.87206623819556,
            22.120813920773788
          ],
          [
            120.87209276622619,
            22.120792211659328
          ],
          [
            120.87212485041955,
            22.120778969485226
          ],
          [
            120.87298676755664,
            22.120562518189296
          ],
          [
            120.87301895350944,
            22.12054921235809
          ],
          [
            120.8730455336541,
            22.120527387922408
          ],
          [
            120.87306384759016,
            22.120499116026323
          ],
          [
            120.87307219953516,
            22.120467014511505
          ],
          [
            120.87306981613915,
            22.120434055823928
          ],
          [
            120.87305709551687,
            22.120403578078804
          ],
          [
            120.87293,
            22.1202
          ],
          [
            120.87286,
            22.1201
          ],
          [
            120.87279,
            22.12
          ],
          [
            120.87277,
            22.11998
          ],
          [
            120.87267,
            22.11986
          ],
          [
            120.8726,
            22.11978
          ],
          [
            120.87254,
            22.11973
          ],
          [
            120.8724,
            22.11959
          ],
          [
            120.8721,
            22.11931
          ],
          [
            120.87193,
            22.11916
          ],
          [
            120.87183,
            22.11907
          ],
          [
            120.87175,
            22.11901
          ],
          [
            120.87171,
            22.11897
          ],
          [
            120.87166,
            22.11894
          ],
          [
            120.87161,
            22.11891
          ],
          [
            120.87154,
            22.11888
          ],
          [
            120.87145,
            22.11885
          ],
          [
            120.87114916511021,
            22.118767667463292
          ],
          [
            120.87113156536371,
            22.11876132156484
          ],
          [
            120.87111511486974,
            22.11875228620314
          ],
          [
            120.8711004692416,
            22.11874086309488
          ],
          [
            120.87108802265487,
            22.118727359684055
          ],
          [
            120.87107811009966,
            22.11871213940435
          ],
          [
            120.87107093060561,
            22.11869540677276
          ],
          [
            120.87085698282932,
            22.118050787322108
          ],
          [
            120.87083846352704,
            22.118017041823443
          ],
          [
            120.87080882919105,
            22.117991411418803
          ],
          [
            120.8707715861333,
            22.117976782047826
          ],
          [
            120.87073122598453,
            22.117974918058998
          ],
          [
            120.87069261630648,
            22.11798604425526
          ],
          [
            120.87066013694344,
            22.118009098359178
          ],
          [
            120.87038,
            22.11829
          ],
          [
            120.87026,
            22.11848
          ],
          [
            120.86996899016135,
            22.118918284536807
          ],
          [
            120.86995705541639,
            22.118933321493667
          ],
          [
            120.86994281545327,
            22.118946009757366
          ],
          [
            120.86992648612932,
            22.118956276237608
          ],
          [
            120.86990853507064,
            22.118963826931147
          ],
          [
            120.86988947634534,
            22.118968445607265
          ],
          [
            120.86986985574165,
            22.11897
          ],
          [
            120.86924565169312,
            22.11897
          ],
          [
            120.86922917337411,
            22.118968693525492
          ],
          [
            120.86921316767804,
            22.118964811573612
          ],
          [
            120.86919809367234,
            22.118958465484578
          ],
          [
            120.86918438370209,
            22.11894983727375
          ],
          [
            120.86917243098988,
            22.11893917441118
          ],
          [
            120.86916241760277,
            22.118926539214726
          ],
          [
            120.86884,
            22.11844
          ],
          [
            120.86882,
            22.11842
          ],
          [
            120.86877,
            22.11837
          ],
          [
            120.86872,
            22.11832
          ],
          [
            120.86854,
            22.11814
          ],
          [
            120.86845,
            22.11805
          ],
          [
            120.86836,
            22.11797
          ],
          [
            120.8683,
            22.11793
          ],
          [
            120.86822,
            22.11788
          ],
          [
            120.86816,
            22.11785
          ],
          [
            120.86801,
            22.11778
          ],
          [
            120.86792,
            22.11775
          ],
          [
            120.8678,
            22.11772
          ],
          [
            120.86777,
            22.11771
          ],
          [
            120.86762,
            22.11769
          ],
          [
            120.86758,
            22.11768
          ],
          [
            120.86745,
            22.11765
          ],
          [
            120.86737,
            22.11763
          ],
          [
            120.86731,
            22.1176
          ],
          [
            120.86727,
            22.11758
          ],
          [
            120.86725,
            22.11756
          ],
          [
            120.86723,
            22.11754
          ],
          [
            120.86722,
            22.11753
          ],
          [
            120.86714,
            22.11744
          ],
          [
            120.86673157518227,
            22.116865617402194
          ],
          [
            120.86671273456436,
            22.1168450424419
          ],
          [
            120.8666893565953,
            22.116829619592057
          ],
          [
            120.86666264949547,
            22.11681998977695
          ],
          [
            120.86663423036592,
            22.1168167360769
          ],
          [
            120.86660581997023,
            22.116820055501755
          ],
          [
            120.866578837358,
            22.116829899205555
          ],
          [
            120.86626,
            22.11699
          ],
          [
            120.86622,
            22.117
          ],
          [
            120.86615,
            22.11703
          ],
          [
            120.86605,
            22.11707
          ],
          [
            120.86596,
            22.11712
          ],
          [
            120.86588,
            22.11716
          ],
          [
            120.86579,
            22.11721
          ],
          [
            120.86563,
            22.1173
          ],
          [
            120.86557,
            22.11733
          ],
          [
            120.86526,
            22.11751
          ],
          [
            120.86504,
            22.11765
          ],
          [
            120.86496,
            22.1177
          ],
          [
            120.86488,
            22.11774
          ],
          [
            120.8648,
            22.11776
          ],
          [
            120.86471,
            22.11779
          ],
          [
            120.86424934463781,
            22.11788258419716
          ],
          [
            120.86423493151706,
            22.1178866945216
          ],
          [
            120.86422132960504,
            22.11789303090651
          ],
          [
            120.86420904749458,
            22.11790139056455
          ],
          [
            120.86419842765835,
            22.117911540396175
          ],
          [
            120.86418976621836,
            22.117923197384894
          ],
          [
            120.86418323248283,
            22.117936218750184
          ],
          [
            120.86394104456143,
            22.118544143304426
          ],
          [
            120.86391985600308,
            22.118577655169567
          ],
          [
            120.86388759626628,
            22.118601925889525
          ],
          [
            120.86384826519026,
            22.118614109559456
          ],
          [
            120.86380685179641,
            22.118612660719734
          ],
          [
            120.86376860924149,
            22.118597763151044
          ],
          [
            120.86373815583593,
            22.118571013278274
          ],
          [
            120.86324758457526,
            22.11795536903712
          ],
          [
            120.86323322276992,
            22.117931273379153
          ],
          [
            120.8632257820872,
            22.117904217410274
          ],
          [
            120.8632259876195,
            22.117876285763934
          ],
          [
            120.86323382575961,
            22.117849327651278
          ],
          [
            120.86324877758442,
            22.11782512783075
          ],
          [
            120.86326954034269,
            22.11780551615728
          ],
          [
            120.86365,
            22.11753
          ],
          [
            120.8639,
            22.11736
          ],
          [
            120.8641,
            22.11728
          ],
          [
            120.86422,
            22.11722
          ],
          [
            120.86431,
            22.11718
          ],
          [
            120.8644,
            22.11715
          ],
          [
            120.86446,
            22.11714
          ],
          [
            120.86455,
            22.11712
          ],
          [
            120.86462,
            22.1171
          ],
          [
            120.86467,
            22.11708
          ],
          [
            120.86475,
            22.11705
          ],
          [
            120.8648,
            22.11702
          ],
          [
            120.86485,
            22.11698
          ],
          [
            120.86496,
            22.11689
          ],
          [
            120.86508,
            22.11678
          ],
          [
            120.86531,
            22.11654
          ],
          [
            120.86546,
            22.11636
          ],
          [
            120.86555,
            22.11625
          ],
          [
            120.86561,
            22.11615
          ],
          [
            120.86562,
            22.11614
          ],
          [
            120.8660460813325,
            22.115540485356494
          ],
          [
            120.86605604007705,
            22.115528656003672
          ],
          [
            120.86606772610952,
            22.115518718250296
          ],
          [
            120.86608099658105,
            22.11551069698362
          ],
          [
            120.8660954942773,
            22.115504808119947
          ],
          [
            120.86611082894959,
            22.115501210175605
          ],
          [
            120.86612658781928,
            22.1155
          ],
          [
            120.86635,
            22.1155
          ],
          [
            120.86643,
            22.11549
          ],
          [
            120.86672,
            22.11545
          ],
          [
            120.86731884365184,
            22.11538986671402
          ],
          [
            120.86733832461987,
            22.115386306067432
          ],
          [
            120.86735695205412,
            22.115379672301017
          ],
          [
            120.86737409210212,
            22.11537016896013
          ],
          [
            120.86738924149566,
            22.115358075083055
          ],
          [
            120.86740195541631,
            22.115343745771725
          ],
          [
            120.86741199125778,
            22.115327337969852
          ],
          [
            120.86762478089719,
            22.114899680743427
          ],
          [
            120.8676338973764,
            22.114884932792013
          ],
          [
            120.86764554917568,
            22.11487215470256
          ],
          [
            120.86765946994721,
            22.114861535178335
          ],
          [
            120.86767520759439,
            22.11485341910329
          ],
          [
            120.86769225101506,
            22.11484807005834
          ],
          [
            120.86771000893472,
            22.114845663664585
          ],
          [
            120.86857847143754,
            22.114802033345015
          ],
          [
            120.86859870265572,
            22.11479933388903
          ],
          [
            120.86861815603535,
            22.114793357422595
          ],
          [
            120.86863618489512,
            22.114784291323737
          ],
          [
            120.86865223066299,
            22.114772416479298
          ],
          [
            120.86866579620724,
            22.114758100796983
          ],
          [
            120.86867660486475,
            22.114741516258594
          ],
          [
            120.86918092527935,
            22.113790964893635
          ],
          [
            120.86918910979344,
            22.11377040737145
          ],
          [
            120.86919271538353,
            22.113748432223748
          ],
          [
            120.8691914472327,
            22.113726232600516
          ],
          [
            120.86918535852355,
            22.113704739491922
          ],
          [
            120.8691747045996,
            22.11368485425888
          ],
          [
            120.86916021675964,
            22.113667684808153
          ],
          [
            120.86861,
            22.11314
          ],
          [
            120.86848,
            22.11302
          ],
          [
            120.86835,
            22.11289
          ],
          [
            120.86817,
            22.11272
          ],
          [
            120.86799,
            22.11254
          ],
          [
            120.86794,
            22.1125
          ],
          [
            120.86789,
            22.11245
          ],
          [
            120.86783,
            22.1124
          ],
          [
            120.86775,
            22.1123
          ],
          [
            120.86761,
            22.1121
          ],
          [
            120.86734,
            22.11168
          ],
          [
            120.86732,
            22.11165
          ],
          [
            120.86724,
            22.11152
          ],
          [
            120.86722,
            22.11149
          ],
          [
            120.86698,
            22.11111
          ],
          [
            120.86689,
            22.11099
          ],
          [
            120.86681,
            22.11089
          ],
          [
            120.8668,
            22.11088
          ],
          [
            120.8667,
            22.11076
          ],
          [
            120.86653,
            22.11058
          ],
          [
            120.86644,
            22.11047
          ],
          [
            120.86632,
            22.11033
          ],
          [
            120.86606,
            22.11002
          ],
          [
            120.86601,
            22.10997
          ],
          [
            120.86594,
            22.10992
          ],
          [
            120.8658,
            22.10981
          ],
          [
            120.86579,
            22.1098
          ],
          [
            120.86564,
            22.10969
          ],
          [
            120.86547,
            22.10956
          ],
          [
            120.86534,
            22.10947
          ],
          [
            120.86508,
            22.10928
          ],
          [
            120.865,
            22.1092
          ],
          [
            120.86491,
            22.10911
          ],
          [
            120.86489,
            22.10909
          ],
          [
            120.86467,
            22.10885
          ],
          [
            120.86465,
            22.10884
          ],
          [
            120.86455,
            22.10874
          ],
          [
            120.86451,
            22.10871
          ],
          [
            120.86443,
            22.10865
          ],
          [
            120.86437,
            22.1086
          ],
          [
            120.86436,
            22.1086
          ],
          [
            120.8643,
            22.10857
          ],
          [
            120.86423,
            22.10854
          ],
          [
            120.86419,
            22.10852
          ],
          [
            120.86413,
            22.10851
          ],
          [
            120.86402,
            22.10849
          ],
          [
            120.864,
            22.10849
          ],
          [
            120.86352,
            22.10844
          ],
          [
            120.86303,
            22.10839
          ],
          [
            120.86298,
            22.1084
          ],
          [
            120.86289,
            22.10841
          ],
          [
            120.86273,
            22.10843
          ],
          [
            120.86254,
            22.10847
          ],
          [
            120.86235,
            22.1085
          ],
          [
            120.86232,
            22.1085
          ],
          [
            120.86225,
            22.1085
          ],
          [
            120.86219,
            22.1085
          ],
          [
            120.86215,
            22.10849
          ],
          [
            120.8621,
            22.10847
          ],
          [
            120.86198,
            22.10842
          ],
          [
            120.86181,
            22.10832
          ],
          [
            120.86163,
            22.10821
          ],
          [
            120.86149,
            22.10814
          ],
          [
            120.86135,
            22.10807
          ],
          [
            120.86064879872,
            22.10782351002475
          ],
          [
            120.86062509246678,
            22.107812053206025
          ],
          [
            120.8606046252976,
            22.107795670870814
          ],
          [
            120.86058874994157,
            22.10777533245302
          ],
          [
            120.86057831917394,
            22.107752130469834
          ],
          [
            120.86057389330342,
            22.107727311260355
          ],
          [
            120.86057568338684,
            22.107702342292786
          ],
          [
            120.8607163311223,
            22.106995829804188
          ],
          [
            120.86071810242204,
            22.10697058366959
          ],
          [
            120.86071352122326,
            22.106945509709583
          ],
          [
            120.86070281243082,
            22.106922118620265
          ],
          [
            120.86068656394472,
            22.106901694544682
          ],
          [
            120.86066566778757,
            22.106885358740342
          ],
          [
            120.86064151682096,
            22.10687409071451
          ],
          [
            120.86042,
            22.1068
          ],
          [
            120.8604,
            22.10679
          ],
          [
            120.86037,
            22.10678
          ],
          [
            120.86036,
            22.10677
          ],
          [
            120.86034,
            22.10676
          ],
          [
            120.86032,
            22.10676
          ],
          [
            120.8603,
            22.10675
          ],
          [
            120.86027,
            22.10675
          ],
          [
            120.86024,
            22.10675
          ],
          [
            120.86021,
            22.10675
          ],
          [
            120.86018,
            22.10675
          ],
          [
            120.85940080070348,
            22.106946103676318
          ],
          [
            120.85939,
            22.10693
          ],
          [
            120.85937,
            22.1069
          ],
          [
            120.85935,
            22.10688
          ],
          [
            120.85924272473311,
            22.106584052006966
          ],
          [
            120.85923261191527,
            22.106563385612734
          ],
          [
            120.85921827758004,
            22.10654530564385
          ],
          [
            120.85920025808176,
            22.10653036936046
          ],
          [
            120.85917932674226,
            22.106519217765644
          ],
          [
            120.85915638184746,
            22.1065123294394
          ],
          [
            120.85913240809704,
            22.10651
          ],
          [
            120.85788905454558,
            22.10651
          ],
          [
            120.85786794416143,
            22.10651180178946
          ],
          [
            120.85784753453581,
            22.106517147347486
          ],
          [
            120.85782850316556,
            22.106525859228455
          ],
          [
            120.85781148179643,
            22.106537648241765
          ],
          [
            120.8577970354522,
            22.106552123051493
          ],
          [
            120.85778549173378,
            22.10656907919607
          ],
          [
            120.8574397640448,
            22.10719420160412
          ],
          [
            120.85742075304789,
            22.10721930996485
          ],
          [
            120.85739524710667,
            22.107238282150405
          ],
          [
            120.85736509904943,
            22.107249902895294
          ],
          [
            120.85733267845781,
            22.10725325883043
          ],
          [
            120.85730053353046,
            22.107248086185496
          ],
          [
            120.85727087628023,
            22.10723459328575
          ],
          [
            120.85667169399582,
            22.10685888931613
          ],
          [
            120.85663314996678,
            22.106843071779195
          ],
          [
            120.85659147245805,
            22.10684104419036
          ],
          [
            120.85655170920113,
            22.10685286893942
          ],
          [
            120.856518976112,
            22.106877024661472
          ],
          [
            120.85649748460972,
            22.106910403496247
          ],
          [
            120.85648999999998,
            22.106948710943506
          ],
          [
            120.85648999999998,
            22.10768016855174
          ],
          [
            120.85648348807045,
            22.107715976707645
          ],
          [
            120.85646468119623,
            22.107747776668962
          ],
          [
            120.85643568452934,
            22.107772008899335
          ],
          [
            120.8563997438187,
            22.1077859609582
          ],
          [
            120.85636088209644,
            22.107788071118488
          ],
          [
            120.8563231616058,
            22.107777974420692
          ],
          [
            120.85608,
            22.10767
          ],
          [
            120.85595379869447,
            22.107594044565417
          ],
          [
            120.8559439792167,
            22.10758914136578
          ],
          [
            120.8559336122814,
            22.107585914249526
          ],
          [
            120.85592281334402,
            22.107584347559705
          ],
          [
            120.85591188563335,
            22.107584485288186
          ],
          [
            120.855901135994,
            22.107586323567617
          ],
          [
            120.85589070748341,
            22.107589879499265
          ],
          [
            120.85526542781942,
            22.107859045978103
          ],
          [
            120.85522783024814,
            22.10786864550919
          ],
          [
            120.85518924787864,
            22.10786618849604
          ],
          [
            120.85515365973708,
            22.107852068851617
          ],
          [
            120.85512499729774,
            22.107827846393764
          ],
          [
            120.85510642694237,
            22.107796197012988
          ],
          [
            120.85510000000001,
            22.107760617062866
          ],
          [
            120.85509999999998,
            22.107053283040393
          ],
          [
            120.85509411807088,
            22.107019203642693
          ],
          [
            120.85507706698458,
            22.106988569891925
          ],
          [
            120.85505057071587,
            22.106964479057883
          ],
          [
            120.85501730820845,
            22.106949366879284
          ],
          [
            120.85498064251634,
            22.10694476129486
          ],
          [
            120.85494403510715,
            22.106951210724592
          ],
          [
            120.85440380176352,
            22.107132070657542
          ],
          [
            120.8543988352428,
            22.107133310815275
          ],
          [
            120.85439378410777,
            22.10713375364838
          ],
          [
            120.85438872423704,
            22.10713340837972
          ],
          [
            120.8543837959034,
            22.107132284581045
          ],
          [
            120.8543791357331,
            22.10713041340698
          ],
          [
            120.85437479089545,
            22.107127787568615
          ],
          [
            120.8535045311643,
            22.106502468278375
          ],
          [
            120.85348376078815,
            22.10649047125487
          ],
          [
            120.85346114788253,
            22.10648287290405
          ],
          [
            120.85343734416695,
            22.106479771661
          ],
          [
            120.85341336537961,
            22.106481299860164
          ],
          [
            120.85339023472939,
            22.106487392291108
          ],
          [
            120.85336862512833,
            22.106497984060947
          ],
          [
            120.85248098357394,
            22.107046635045172
          ],
          [
            120.85244245675933,
            22.107062156998275
          ],
          [
            120.85240090791538,
            22.107063964210894
          ],
          [
            120.85236133269102,
            22.10705202082666
          ],
          [
            120.85232878866744,
            22.107027853170095
          ],
          [
            120.85230743486187,
            22.106994549786794
          ],
          [
            120.8523,
            22.10695636673765
          ],
          [
            120.8523,
            22.10592
          ],
          [
            120.85226,
            22.10591
          ],
          [
            120.85225,
            22.10591
          ],
          [
            120.85156670260474,
            22.10591
          ],
          [
            120.8515555482217,
            22.10590911708034
          ],
          [
            120.85154471266425,
            22.105906493557846
          ],
          [
            120.85153450564498,
            22.10590220442063
          ],
          [
            120.85152521891094,
            22.105896372265033
          ],
          [
            120.85151711790475,
            22.10588916379148
          ],
          [
            120.85151032468126,
            22.10588061979143
          ],
          [
            120.85143632309374,
            22.105769565284273
          ],
          [
            120.8514317904187,
            22.10576387467886
          ],
          [
            120.85142638795192,
            22.105759074240062
          ],
          [
            120.85142019662155,
            22.10575519064565
          ],
          [
            120.85141339306624,
            22.105752334694543
          ],
          [
            120.85140617139132,
            22.105750587867004
          ],
          [
            120.85139873763117,
            22.10575
          ],
          [
            120.85060225415894,
            22.10575
          ],
          [
            120.85059606613798,
            22.105749524849998
          ],
          [
            120.85059004463004,
            22.105748112185783
          ],
          [
            120.85058435166748,
            22.105745800020635
          ],
          [
            120.85057914044182,
            22.105742650572452
          ],
          [
            120.85057455118161,
            22.10573874858951
          ],
          [
            120.85057063990047,
            22.105734103784314
          ],
          [
            120.8502681972978,
            22.105308613933346
          ],
          [
            120.85025311494718,
            22.105291380980656
          ],
          [
            120.85023489867594,
            22.1052775711554
          ],
          [
            120.85021408246715,
            22.10526745352543
          ],
          [
            120.85019151344187,
            22.105261439830333
          ],
          [
            120.85016811005254,
            22.105259774799016
          ],
          [
            120.85014464938779,
            22.10526256412266
          ],
          [
            120.84906797546503,
            22.105494456302782
          ],
          [
            120.84903672301984,
            22.105497181991357
          ],
          [
            120.84900599820145,
            22.105492065309704
          ],
          [
            120.84897783655242,
            22.105479512332728
          ],
          [
            120.8489542644705,
            22.105460426321613
          ],
          [
            120.84893697810689,
            22.10543618062814
          ],
          [
            120.84892719462978,
            22.105408385727557
          ],
          [
            120.84882,
            22.10487
          ],
          [
            120.84881,
            22.10479
          ],
          [
            120.84881,
            22.10466
          ],
          [
            120.84881,
            22.10459
          ],
          [
            120.84881,
            22.10452
          ],
          [
            120.8488,
            22.10446
          ],
          [
            120.84879,
            22.10441
          ],
          [
            120.84877,
            22.10436
          ],
          [
            120.84873,
            22.10429
          ],
          [
            120.84831664613773,
            22.10359708310932
          ],
          [
            120.84831097872605,
            22.103589268027758
          ],
          [
            120.84830402966894,
            22.10358262852912
          ],
          [
            120.84829593523992,
            22.103577235690032
          ],
          [
            120.84828694885242,
            22.10357325834485
          ],
          [
            120.84827735184449,
            22.103570821012877
          ],
          [
            120.84826744467107,
            22.103570000000005
          ],
          [
            120.84814,
            22.10357
          ],
          [
            120.8481,
            22.10357
          ],
          [
            120.84804,
            22.10357
          ],
          [
            120.84799,
            22.10358
          ],
          [
            120.84796,
            22.10358
          ],
          [
            120.84785,
            22.10359
          ],
          [
            120.8478,
            22.10359
          ],
          [
            120.84772,
            22.10359
          ],
          [
            120.84766,
            22.10359
          ],
          [
            120.84761,
            22.10358
          ],
          [
            120.8476,
            22.10358
          ],
          [
            120.84756,
            22.10356
          ],
          [
            120.84752,
            22.10355
          ],
          [
            120.84745,
            22.10353
          ],
          [
            120.84742,
            22.10353
          ],
          [
            120.84738,
            22.10352
          ],
          [
            120.84729,
            22.10352
          ],
          [
            120.8472,
            22.10351
          ],
          [
            120.84646735924825,
            22.10351
          ],
          [
            120.84645694420283,
            22.103509174603598
          ],
          [
            120.84644682755696,
            22.10350672206268
          ],
          [
            120.84643729916075,
            22.103502712644538
          ],
          [
            120.84642863201054,
            22.103497261222266
          ],
          [
            120.84642107442723,
            22.103490523983552
          ],
          [
            120.84641474114683,
            22.10348253991032
          ],
          [
            120.84627459974664,
            22.1032713860444
          ],
          [
            120.8462673623052,
            22.103262260605252
          ],
          [
            120.84625872533708,
            22.103254560162526
          ],
          [
            120.8462488200626,
            22.103248329323232
          ],
          [
            120.84623793032272,
            22.10324374663541
          ],
          [
            120.84622636816874,
            22.103240943418438
          ],
          [
            120.84621446492054,
            22.10324
          ],
          [
            120.84585812988087,
            22.10324
          ],
          [
            120.84584523226009,
            22.103238856977622
          ],
          [
            120.84583279590777,
            22.103235468789354
          ],
          [
            120.84582126559567,
            22.103229956609834
          ],
          [
            120.84581105369203,
            22.103222517575766
          ],
          [
            120.84580252541379,
            22.103213417735603
          ],
          [
            120.8457959087352,
            22.103202827142887
          ],
          [
            120.84556432955937,
            22.102737622870624
          ],
          [
            120.84554777575394,
            22.10271325024968
          ],
          [
            120.84552518100826,
            22.10269397347933
          ],
          [
            120.84549797924132,
            22.10268086351018
          ],
          [
            120.84546805404611,
            22.10267482814526
          ],
          [
            120.84543747760014,
            22.102676285304895
          ],
          [
            120.84540807923548,
            22.102685263351393
          ],
          [
            120.84486,
            22.10293
          ],
          [
            120.84485,
            22.10293
          ],
          [
            120.84485,
            22.10294
          ],
          [
            120.84477,
            22.10297
          ],
          [
            120.84464,
            22.10304
          ],
          [
            120.84451,
            22.10311
          ],
          [
            120.8445,
            22.10311
          ],
          [
            120.84444,
            22.10315
          ],
          [
            120.84435,
            22.10319
          ],
          [
            120.84434,
            22.1032
          ],
          [
            120.84433,
            22.1032
          ],
          [
            120.84423,
            22.10324
          ],
          [
            120.84414,
            22.10328
          ],
          [
            120.84404,
            22.10332
          ],
          [
            120.84397,
            22.10335
          ],
          [
            120.8439,
            22.10337
          ],
          [
            120.84379,
            22.1034
          ],
          [
            120.8437,
            22.10343
          ],
          [
            120.84362,
            22.10346
          ],
          [
            120.84361,
            22.10346
          ],
          [
            120.8436,
            22.10347
          ],
          [
            120.84351,
            22.10351
          ],
          [
            120.84341,
            22.10357
          ],
          [
            120.84331,
            22.10362
          ],
          [
            120.84328,
            22.10364
          ],
          [
            120.84327,
            22.10365
          ],
          [
            120.84322,
            22.10367
          ],
          [
            120.84315,
            22.10373
          ],
          [
            120.84308,
            22.10379
          ],
          [
            120.84256784175854,
            22.104304962664582
          ],
          [
            120.84255758333515,
            22.104312414724617
          ],
          [
            120.8425454271633,
            22.104316341611884
          ],
          [
            120.84253256333612,
            22.104316423516057
          ],
          [
            120.84252035085889,
            22.10431265178432
          ],
          [
            120.8425100799248,
            22.104305424883126
          ],
          [
            120.84250279101313,
            22.10429541647511
          ],
          [
            120.8421928192925,
            22.103671983974323
          ],
          [
            120.84218243801277,
            22.103656160920654
          ],
          [
            120.84216855631517,
            22.103643172282165
          ],
          [
            120.84215183189428,
            22.1036335306402
          ],
          [
            120.84213317127022,
            22.10362775860432
          ],
          [
            120.84211358591183,
            22.10362616903836
          ],
          [
            120.84209399296772,
            22.10362888456424
          ],
          [
            120.84169819510647,
            22.103728251617454
          ],
          [
            120.84167834863122,
            22.103735142486286
          ],
          [
            120.84166000288957,
            22.103745388998455
          ],
          [
            120.84164397653613,
            22.103758594847676
          ],
          [
            120.84163081080817,
            22.1037743140499
          ],
          [
            120.84162095033477,
            22.103792015740847
          ],
          [
            120.84161469575436,
            22.103811249475143
          ],
          [
            120.8414083981923,
            22.104743947414665
          ],
          [
            120.84139316092012,
            22.10477959099336
          ],
          [
            120.84136571173467,
            22.10480796912015
          ],
          [
            120.84132942171499,
            22.104825710420318
          ],
          [
            120.84128879059124,
            22.104830615086208
          ],
          [
            120.8412488563627,
            22.10482207497063
          ],
          [
            120.84121427387953,
            22.10480088712731
          ],
          [
            120.84086,
            22.10449
          ],
          [
            120.84077,
            22.10442
          ],
          [
            120.84071,
            22.10437
          ],
          [
            120.84068,
            22.10435
          ],
          [
            120.84059,
            22.10428
          ],
          [
            120.84058,
            22.10427
          ],
          [
            120.84056,
            22.10425
          ],
          [
            120.84049,
            22.1042
          ],
          [
            120.84046,
            22.10415
          ],
          [
            120.84045,
            22.10413
          ],
          [
            120.84044,
            22.10411
          ],
          [
            120.84042,
            22.10408
          ],
          [
            120.84041,
            22.10403
          ],
          [
            120.84039,
            22.10394
          ],
          [
            120.84036,
            22.10382
          ],
          [
            120.84034,
            22.10377
          ],
          [
            120.8403,
            22.10366
          ],
          [
            120.8403,
            22.10363
          ],
          [
            120.84029,
            22.1036
          ],
          [
            120.84027,
            22.10354
          ],
          [
            120.84024,
            22.10342
          ],
          [
            120.84023,
            22.10329
          ],
          [
            120.84022,
            22.10315
          ],
          [
            120.84021,
            22.10303
          ],
          [
            120.84021,
            22.10279
          ],
          [
            120.8402,
            22.10261
          ],
          [
            120.84019,
            22.10242
          ],
          [
            120.84018,
            22.10233
          ],
          [
            120.84017,
            22.10224
          ],
          [
            120.84016,
            22.10221
          ],
          [
            120.84015,
            22.10218
          ],
          [
            120.84012,
            22.10212
          ],
          [
            120.84007,
            22.10205
          ],
          [
            120.84001,
            22.10199
          ],
          [
            120.83991,
            22.10192
          ],
          [
            120.8398,
            22.10183
          ],
          [
            120.83971,
            22.10176
          ],
          [
            120.83962,
            22.10169
          ],
          [
            120.83956,
            22.10165
          ],
          [
            120.83952,
            22.10162
          ],
          [
            120.83951,
            22.10161
          ],
          [
            120.83945,
            22.10158
          ],
          [
            120.8394,
            22.10156
          ],
          [
            120.83934,
            22.10154
          ],
          [
            120.83921,
            22.10152
          ],
          [
            120.8392,
            22.10152
          ],
          [
            120.83911,
            22.10151
          ],
          [
            120.83901,
            22.1015
          ],
          [
            120.83898,
            22.1015
          ],
          [
            120.83882,
            22.1015
          ],
          [
            120.83876,
            22.10149
          ],
          [
            120.83872,
            22.10149
          ],
          [
            120.83855,
            22.10147
          ],
          [
            120.83842,
            22.10144
          ],
          [
            120.83833,
            22.1014
          ],
          [
            120.83827,
            22.10138
          ],
          [
            120.83821,
            22.10134
          ],
          [
            120.83812,
            22.10129
          ],
          [
            120.83802,
            22.10122
          ],
          [
            120.83801,
            22.10121
          ],
          [
            120.83794,
            22.10116
          ],
          [
            120.8379,
            22.10112
          ],
          [
            120.83787,
            22.10109
          ],
          [
            120.83775,
            22.10099
          ],
          [
            120.83764,
            22.10094
          ],
          [
            120.83757,
            22.10091
          ],
          [
            120.83752,
            22.10089
          ],
          [
            120.83746,
            22.10087
          ],
          [
            120.83736,
            22.10086
          ],
          [
            120.83727,
            22.10087
          ],
          [
            120.83721,
            22.10087
          ],
          [
            120.83706,
            22.10087
          ],
          [
            120.83668,
            22.10087
          ],
          [
            120.83661,
            22.10088
          ],
          [
            120.83659,
            22.10088
          ],
          [
            120.83635,
            22.1009
          ],
          [
            120.8363,
            22.1009
          ],
          [
            120.83623,
            22.10092
          ],
          [
            120.83618,
            22.10093
          ],
          [
            120.83612,
            22.10097
          ],
          [
            120.83608,
            22.10101
          ],
          [
            120.836,
            22.10109
          ],
          [
            120.83589,
            22.10119
          ],
          [
            120.83587,
            22.10121
          ],
          [
            120.83578,
            22.10128
          ],
          [
            120.83571,
            22.10132
          ],
          [
            120.83562,
            22.10136
          ],
          [
            120.83545,
            22.10141
          ],
          [
            120.8344763554964,
            22.10172479937281
          ],
          [
            120.83445061730272,
            22.10173022777984
          ],
          [
            120.83442448225813,
            22.10173013283688
          ],
          [
            120.8343990293096,
            22.10172459718758
          ],
          [
            120.83437554280536,
            22.101713900159144
          ],
          [
            120.83435520786738,
            22.10169858152044
          ],
          [
            120.83433885879082,
            22.101679124039244
          ],
          [
            120.83418,
            22.10144
          ],
          [
            120.83414,
            22.10138
          ],
          [
            120.8341,
            22.10133
          ],
          [
            120.83404,
            22.10128
          ],
          [
            120.83398,
            22.10125
          ],
          [
            120.83392,
            22.10122
          ],
          [
            120.83385,
            22.10118
          ],
          [
            120.8335,
            22.10102
          ],
          [
            120.83247845903037,
            22.100495889993717
          ],
          [
            120.8324672168355,
            22.100491189627416
          ],
          [
            120.83245550107273,
            22.10048835573626
          ],
          [
            120.83244344436605,
            22.100487368514237
          ],
          [
            120.83243137868382,
            22.100488255143443
          ],
          [
            120.83241963624161,
            22.100490991211494
          ],
          [
            120.83240835165277,
            22.100495596528805
          ],
          [
            120.83226,
            22.10057
          ],
          [
            120.8322,
            22.10061
          ],
          [
            120.83161521608655,
            22.101132131429313
          ],
          [
            120.8315994344453,
            22.101144035722978
          ],
          [
            120.83158204924823,
            22.10115304490994
          ],
          [
            120.8315632736716,
            22.101159159982917
          ],
          [
            120.83154365625346,
            22.101162202286933
          ],
          [
            120.8315237701267,
            22.10116208293952
          ],
          [
            120.83150399732077,
            22.101158755257433
          ],
          [
            120.83123,
            22.10109
          ],
          [
            120.83113,
            22.10105
          ],
          [
            120.83101,
            22.10097
          ],
          [
            120.83088,
            22.10087
          ],
          [
            120.83079,
            22.10079
          ],
          [
            120.83067,
            22.10066
          ],
          [
            120.83067,
            22.10065
          ],
          [
            120.83056,
            22.10049
          ],
          [
            120.83045,
            22.10036
          ],
          [
            120.83036,
            22.10021
          ],
          [
            120.83025,
            22.10006
          ],
          [
            120.83019,
            22.09997
          ],
          [
            120.83014,
            22.09988
          ],
          [
            120.8301,
            22.0998
          ],
          [
            120.83008,
            22.09973
          ],
          [
            120.83008,
            22.09968
          ],
          [
            120.83007,
            22.09954
          ],
          [
            120.83006,
            22.09931
          ],
          [
            120.83006,
            22.09899
          ],
          [
            120.83005,
            22.09883
          ],
          [
            120.83005,
            22.09879
          ],
          [
            120.83005,
            22.09866
          ],
          [
            120.83002,
            22.09827
          ],
          [
            120.82994946422697,
            22.097454948166497
          ],
          [
            120.82994953754594,
            22.097442317582306
          ],
          [
            120.82995192214841,
            22.097429842226173
          ],
          [
            120.8299565517595,
            22.097417929019308
          ],
          [
            120.82996329076138,
            22.09740692694202
          ],
          [
            120.82997194174466,
            22.0973971582844
          ],
          [
            120.82998203658978,
            22.097389053684232
          ],
          [
            120.83013,
            22.09729
          ],
          [
            120.8302,
            22.09723
          ],
          [
            120.83028,
            22.09717
          ],
          [
            120.83029,
            22.09716
          ],
          [
            120.83089194539198,
            22.096741156548287
          ],
          [
            120.83090522601599,
            22.09672985996251
          ],
          [
            120.83091615364798,
            22.09671617521801
          ],
          [
            120.83092406636563,
            22.096700789277612
          ],
          [
            120.8309286705239,
            22.096684273121557
          ],
          [
            120.83092979526008,
            22.096667239672993
          ],
          [
            120.83092743184446,
            22.09665045418566
          ],
          [
            120.83088,
            22.09646
          ],
          [
            120.83087,
            22.0964
          ],
          [
            120.83085,
            22.09633
          ],
          [
            120.83084,
            22.09629
          ],
          [
            120.83081,
            22.09622
          ],
          [
            120.83057,
            22.09559
          ],
          [
            120.83044,
            22.09521
          ],
          [
            120.83034,
            22.09486
          ],
          [
            120.83027,
            22.09457
          ],
          [
            120.8302,
            22.094360000000002
          ],
          [
            120.83017,
            22.09421
          ],
          [
            120.83015,
            22.09409
          ],
          [
            120.83015,
            22.09403
          ],
          [
            120.83014,
            22.09394
          ],
          [
            120.83013,
            22.09383
          ],
          [
            120.83012,
            22.0937
          ],
          [
            120.83011,
            22.0936
          ],
          [
            120.8301,
            22.09352
          ],
          [
            120.83008,
            22.09341
          ],
          [
            120.83006,
            22.09328
          ],
          [
            120.83002,
            22.09315
          ],
          [
            120.83001,
            22.09312
          ],
          [
            120.82998,
            22.09303
          ],
          [
            120.82995,
            22.09296
          ],
          [
            120.82991,
            22.09289
          ],
          [
            120.82986,
            22.09282
          ],
          [
            120.82981,
            22.09276
          ],
          [
            120.82981,
            22.09275
          ],
          [
            120.82976,
            22.09269
          ],
          [
            120.82968,
            22.09263
          ],
          [
            120.82955,
            22.09252
          ],
          [
            120.82892443051735,
            22.092009204960963
          ],
          [
            120.8289152802891,
            22.092000113484087
          ],
          [
            120.82890800525813,
            22.091989377355095
          ],
          [
            120.82890305867811,
            22.091977543391646
          ],
          [
            120.82890062222651,
            22.09196504623032
          ],
          [
            120.82890078538907,
            22.091952344865547
          ],
          [
            120.82890350076534,
            22.091940031125027
          ],
          [
            120.82895,
            22.0918
          ],
          [
            120.82896,
            22.09169
          ],
          [
            120.82896,
            22.09165
          ],
          [
            120.82898,
            22.09147
          ],
          [
            120.82898,
            22.09144
          ],
          [
            120.82899,
            22.09141
          ],
          [
            120.829,
            22.09133
          ],
          [
            120.829,
            22.09129
          ],
          [
            120.829,
            22.09124
          ],
          [
            120.829,
            22.09118
          ],
          [
            120.829,
            22.09111
          ],
          [
            120.829,
            22.09107
          ],
          [
            120.82899,
            22.09101
          ],
          [
            120.82898,
            22.09097
          ],
          [
            120.82897,
            22.09091
          ],
          [
            120.82895,
            22.09084
          ],
          [
            120.82894,
            22.0908
          ],
          [
            120.82893,
            22.09074
          ],
          [
            120.82892,
            22.09065
          ],
          [
            120.82892,
            22.09056
          ],
          [
            120.82893,
            22.09036
          ],
          [
            120.82893,
            22.09029
          ],
          [
            120.82894,
            22.09013
          ],
          [
            120.82895,
            22.08997
          ],
          [
            120.82896,
            22.08986
          ],
          [
            120.82897,
            22.08977
          ],
          [
            120.82898,
            22.08975
          ],
          [
            120.829,
            22.08965
          ],
          [
            120.82905,
            22.08948
          ],
          [
            120.82911,
            22.08929
          ],
          [
            120.82916,
            22.08912
          ],
          [
            120.8292,
            22.08895
          ],
          [
            120.82922,
            22.08888
          ],
          [
            120.82935,
            22.08836
          ],
          [
            120.82941,
            22.0881
          ],
          [
            120.82945,
            22.08796
          ],
          [
            120.82951,
            22.08774
          ],
          [
            120.82958,
            22.08743
          ],
          [
            120.82962,
            22.08726
          ],
          [
            120.82966,
            22.08708
          ],
          [
            120.82967,
            22.08701
          ],
          [
            120.82969,
            22.0869
          ],
          [
            120.82971,
            22.08681
          ],
          [
            120.82972,
            22.08673
          ],
          [
            120.82972,
            22.0867
          ],
          [
            120.82973,
            22.08657
          ],
          [
            120.82973,
            22.08637
          ],
          [
            120.82974,
            22.08628
          ],
          [
            120.82974,
            22.08619
          ],
          [
            120.82974,
            22.08597
          ],
          [
            120.82974,
            22.08566
          ],
          [
            120.82974,
            22.08543
          ],
          [
            120.82975,
            22.08536
          ],
          [
            120.82976,
            22.08529
          ],
          [
            120.82978,
            22.08523
          ],
          [
            120.8298,
            22.08516
          ],
          [
            120.82983,
            22.08508
          ],
          [
            120.83012820574159,
            22.08455526552032
          ],
          [
            120.83013526676172,
            22.084539443002814
          ],
          [
            120.8301392213045,
            22.08452242251081
          ],
          [
            120.83013979912133,
            22.08450501491473
          ],
          [
            120.83013698101159,
            22.084487798659712
          ],
          [
            120.83013086061963,
            22.08447134583275
          ],
          [
            120.83012183342949,
            22.084456461645164
          ],
          [
            120.82999,
            22.08428
          ],
          [
            120.82993,
            22.08421
          ],
          [
            120.8299,
            22.08418
          ],
          [
            120.82986,
            22.08413
          ],
          [
            120.82978,
            22.08404
          ],
          [
            120.82972,
            22.08398
          ],
          [
            120.82965,
            22.0839
          ],
          [
            120.82962,
            22.08387
          ],
          [
            120.82953,
            22.08379
          ],
          [
            120.82952,
            22.08377
          ],
          [
            120.82945,
            22.0837
          ],
          [
            120.82939,
            22.08364
          ],
          [
            120.82939,
            22.08363
          ],
          [
            120.82934,
            22.08357
          ],
          [
            120.8293,
            22.0835
          ],
          [
            120.82929,
            22.08348
          ],
          [
            120.82926,
            22.08343
          ],
          [
            120.82922,
            22.08335
          ],
          [
            120.82921,
            22.08332
          ],
          [
            120.82918,
            22.08326
          ],
          [
            120.82915,
            22.08318
          ],
          [
            120.82912,
            22.08309
          ],
          [
            120.82909,
            22.08301
          ],
          [
            120.82908,
            22.08298
          ],
          [
            120.82904,
            22.08288
          ],
          [
            120.82899,
            22.08277
          ],
          [
            120.82893,
            22.08265
          ],
          [
            120.82887,
            22.08253
          ],
          [
            120.82876,
            22.08231
          ],
          [
            120.82867,
            22.08212
          ],
          [
            120.82858,
            22.08193
          ],
          [
            120.8285,
            22.08177
          ],
          [
            120.82838,
            22.08154
          ],
          [
            120.82833,
            22.08145
          ],
          [
            120.82832,
            22.08143
          ],
          [
            120.82825,
            22.08128
          ],
          [
            120.82818,
            22.08117
          ],
          [
            120.82816,
            22.08112
          ],
          [
            120.82811,
            22.08101
          ],
          [
            120.82809,
            22.08095
          ],
          [
            120.82808,
            22.08093
          ],
          [
            120.82805,
            22.08082
          ],
          [
            120.82805,
            22.08078
          ],
          [
            120.82804,
            22.08074
          ],
          [
            120.82802,
            22.08062
          ],
          [
            120.82802,
            22.0806
          ],
          [
            120.828,
            22.08042
          ],
          [
            120.828,
            22.08041
          ],
          [
            120.82799,
            22.08024
          ],
          [
            120.82799,
            22.08021
          ],
          [
            120.82798,
            22.08006
          ],
          [
            120.82798,
            22.08002
          ],
          [
            120.82797,
            22.07982
          ],
          [
            120.82798,
            22.07974
          ],
          [
            120.82799,
            22.07954
          ],
          [
            120.82801,
            22.07933
          ],
          [
            120.82801,
            22.0793
          ],
          [
            120.82801,
            22.07915
          ],
          [
            120.82801,
            22.07914
          ],
          [
            120.82801,
            22.07903
          ],
          [
            120.82801,
            22.07899
          ],
          [
            120.828,
            22.07891
          ],
          [
            120.828,
            22.07882
          ],
          [
            120.828,
            22.07879
          ],
          [
            120.82799,
            22.07866
          ],
          [
            120.82798,
            22.07841
          ],
          [
            120.82794,
            22.07795
          ],
          [
            120.82792,
            22.07784
          ],
          [
            120.82789,
            22.0774
          ],
          [
            120.82787,
            22.07707
          ],
          [
            120.82785,
            22.07682
          ],
          [
            120.82784,
            22.07659
          ],
          [
            120.82783,
            22.0764
          ],
          [
            120.82783,
            22.07627
          ],
          [
            120.82785,
            22.07615
          ],
          [
            120.82791,
            22.07594
          ],
          [
            120.82837,
            22.07456
          ],
          [
            120.8286,
            22.07388
          ],
          [
            120.82863,
            22.07373
          ],
          [
            120.82866,
            22.07355
          ],
          [
            120.8287,
            22.07326
          ],
          [
            120.82876,
            22.07283
          ],
          [
            120.82879,
            22.07263
          ],
          [
            120.82882,
            22.07243
          ],
          [
            120.82882,
            22.07237
          ],
          [
            120.82883,
            22.07222
          ],
          [
            120.82883,
            22.07204
          ],
          [
            120.8288,
            22.0719
          ],
          [
            120.8288,
            22.07189
          ],
          [
            120.82875,
            22.07174
          ],
          [
            120.82866,
            22.07153
          ],
          [
            120.82866,
            22.07152
          ],
          [
            120.82863,
            22.07146
          ],
          [
            120.82831,
            22.07076
          ],
          [
            120.82828,
            22.07069
          ],
          [
            120.82826,
            22.07062
          ],
          [
            120.82825,
            22.07053
          ],
          [
            120.82825,
            22.07042
          ],
          [
            120.82827,
            22.0703
          ],
          [
            120.8283,
            22.07012
          ],
          [
            120.82833,
            22.06994
          ],
          [
            120.82833,
            22.0699
          ],
          [
            120.82834,
            22.06983
          ],
          [
            120.82834,
            22.06973
          ],
          [
            120.82834,
            22.06961
          ],
          [
            120.82832,
            22.06949
          ],
          [
            120.82823,
            22.06905
          ],
          [
            120.82822,
            22.06902
          ],
          [
            120.8282,
            22.06894
          ],
          [
            120.82817,
            22.06888
          ],
          [
            120.82817,
            22.06887
          ],
          [
            120.82813,
            22.06879
          ],
          [
            120.82808,
            22.06873
          ],
          [
            120.82808,
            22.06872
          ],
          [
            120.82798,
            22.06864
          ],
          [
            120.82793,
            22.06861
          ],
          [
            120.82776,
            22.06852
          ],
          [
            120.82766,
            22.06845
          ],
          [
            120.82758,
            22.06837
          ],
          [
            120.82749,
            22.06822
          ],
          [
            120.82742,
            22.06808
          ],
          [
            120.82736,
            22.06792
          ],
          [
            120.82722,
            22.0676
          ],
          [
            120.82704,
            22.06724
          ],
          [
            120.82701,
            22.0672
          ],
          [
            120.82696,
            22.06712
          ],
          [
            120.8269,
            22.06705
          ],
          [
            120.8266,
            22.06677
          ],
          [
            120.82641,
            22.06658
          ],
          [
            120.82635,
            22.0665
          ],
          [
            120.82623,
            22.06637
          ],
          [
            120.82614,
            22.0662
          ],
          [
            120.82613,
            22.0662
          ],
          [
            120.82607,
            22.06605
          ],
          [
            120.82602,
            22.06588
          ],
          [
            120.82595,
            22.06552
          ],
          [
            120.82594,
            22.06547
          ],
          [
            120.82592,
            22.06543
          ],
          [
            120.82589,
            22.06538
          ],
          [
            120.82587,
            22.06534
          ],
          [
            120.82584,
            22.0653
          ],
          [
            120.82573,
            22.06518
          ],
          [
            120.82558,
            22.065
          ],
          [
            120.82553,
            22.06494
          ],
          [
            120.82552,
            22.06491
          ],
          [
            120.82549,
            22.06487
          ],
          [
            120.82544,
            22.06474
          ],
          [
            120.8254,
            22.0646
          ],
          [
            120.82535,
            22.0644
          ],
          [
            120.82511,
            22.06397
          ],
          [
            120.82506,
            22.06387
          ],
          [
            120.82502,
            22.06375
          ],
          [
            120.82502,
            22.06363
          ],
          [
            120.82502,
            22.06357
          ],
          [
            120.82502,
            22.06355
          ],
          [
            120.82505,
            22.06345
          ],
          [
            120.82516,
            22.06324
          ],
          [
            120.82527,
            22.06302
          ],
          [
            120.8253,
            22.06295
          ],
          [
            120.82535,
            22.06275
          ],
          [
            120.82536,
            22.06263
          ],
          [
            120.82536,
            22.06253
          ],
          [
            120.82534,
            22.06243
          ],
          [
            120.82533,
            22.06239
          ],
          [
            120.82531,
            22.06235
          ],
          [
            120.82516,
            22.06208
          ],
          [
            120.82511,
            22.06199
          ],
          [
            120.82509,
            22.06191
          ],
          [
            120.82509,
            22.06181
          ],
          [
            120.82511,
            22.06168
          ],
          [
            120.82514,
            22.0615
          ],
          [
            120.8252,
            22.06108
          ],
          [
            120.82521,
            22.06098
          ],
          [
            120.82521,
            22.06088
          ],
          [
            120.8252,
            22.06083
          ],
          [
            120.82518,
            22.06075
          ],
          [
            120.82517,
            22.0607
          ],
          [
            120.82515,
            22.06065
          ],
          [
            120.82513,
            22.06061
          ],
          [
            120.82503,
            22.06038
          ],
          [
            120.82495,
            22.06013
          ],
          [
            120.8249,
            22.05992
          ],
          [
            120.82487,
            22.05967
          ],
          [
            120.82487,
            22.05958
          ],
          [
            120.82488,
            22.0595
          ],
          [
            120.82491,
            22.05942
          ],
          [
            120.82494,
            22.05933
          ],
          [
            120.82506,
            22.05915
          ],
          [
            120.82508,
            22.05912
          ],
          [
            120.82511,
            22.05908
          ],
          [
            120.82513,
            22.05902
          ],
          [
            120.82515,
            22.05897
          ],
          [
            120.82521,
            22.0588
          ],
          [
            120.82539,
            22.0581
          ],
          [
            120.82541,
            22.05801
          ],
          [
            120.82543,
            22.05788
          ],
          [
            120.82544,
            22.05765
          ],
          [
            120.82544,
            22.05761
          ],
          [
            120.82543,
            22.05739
          ],
          [
            120.82539,
            22.05685
          ],
          [
            120.82535,
            22.05621
          ],
          [
            120.82533,
            22.05595
          ],
          [
            120.82533,
            22.05588
          ],
          [
            120.82533,
            22.05578
          ],
          [
            120.82533,
            22.05571
          ],
          [
            120.82533,
            22.05563
          ],
          [
            120.82534,
            22.05556
          ],
          [
            120.82539,
            22.05539
          ],
          [
            120.82542,
            22.05532
          ],
          [
            120.82546,
            22.05522
          ],
          [
            120.82553,
            22.05509
          ],
          [
            120.82597,
            22.05436
          ],
          [
            120.82603,
            22.05424
          ],
          [
            120.82621,
            22.05379
          ],
          [
            120.82627,
            22.0536
          ],
          [
            120.8263,
            22.05349
          ],
          [
            120.82634,
            22.05335
          ],
          [
            120.82635,
            22.05332
          ],
          [
            120.82637,
            22.05325
          ],
          [
            120.8264,
            22.05314
          ],
          [
            120.82644,
            22.05302
          ],
          [
            120.82667,
            22.05194
          ],
          [
            120.82683,
            22.05125
          ],
          [
            120.82686,
            22.05114
          ],
          [
            120.82687,
            22.05114
          ],
          [
            120.82691,
            22.05104
          ],
          [
            120.82697,
            22.05094
          ],
          [
            120.82705,
            22.05085
          ],
          [
            120.82741,
            22.05049
          ],
          [
            120.82797,
            22.04996
          ],
          [
            120.82826,
            22.04963
          ],
          [
            120.82842,
            22.04943
          ],
          [
            120.82843,
            22.04941
          ],
          [
            120.82848,
            22.04938
          ],
          [
            120.82855,
            22.04934
          ],
          [
            120.82865,
            22.04929
          ],
          [
            120.82891,
            22.04919
          ],
          [
            120.829,
            22.04915
          ],
          [
            120.82912,
            22.04907
          ],
          [
            120.82925,
            22.04897
          ],
          [
            120.82926,
            22.04896
          ],
          [
            120.82952,
            22.04874
          ],
          [
            120.82978,
            22.04848
          ],
          [
            120.82999,
            22.04824
          ],
          [
            120.83018,
            22.048
          ],
          [
            120.83037,
            22.04774
          ],
          [
            120.83043,
            22.04764
          ],
          [
            120.8308,
            22.04719
          ],
          [
            120.83094,
            22.04701
          ],
          [
            120.83102,
            22.04693
          ],
          [
            120.83106,
            22.04687
          ],
          [
            120.83107,
            22.04684
          ],
          [
            120.83112,
            22.04674
          ],
          [
            120.83114,
            22.0467
          ],
          [
            120.83118,
            22.04662
          ],
          [
            120.83121,
            22.04654
          ],
          [
            120.83129,
            22.04633
          ],
          [
            120.83135,
            22.04616
          ],
          [
            120.83142,
            22.04603
          ],
          [
            120.83143,
            22.04601
          ],
          [
            120.83151,
            22.04588
          ],
          [
            120.83151,
            22.04587
          ],
          [
            120.83161,
            22.04572
          ],
          [
            120.83163,
            22.04569
          ],
          [
            120.83171,
            22.04557
          ],
          [
            120.83177,
            22.04545
          ],
          [
            120.83179,
            22.0454
          ],
          [
            120.8318,
            22.04536
          ],
          [
            120.83179,
            22.04525
          ],
          [
            120.83179,
            22.04522
          ],
          [
            120.83178,
            22.04509
          ],
          [
            120.83175,
            22.04487
          ],
          [
            120.83172,
            22.04469
          ],
          [
            120.8317,
            22.04451
          ],
          [
            120.83167,
            22.04433
          ],
          [
            120.83165,
            22.04415
          ],
          [
            120.83162,
            22.04398
          ],
          [
            120.83162,
            22.04391
          ],
          [
            120.8316,
            22.04381
          ],
          [
            120.83157,
            22.0437
          ],
          [
            120.83147,
            22.04343
          ],
          [
            120.83144,
            22.04333
          ],
          [
            120.83129,
            22.04295
          ],
          [
            120.83124,
            22.04284
          ],
          [
            120.83114,
            22.04266
          ],
          [
            120.83109,
            22.04256
          ],
          [
            120.83069432760627,
            22.041993083088794
          ],
          [
            120.83068457620334,
            22.041975751745213
          ],
          [
            120.83067823961758,
            22.041956726671486
          ],
          [
            120.83067573451581,
            22.0419369410391
          ],
          [
            120.83067714527539,
            22.041917061271807
          ],
          [
            120.83068242437882,
            22.041897756964033
          ],
          [
            120.83069121668798,
            22.04187996463716
          ],
          [
            120.83094,
            22.04148
          ],
          [
            120.83108,
            22.04138
          ],
          [
            120.831775726306,
            22.041130279723085
          ],
          [
            120.83179625693528,
            22.04112057337391
          ],
          [
            120.83181453578632,
            22.041107105207654
          ],
          [
            120.8318295735988,
            22.04109050763835
          ],
          [
            120.83184076742218,
            22.041071446156028
          ],
          [
            120.83184766843301,
            22.041050685042855
          ],
          [
            120.83185,
            22.041029056728764
          ],
          [
            120.83185,
            22.04074
          ],
          [
            120.83185,
            22.0407
          ],
          [
            120.83184,
            22.04063
          ],
          [
            120.83182,
            22.04049
          ],
          [
            120.8318,
            22.04031
          ],
          [
            120.83172,
            22.03963
          ],
          [
            120.83168,
            22.03933
          ],
          [
            120.8315845068603,
            22.03865814446512
          ],
          [
            120.83158357512805,
            22.03864038891093
          ],
          [
            120.83158578101697,
            22.0386226322685
          ],
          [
            120.83159107863783,
            22.038605454271185
          ],
          [
            120.831599324349,
            22.0385893206895
          ],
          [
            120.83161029457324,
            22.038574668975308
          ],
          [
            120.83162338622202,
            22.038562144229356
          ],
          [
            120.83201,
            22.03825
          ],
          [
            120.83255,
            22.03785
          ],
          [
            120.83334,
            22.03724
          ],
          [
            120.83338,
            22.03721
          ],
          [
            120.83342,
            22.03718
          ],
          [
            120.83345,
            22.03714
          ],
          [
            120.83353,
            22.03696
          ],
          [
            120.83359,
            22.0368
          ],
          [
            120.83364,
            22.03661
          ],
          [
            120.83366,
            22.03643
          ],
          [
            120.83366,
            22.03618
          ],
          [
            120.83366,
            22.03599
          ],
          [
            120.8336,
            22.03488
          ],
          [
            120.83362,
            22.03472
          ],
          [
            120.83364,
            22.03458
          ],
          [
            120.83378,
            22.03413
          ],
          [
            120.83443,
            22.03207
          ],
          [
            120.83447,
            22.03189
          ],
          [
            120.83454,
            22.03156
          ],
          [
            120.83455,
            22.03154
          ],
          [
            120.83459,
            22.03137
          ],
          [
            120.83463,
            22.03119
          ],
          [
            120.83466,
            22.03109
          ],
          [
            120.83468,
            22.03102
          ],
          [
            120.83478,
            22.03068
          ],
          [
            120.83478,
            22.03067
          ],
          [
            120.83484,
            22.0305
          ],
          [
            120.83491,
            22.03033
          ],
          [
            120.83493,
            22.03026
          ],
          [
            120.83497,
            22.03016
          ],
          [
            120.83503,
            22.02999
          ],
          [
            120.83509,
            22.02982
          ],
          [
            120.83515,
            22.02965
          ],
          [
            120.83521,
            22.02948
          ],
          [
            120.83545,
            22.02881
          ],
          [
            120.83549,
            22.02871
          ],
          [
            120.83551,
            22.02866
          ],
          [
            120.83554,
            22.02857
          ],
          [
            120.83555,
            22.02852
          ],
          [
            120.83557,
            22.02846
          ],
          [
            120.83567,
            22.02814
          ],
          [
            120.83565,
            22.02791
          ],
          [
            120.83564,
            22.0277
          ],
          [
            120.83564,
            22.02763
          ],
          [
            120.83564,
            22.02755
          ],
          [
            120.83563,
            22.02744
          ],
          [
            120.83563,
            22.02726
          ],
          [
            120.83581,
            22.02712
          ],
          [
            120.836,
            22.02696
          ],
          [
            120.83612,
            22.02685
          ],
          [
            120.83619,
            22.02677
          ],
          [
            120.83621,
            22.02674
          ],
          [
            120.83625,
            22.0267
          ],
          [
            120.83627,
            22.02666
          ],
          [
            120.83644,
            22.02634
          ],
          [
            120.83653,
            22.02616
          ],
          [
            120.83663,
            22.02597
          ],
          [
            120.83692,
            22.02536
          ],
          [
            120.83693,
            22.02533
          ],
          [
            120.83713,
            22.02496
          ],
          [
            120.83738,
            22.02451
          ],
          [
            120.83765,
            22.02394
          ],
          [
            120.83779,
            22.02368
          ],
          [
            120.83799,
            22.02329
          ],
          [
            120.83803,
            22.02319
          ],
          [
            120.83807,
            22.02311
          ],
          [
            120.83845,
            22.02218
          ],
          [
            120.83893560278267,
            22.020993478769196
          ],
          [
            120.83894087346556,
            22.020976404225788
          ],
          [
            120.83894309906373,
            22.020958502060378
          ],
          [
            120.83894212151694,
            22.020940502842045
          ],
          [
            120.8389379677676,
            22.020922902651606
          ],
          [
            120.83893075229823,
            22.020906186572187
          ],
          [
            120.83892090363437,
            22.020891108905044
          ],
          [
            120.8387,
            22.02061
          ],
          [
            120.83863,
            22.02048
          ]
        ]
      }
    },
    {
      "type": "Feature",
      "properties": {
        "feature_type": "station",
        "ref": "PIF309944",
        "name": "滿州鄉公所",
        "name_en": "Manjhou Township Office",
        "line": "幸福滿州2路",
        "color": "#ea580c",
        "direction": 0,
        "station_id": "139933"
      },
      "geometry": {
        "type": "Point",
        "coordinates": [
          120.838722,
          22.020529
        ]
      }
    },
    {
      "type": "Feature",
      "properties": {
        "feature_type": "station",
        "ref": "PIF309948",
        "name": "中山漁港",
        "name_en": "Zhongshan Fishing Port",
        "line": "幸福滿州2路",
        "color": "#ea580c",
        "direction": 0,
        "station_id": "139900"
      },
      "geometry": {
        "type": "Point",
        "coordinates": [
          120.887108,
          22.134952
        ]
      }
    },
    {
      "type": "Feature",
      "properties": {
        "feature_type": "station",
        "ref": "PIF309959",
        "name": "南仁漁港",
        "name_en": "Nanren Fishing Port",
        "line": "幸福滿州2路",
        "color": "#ea580c",
        "direction": 0,
        "station_id": "143710"
      },
      "geometry": {
        "type": "Point",
        "coordinates": [
          120.891618,
          22.088434
        ]
      }
    },
    {
      "type": "Feature",
      "properties": {
        "feature_type": "station",
        "ref": "PIF309955",
        "name": "九棚路雜貨店",
        "name_en": "Jiu-Peng Road Grocery Store",
        "line": "幸福滿州2路",
        "color": "#ea580c",
        "direction": 0,
        "station_id": "139903"
      },
      "geometry": {
        "type": "Point",
        "coordinates": [
          120.874271,
          22.109903
        ]
      }
    },
    {
      "type": "Feature",
      "properties": {
        "feature_type": "station",
        "ref": "PIF311486",
        "name": "高士村",
        "name_en": "Gao-Shih Village",
        "line": "幸福滿州2路",
        "color": "#ea580c",
        "direction": 0,
        "station_id": "144867"
      },
      "geometry": {
        "type": "Point",
        "coordinates": [
          120.846712,
          22.120676
        ]
      }
    },
    {
      "type": "Feature",
      "properties": {
        "feature_type": "station",
        "ref": "PIF309956",
        "name": "長樂村長壽俱樂部",
        "name_en": "Changle Community  Development Association",
        "line": "幸福滿州2路",
        "color": "#ea580c",
        "direction": 0,
        "station_id": "143707"
      },
      "geometry": {
        "type": "Point",
        "coordinates": [
          120.825863,
          22.074029
        ]
      }
    },
    {
      "type": "Feature",
      "properties": {
        "feature_type": "station",
        "ref": "PIF311487",
        "name": "四林村",
        "name_en": "Sih-Lin Village",
        "line": "幸福滿州2路",
        "color": "#ea580c",
        "direction": 0,
        "station_id": "139809"
      },
      "geometry": {
        "type": "Point",
        "coordinates": [
          120.814701,
          22.073956
        ]
      }
    },
    {
      "type": "Feature",
      "properties": {
        "feature_type": "station",
        "ref": "PIF309958",
        "name": "小路部落-文化聚會所",
        "name_en": "Xiaolu Tribal Gathering Hall",
        "line": "幸福滿州2路",
        "color": "#ea580c",
        "direction": 0,
        "station_id": "143709"
      },
      "geometry": {
        "type": "Point",
        "coordinates": [
          120.814225,
          22.0614
        ]
      }
    },
    {
      "type": "Feature",
      "properties": {
        "feature_type": "station",
        "ref": "PIF309960",
        "name": "納骨塔園區",
        "name_en": "Manzhou  Township Columbarium",
        "line": "幸福滿州2路",
        "color": "#ea580c",
        "direction": 0,
        "station_id": "143711"
      },
      "geometry": {
        "type": "Point",
        "coordinates": [
          120.816464,
          22.020468
        ]
      }
    },
    {
      "type": "Feature",
      "properties": {
        "feature_type": "station",
        "ref": "PIF309962",
        "name": "興海漁港",
        "name_en": "Xinghai Fishing Port",
        "line": "幸福滿州2路",
        "color": "#ea580c",
        "direction": 0,
        "station_id": "143712"
      },
      "geometry": {
        "type": "Point",
        "coordinates": [
          120.843359,
          21.974864
        ]
      }
    },
    {
      "type": "Feature",
      "properties": {
        "feature_type": "station",
        "ref": "PIF309963",
        "name": "恆春公有市場",
        "name_en": "Hengchun Public Market",
        "line": "幸福滿州2路",
        "color": "#ea580c",
        "direction": 0,
        "station_id": "139908"
      },
      "geometry": {
        "type": "Point",
        "coordinates": [
          120.74605,
          22.004684
        ]
      }
    },
    {
      "type": "Feature",
      "properties": {
        "feature_type": "station",
        "ref": "PIF309965",
        "name": "恆春轉運站",
        "name_en": "Hengchun bus station",
        "line": "幸福滿州2路",
        "color": "#ea580c",
        "direction": 0,
        "station_id": "142162"
      },
      "geometry": {
        "type": "Point",
        "coordinates": [
          120.745214,
          22.002347
        ]
      }
    },
    {
      "type": "Feature",
      "properties": {
        "feature_type": "station",
        "ref": "PIF309988",
        "name": "南門醫院",
        "name_en": "Nan Men Hosptial",
        "line": "幸福滿州2路",
        "color": "#ea580c",
        "direction": 0,
        "station_id": "143724"
      },
      "geometry": {
        "type": "Point",
        "coordinates": [
          120.745341,
          22.00079
        ]
      }
    },
    {
      "type": "Feature",
      "properties": {
        "feature_type": "station",
        "ref": "PIF309979",
        "name": "恆春基督教醫院",
        "name_en": "Heng Chun Christian Hospital",
        "line": "幸福滿州2路",
        "color": "#ea580c",
        "direction": 0,
        "station_id": "139808"
      },
      "geometry": {
        "type": "Point",
        "coordinates": [
          120.741493,
          22.002685
        ]
      }
    },
    {
      "type": "Feature",
      "properties": {
        "feature_type": "station",
        "ref": "PIF309978",
        "name": "恆春旅遊醫院",
        "name_en": "Hengchun Tourism Hospital",
        "line": "幸福滿州2路",
        "color": "#ea580c",
        "direction": 0,
        "station_id": "139912"
      },
      "geometry": {
        "type": "Point",
        "coordinates": [
          120.744423,
          21.999049
        ]
      }
    },
    {
      "type": "Feature",
      "properties": {
        "feature_type": "station",
        "ref": "PIF309971",
        "name": "恆春旅遊醫院",
        "name_en": "Hengchun Tourism Hospital",
        "line": "幸福滿州2路",
        "color": "#ea580c",
        "direction": 1,
        "station_id": "142025"
      },
      "geometry": {
        "type": "Point",
        "coordinates": [
          120.744297,
          21.999438
        ]
      }
    },
    {
      "type": "Feature",
      "properties": {
        "feature_type": "station",
        "ref": "PIF309994",
        "name": "恆春基督教醫院",
        "name_en": "Heng Chun Christian Hospital",
        "line": "幸福滿州2路",
        "color": "#ea580c",
        "direction": 1,
        "station_id": "139808"
      },
      "geometry": {
        "type": "Point",
        "coordinates": [
          120.741529,
          22.002606
        ]
      }
    },
    {
      "type": "Feature",
      "properties": {
        "feature_type": "station",
        "ref": "PIF310001",
        "name": "南門醫院",
        "name_en": "Nan Men Hosptial",
        "line": "幸福滿州2路",
        "color": "#ea580c",
        "direction": 1,
        "station_id": "143724"
      },
      "geometry": {
        "type": "Point",
        "coordinates": [
          120.745319,
          22.000679
        ]
      }
    },
    {
      "type": "Feature",
      "properties": {
        "feature_type": "station",
        "ref": "PIF310002",
        "name": "恆春轉運站",
        "name_en": "Hengchun bus station",
        "line": "幸福滿州2路",
        "color": "#ea580c",
        "direction": 1,
        "station_id": "134325"
      },
      "geometry": {
        "type": "Point",
        "coordinates": [
          120.745278,
          22.002387
        ]
      }
    },
    {
      "type": "Feature",
      "properties": {
        "feature_type": "station",
        "ref": "PIF310003",
        "name": "恆春公有市場",
        "name_en": "Hengchun Public Market",
        "line": "幸福滿州2路",
        "color": "#ea580c",
        "direction": 1,
        "station_id": "143736"
      },
      "geometry": {
        "type": "Point",
        "coordinates": [
          120.746047,
          22.004589
        ]
      }
    },
    {
      "type": "Feature",
      "properties": {
        "feature_type": "station",
        "ref": "PIF309995",
        "name": "興海漁港",
        "name_en": "Xinghai Fishing Port",
        "line": "幸福滿州2路",
        "color": "#ea580c",
        "direction": 1,
        "station_id": "143730"
      },
      "geometry": {
        "type": "Point",
        "coordinates": [
          120.843554,
          21.974819
        ]
      }
    },
    {
      "type": "Feature",
      "properties": {
        "feature_type": "station",
        "ref": "PIF309996",
        "name": "納骨塔園區",
        "name_en": "Manzhou Township Columbarium",
        "line": "幸福滿州2路",
        "color": "#ea580c",
        "direction": 1,
        "station_id": "143731"
      },
      "geometry": {
        "type": "Point",
        "coordinates": [
          120.816558,
          22.020385
        ]
      }
    },
    {
      "type": "Feature",
      "properties": {
        "feature_type": "station",
        "ref": "PIF309997",
        "name": "小路部落-文化聚會所",
        "name_en": "Xiaolu Tribal Gathering Hall",
        "line": "幸福滿州2路",
        "color": "#ea580c",
        "direction": 1,
        "station_id": "143732"
      },
      "geometry": {
        "type": "Point",
        "coordinates": [
          120.81419,
          22.06135
        ]
      }
    },
    {
      "type": "Feature",
      "properties": {
        "feature_type": "station",
        "ref": "PIF311487",
        "name": "四林村",
        "name_en": "Sih-Lin Village",
        "line": "幸福滿州2路",
        "color": "#ea580c",
        "direction": 1,
        "station_id": "139809"
      },
      "geometry": {
        "type": "Point",
        "coordinates": [
          120.814701,
          22.073956
        ]
      }
    },
    {
      "type": "Feature",
      "properties": {
        "feature_type": "station",
        "ref": "PIF309998",
        "name": "長樂村長壽俱樂部",
        "name_en": "Changle Community Development Association",
        "line": "幸福滿州2路",
        "color": "#ea580c",
        "direction": 1,
        "station_id": "143733"
      },
      "geometry": {
        "type": "Point",
        "coordinates": [
          120.826047,
          22.074066
        ]
      }
    },
    {
      "type": "Feature",
      "properties": {
        "feature_type": "station",
        "ref": "PIF311493",
        "name": "高士村",
        "name_en": "Gao-Shih Village",
        "line": "幸福滿州2路",
        "color": "#ea580c",
        "direction": 1,
        "station_id": "139805"
      },
      "geometry": {
        "type": "Point",
        "coordinates": [
          120.846651,
          22.120692
        ]
      }
    },
    {
      "type": "Feature",
      "properties": {
        "feature_type": "station",
        "ref": "PIF309999",
        "name": "九棚路雜貨店",
        "name_en": "Jiu-Peng Road Grocery Store",
        "line": "幸福滿州2路",
        "color": "#ea580c",
        "direction": 1,
        "station_id": "143734"
      },
      "geometry": {
        "type": "Point",
        "coordinates": [
          120.874266,
          22.109828
        ]
      }
    },
    {
      "type": "Feature",
      "properties": {
        "feature_type": "station",
        "ref": "PIF311494",
        "name": "南仁漁港",
        "name_en": "Nanren Fishing Port",
        "line": "幸福滿州2路",
        "color": "#ea580c",
        "direction": 1,
        "station_id": "143710"
      },
      "geometry": {
        "type": "Point",
        "coordinates": [
          120.891627,
          22.088296
        ]
      }
    },
    {
      "type": "Feature",
      "properties": {
        "feature_type": "station",
        "ref": "PIF310018",
        "name": "中山漁港",
        "name_en": "Zhongshan Fishing Port",
        "line": "幸福滿州2路",
        "color": "#ea580c",
        "direction": 1,
        "station_id": "139900"
      },
      "geometry": {
        "type": "Point",
        "coordinates": [
          120.887203,
          22.134674
        ]
      }
    },
    {
      "type": "Feature",
      "properties": {
        "feature_type": "station",
        "ref": "PIF309943",
        "name": "滿州鄉公所",
        "name_en": "Manjhou Township Office",
        "line": "幸福滿州2路",
        "color": "#ea580c",
        "direction": 1,
        "station_id": "139906"
      },
      "geometry": {
        "type": "Point",
        "coordinates": [
          120.838547,
          22.020514
        ]
      }
    }
  ]
}
