{
  "type": "FeatureCollection",
  "name": "幸福獅子8路",
  "properties": {
    "id": "pingtung_county_8_3cae9fd1e7",
    "name": "幸福獅子8路",
    "name_en": "幸福獅子8路",
    "ref": "幸福獅子8路",
    "color": "#dc2626",
    "city_id": "PingtungCounty",
    "source": "TDX Bus Shape / StopOfRoute",
    "official_map_url": "https://web.taiwanbus.tw/MISUploadData/Schematic/file/0222.jpg",
    "operator_id": "128",
    "operator": "屏東縣獅子鄉公所"
  },
  "features": [
    {
      "type": "Feature",
      "properties": {
        "feature_type": "route",
        "ref": "幸福獅子8路",
        "name": "幸福獅子8路",
        "name_en": "幸福獅子8路",
        "color": "#dc2626",
        "direction": 0
      },
      "geometry": {
        "type": "LineString",
        "coordinates": [
          [
            120.69239,
            22.19521
          ],
          [
            120.69216797086062,
            22.194902149629236
          ],
          [
            120.69214395473803,
            22.19487767131251
          ],
          [
            120.69211348393813,
            22.194861227314707
          ],
          [
            120.69207913470997,
            22.19485402813412
          ],
          [
            120.69204404808536,
            22.194856732092827
          ],
          [
            120.69201143252663,
            22.194869091929952
          ],
          [
            120.69198400019687,
            22.19489026059676
          ],
          [
            120.69137,
            22.19553
          ],
          [
            120.69127,
            22.19563
          ],
          [
            120.69089,
            22.196
          ],
          [
            120.69052,
            22.19636
          ],
          [
            120.69033,
            22.19656
          ],
          [
            120.69016,
            22.19674
          ],
          [
            120.68993,
            22.19704
          ],
          [
            120.68978,
            22.19727
          ],
          [
            120.68964,
            22.19761
          ],
          [
            120.68963,
            22.19764
          ],
          [
            120.6895,
            22.198
          ],
          [
            120.68928,
            22.19893
          ],
          [
            120.68924,
            22.19911
          ],
          [
            120.68924,
            22.19913
          ],
          [
            120.6892,
            22.19928
          ],
          [
            120.68918,
            22.19935
          ],
          [
            120.68912,
            22.19959
          ],
          [
            120.68892,
            22.20042
          ],
          [
            120.68872,
            22.20128
          ],
          [
            120.6887,
            22.20137
          ],
          [
            120.68865,
            22.20159
          ],
          [
            120.68827,
            22.20321
          ],
          [
            120.68818,
            22.20362
          ],
          [
            120.68815,
            22.20375
          ],
          [
            120.68795,
            22.20463
          ],
          [
            120.6879,
            22.20483
          ],
          [
            120.68788,
            22.2049
          ],
          [
            120.68778,
            22.2053
          ],
          [
            120.68765,
            22.2057
          ],
          [
            120.6876,
            22.20587
          ],
          [
            120.68754,
            22.20602
          ],
          [
            120.68747,
            22.20619
          ],
          [
            120.68741,
            22.20635
          ],
          [
            120.68739,
            22.20641
          ],
          [
            120.68734,
            22.20652
          ],
          [
            120.68728,
            22.20669
          ],
          [
            120.68716,
            22.20699
          ],
          [
            120.68701,
            22.20733
          ],
          [
            120.68687,
            22.20767
          ],
          [
            120.68655,
            22.20845
          ],
          [
            120.6863,
            22.20903
          ],
          [
            120.68624,
            22.20918
          ],
          [
            120.68619,
            22.2093
          ],
          [
            120.68604,
            22.20962
          ],
          [
            120.6858,
            22.21017
          ],
          [
            120.68567,
            22.21043
          ],
          [
            120.68551,
            22.2107
          ],
          [
            120.68548,
            22.21074
          ],
          [
            120.68517,
            22.21123
          ],
          [
            120.68479,
            22.21181
          ],
          [
            120.68448,
            22.21225
          ],
          [
            120.6842,
            22.2127
          ],
          [
            120.68383,
            22.21324
          ],
          [
            120.68364,
            22.21353
          ],
          [
            120.6834,
            22.2139
          ],
          [
            120.68314,
            22.2143
          ],
          [
            120.68288,
            22.21467
          ],
          [
            120.68262,
            22.21502
          ],
          [
            120.68261,
            22.21504
          ],
          [
            120.6826,
            22.21505
          ],
          [
            120.6824,
            22.2153
          ],
          [
            120.68214,
            22.21563
          ],
          [
            120.68187,
            22.21596
          ],
          [
            120.68161,
            22.21628
          ],
          [
            120.68124,
            22.21674
          ],
          [
            120.68121,
            22.21677
          ],
          [
            120.68099,
            22.21702
          ],
          [
            120.68068,
            22.21733
          ],
          [
            120.68023,
            22.21777
          ],
          [
            120.68016,
            22.21783
          ],
          [
            120.68016,
            22.21784
          ],
          [
            120.68003,
            22.21796
          ],
          [
            120.67991,
            22.21807
          ],
          [
            120.67989,
            22.21809
          ],
          [
            120.67975,
            22.21821
          ],
          [
            120.67962,
            22.21834
          ],
          [
            120.67953,
            22.21842
          ],
          [
            120.67934,
            22.2186
          ],
          [
            120.67924,
            22.2187
          ],
          [
            120.67898,
            22.21897
          ],
          [
            120.67887,
            22.21913
          ],
          [
            120.67881,
            22.21922
          ],
          [
            120.67874,
            22.21934
          ],
          [
            120.67869,
            22.21944
          ],
          [
            120.67865,
            22.21959
          ],
          [
            120.67862,
            22.21973
          ],
          [
            120.67859,
            22.21983
          ],
          [
            120.67855,
            22.22
          ],
          [
            120.6785,
            22.22018
          ],
          [
            120.67847,
            22.2203
          ],
          [
            120.67836,
            22.22074
          ],
          [
            120.67834,
            22.22084
          ],
          [
            120.67831,
            22.22093
          ],
          [
            120.67824,
            22.2211
          ],
          [
            120.67811,
            22.22133
          ],
          [
            120.67794,
            22.22161
          ],
          [
            120.6778,
            22.22182
          ],
          [
            120.67767,
            22.22204
          ],
          [
            120.67757,
            22.22226
          ],
          [
            120.67755,
            22.22233
          ],
          [
            120.67752,
            22.22246
          ],
          [
            120.67752,
            22.2225
          ],
          [
            120.67751,
            22.22267
          ],
          [
            120.67754,
            22.22284
          ],
          [
            120.6776,
            22.22306
          ],
          [
            120.67768,
            22.22328
          ],
          [
            120.67778,
            22.22354
          ],
          [
            120.67778,
            22.22355
          ],
          [
            120.67784,
            22.22371
          ],
          [
            120.67787,
            22.22384
          ],
          [
            120.67789,
            22.22397
          ],
          [
            120.67789,
            22.2241
          ],
          [
            120.67787,
            22.22425
          ],
          [
            120.67787,
            22.22428
          ],
          [
            120.67782,
            22.22445
          ],
          [
            120.67778,
            22.22456
          ],
          [
            120.67771,
            22.22467
          ],
          [
            120.67761,
            22.22479
          ],
          [
            120.67749,
            22.22492
          ],
          [
            120.67733,
            22.22503
          ],
          [
            120.67718,
            22.22511
          ],
          [
            120.67707,
            22.22517
          ],
          [
            120.67688,
            22.22526
          ],
          [
            120.67673,
            22.22533
          ],
          [
            120.67659,
            22.2254
          ],
          [
            120.67649,
            22.22546
          ],
          [
            120.67641,
            22.22551
          ],
          [
            120.67633,
            22.22557
          ],
          [
            120.67622,
            22.22566
          ],
          [
            120.67613,
            22.22575
          ],
          [
            120.67609,
            22.22579
          ],
          [
            120.67603,
            22.22587
          ],
          [
            120.67597,
            22.22597
          ],
          [
            120.6759,
            22.22608
          ],
          [
            120.67585,
            22.22619
          ],
          [
            120.67579,
            22.22634
          ],
          [
            120.67572,
            22.22657
          ],
          [
            120.6757,
            22.22674
          ],
          [
            120.6757,
            22.22688
          ],
          [
            120.67572,
            22.22704
          ],
          [
            120.67574,
            22.22718
          ],
          [
            120.67583,
            22.22758
          ],
          [
            120.67585,
            22.22773
          ],
          [
            120.67587,
            22.22786
          ],
          [
            120.67587,
            22.22809
          ],
          [
            120.67585,
            22.22831
          ],
          [
            120.67581,
            22.22847
          ],
          [
            120.67576,
            22.22864
          ],
          [
            120.6757,
            22.22881
          ],
          [
            120.67565,
            22.22891
          ],
          [
            120.67548,
            22.2292
          ],
          [
            120.67529,
            22.22942
          ],
          [
            120.67496,
            22.22975
          ],
          [
            120.67474,
            22.23
          ],
          [
            120.67462,
            22.23016
          ],
          [
            120.67446,
            22.23041
          ],
          [
            120.67432,
            22.23065
          ],
          [
            120.67422,
            22.23087
          ],
          [
            120.67415,
            22.23105
          ],
          [
            120.67408,
            22.23123
          ],
          [
            120.67402,
            22.2314
          ],
          [
            120.67401,
            22.23145
          ],
          [
            120.67387,
            22.23183
          ],
          [
            120.67369,
            22.23225
          ],
          [
            120.67354,
            22.23257
          ],
          [
            120.67337,
            22.2329
          ],
          [
            120.67297,
            22.23371
          ],
          [
            120.6728,
            22.23402
          ],
          [
            120.67267,
            22.23424
          ],
          [
            120.67263,
            22.23431
          ],
          [
            120.67244,
            22.23456
          ],
          [
            120.67216,
            22.23491
          ],
          [
            120.67213,
            22.23495
          ],
          [
            120.67197,
            22.23515
          ],
          [
            120.67196,
            22.23516
          ],
          [
            120.67185,
            22.2353
          ],
          [
            120.67171,
            22.23547
          ],
          [
            120.67151,
            22.23571
          ],
          [
            120.67126,
            22.23603
          ],
          [
            120.67093,
            22.23643
          ],
          [
            120.67072,
            22.2367
          ],
          [
            120.67043,
            22.23707
          ],
          [
            120.66996,
            22.23766
          ],
          [
            120.66989,
            22.23776
          ],
          [
            120.66924,
            22.23856
          ],
          [
            120.66867,
            22.23928
          ],
          [
            120.6686,
            22.23935
          ],
          [
            120.6678,
            22.24016
          ],
          [
            120.66743,
            22.24055
          ],
          [
            120.66687,
            22.24109
          ],
          [
            120.66663,
            22.24134
          ],
          [
            120.66644,
            22.24152
          ],
          [
            120.66612,
            22.24181
          ],
          [
            120.66521,
            22.24264
          ],
          [
            120.66512,
            22.24272
          ],
          [
            120.66484,
            22.24297
          ],
          [
            120.66451,
            22.24327
          ],
          [
            120.66437,
            22.2434
          ],
          [
            120.66419,
            22.24356
          ],
          [
            120.66418,
            22.24357
          ],
          [
            120.66409,
            22.24366
          ],
          [
            120.66394,
            22.24379
          ],
          [
            120.66366,
            22.24404
          ],
          [
            120.66352,
            22.24417
          ],
          [
            120.66324,
            22.24442
          ],
          [
            120.66311,
            22.24455
          ],
          [
            120.66283,
            22.2448
          ],
          [
            120.66184,
            22.24567
          ],
          [
            120.66181,
            22.2457
          ],
          [
            120.66094,
            22.24647
          ],
          [
            120.66085,
            22.24655
          ],
          [
            120.66072,
            22.24668
          ],
          [
            120.6603,
            22.24705
          ],
          [
            120.65942,
            22.24788
          ],
          [
            120.65902,
            22.2482
          ],
          [
            120.65848,
            22.24858
          ],
          [
            120.6582,
            22.24879
          ],
          [
            120.65799,
            22.24895
          ],
          [
            120.65784,
            22.24908
          ],
          [
            120.65777,
            22.24915
          ],
          [
            120.65765,
            22.24928
          ],
          [
            120.65746,
            22.2495
          ],
          [
            120.65743,
            22.24954
          ],
          [
            120.65732,
            22.24968
          ],
          [
            120.65721,
            22.24985
          ],
          [
            120.65712,
            22.25003
          ],
          [
            120.65702,
            22.25027
          ],
          [
            120.65693,
            22.25057
          ],
          [
            120.65677,
            22.25108
          ],
          [
            120.65657,
            22.25165
          ],
          [
            120.65654,
            22.25173
          ],
          [
            120.6565,
            22.25182
          ],
          [
            120.6563,
            22.25221
          ],
          [
            120.65607,
            22.25263
          ],
          [
            120.65587,
            22.25303
          ],
          [
            120.65525,
            22.25424
          ],
          [
            120.65511,
            22.25453
          ],
          [
            120.65493,
            22.25488
          ],
          [
            120.65477,
            22.25521
          ],
          [
            120.65361,
            22.25747
          ],
          [
            120.65337,
            22.25795
          ],
          [
            120.65323,
            22.25821
          ],
          [
            120.65314,
            22.25842
          ],
          [
            120.65306,
            22.25857
          ],
          [
            120.653,
            22.25874
          ],
          [
            120.65295,
            22.25892
          ],
          [
            120.65294,
            22.25895
          ],
          [
            120.6529,
            22.25905
          ],
          [
            120.65289,
            22.25912
          ],
          [
            120.65288,
            22.25922
          ],
          [
            120.65285,
            22.25947
          ],
          [
            120.65285,
            22.2596
          ],
          [
            120.65287,
            22.25982
          ],
          [
            120.65293,
            22.26041
          ],
          [
            120.65305,
            22.26163
          ],
          [
            120.65315,
            22.26252
          ],
          [
            120.65317,
            22.26289
          ],
          [
            120.65322,
            22.26342
          ],
          [
            120.65323,
            22.26349
          ],
          [
            120.65326,
            22.2638
          ],
          [
            120.65329,
            22.26409
          ],
          [
            120.6533,
            22.26432
          ],
          [
            120.6533,
            22.26439
          ],
          [
            120.6533,
            22.26447
          ],
          [
            120.65329,
            22.26479
          ],
          [
            120.65326,
            22.26511
          ],
          [
            120.65325,
            22.26526
          ],
          [
            120.6532,
            22.26606
          ],
          [
            120.65316,
            22.26649
          ],
          [
            120.65314,
            22.26668
          ],
          [
            120.65311,
            22.26699
          ],
          [
            120.65307,
            22.26734
          ],
          [
            120.65307,
            22.26735
          ],
          [
            120.65303,
            22.26752
          ],
          [
            120.65302,
            22.26762
          ],
          [
            120.653,
            22.2677
          ],
          [
            120.65298,
            22.26781
          ],
          [
            120.65297,
            22.26788
          ],
          [
            120.65294,
            22.26806
          ],
          [
            120.65293,
            22.26809
          ],
          [
            120.65287,
            22.26835
          ],
          [
            120.65283,
            22.26853
          ],
          [
            120.65276,
            22.26877
          ],
          [
            120.65269,
            22.26892
          ],
          [
            120.6526,
            22.26911
          ],
          [
            120.6525,
            22.26929
          ],
          [
            120.65227,
            22.26967
          ],
          [
            120.65208,
            22.26997
          ],
          [
            120.65174,
            22.27055
          ],
          [
            120.65144,
            22.27102
          ],
          [
            120.65143,
            22.27105
          ],
          [
            120.65135,
            22.27118
          ],
          [
            120.65133,
            22.27121
          ],
          [
            120.65116,
            22.27149
          ],
          [
            120.65106,
            22.27165
          ],
          [
            120.65105,
            22.27167
          ],
          [
            120.65084,
            22.27203
          ],
          [
            120.65073,
            22.27224
          ],
          [
            120.65059,
            22.27254
          ],
          [
            120.65046,
            22.27289
          ],
          [
            120.65032,
            22.27334
          ],
          [
            120.65016,
            22.27383
          ],
          [
            120.65004,
            22.2742
          ],
          [
            120.64983,
            22.27482
          ],
          [
            120.64967,
            22.27533
          ],
          [
            120.64959,
            22.27574
          ],
          [
            120.64954,
            22.27614
          ],
          [
            120.64948,
            22.27672
          ],
          [
            120.64941,
            22.27717
          ],
          [
            120.64934,
            22.27758
          ],
          [
            120.64914,
            22.27852
          ],
          [
            120.64906,
            22.27889
          ],
          [
            120.64896,
            22.2793
          ],
          [
            120.64883,
            22.27963
          ],
          [
            120.64877,
            22.27975
          ],
          [
            120.64856,
            22.28022
          ],
          [
            120.64848,
            22.28038
          ],
          [
            120.64841,
            22.28055
          ],
          [
            120.64833,
            22.28072
          ],
          [
            120.64811,
            22.28121
          ],
          [
            120.64803,
            22.28138
          ],
          [
            120.64795,
            22.28154
          ],
          [
            120.64789,
            22.2817
          ],
          [
            120.64788,
            22.28171
          ],
          [
            120.64775,
            22.282
          ],
          [
            120.64759,
            22.28238
          ],
          [
            120.64744,
            22.28271
          ],
          [
            120.64737,
            22.28288
          ],
          [
            120.64717,
            22.28333
          ],
          [
            120.64713,
            22.28343
          ],
          [
            120.64709,
            22.2835
          ],
          [
            120.64707,
            22.28354
          ],
          [
            120.64699,
            22.2837
          ],
          [
            120.64688,
            22.28391
          ],
          [
            120.64681,
            22.28402
          ],
          [
            120.64676,
            22.2841
          ],
          [
            120.6467,
            22.28417
          ],
          [
            120.64659,
            22.28432
          ],
          [
            120.64648,
            22.28447
          ],
          [
            120.64641,
            22.28455
          ],
          [
            120.64636,
            22.28461
          ],
          [
            120.64613,
            22.28489
          ],
          [
            120.64596,
            22.28512
          ],
          [
            120.64586,
            22.28529
          ],
          [
            120.64585,
            22.28533
          ],
          [
            120.64575,
            22.28551
          ],
          [
            120.64566,
            22.28572
          ],
          [
            120.64557,
            22.28596
          ],
          [
            120.64549,
            22.28619
          ],
          [
            120.64536,
            22.28656
          ],
          [
            120.64532,
            22.28668
          ],
          [
            120.6451,
            22.28736
          ],
          [
            120.64507,
            22.28744
          ],
          [
            120.64484,
            22.28817
          ],
          [
            120.64455,
            22.28911
          ],
          [
            120.64448,
            22.28935
          ],
          [
            120.64423,
            22.29021
          ],
          [
            120.64413,
            22.29056
          ],
          [
            120.64413,
            22.29059
          ],
          [
            120.64401,
            22.29101
          ],
          [
            120.64397,
            22.29126
          ],
          [
            120.64394,
            22.29149
          ],
          [
            120.64394,
            22.2916
          ],
          [
            120.64394,
            22.29181
          ],
          [
            120.64396,
            22.29209
          ],
          [
            120.64397,
            22.29216
          ],
          [
            120.64417,
            22.29412
          ],
          [
            120.64417,
            22.29414
          ],
          [
            120.64422,
            22.29458
          ],
          [
            120.64425,
            22.29493
          ],
          [
            120.64427,
            22.29525
          ],
          [
            120.64427,
            22.29546
          ],
          [
            120.64426,
            22.29566
          ],
          [
            120.64424,
            22.29591
          ],
          [
            120.64423,
            22.29603
          ],
          [
            120.64421,
            22.29628
          ],
          [
            120.64419,
            22.29656
          ],
          [
            120.64412,
            22.29735
          ],
          [
            120.64406,
            22.29799
          ],
          [
            120.64403,
            22.29834
          ],
          [
            120.64396,
            22.29904
          ],
          [
            120.64392,
            22.2993
          ],
          [
            120.64378,
            22.30019
          ],
          [
            120.64368,
            22.30076
          ],
          [
            120.64361,
            22.30119
          ],
          [
            120.64355,
            22.30163
          ],
          [
            120.64343,
            22.30219
          ],
          [
            120.64335,
            22.3025
          ],
          [
            120.64327,
            22.30271
          ],
          [
            120.6431,
            22.30313
          ],
          [
            120.64256,
            22.30449
          ],
          [
            120.64254,
            22.30453
          ],
          [
            120.64243,
            22.30481
          ],
          [
            120.64239,
            22.30496
          ],
          [
            120.64235,
            22.30515
          ],
          [
            120.64233,
            22.30529
          ],
          [
            120.64231,
            22.30546
          ],
          [
            120.6423,
            22.30582
          ],
          [
            120.6423,
            22.30597
          ],
          [
            120.6423,
            22.30626
          ],
          [
            120.64228,
            22.30669
          ],
          [
            120.64226,
            22.30685
          ],
          [
            120.64224,
            22.30695
          ],
          [
            120.64223,
            22.30699
          ],
          [
            120.64223,
            22.307
          ],
          [
            120.64218,
            22.30717
          ],
          [
            120.64211,
            22.3074
          ],
          [
            120.64202,
            22.30764
          ],
          [
            120.64198,
            22.30771
          ],
          [
            120.64195,
            22.30777
          ],
          [
            120.64188,
            22.30789
          ],
          [
            120.64182,
            22.30798
          ],
          [
            120.64146,
            22.30856
          ],
          [
            120.6412,
            22.30892
          ],
          [
            120.64111,
            22.30907
          ],
          [
            120.64092,
            22.30934
          ],
          [
            120.64088,
            22.3094
          ],
          [
            120.64085,
            22.30944
          ],
          [
            120.64069,
            22.30968
          ],
          [
            120.64046,
            22.31003
          ],
          [
            120.64022,
            22.31039
          ],
          [
            120.6401,
            22.31054
          ],
          [
            120.63983,
            22.3109
          ],
          [
            120.63974,
            22.311
          ],
          [
            120.63953,
            22.31121
          ],
          [
            120.63933,
            22.31137
          ],
          [
            120.63909,
            22.3116
          ],
          [
            120.63886,
            22.3118
          ],
          [
            120.63864,
            22.31204
          ],
          [
            120.63846,
            22.31224
          ],
          [
            120.63827,
            22.31244
          ],
          [
            120.6378,
            22.313
          ],
          [
            120.6368,
            22.31414
          ],
          [
            120.63624,
            22.31476
          ],
          [
            120.63569,
            22.31536
          ],
          [
            120.63559,
            22.31549
          ],
          [
            120.63523,
            22.3159
          ],
          [
            120.6348,
            22.31641
          ],
          [
            120.63461,
            22.31662
          ],
          [
            120.63436,
            22.31692
          ],
          [
            120.6343,
            22.317
          ],
          [
            120.63408,
            22.31729
          ],
          [
            120.63245,
            22.31943
          ],
          [
            120.63155,
            22.32059
          ],
          [
            120.63138,
            22.32082
          ],
          [
            120.63133,
            22.32089
          ],
          [
            120.63121,
            22.32103
          ],
          [
            120.63104,
            22.32126
          ],
          [
            120.63099,
            22.32132
          ],
          [
            120.63087,
            22.32147
          ],
          [
            120.63086,
            22.32149
          ],
          [
            120.63076,
            22.32162
          ],
          [
            120.63049,
            22.32197
          ],
          [
            120.63033,
            22.3222
          ],
          [
            120.6303,
            22.32224
          ],
          [
            120.63021,
            22.32234
          ],
          [
            120.6301,
            22.32249
          ],
          [
            120.63,
            22.3226
          ],
          [
            120.62998,
            22.32263
          ],
          [
            120.62988,
            22.32274
          ],
          [
            120.62945,
            22.32316
          ],
          [
            120.62924,
            22.32334
          ],
          [
            120.62887,
            22.32363
          ],
          [
            120.62884,
            22.32364
          ],
          [
            120.62866,
            22.32377
          ],
          [
            120.62856,
            22.32384
          ],
          [
            120.62843,
            22.32393
          ],
          [
            120.62804,
            22.32418
          ],
          [
            120.62735,
            22.32463
          ],
          [
            120.62724,
            22.32469
          ],
          [
            120.62708,
            22.3248
          ],
          [
            120.62674,
            22.32502
          ],
          [
            120.62584,
            22.32561
          ],
          [
            120.6253,
            22.32596
          ],
          [
            120.62517,
            22.32605
          ],
          [
            120.62485,
            22.32625
          ],
          [
            120.62478,
            22.32629
          ],
          [
            120.62469,
            22.32635
          ],
          [
            120.62441,
            22.32652
          ],
          [
            120.62415,
            22.3267
          ],
          [
            120.62387,
            22.32691
          ],
          [
            120.62335,
            22.32736
          ],
          [
            120.62321,
            22.32748
          ],
          [
            120.62285,
            22.32781
          ],
          [
            120.62233,
            22.32825
          ],
          [
            120.62164,
            22.32887
          ],
          [
            120.62159,
            22.32892
          ],
          [
            120.62091,
            22.3295
          ],
          [
            120.62059,
            22.3298
          ],
          [
            120.62005,
            22.33028
          ],
          [
            120.61998,
            22.33035
          ],
          [
            120.61966,
            22.33064
          ],
          [
            120.61866,
            22.33153
          ],
          [
            120.61839,
            22.33179
          ],
          [
            120.61687,
            22.33332
          ],
          [
            120.61643,
            22.33373
          ],
          [
            120.61601,
            22.33413
          ],
          [
            120.61579,
            22.33437
          ],
          [
            120.61551,
            22.33466
          ],
          [
            120.61541,
            22.33476
          ],
          [
            120.61534,
            22.33485
          ],
          [
            120.61519,
            22.33505
          ],
          [
            120.61508,
            22.33521
          ],
          [
            120.61491,
            22.33553
          ],
          [
            120.61478,
            22.33584
          ],
          [
            120.61457,
            22.33647
          ],
          [
            120.6142,
            22.33754
          ],
          [
            120.61415,
            22.33766
          ],
          [
            120.61383,
            22.33867
          ],
          [
            120.61367,
            22.33919
          ],
          [
            120.61365,
            22.33924
          ],
          [
            120.61349,
            22.33982
          ],
          [
            120.61339,
            22.34022
          ],
          [
            120.61332,
            22.34042
          ],
          [
            120.6133,
            22.34049
          ],
          [
            120.61315,
            22.34087
          ],
          [
            120.61301,
            22.34113
          ],
          [
            120.6129,
            22.34132
          ],
          [
            120.61283,
            22.34142
          ],
          [
            120.61186,
            22.34294
          ],
          [
            120.61176,
            22.34309
          ],
          [
            120.61157,
            22.3434
          ],
          [
            120.61147,
            22.34356
          ],
          [
            120.61131,
            22.34379
          ],
          [
            120.61095,
            22.34437
          ],
          [
            120.61055,
            22.34497
          ],
          [
            120.61025,
            22.34546
          ],
          [
            120.61007,
            22.34576
          ],
          [
            120.61,
            22.34588
          ],
          [
            120.60933744343075,
            22.346939502663627
          ],
          [
            120.60933292666935,
            22.346945384341744
          ],
          [
            120.60932737858528,
            22.34695027864267
          ],
          [
            120.60932093744509,
            22.346954108166532
          ],
          [
            120.6093138353789,
            22.346956734902346
          ],
          [
            120.60930632833583,
            22.346958064186033
          ],
          [
            120.60929865952431,
            22.346958045618038
          ],
          [
            120.60921,
            22.34695
          ],
          [
            120.6092,
            22.34695
          ],
          [
            120.60918,
            22.34696
          ],
          [
            120.60914,
            22.34697
          ],
          [
            120.6091,
            22.347
          ],
          [
            120.60881,
            22.34718
          ],
          [
            120.60837,
            22.34737
          ],
          [
            120.60826,
            22.34739
          ],
          [
            120.60803,
            22.34746
          ],
          [
            120.60738,
            22.34766
          ],
          [
            120.60707,
            22.34776
          ],
          [
            120.60674,
            22.34788
          ],
          [
            120.60645,
            22.34804
          ],
          [
            120.60637,
            22.34811
          ],
          [
            120.60624,
            22.34821
          ],
          [
            120.60614,
            22.34829
          ],
          [
            120.60556,
            22.34887
          ],
          [
            120.60478,
            22.34964
          ],
          [
            120.60351,
            22.35088
          ],
          [
            120.60318,
            22.3512
          ],
          [
            120.60267,
            22.35171
          ],
          [
            120.60249,
            22.35189
          ],
          [
            120.60153,
            22.35282
          ],
          [
            120.60136,
            22.35317
          ],
          [
            120.60069,
            22.35505
          ],
          [
            120.60055,
            22.35535
          ],
          [
            120.60032,
            22.35585
          ],
          [
            120.60019,
            22.35615
          ],
          [
            120.60004,
            22.35635
          ],
          [
            120.59981,
            22.35679
          ],
          [
            120.59972,
            22.35697
          ],
          [
            120.59965,
            22.35711
          ],
          [
            120.59943,
            22.35738
          ],
          [
            120.59927,
            22.35756
          ],
          [
            120.59921,
            22.35763
          ],
          [
            120.59911,
            22.35776
          ],
          [
            120.59886,
            22.35806
          ],
          [
            120.59881,
            22.35813
          ],
          [
            120.5985,
            22.35847
          ],
          [
            120.59845,
            22.35854
          ],
          [
            120.59819,
            22.35886
          ],
          [
            120.59801,
            22.35904
          ],
          [
            120.59791,
            22.35915
          ],
          [
            120.59783,
            22.35925
          ],
          [
            120.5978,
            22.3593
          ],
          [
            120.59771,
            22.35943
          ],
          [
            120.59766,
            22.3595
          ],
          [
            120.59764,
            22.35955
          ],
          [
            120.59758,
            22.35973
          ],
          [
            120.59758,
            22.35974
          ],
          [
            120.59753,
            22.35986
          ],
          [
            120.5975,
            22.35991
          ],
          [
            120.59742,
            22.36003
          ],
          [
            120.59727,
            22.36019
          ],
          [
            120.5972,
            22.36028
          ],
          [
            120.59719,
            22.36029
          ],
          [
            120.59706,
            22.36044
          ],
          [
            120.59698,
            22.36054
          ],
          [
            120.59694,
            22.36058
          ],
          [
            120.59672,
            22.36083
          ],
          [
            120.59651,
            22.36109
          ],
          [
            120.59633,
            22.36131
          ],
          [
            120.5962,
            22.36148
          ],
          [
            120.59607,
            22.36169
          ],
          [
            120.59607,
            22.36171
          ],
          [
            120.59603,
            22.36181
          ],
          [
            120.59581,
            22.36207
          ],
          [
            120.59571,
            22.36218
          ],
          [
            120.59551,
            22.36234
          ],
          [
            120.59539,
            22.36242
          ],
          [
            120.59533,
            22.36246
          ],
          [
            120.59504,
            22.36265
          ],
          [
            120.5946,
            22.36296
          ],
          [
            120.59442,
            22.36309
          ],
          [
            120.59433,
            22.36328
          ],
          [
            120.59418,
            22.36362
          ],
          [
            120.59411,
            22.36378
          ],
          [
            120.59396,
            22.36412
          ],
          [
            120.5939,
            22.36424
          ],
          [
            120.59346,
            22.36511
          ],
          [
            120.59321,
            22.36561
          ],
          [
            120.59283995649253,
            22.36638716311983
          ],
          [
            120.59283228069877,
            22.366409910572138
          ],
          [
            120.5928301307675,
            22.366433951895612
          ],
          [
            120.59283373518771,
            22.366457841771403
          ],
          [
            120.59284291595515,
            22.36648040039809
          ],
          [
            120.59285721967761,
            22.366500513717973
          ],
          [
            120.59287562585743,
            22.36651696440798
          ],
          [
            120.59319,
            22.36674
          ],
          [
            120.59324,
            22.36677
          ],
          [
            120.59335,
            22.36685
          ],
          [
            120.5936,
            22.36701
          ],
          [
            120.59394,
            22.36722
          ],
          [
            120.59414,
            22.36733
          ],
          [
            120.59498615290374,
            22.36785818541731
          ],
          [
            120.59499181806379,
            22.367862722725295
          ],
          [
            120.59499625704343,
            22.367868440233458
          ],
          [
            120.59499913659424,
            22.36787496618634
          ],
          [
            120.5950002969059,
            22.367881938404413
          ],
          [
            120.594999673583,
            22.367888969941195
          ],
          [
            120.59499733766319,
            22.3678955975534
          ],
          [
            120.59497,
            22.36795
          ],
          [
            120.59499733756093,
            22.367895597782866
          ],
          [
            120.59499967345866,
            22.367888970215763
          ],
          [
            120.59500029678048,
            22.367881938729454
          ],
          [
            120.5949991364838,
            22.3678749665602
          ],
          [
            120.59499625696287,
            22.36786844065036
          ],
          [
            120.59499181802576,
            22.367862723175723
          ],
          [
            120.5949861529193,
            22.36785818588585
          ],
          [
            120.59414,
            22.36733
          ],
          [
            120.59394,
            22.36722
          ],
          [
            120.5936,
            22.36701
          ],
          [
            120.59287628522983,
            22.36654492497822
          ],
          [
            120.59285665126633,
            22.366528891077962
          ],
          [
            120.59284115443991,
            22.366508877636708
          ],
          [
            120.59283091074822,
            22.366486122109723
          ],
          [
            120.59282644939682,
            22.366461800084014
          ],
          [
            120.59282800086626,
            22.36643716807442
          ],
          [
            120.59283537096456,
            22.366413750385725
          ],
          [
            120.59296,
            22.36614
          ],
          [
            120.5931,
            22.36584
          ],
          [
            120.59321,
            22.36561
          ],
          [
            120.59346,
            22.36511
          ],
          [
            120.5939,
            22.36424
          ],
          [
            120.59396,
            22.36412
          ],
          [
            120.59411,
            22.36378
          ],
          [
            120.59418,
            22.36362
          ],
          [
            120.59433,
            22.36328
          ],
          [
            120.59442,
            22.36309
          ],
          [
            120.5946,
            22.36296
          ],
          [
            120.59504,
            22.36265
          ],
          [
            120.59533,
            22.36246
          ],
          [
            120.59539,
            22.36242
          ],
          [
            120.59551,
            22.36234
          ],
          [
            120.59571,
            22.36218
          ],
          [
            120.59581,
            22.36207
          ],
          [
            120.59603,
            22.36181
          ],
          [
            120.59607,
            22.36171
          ],
          [
            120.59607,
            22.36169
          ],
          [
            120.5962,
            22.36148
          ],
          [
            120.59633,
            22.36131
          ],
          [
            120.59651,
            22.36109
          ],
          [
            120.59672,
            22.36083
          ],
          [
            120.59694,
            22.36058
          ],
          [
            120.59698,
            22.36054
          ],
          [
            120.59706,
            22.36044
          ],
          [
            120.59719,
            22.36029
          ],
          [
            120.5972,
            22.36028
          ],
          [
            120.59727,
            22.36019
          ],
          [
            120.59742,
            22.36003
          ],
          [
            120.5975,
            22.35991
          ],
          [
            120.59753,
            22.35986
          ],
          [
            120.59758,
            22.35974
          ],
          [
            120.59758,
            22.35973
          ],
          [
            120.59764,
            22.35955
          ],
          [
            120.59766,
            22.3595
          ],
          [
            120.59771,
            22.35943
          ],
          [
            120.5978,
            22.3593
          ],
          [
            120.59783,
            22.35925
          ],
          [
            120.59791,
            22.35915
          ],
          [
            120.59801,
            22.35904
          ],
          [
            120.59819,
            22.35886
          ],
          [
            120.59845,
            22.35854
          ],
          [
            120.5985,
            22.35847
          ],
          [
            120.59881,
            22.35813
          ],
          [
            120.59886,
            22.35806
          ],
          [
            120.59911,
            22.35776
          ],
          [
            120.59921,
            22.35763
          ],
          [
            120.59927,
            22.35756
          ],
          [
            120.59943,
            22.35738
          ],
          [
            120.59965,
            22.35711
          ],
          [
            120.59972,
            22.35697
          ],
          [
            120.59981,
            22.35679
          ],
          [
            120.60004,
            22.35635
          ],
          [
            120.60019,
            22.35615
          ],
          [
            120.60032,
            22.35585
          ],
          [
            120.60055,
            22.35535
          ],
          [
            120.60069,
            22.35505
          ],
          [
            120.60136,
            22.35317
          ],
          [
            120.60153,
            22.35282
          ],
          [
            120.60249,
            22.35189
          ],
          [
            120.60267,
            22.35171
          ],
          [
            120.60318,
            22.3512
          ],
          [
            120.60351,
            22.35088
          ],
          [
            120.60478,
            22.34964
          ],
          [
            120.60556,
            22.34887
          ],
          [
            120.60614,
            22.34829
          ],
          [
            120.60624,
            22.34821
          ],
          [
            120.60637,
            22.34811
          ],
          [
            120.60645,
            22.34804
          ],
          [
            120.60674,
            22.34788
          ],
          [
            120.60707,
            22.34776
          ],
          [
            120.60738,
            22.34766
          ],
          [
            120.60803,
            22.34746
          ],
          [
            120.60826,
            22.34739
          ],
          [
            120.60837,
            22.34737
          ],
          [
            120.60881,
            22.34718
          ],
          [
            120.6091,
            22.347
          ],
          [
            120.60914,
            22.34697
          ],
          [
            120.60918,
            22.34696
          ],
          [
            120.6092,
            22.34695
          ],
          [
            120.60921,
            22.34695
          ],
          [
            120.60941,
            22.34663
          ],
          [
            120.60983,
            22.34599
          ],
          [
            120.61015,
            22.34543
          ],
          [
            120.61045,
            22.34497
          ],
          [
            120.61126,
            22.3437
          ],
          [
            120.61148,
            22.34336
          ],
          [
            120.61166,
            22.34308
          ],
          [
            120.61175,
            22.34293
          ],
          [
            120.61274,
            22.34138
          ],
          [
            120.61281,
            22.34127
          ],
          [
            120.61315,
            22.34066
          ],
          [
            120.61323,
            22.34044
          ],
          [
            120.61329,
            22.3402
          ],
          [
            120.6134,
            22.3398
          ],
          [
            120.61356,
            22.33921
          ],
          [
            120.61357,
            22.33917
          ],
          [
            120.61373,
            22.33865
          ],
          [
            120.61406,
            22.33763
          ],
          [
            120.6141,
            22.33751
          ],
          [
            120.61447,
            22.33647
          ],
          [
            120.61468,
            22.33582
          ],
          [
            120.61481,
            22.33551
          ],
          [
            120.61496,
            22.3352
          ],
          [
            120.61507,
            22.33505
          ],
          [
            120.61526,
            22.3348
          ],
          [
            120.61534,
            22.3347
          ],
          [
            120.61543,
            22.33461
          ],
          [
            120.61572,
            22.33431
          ],
          [
            120.61588,
            22.33413
          ],
          [
            120.61634,
            22.3337
          ],
          [
            120.61675,
            22.3333
          ],
          [
            120.61731,
            22.33275
          ],
          [
            120.61738,
            22.33268
          ],
          [
            120.61831,
            22.33174
          ],
          [
            120.61932,
            22.33081
          ],
          [
            120.61968,
            22.3305
          ],
          [
            120.61997,
            22.33025
          ],
          [
            120.62002,
            22.3302
          ],
          [
            120.62006,
            22.33017
          ],
          [
            120.62041,
            22.32984
          ],
          [
            120.62052,
            22.32974
          ],
          [
            120.62153,
            22.32886
          ],
          [
            120.62157,
            22.32882
          ],
          [
            120.62228,
            22.32819
          ],
          [
            120.62274,
            22.32778
          ],
          [
            120.62279,
            22.32774
          ],
          [
            120.6228,
            22.32774
          ],
          [
            120.62312,
            22.32745
          ],
          [
            120.6237,
            22.32696
          ],
          [
            120.62386,
            22.32682
          ],
          [
            120.6241,
            22.32664
          ],
          [
            120.62433,
            22.32648
          ],
          [
            120.62463,
            22.32628
          ],
          [
            120.62469,
            22.32624
          ],
          [
            120.6248,
            22.32618
          ],
          [
            120.62512,
            22.32598
          ],
          [
            120.62574,
            22.32557
          ],
          [
            120.62611,
            22.32532
          ],
          [
            120.62616,
            22.32529
          ],
          [
            120.62691,
            22.3248
          ],
          [
            120.62715,
            22.32465
          ],
          [
            120.62738,
            22.3245
          ],
          [
            120.62831,
            22.3239
          ],
          [
            120.62865,
            22.32367
          ],
          [
            120.6289,
            22.3235
          ],
          [
            120.62909,
            22.32334
          ],
          [
            120.62923,
            22.32323
          ],
          [
            120.62938,
            22.32309
          ],
          [
            120.62977,
            22.32271
          ],
          [
            120.62993,
            22.32254
          ],
          [
            120.63003,
            22.32242
          ],
          [
            120.63015,
            22.32228
          ],
          [
            120.63019,
            22.32224
          ],
          [
            120.63041,
            22.32193
          ],
          [
            120.63064,
            22.32164
          ],
          [
            120.63068,
            22.32158
          ],
          [
            120.63075,
            22.32149
          ],
          [
            120.63133,
            22.32074
          ],
          [
            120.63143,
            22.32061
          ],
          [
            120.63149,
            22.32054
          ],
          [
            120.63177,
            22.32017
          ],
          [
            120.63238,
            22.3194
          ],
          [
            120.6324,
            22.31937
          ],
          [
            120.63287,
            22.31873
          ],
          [
            120.63322,
            22.31827
          ],
          [
            120.63362,
            22.31775
          ],
          [
            120.63402,
            22.31722
          ],
          [
            120.63422,
            22.31696
          ],
          [
            120.6343,
            22.31684
          ],
          [
            120.63452,
            22.31659
          ],
          [
            120.63514,
            22.31587
          ],
          [
            120.63552,
            22.31543
          ],
          [
            120.63562,
            22.31531
          ],
          [
            120.63621,
            22.31465
          ],
          [
            120.63673,
            22.31408
          ],
          [
            120.6376,
            22.31308
          ],
          [
            120.63771,
            22.31295
          ],
          [
            120.63804,
            22.31258
          ],
          [
            120.63858,
            22.31197
          ],
          [
            120.63893,
            22.31162
          ],
          [
            120.63929,
            22.31129
          ],
          [
            120.63933,
            22.31126
          ],
          [
            120.63946,
            22.31114
          ],
          [
            120.63949,
            22.31111
          ],
          [
            120.63965,
            22.31097
          ],
          [
            120.63977,
            22.31082
          ],
          [
            120.63995,
            22.31061
          ],
          [
            120.64008,
            22.3104
          ],
          [
            120.6401,
            22.31037
          ],
          [
            120.64053,
            22.30973
          ],
          [
            120.6406,
            22.30963
          ],
          [
            120.64078,
            22.30937
          ],
          [
            120.64081,
            22.30932
          ],
          [
            120.64082,
            22.3093
          ],
          [
            120.64102,
            22.309
          ],
          [
            120.64122,
            22.30871
          ],
          [
            120.64141,
            22.30842
          ],
          [
            120.64152,
            22.30824
          ],
          [
            120.64175,
            22.3079
          ],
          [
            120.64179,
            22.30781
          ],
          [
            120.64184,
            22.30773
          ],
          [
            120.64194,
            22.30753
          ],
          [
            120.64203,
            22.30731
          ],
          [
            120.64206,
            22.30719
          ],
          [
            120.6421,
            22.30707
          ],
          [
            120.6421,
            22.30706
          ],
          [
            120.64211,
            22.30701
          ],
          [
            120.64215,
            22.30687
          ],
          [
            120.64218,
            22.30661
          ],
          [
            120.6422,
            22.30618
          ],
          [
            120.64219,
            22.30581
          ],
          [
            120.64223,
            22.30538
          ],
          [
            120.64226,
            22.3052
          ],
          [
            120.6423,
            22.30502
          ],
          [
            120.64233,
            22.30489
          ],
          [
            120.64243,
            22.3046
          ],
          [
            120.64248,
            22.30447
          ],
          [
            120.64267,
            22.30399
          ],
          [
            120.64291,
            22.30337
          ],
          [
            120.64301,
            22.30312
          ],
          [
            120.64316,
            22.30277
          ],
          [
            120.64328,
            22.3024
          ],
          [
            120.64338,
            22.30199
          ],
          [
            120.64346,
            22.3016
          ],
          [
            120.64363,
            22.30055
          ],
          [
            120.6437,
            22.30013
          ],
          [
            120.6438,
            22.29956
          ],
          [
            120.64382,
            22.29944
          ],
          [
            120.64389,
            22.29887
          ],
          [
            120.64394,
            22.29836
          ],
          [
            120.64397,
            22.29799
          ],
          [
            120.64409,
            22.29654
          ],
          [
            120.64415,
            22.29591
          ],
          [
            120.64417,
            22.29556
          ],
          [
            120.64418,
            22.2955
          ],
          [
            120.64418,
            22.29527
          ],
          [
            120.64417,
            22.29505
          ],
          [
            120.64416,
            22.29485
          ],
          [
            120.64415,
            22.29475
          ],
          [
            120.64413,
            22.29456
          ],
          [
            120.6441,
            22.29427
          ],
          [
            120.64409,
            22.29413
          ],
          [
            120.64402,
            22.2935
          ],
          [
            120.64387,
            22.29207
          ],
          [
            120.64385,
            22.29158
          ],
          [
            120.64388,
            22.29126
          ],
          [
            120.6439,
            22.29116
          ],
          [
            120.64393,
            22.29101
          ],
          [
            120.64395,
            22.29089
          ],
          [
            120.64396,
            22.29086
          ],
          [
            120.644,
            22.29072
          ],
          [
            120.64439,
            22.28933
          ],
          [
            120.64466,
            22.28842
          ],
          [
            120.64497,
            22.28741
          ],
          [
            120.645,
            22.28734
          ],
          [
            120.64525,
            22.28665
          ],
          [
            120.64533,
            22.28642
          ],
          [
            120.64539,
            22.28625
          ],
          [
            120.64546,
            22.28604
          ],
          [
            120.64556,
            22.28577
          ],
          [
            120.64564,
            22.28557
          ],
          [
            120.64574,
            22.28535
          ],
          [
            120.64578,
            22.2853
          ],
          [
            120.64585,
            22.28516
          ],
          [
            120.64599,
            22.28496
          ],
          [
            120.64609,
            22.28482
          ],
          [
            120.64619,
            22.2847
          ],
          [
            120.6463,
            22.28457
          ],
          [
            120.64642,
            22.28443
          ],
          [
            120.64643,
            22.28442
          ],
          [
            120.64661,
            22.28418
          ],
          [
            120.64665,
            22.28413
          ],
          [
            120.64671,
            22.28403
          ],
          [
            120.64682,
            22.28386
          ],
          [
            120.64692,
            22.28366
          ],
          [
            120.64698,
            22.28355
          ],
          [
            120.647,
            22.28349
          ],
          [
            120.64707,
            22.28333
          ],
          [
            120.64745,
            22.28248
          ],
          [
            120.64754,
            22.28227
          ],
          [
            120.6477,
            22.2819
          ],
          [
            120.64773,
            22.28183
          ],
          [
            120.64781,
            22.28166
          ],
          [
            120.64788,
            22.2815
          ],
          [
            120.64791,
            22.28144
          ],
          [
            120.64796,
            22.28133
          ],
          [
            120.64804,
            22.28117
          ],
          [
            120.64811,
            22.281
          ],
          [
            120.64839,
            22.28041
          ],
          [
            120.64855,
            22.28005
          ],
          [
            120.64869,
            22.27976
          ],
          [
            120.64873,
            22.27965
          ],
          [
            120.6488,
            22.27949
          ],
          [
            120.64885,
            22.27935
          ],
          [
            120.64892999999999,
            22.27908
          ],
          [
            120.649,
            22.27879
          ],
          [
            120.64923,
            22.27766
          ],
          [
            120.64932,
            22.27725
          ],
          [
            120.64936,
            22.27699
          ],
          [
            120.6494,
            22.27664
          ],
          [
            120.64944,
            22.27628
          ],
          [
            120.64946,
            22.27613
          ],
          [
            120.64949,
            22.27587
          ],
          [
            120.64954,
            22.27557
          ],
          [
            120.64958,
            22.27536
          ],
          [
            120.64964,
            22.27513
          ],
          [
            120.64992,
            22.27427
          ],
          [
            120.64995,
            22.27418
          ],
          [
            120.65003,
            22.27393
          ],
          [
            120.65016,
            22.27353
          ],
          [
            120.65029,
            22.27313
          ],
          [
            120.6504,
            22.27275
          ],
          [
            120.65048,
            22.27255
          ],
          [
            120.65053,
            22.27245
          ],
          [
            120.65063,
            22.27224
          ],
          [
            120.65076,
            22.27202
          ],
          [
            120.65092,
            22.27173
          ],
          [
            120.65113,
            22.27139
          ],
          [
            120.6512,
            22.27127
          ],
          [
            120.65125,
            22.27119
          ],
          [
            120.65129,
            22.27111
          ],
          [
            120.65134,
            22.27103
          ],
          [
            120.65138,
            22.27097
          ],
          [
            120.65164,
            22.27052
          ],
          [
            120.65175,
            22.27036
          ],
          [
            120.65197,
            22.26998
          ],
          [
            120.65214,
            22.26971
          ],
          [
            120.65237,
            22.26935
          ],
          [
            120.65254,
            22.26905
          ],
          [
            120.65266,
            22.26876
          ],
          [
            120.65278,
            22.26839
          ],
          [
            120.65292,
            22.26768
          ],
          [
            120.65292,
            22.26764
          ],
          [
            120.65295,
            22.26749
          ],
          [
            120.65299,
            22.2672
          ],
          [
            120.653,
            22.26715
          ],
          [
            120.65304,
            22.26666
          ],
          [
            120.65306,
            22.26648
          ],
          [
            120.6531,
            22.26605
          ],
          [
            120.65312,
            22.26584
          ],
          [
            120.65316,
            22.26533
          ],
          [
            120.65319,
            22.26499
          ],
          [
            120.65319,
            22.26498
          ],
          [
            120.6532,
            22.2648
          ],
          [
            120.65321,
            22.2647
          ],
          [
            120.65321,
            22.26462
          ],
          [
            120.65321,
            22.26436
          ],
          [
            120.6532,
            22.26408
          ],
          [
            120.65319,
            22.26399
          ],
          [
            120.65318,
            22.2639
          ],
          [
            120.65314,
            22.26351
          ],
          [
            120.65312,
            22.26328
          ],
          [
            120.65304,
            22.26254
          ],
          [
            120.65298,
            22.26199
          ],
          [
            120.65291,
            22.26135
          ],
          [
            120.65278,
            22.26016
          ],
          [
            120.65275,
            22.25985
          ],
          [
            120.65275,
            22.25981
          ],
          [
            120.65275,
            22.25967
          ],
          [
            120.65275,
            22.25965
          ],
          [
            120.65276,
            22.25937
          ],
          [
            120.65279,
            22.25913
          ],
          [
            120.65282,
            22.25896
          ],
          [
            120.65283,
            22.25892
          ],
          [
            120.6529,
            22.25872
          ],
          [
            120.653,
            22.25846
          ],
          [
            120.6531,
            22.25825
          ],
          [
            120.65316,
            22.25812
          ],
          [
            120.65325,
            22.25793
          ],
          [
            120.65347,
            22.2575
          ],
          [
            120.65361,
            22.25723
          ],
          [
            120.65376,
            22.25694
          ],
          [
            120.65503,
            22.25446
          ],
          [
            120.65516,
            22.25419
          ],
          [
            120.65578,
            22.25298
          ],
          [
            120.65616,
            22.25226
          ],
          [
            120.65649,
            22.25161
          ],
          [
            120.65658,
            22.25136
          ],
          [
            120.65666,
            22.25111
          ],
          [
            120.65679,
            22.25071
          ],
          [
            120.6569,
            22.25034
          ],
          [
            120.65699,
            22.2501
          ],
          [
            120.65704,
            22.25
          ],
          [
            120.65708,
            22.24991
          ],
          [
            120.65719,
            22.24971
          ],
          [
            120.65731,
            22.24953
          ],
          [
            120.65745,
            22.24935
          ],
          [
            120.65757,
            22.24922
          ],
          [
            120.65777,
            22.24902
          ],
          [
            120.65794,
            22.24887
          ],
          [
            120.65803,
            22.2488
          ],
          [
            120.65817,
            22.24869
          ],
          [
            120.65855,
            22.24842
          ],
          [
            120.65895,
            22.24813
          ],
          [
            120.65935,
            22.2478
          ],
          [
            120.65965,
            22.24752
          ],
          [
            120.65981,
            22.24738
          ],
          [
            120.66008,
            22.24714
          ],
          [
            120.66024,
            22.24699
          ],
          [
            120.66036,
            22.24689
          ],
          [
            120.66065,
            22.24662
          ],
          [
            120.66079,
            22.2465
          ],
          [
            120.66116,
            22.24617
          ],
          [
            120.66154,
            22.24583
          ],
          [
            120.66165,
            22.24573
          ],
          [
            120.66178,
            22.24562
          ],
          [
            120.66225,
            22.24519
          ],
          [
            120.66258,
            22.24489
          ],
          [
            120.66275,
            22.24473
          ],
          [
            120.66303,
            22.24448
          ],
          [
            120.66317,
            22.24435
          ],
          [
            120.66382,
            22.24377
          ],
          [
            120.66402,
            22.2436
          ],
          [
            120.66431,
            22.24334
          ],
          [
            120.66444,
            22.24321
          ],
          [
            120.66458,
            22.24309
          ],
          [
            120.66472,
            22.24296
          ],
          [
            120.66486,
            22.24283
          ],
          [
            120.665,
            22.24271
          ],
          [
            120.66514,
            22.24259
          ],
          [
            120.66602,
            22.24179
          ],
          [
            120.66623,
            22.2416
          ],
          [
            120.66657,
            22.24127
          ],
          [
            120.66695,
            22.2409
          ],
          [
            120.66775,
            22.2401
          ],
          [
            120.66853,
            22.2393
          ],
          [
            120.6686,
            22.23922
          ],
          [
            120.66919,
            22.23849
          ],
          [
            120.66981,
            22.23769
          ],
          [
            120.67132,
            22.23581
          ],
          [
            120.67153,
            22.23554
          ],
          [
            120.67179,
            22.23524
          ],
          [
            120.67191,
            22.2351
          ],
          [
            120.67192,
            22.23509
          ],
          [
            120.67205,
            22.23491
          ],
          [
            120.67226,
            22.23465
          ],
          [
            120.67256,
            22.23426
          ],
          [
            120.67274,
            22.23396
          ],
          [
            120.67289,
            22.23368
          ],
          [
            120.67311,
            22.23325
          ],
          [
            120.67329,
            22.23289
          ],
          [
            120.67336,
            22.23276
          ],
          [
            120.67346,
            22.23256
          ],
          [
            120.67362,
            22.23221
          ],
          [
            120.67376,
            22.23188
          ],
          [
            120.67378,
            22.23184
          ],
          [
            120.67383,
            22.23171
          ],
          [
            120.67387,
            22.23161
          ],
          [
            120.67398,
            22.23128
          ],
          [
            120.6741,
            22.23095
          ],
          [
            120.67421,
            22.23072
          ],
          [
            120.67434,
            22.23046
          ],
          [
            120.67449,
            22.23023
          ],
          [
            120.67467,
            22.22998
          ],
          [
            120.6748,
            22.22982
          ],
          [
            120.67522,
            22.22936
          ],
          [
            120.67539,
            22.22915
          ],
          [
            120.67555,
            22.22887
          ],
          [
            120.67566,
            22.22862
          ],
          [
            120.67573,
            22.22839
          ],
          [
            120.67578,
            22.22808
          ],
          [
            120.67578,
            22.22786
          ],
          [
            120.67576,
            22.22768
          ],
          [
            120.67569,
            22.22728
          ],
          [
            120.67565,
            22.2271
          ],
          [
            120.67564,
            22.22704
          ],
          [
            120.67563,
            22.22691
          ],
          [
            120.67563,
            22.22685
          ],
          [
            120.67562,
            22.22674
          ],
          [
            120.67565,
            22.22659
          ],
          [
            120.67566,
            22.2265
          ],
          [
            120.6757,
            22.22636
          ],
          [
            120.67574,
            22.22625
          ],
          [
            120.67581,
            22.2261
          ],
          [
            120.67586,
            22.22601
          ],
          [
            120.67593,
            22.22588
          ],
          [
            120.67599,
            22.22579
          ],
          [
            120.67607,
            22.2257
          ],
          [
            120.67612,
            22.22566
          ],
          [
            120.67621,
            22.22557
          ],
          [
            120.67635,
            22.22546
          ],
          [
            120.67649,
            22.22537
          ],
          [
            120.67663,
            22.22529
          ],
          [
            120.67688,
            22.22517
          ],
          [
            120.67708,
            22.22507
          ],
          [
            120.6772,
            22.22501
          ],
          [
            120.67729,
            22.22495
          ],
          [
            120.67741,
            22.22487
          ],
          [
            120.67757,
            22.22472
          ],
          [
            120.67761,
            22.22466
          ],
          [
            120.67764,
            22.22461
          ],
          [
            120.67769,
            22.22452
          ],
          [
            120.67772,
            22.22444
          ],
          [
            120.67775,
            22.22438
          ],
          [
            120.67778,
            22.22425
          ],
          [
            120.67779,
            22.22418
          ],
          [
            120.67781,
            22.22401
          ],
          [
            120.6778,
            22.224
          ],
          [
            120.67779,
            22.22385
          ],
          [
            120.67778,
            22.22379
          ],
          [
            120.67768,
            22.22349
          ],
          [
            120.67761,
            22.22331
          ],
          [
            120.67753,
            22.2231
          ],
          [
            120.67747,
            22.22289
          ],
          [
            120.67744,
            22.22273
          ],
          [
            120.67744,
            22.22255
          ],
          [
            120.67745,
            22.22243
          ],
          [
            120.67746,
            22.22238
          ],
          [
            120.6775,
            22.22225
          ],
          [
            120.6775,
            22.22224
          ],
          [
            120.67757,
            22.22207
          ],
          [
            120.67767,
            22.2219
          ],
          [
            120.67782,
            22.22167
          ],
          [
            120.67794,
            22.22148
          ],
          [
            120.6781,
            22.22122
          ],
          [
            120.67818,
            22.22105
          ],
          [
            120.67826,
            22.22084
          ],
          [
            120.67833,
            22.220580000000002
          ],
          [
            120.67836,
            22.22046
          ],
          [
            120.67839,
            22.22028
          ],
          [
            120.6784,
            22.22025
          ],
          [
            120.67843,
            22.22011
          ],
          [
            120.6785,
            22.21984
          ],
          [
            120.67856,
            22.21959
          ],
          [
            120.67867,
            22.21931
          ],
          [
            120.67875,
            22.21914
          ],
          [
            120.67884,
            22.21901
          ],
          [
            120.67896,
            22.21886
          ],
          [
            120.67925,
            22.21857
          ],
          [
            120.67928,
            22.21854
          ],
          [
            120.67952,
            22.21832
          ],
          [
            120.67956,
            22.21829
          ],
          [
            120.6797,
            22.21816
          ],
          [
            120.67972,
            22.218139999999998
          ],
          [
            120.67986,
            22.21801
          ],
          [
            120.67997,
            22.21791
          ],
          [
            120.68011,
            22.21778
          ],
          [
            120.68017,
            22.21772
          ],
          [
            120.68038,
            22.21752
          ],
          [
            120.68038,
            22.21751
          ],
          [
            120.68051,
            22.21739
          ],
          [
            120.68067,
            22.21724
          ],
          [
            120.6809,
            22.217
          ],
          [
            120.68111,
            22.21676
          ],
          [
            120.68134,
            22.2165
          ],
          [
            120.68154,
            22.21623
          ],
          [
            120.68181,
            22.2159
          ],
          [
            120.68212,
            22.21552
          ],
          [
            120.68236,
            22.21522
          ],
          [
            120.68254,
            22.21498
          ],
          [
            120.68263,
            22.21487
          ],
          [
            120.68266,
            22.21484
          ],
          [
            120.68285,
            22.21456
          ],
          [
            120.68301,
            22.21433
          ],
          [
            120.68324,
            22.21398
          ],
          [
            120.68343,
            22.21369
          ],
          [
            120.68376,
            22.21317
          ],
          [
            120.68384,
            22.21305
          ],
          [
            120.6841,
            22.21265
          ],
          [
            120.68417,
            22.21255
          ],
          [
            120.68447,
            22.2121
          ],
          [
            120.68501,
            22.21125
          ],
          [
            120.6851,
            22.21112
          ],
          [
            120.68516,
            22.21103
          ],
          [
            120.68524,
            22.21091
          ],
          [
            120.68533,
            22.21076
          ],
          [
            120.68535,
            22.21073
          ],
          [
            120.6854,
            22.21065
          ],
          [
            120.68547,
            22.21052
          ],
          [
            120.68551,
            22.21049
          ],
          [
            120.68553,
            22.21047
          ],
          [
            120.68555,
            22.21045
          ],
          [
            120.68558,
            22.21039
          ],
          [
            120.68579,
            22.20997
          ],
          [
            120.68583,
            22.20988
          ],
          [
            120.68598,
            22.20954
          ],
          [
            120.68616,
            22.2091
          ],
          [
            120.68617,
            22.20908
          ],
          [
            120.68645,
            22.20841
          ],
          [
            120.68672,
            22.2078
          ],
          [
            120.68681,
            22.20759
          ],
          [
            120.68688,
            22.20742
          ],
          [
            120.68691,
            22.20735
          ],
          [
            120.68702,
            22.20709
          ],
          [
            120.68707,
            22.207
          ],
          [
            120.68708,
            22.20696
          ],
          [
            120.68727,
            22.20655
          ],
          [
            120.68729,
            22.20652
          ],
          [
            120.68741,
            22.20624
          ],
          [
            120.68743,
            22.20618
          ],
          [
            120.6875,
            22.206
          ],
          [
            120.68754,
            22.20584
          ],
          [
            120.68759,
            22.20566
          ],
          [
            120.68763,
            22.20552
          ],
          [
            120.68768,
            22.20536
          ],
          [
            120.6877,
            22.20532
          ],
          [
            120.68775,
            22.20514
          ],
          [
            120.68776,
            22.2051
          ],
          [
            120.68783,
            22.20479
          ],
          [
            120.68788,
            22.20459
          ],
          [
            120.68789,
            22.20454
          ],
          [
            120.68796,
            22.2042
          ],
          [
            120.68808,
            22.20367
          ],
          [
            120.68808,
            22.20366
          ],
          [
            120.68819,
            22.20319
          ],
          [
            120.68832,
            22.20262
          ],
          [
            120.68834,
            22.20253
          ],
          [
            120.68848,
            22.20194
          ],
          [
            120.68861,
            22.20135
          ],
          [
            120.68863,
            22.20129
          ],
          [
            120.68865,
            22.20117
          ],
          [
            120.68879,
            22.20063
          ],
          [
            120.68894,
            22.19993
          ],
          [
            120.68906,
            22.19932
          ],
          [
            120.68908,
            22.19925
          ],
          [
            120.68912,
            22.19908
          ],
          [
            120.68916,
            22.1989
          ],
          [
            120.68923,
            22.1986
          ],
          [
            120.68924,
            22.19859
          ],
          [
            120.68936,
            22.19801
          ],
          [
            120.68943,
            22.19777
          ],
          [
            120.68951,
            22.19756
          ],
          [
            120.68961,
            22.19734
          ],
          [
            120.68967,
            22.19723
          ],
          [
            120.68976,
            22.19707
          ],
          [
            120.68986,
            22.19692
          ],
          [
            120.69006,
            22.19668
          ],
          [
            120.69023,
            22.19649
          ],
          [
            120.69042,
            22.1963
          ],
          [
            120.69044,
            22.19628
          ],
          [
            120.6907,
            22.19601
          ],
          [
            120.69102,
            22.19569
          ],
          [
            120.69115,
            22.19557
          ],
          [
            120.69131,
            22.19542
          ],
          [
            120.6919312587464,
            22.194834961476772
          ],
          [
            120.69195592159164,
            22.194817345396665
          ],
          [
            120.69198448114498,
            22.194806890495787
          ],
          [
            120.69201502070466,
            22.19480413985221
          ],
          [
            120.69204519832951,
            22.19480930440039
          ],
          [
            120.69207269983353,
            22.19482198809441
          ],
          [
            120.69209566078572,
            22.194841493013506
          ],
          [
            120.69222,
            22.19498
          ],
          [
            120.69226,
            22.19503
          ],
          [
            120.69241,
            22.19524
          ],
          [
            120.69261,
            22.19551
          ],
          [
            120.69284,
            22.1958
          ],
          [
            120.693,
            22.196
          ],
          [
            120.69319,
            22.19622
          ],
          [
            120.6932,
            22.19623
          ],
          [
            120.69326,
            22.1963
          ],
          [
            120.69333,
            22.19638
          ],
          [
            120.69347,
            22.19648
          ],
          [
            120.69373,
            22.19668
          ],
          [
            120.69381,
            22.19673
          ],
          [
            120.69405,
            22.19687
          ],
          [
            120.69433,
            22.19704
          ],
          [
            120.69445,
            22.19713
          ],
          [
            120.69453,
            22.19718
          ],
          [
            120.69459,
            22.19723
          ],
          [
            120.69465,
            22.19728
          ],
          [
            120.69485,
            22.19745
          ],
          [
            120.69502,
            22.19763
          ],
          [
            120.69508,
            22.19769
          ],
          [
            120.69511,
            22.19772
          ],
          [
            120.69533,
            22.19798
          ],
          [
            120.69542,
            22.19808
          ],
          [
            120.6956,
            22.19832
          ],
          [
            120.69568,
            22.19841
          ],
          [
            120.69602,
            22.19885
          ],
          [
            120.69608,
            22.19893
          ],
          [
            120.69614,
            22.19899
          ],
          [
            120.69615,
            22.19901
          ],
          [
            120.69626,
            22.19913
          ],
          [
            120.69638,
            22.19927
          ],
          [
            120.69645,
            22.19934
          ],
          [
            120.69664,
            22.19954
          ],
          [
            120.69677,
            22.19968
          ],
          [
            120.6968,
            22.19971
          ],
          [
            120.6969,
            22.19981
          ],
          [
            120.69703,
            22.19994
          ],
          [
            120.69716,
            22.20007
          ],
          [
            120.69748,
            22.2004
          ],
          [
            120.69779,
            22.20072
          ],
          [
            120.69866,
            22.20161
          ],
          [
            120.69915,
            22.20212
          ],
          [
            120.69965,
            22.20266
          ],
          [
            120.69967,
            22.20268
          ],
          [
            120.69985,
            22.20289
          ],
          [
            120.70047,
            22.20362
          ],
          [
            120.70079,
            22.20399
          ],
          [
            120.70085,
            22.20405
          ],
          [
            120.70094,
            22.20414
          ],
          [
            120.70103,
            22.20421
          ],
          [
            120.70125,
            22.20435
          ],
          [
            120.70141,
            22.20442
          ],
          [
            120.70154,
            22.20446
          ],
          [
            120.70164,
            22.20448
          ],
          [
            120.70175,
            22.20449
          ],
          [
            120.7019,
            22.20449
          ],
          [
            120.70208,
            22.20445
          ],
          [
            120.70216,
            22.20443
          ],
          [
            120.70239,
            22.20435
          ],
          [
            120.70273,
            22.20421
          ],
          [
            120.70297,
            22.2041
          ],
          [
            120.70308,
            22.20406
          ],
          [
            120.70316,
            22.20403
          ],
          [
            120.7033,
            22.20399
          ],
          [
            120.70345,
            22.20398
          ],
          [
            120.70357,
            22.20398
          ],
          [
            120.70369,
            22.204
          ],
          [
            120.7038,
            22.20402
          ],
          [
            120.70389,
            22.20405
          ],
          [
            120.70397,
            22.20408
          ],
          [
            120.70404,
            22.20411
          ],
          [
            120.70416,
            22.20417
          ],
          [
            120.70426,
            22.20424
          ],
          [
            120.70437,
            22.20433
          ],
          [
            120.70466,
            22.20458
          ],
          [
            120.70473,
            22.20464
          ],
          [
            120.70531,
            22.20516
          ],
          [
            120.70583,
            22.20564
          ],
          [
            120.70613,
            22.20596
          ],
          [
            120.70628,
            22.20612
          ],
          [
            120.70634,
            22.2062
          ],
          [
            120.70638,
            22.20625
          ],
          [
            120.70654,
            22.20635
          ],
          [
            120.70658,
            22.20639
          ],
          [
            120.70666,
            22.20647
          ],
          [
            120.70677,
            22.20656
          ],
          [
            120.70686,
            22.20663
          ],
          [
            120.70693,
            22.20666
          ],
          [
            120.70701,
            22.2067
          ],
          [
            120.70708,
            22.20674
          ],
          [
            120.70737,
            22.20686
          ],
          [
            120.70775,
            22.20693
          ],
          [
            120.70795,
            22.20697
          ],
          [
            120.70829,
            22.20703
          ],
          [
            120.70908,
            22.20716
          ],
          [
            120.70911,
            22.20717
          ],
          [
            120.70913,
            22.20718
          ],
          [
            120.70918,
            22.20722
          ],
          [
            120.70937,
            22.20725
          ],
          [
            120.70953,
            22.20729
          ],
          [
            120.70956,
            22.20729
          ],
          [
            120.70994,
            22.20736
          ],
          [
            120.71013,
            22.2074
          ],
          [
            120.71035,
            22.20744
          ],
          [
            120.71054,
            22.20748
          ],
          [
            120.71073,
            22.20752
          ],
          [
            120.71092,
            22.20756
          ],
          [
            120.71111,
            22.2076
          ],
          [
            120.71128,
            22.20763
          ],
          [
            120.7113,
            22.20763
          ],
          [
            120.71158,
            22.20768
          ],
          [
            120.7117,
            22.20769
          ],
          [
            120.71179,
            22.20769
          ],
          [
            120.7119,
            22.20768
          ],
          [
            120.71199,
            22.20767
          ],
          [
            120.71224,
            22.2076
          ],
          [
            120.71236,
            22.20756
          ],
          [
            120.71257,
            22.2075
          ],
          [
            120.71289,
            22.20735
          ],
          [
            120.71297,
            22.20732
          ],
          [
            120.71307,
            22.20728
          ],
          [
            120.71327,
            22.2072
          ],
          [
            120.7134,
            22.20715
          ],
          [
            120.71353,
            22.20712
          ],
          [
            120.71371,
            22.2071
          ],
          [
            120.71392,
            22.20708
          ],
          [
            120.71424,
            22.20711
          ],
          [
            120.71469,
            22.20713
          ],
          [
            120.71485,
            22.20714
          ],
          [
            120.71494,
            22.20714
          ],
          [
            120.71502,
            22.20715
          ],
          [
            120.71504,
            22.20715
          ],
          [
            120.71513,
            22.20715
          ],
          [
            120.71528,
            22.20715
          ],
          [
            120.7156,
            22.20712
          ],
          [
            120.71562,
            22.20712
          ],
          [
            120.71606,
            22.20706
          ],
          [
            120.71639,
            22.207
          ],
          [
            120.71658,
            22.20697
          ],
          [
            120.71664,
            22.20696
          ],
          [
            120.71677,
            22.20695
          ],
          [
            120.71696,
            22.20692
          ],
          [
            120.71715,
            22.2069
          ],
          [
            120.71719,
            22.20689
          ],
          [
            120.71735,
            22.20688
          ],
          [
            120.71756,
            22.20687
          ],
          [
            120.71771,
            22.20688
          ],
          [
            120.71792,
            22.20691
          ],
          [
            120.71804,
            22.20692
          ],
          [
            120.71821,
            22.20696
          ],
          [
            120.71836,
            22.20699
          ],
          [
            120.7185,
            22.20702
          ],
          [
            120.71886,
            22.2071
          ],
          [
            120.71915,
            22.20716
          ],
          [
            120.71921,
            22.20717
          ],
          [
            120.71956,
            22.20724
          ],
          [
            120.71963,
            22.20725
          ],
          [
            120.71967,
            22.20725
          ],
          [
            120.71972,
            22.20725
          ],
          [
            120.71978,
            22.20724
          ],
          [
            120.71988,
            22.20723
          ],
          [
            120.72,
            22.20721
          ],
          [
            120.72009,
            22.20718
          ],
          [
            120.72016,
            22.20715
          ],
          [
            120.72019,
            22.20713
          ],
          [
            120.72032,
            22.20706
          ],
          [
            120.72036,
            22.20704
          ],
          [
            120.72048,
            22.20697
          ],
          [
            120.72049,
            22.20696
          ],
          [
            120.72110293643708,
            22.20660106350241
          ],
          [
            120.72112060110355,
            22.20659251623806
          ],
          [
            120.72113920874027,
            22.20658697507431
          ],
          [
            120.72115854806587,
            22.206584412218955
          ],
          [
            120.72117807476165,
            22.20658489980536
          ],
          [
            120.72119723923514,
            22.20658842411006
          ],
          [
            120.72121579018788,
            22.206595015077227
          ],
          [
            120.72172,
            22.20682
          ],
          [
            120.72196,
            22.20693
          ],
          [
            120.72228,
            22.20709
          ],
          [
            120.72251,
            22.20722
          ],
          [
            120.72375,
            22.20788
          ],
          [
            120.7242,
            22.20813
          ],
          [
            120.72427,
            22.20816
          ],
          [
            120.72511,
            22.20861
          ],
          [
            120.72513,
            22.20862
          ],
          [
            120.72515,
            22.20863
          ],
          [
            120.72531,
            22.20872
          ],
          [
            120.72593,
            22.20906
          ],
          [
            120.72641,
            22.20928
          ],
          [
            120.72648,
            22.20932
          ],
          [
            120.72649,
            22.20932
          ],
          [
            120.72665,
            22.2094
          ],
          [
            120.72683,
            22.2095
          ],
          [
            120.72717,
            22.20971
          ],
          [
            120.72733,
            22.20979
          ],
          [
            120.72744,
            22.20983
          ],
          [
            120.72755,
            22.20985
          ],
          [
            120.72771,
            22.20986
          ],
          [
            120.72785,
            22.20985
          ],
          [
            120.72789,
            22.20984
          ],
          [
            120.72802,
            22.20981
          ],
          [
            120.72808,
            22.2098
          ],
          [
            120.72818,
            22.20977
          ],
          [
            120.72835,
            22.20974
          ],
          [
            120.72846,
            22.20973
          ],
          [
            120.72864,
            22.20969
          ],
          [
            120.72886,
            22.20965
          ],
          [
            120.72914,
            22.20959
          ],
          [
            120.72933,
            22.20955
          ],
          [
            120.72941,
            22.20954
          ],
          [
            120.72945,
            22.20953
          ],
          [
            120.72987549956811,
            22.209444509630675
          ],
          [
            120.72989447930136,
            22.209442167211325
          ],
          [
            120.72991344598415,
            22.209442738205045
          ],
          [
            120.72993206128942,
            22.209446174045286
          ],
          [
            120.72994983075746,
            22.20945238346927
          ],
          [
            120.72996628239574,
            22.2094612015423
          ],
          [
            120.72998127338873,
            22.209472659124458
          ],
          [
            120.73097,
            22.21036
          ],
          [
            120.7312,
            22.21054
          ],
          [
            120.7313,
            22.21061
          ],
          [
            120.73131,
            22.21062
          ],
          [
            120.73144,
            22.21071
          ],
          [
            120.73156,
            22.21078
          ],
          [
            120.73171,
            22.21084
          ],
          [
            120.7318,
            22.21087
          ],
          [
            120.73181,
            22.21087
          ],
          [
            120.73192,
            22.21089
          ],
          [
            120.73207,
            22.21091
          ],
          [
            120.73234,
            22.21092
          ],
          [
            120.73258,
            22.2109
          ],
          [
            120.73259,
            22.2109
          ],
          [
            120.73276,
            22.21086
          ],
          [
            120.73284,
            22.21083
          ],
          [
            120.73297,
            22.21074
          ],
          [
            120.73308,
            22.21065
          ],
          [
            120.73312,
            22.21062
          ],
          [
            120.73324,
            22.21055
          ],
          [
            120.73343,
            22.21043
          ],
          [
            120.73375,
            22.21029
          ],
          [
            120.73425,
            22.21014
          ],
          [
            120.73435,
            22.21013
          ],
          [
            120.73442,
            22.21014
          ],
          [
            120.73479,
            22.21027
          ],
          [
            120.73514,
            22.21038
          ],
          [
            120.73534,
            22.21047
          ],
          [
            120.73554,
            22.21062
          ],
          [
            120.73567,
            22.21076
          ],
          [
            120.73579,
            22.21088
          ],
          [
            120.7359,
            22.21101
          ],
          [
            120.73593,
            22.21104
          ],
          [
            120.73603,
            22.21113
          ],
          [
            120.73614,
            22.21117
          ],
          [
            120.73627,
            22.2112
          ],
          [
            120.73651,
            22.21121
          ],
          [
            120.73681,
            22.2112
          ],
          [
            120.73696,
            22.2112
          ],
          [
            120.73729,
            22.21117
          ],
          [
            120.73745,
            22.21115
          ],
          [
            120.73820126120395,
            22.21090863496252
          ],
          [
            120.73822769063062,
            22.210896382819243
          ],
          [
            120.7382501346751,
            22.210878152038628
          ],
          [
            120.73826688728457,
            22.210855211319217
          ],
          [
            120.73827685354736,
            22.210829060013182
          ],
          [
            120.73827938209165,
            22.210801407309177
          ],
          [
            120.73827437539133,
            22.210774265572415
          ],
          [
            120.73818,
            22.21049
          ],
          [
            120.73818,
            22.21044
          ],
          [
            120.73816,
            22.21037
          ],
          [
            120.73814,
            22.21032
          ],
          [
            120.73811,
            22.21028
          ],
          [
            120.738,
            22.21014
          ],
          [
            120.73766822382906,
            22.20956855155343
          ],
          [
            120.73765814152289,
            22.20954459933954
          ],
          [
            120.73765438318286,
            22.209518788881418
          ],
          [
            120.73765732739051,
            22.20949288669837
          ],
          [
            120.73766680464651,
            22.209468383990238
          ],
          [
            120.73768226934116,
            22.2094466913885
          ],
          [
            120.73770251611245,
            22.209429269673024
          ],
          [
            120.73806,
            22.20919
          ],
          [
            120.73891,
            22.2085
          ],
          [
            120.7392,
            22.20834
          ],
          [
            120.73949,
            22.20825
          ],
          [
            120.73963,
            22.20819
          ],
          [
            120.73973,
            22.20814
          ],
          [
            120.73983,
            22.2081
          ],
          [
            120.73995,
            22.20806
          ],
          [
            120.74058977915114,
            22.207700318593446
          ],
          [
            120.74060499133054,
            22.207690048286658
          ],
          [
            120.74061846828688,
            22.207677372628844
          ],
          [
            120.74062953542558,
            22.207662809401924
          ],
          [
            120.74063789358821,
            22.207646752267877
          ],
          [
            120.74064331684333,
            22.207629635270823
          ],
          [
            120.74064565997944,
            22.207611890482518
          ],
          [
            120.74067,
            22.20705
          ],
          [
            120.74067,
            22.20703
          ],
          [
            120.74066,
            22.20679
          ],
          [
            120.74059,
            22.20644
          ],
          [
            120.74055,
            22.20629
          ],
          [
            120.74052,
            22.20618
          ],
          [
            120.74054,
            22.20606
          ],
          [
            120.74057,
            22.206
          ],
          [
            120.74058,
            22.20597
          ],
          [
            120.74069,
            22.2057
          ],
          [
            120.74092,
            22.20533
          ],
          [
            120.741,
            22.20513
          ],
          [
            120.74124,
            22.20468
          ],
          [
            120.74136,
            22.20454
          ],
          [
            120.74161,
            22.20424
          ],
          [
            120.74187,
            22.20398
          ],
          [
            120.74205,
            22.2038
          ],
          [
            120.74213,
            22.20374
          ],
          [
            120.74229,
            22.20362
          ],
          [
            120.74249,
            22.20351
          ],
          [
            120.74271,
            22.20345
          ],
          [
            120.74303,
            22.20341
          ],
          [
            120.74332,
            22.20336
          ],
          [
            120.7435,
            22.20334
          ],
          [
            120.74359,
            22.20334
          ],
          [
            120.7437,
            22.20335
          ],
          [
            120.74392,
            22.2034
          ],
          [
            120.74414,
            22.20349
          ],
          [
            120.74423,
            22.20354
          ],
          [
            120.7443,
            22.20358
          ],
          [
            120.74436,
            22.20361
          ],
          [
            120.74438,
            22.20363
          ],
          [
            120.74472,
            22.20391
          ],
          [
            120.74481,
            22.204
          ],
          [
            120.74483,
            22.20402
          ],
          [
            120.74497,
            22.20414
          ],
          [
            120.74507,
            22.20421
          ],
          [
            120.74517,
            22.20427
          ],
          [
            120.7453,
            22.20435
          ],
          [
            120.74546,
            22.20442
          ],
          [
            120.74566,
            22.20448
          ],
          [
            120.74581,
            22.20451
          ],
          [
            120.746,
            22.20456
          ],
          [
            120.74604,
            22.20457
          ],
          [
            120.74618,
            22.20461
          ],
          [
            120.7462,
            22.20461
          ],
          [
            120.74637,
            22.20464
          ],
          [
            120.74641,
            22.20465
          ],
          [
            120.74671,
            22.20475
          ],
          [
            120.74694,
            22.20485
          ],
          [
            120.74718,
            22.20497
          ],
          [
            120.74737,
            22.20512
          ],
          [
            120.74751,
            22.20524
          ],
          [
            120.74786,
            22.20558
          ],
          [
            120.74828,
            22.20597
          ],
          [
            120.74862,
            22.20628
          ],
          [
            120.74907,
            22.20669
          ],
          [
            120.74946,
            22.20707
          ],
          [
            120.74973,
            22.2073
          ],
          [
            120.74985,
            22.20739
          ],
          [
            120.74997,
            22.20746
          ],
          [
            120.75009,
            22.20753
          ],
          [
            120.75011,
            22.20755
          ],
          [
            120.75046,
            22.20776
          ],
          [
            120.75094,
            22.20799
          ],
          [
            120.75202,
            22.20854
          ],
          [
            120.75234,
            22.20867
          ],
          [
            120.75259,
            22.2088
          ],
          [
            120.75283,
            22.20891
          ],
          [
            120.75294,
            22.20896
          ],
          [
            120.75361,
            22.20912
          ],
          [
            120.75386,
            22.20918
          ],
          [
            120.75395,
            22.2092
          ],
          [
            120.75412,
            22.20924
          ],
          [
            120.75453,
            22.2093
          ],
          [
            120.75506,
            22.20928
          ],
          [
            120.75562,
            22.20923
          ],
          [
            120.75613,
            22.20917
          ],
          [
            120.75673,
            22.20906
          ],
          [
            120.75686,
            22.20904
          ],
          [
            120.75742900588384,
            22.208919709913445
          ],
          [
            120.75744797801957,
            22.208917176345093
          ],
          [
            120.75746696263334,
            22.20891756165062
          ],
          [
            120.75748562760349,
            22.208920818886764
          ],
          [
            120.75750347649173,
            22.208926861419776
          ],
          [
            120.75752003456547,
            22.208935528534457
          ],
          [
            120.7575351581683,
            22.208946851797755
          ],
          [
            120.75788,
            22.20925
          ],
          [
            120.75797,
            22.20932
          ],
          [
            120.75807,
            22.20941
          ],
          [
            120.75823,
            22.20951
          ],
          [
            120.75852,
            22.20966
          ],
          [
            120.75874,
            22.20974
          ],
          [
            120.75891,
            22.20979
          ],
          [
            120.75909,
            22.20983
          ],
          [
            120.75924,
            22.20986
          ],
          [
            120.75938,
            22.20993
          ],
          [
            120.75955,
            22.21003
          ],
          [
            120.75967,
            22.21013
          ],
          [
            120.75975,
            22.21022
          ],
          [
            120.75996,
            22.21042
          ],
          [
            120.76014,
            22.21058
          ],
          [
            120.76032,
            22.21073
          ],
          [
            120.76037,
            22.21076
          ],
          [
            120.76047,
            22.21082
          ],
          [
            120.76058,
            22.21086
          ],
          [
            120.76073,
            22.21091
          ],
          [
            120.76087,
            22.21092
          ],
          [
            120.76101,
            22.21093
          ],
          [
            120.76106,
            22.21093
          ],
          [
            120.76108,
            22.21094
          ],
          [
            120.76136,
            22.21093
          ],
          [
            120.76161,
            22.21089
          ],
          [
            120.76176,
            22.21085
          ],
          [
            120.76188,
            22.2108
          ],
          [
            120.7619,
            22.21079
          ],
          [
            120.76199,
            22.21075
          ],
          [
            120.76260883646903,
            22.210439066335862
          ],
          [
            120.76262830519093,
            22.210431289742807
          ],
          [
            120.76264864462786,
            22.210427034756595
          ],
          [
            120.76266947462578,
            22.2104262934707
          ],
          [
            120.76269010277714,
            22.210429090526116
          ],
          [
            120.76270984338394,
            22.210435332946247
          ],
          [
            120.76272834950214,
            22.21044501158646
          ],
          [
            120.76294,
            22.21058
          ],
          [
            120.763,
            22.21064
          ],
          [
            120.76314,
            22.21078
          ],
          [
            120.76327,
            22.21092
          ],
          [
            120.7635,
            22.21119
          ],
          [
            120.7636,
            22.21127
          ],
          [
            120.76374,
            22.21146
          ],
          [
            120.76413,
            22.21188
          ],
          [
            120.76439,
            22.21216
          ],
          [
            120.76459,
            22.21238
          ],
          [
            120.76464,
            22.21243
          ],
          [
            120.7647,
            22.21248
          ],
          [
            120.76475,
            22.21251
          ],
          [
            120.76479,
            22.21254
          ],
          [
            120.76482,
            22.21256
          ],
          [
            120.76486,
            22.21257
          ],
          [
            120.76492,
            22.21261
          ],
          [
            120.76498,
            22.21263
          ],
          [
            120.76501,
            22.21265
          ],
          [
            120.76503,
            22.21266
          ],
          [
            120.76507,
            22.21267
          ],
          [
            120.7651,
            22.21268
          ],
          [
            120.76512,
            22.21268
          ],
          [
            120.76515,
            22.21269
          ],
          [
            120.76518,
            22.2127
          ],
          [
            120.76523,
            22.21271
          ],
          [
            120.76526,
            22.21271
          ],
          [
            120.7653,
            22.21272
          ],
          [
            120.76534,
            22.21272
          ],
          [
            120.76539,
            22.21273
          ],
          [
            120.76543,
            22.21274
          ],
          [
            120.76549,
            22.21275
          ],
          [
            120.76565,
            22.21281
          ],
          [
            120.76582,
            22.2129
          ],
          [
            120.76602,
            22.21296
          ],
          [
            120.76604,
            22.21297
          ],
          [
            120.76623,
            22.21303
          ],
          [
            120.76634,
            22.21308
          ],
          [
            120.76642,
            22.21312
          ],
          [
            120.76653,
            22.2132
          ],
          [
            120.76658,
            22.21323
          ],
          [
            120.76669,
            22.21331
          ],
          [
            120.76673,
            22.21334
          ],
          [
            120.76686,
            22.21343
          ],
          [
            120.76697,
            22.21352
          ],
          [
            120.7671,
            22.21361
          ],
          [
            120.76718,
            22.21365
          ],
          [
            120.76724,
            22.21367
          ],
          [
            120.76727,
            22.21368
          ],
          [
            120.7673,
            22.21369
          ],
          [
            120.76733,
            22.2137
          ],
          [
            120.76737,
            22.21371
          ],
          [
            120.76738,
            22.21371
          ],
          [
            120.7674,
            22.21372
          ],
          [
            120.76745,
            22.21373
          ],
          [
            120.76752,
            22.21374
          ],
          [
            120.76753,
            22.21374
          ],
          [
            120.76757,
            22.21374
          ],
          [
            120.76771,
            22.21376
          ],
          [
            120.76798,
            22.21379
          ],
          [
            120.76846421197564,
            22.213830534700243
          ],
          [
            120.76848377223352,
            22.21383377171196
          ],
          [
            120.76850252410841,
            22.21384009020203
          ],
          [
            120.7685198447904,
            22.21384929875965
          ],
          [
            120.7685352263892,
            22.213861127364453
          ],
          [
            120.76854821787379,
            22.213875229169012
          ],
          [
            120.76855857827165,
            22.213891460222488
          ],
          [
            120.76885,
            22.21445
          ],
          [
            120.76892,
            22.2146
          ],
          [
            120.76895,
            22.21467
          ],
          [
            120.7691405494872,
            22.215148928959454
          ],
          [
            120.76915101925296,
            22.21516887800317
          ],
          [
            120.76916544095971,
            22.21518624357449
          ],
          [
            120.76918331652266,
            22.215200547589944
          ],
          [
            120.76920391431223,
            22.215211204599964
          ],
          [
            120.76922639128074,
            22.2152177784234
          ],
          [
            120.76924982746793,
            22.215219999999995
          ],
          [
            120.76964,
            22.21522
          ],
          [
            120.76966,
            22.21522
          ],
          [
            120.76971,
            22.21522
          ],
          [
            120.76978,
            22.21521
          ],
          [
            120.76984,
            22.21519
          ],
          [
            120.76985,
            22.21519
          ],
          [
            120.76994,
            22.21516
          ],
          [
            120.77018,
            22.2151
          ],
          [
            120.7703,
            22.21508
          ],
          [
            120.77049,
            22.21507
          ],
          [
            120.77065,
            22.21507
          ],
          [
            120.77077,
            22.21506
          ],
          [
            120.77091,
            22.21506
          ],
          [
            120.77095,
            22.21506
          ],
          [
            120.77099,
            22.21506
          ],
          [
            120.77104,
            22.21507
          ],
          [
            120.7711,
            22.21507
          ],
          [
            120.77115,
            22.21509
          ],
          [
            120.77119,
            22.2151
          ],
          [
            120.7712,
            22.21511
          ],
          [
            120.77124,
            22.21512
          ],
          [
            120.77135,
            22.21516
          ],
          [
            120.77156,
            22.21525
          ],
          [
            120.77174,
            22.21535
          ],
          [
            120.77189,
            22.21543
          ],
          [
            120.77196,
            22.21546
          ],
          [
            120.77202,
            22.21548
          ],
          [
            120.77206,
            22.21549
          ],
          [
            120.7721,
            22.21549
          ],
          [
            120.77213,
            22.2155
          ],
          [
            120.77216,
            22.21551
          ],
          [
            120.77219,
            22.21551
          ],
          [
            120.77223,
            22.21551
          ],
          [
            120.77225,
            22.21552
          ],
          [
            120.7723,
            22.21553
          ],
          [
            120.77234,
            22.21553
          ],
          [
            120.77237,
            22.21554
          ],
          [
            120.77241,
            22.21555
          ],
          [
            120.77245,
            22.21556
          ],
          [
            120.77248,
            22.21557
          ],
          [
            120.77253,
            22.21559
          ],
          [
            120.77256,
            22.2156
          ],
          [
            120.77262,
            22.21562
          ],
          [
            120.77265,
            22.21563
          ],
          [
            120.77282,
            22.21572
          ],
          [
            120.77295,
            22.21578
          ],
          [
            120.77307,
            22.21587
          ],
          [
            120.77368883797179,
            22.21632246268307
          ],
          [
            120.7737041086904,
            22.21633138196531
          ],
          [
            120.7737208128596,
            22.216336947473636
          ],
          [
            120.77373840544914,
            22.21633906671025
          ],
          [
            120.77375607837,
            22.216337642331208
          ],
          [
            120.77377301984323,
            22.21633273976322
          ],
          [
            120.77378867564991,
            22.216324433668305
          ],
          [
            120.77392999999999,
            22.21623
          ],
          [
            120.774,
            22.21619
          ],
          [
            120.77405,
            22.21615
          ],
          [
            120.77409,
            22.21611
          ],
          [
            120.7741,
            22.2161
          ],
          [
            120.77414,
            22.21604
          ],
          [
            120.7742,
            22.21596
          ],
          [
            120.77421,
            22.21595
          ],
          [
            120.77428,
            22.21587
          ],
          [
            120.77436,
            22.2158
          ],
          [
            120.77446,
            22.2157
          ],
          [
            120.77456,
            22.21563
          ],
          [
            120.77484,
            22.21544
          ],
          [
            120.77512,
            22.21529
          ],
          [
            120.7752,
            22.21525
          ],
          [
            120.77528,
            22.21522
          ],
          [
            120.77539,
            22.21519
          ],
          [
            120.77543,
            22.21519
          ],
          [
            120.77546,
            22.21518
          ],
          [
            120.77549,
            22.21518
          ],
          [
            120.77554,
            22.21518
          ],
          [
            120.7756,
            22.21518
          ],
          [
            120.77568,
            22.21518
          ],
          [
            120.7758,
            22.21517
          ],
          [
            120.77601,
            22.21517
          ],
          [
            120.77608,
            22.21517
          ],
          [
            120.77621,
            22.21516
          ],
          [
            120.7764,
            22.21515
          ],
          [
            120.77646,
            22.21515
          ],
          [
            120.77664,
            22.21513
          ],
          [
            120.77679,
            22.2151
          ],
          [
            120.77682,
            22.21509
          ],
          [
            120.77696,
            22.21505
          ],
          [
            120.77697,
            22.21504
          ],
          [
            120.77698,
            22.21504
          ],
          [
            120.77708,
            22.215
          ],
          [
            120.77715,
            22.21497
          ],
          [
            120.77725,
            22.21493
          ],
          [
            120.77751,
            22.21484
          ],
          [
            120.77759,
            22.21481
          ],
          [
            120.77783,
            22.21473
          ],
          [
            120.77799,
            22.21468
          ],
          [
            120.7781,
            22.21465
          ],
          [
            120.77818,
            22.21464
          ],
          [
            120.77826,
            22.21462
          ],
          [
            120.77851,
            22.21454
          ],
          [
            120.77880999999999,
            22.21446
          ],
          [
            120.77887,
            22.21445
          ],
          [
            120.779,
            22.21441
          ],
          [
            120.77902,
            22.21441
          ],
          [
            120.77919,
            22.21437
          ],
          [
            120.77926,
            22.21435
          ],
          [
            120.77937,
            22.21432
          ],
          [
            120.7794,
            22.21431
          ],
          [
            120.77954,
            22.21427
          ],
          [
            120.77956,
            22.21426
          ],
          [
            120.77963,
            22.21423
          ],
          [
            120.77972,
            22.21419
          ],
          [
            120.77973,
            22.21418
          ],
          [
            120.7799,
            22.2141
          ],
          [
            120.78003,
            22.21402
          ],
          [
            120.78013,
            22.21395
          ],
          [
            120.78017,
            22.21391
          ],
          [
            120.78023,
            22.21385
          ],
          [
            120.78053217656239,
            22.213445228629045
          ],
          [
            120.78053867736635,
            22.213437831640054
          ],
          [
            120.78054621933138,
            22.213431636867142
          ],
          [
            120.78055472620024,
            22.21342664537517
          ],
          [
            120.78056397932134,
            22.213422985460163
          ],
          [
            120.7805737408623,
            22.21342075119269
          ],
          [
            120.78058375992275,
            22.21342
          ],
          [
            120.78073,
            22.21342
          ],
          [
            120.78079,
            22.21342
          ],
          [
            120.78105,
            22.21341
          ],
          [
            120.78138,
            22.21342
          ],
          [
            120.78183,
            22.21344
          ],
          [
            120.78192,
            22.21344
          ],
          [
            120.78202,
            22.21345
          ],
          [
            120.78213,
            22.21347
          ],
          [
            120.78217,
            22.21348
          ],
          [
            120.78221,
            22.21349
          ],
          [
            120.78224,
            22.2135
          ],
          [
            120.78227,
            22.21352
          ],
          [
            120.7823,
            22.21354
          ],
          [
            120.78233,
            22.21356
          ],
          [
            120.78238,
            22.21361
          ],
          [
            120.78246,
            22.21369
          ],
          [
            120.78257,
            22.21379
          ],
          [
            120.78269,
            22.21389
          ],
          [
            120.78271,
            22.21391
          ],
          [
            120.7829,
            22.21407
          ],
          [
            120.78301,
            22.21415
          ],
          [
            120.78305,
            22.21418
          ],
          [
            120.78308,
            22.2142
          ],
          [
            120.78311,
            22.21421
          ],
          [
            120.78314,
            22.21422
          ],
          [
            120.78321,
            22.21425
          ],
          [
            120.78334,
            22.21429
          ],
          [
            120.78346,
            22.2143
          ],
          [
            120.7835,
            22.21431
          ],
          [
            120.78358,
            22.21432
          ],
          [
            120.78393,
            22.21437
          ],
          [
            120.78454,
            22.2145
          ],
          [
            120.78473,
            22.21453
          ],
          [
            120.78492,
            22.21456
          ],
          [
            120.78507,
            22.21459
          ],
          [
            120.78511,
            22.21459
          ],
          [
            120.7853,
            22.21463
          ],
          [
            120.78542,
            22.21466
          ],
          [
            120.78549,
            22.21467
          ],
          [
            120.78558,
            22.21469
          ],
          [
            120.78564,
            22.21471
          ],
          [
            120.78568,
            22.21471
          ],
          [
            120.78574,
            22.21472
          ],
          [
            120.78579,
            22.21473
          ],
          [
            120.78582,
            22.21473
          ],
          [
            120.78586,
            22.21472
          ],
          [
            120.78587,
            22.21472
          ],
          [
            120.78591,
            22.21472
          ],
          [
            120.78597,
            22.21471
          ],
          [
            120.78608,
            22.21467
          ],
          [
            120.78643,
            22.21453
          ],
          [
            120.7866,
            22.21448
          ],
          [
            120.78674,
            22.21443
          ],
          [
            120.78688,
            22.2144
          ],
          [
            120.78697,
            22.21438
          ],
          [
            120.78711,
            22.21435
          ],
          [
            120.7872,
            22.21433
          ],
          [
            120.78731,
            22.21432
          ],
          [
            120.78758,
            22.2143
          ],
          [
            120.78796,
            22.21428
          ],
          [
            120.78799,
            22.21427
          ],
          [
            120.78838,
            22.21426
          ],
          [
            120.78867,
            22.21424
          ],
          [
            120.78891,
            22.21423
          ],
          [
            120.78895,
            22.21422
          ],
          [
            120.7893,
            22.2142
          ],
          [
            120.78939,
            22.21419
          ],
          [
            120.78948,
            22.21418
          ],
          [
            120.78956,
            22.21418
          ],
          [
            120.78962,
            22.21418
          ],
          [
            120.78969,
            22.21419
          ],
          [
            120.78976,
            22.2142
          ],
          [
            120.78985,
            22.21423
          ],
          [
            120.78998,
            22.21428
          ],
          [
            120.79009,
            22.21432
          ],
          [
            120.79022,
            22.2144
          ],
          [
            120.79045,
            22.21453
          ],
          [
            120.79049,
            22.21454
          ],
          [
            120.79084,
            22.21471
          ],
          [
            120.79092,
            22.21473
          ],
          [
            120.79099,
            22.21475
          ],
          [
            120.79102,
            22.21476
          ],
          [
            120.79105,
            22.21477
          ],
          [
            120.79109,
            22.21477
          ],
          [
            120.79112,
            22.21477
          ],
          [
            120.79115,
            22.21477
          ],
          [
            120.79119,
            22.21478
          ],
          [
            120.79123,
            22.21478
          ],
          [
            120.79127,
            22.21478
          ],
          [
            120.79131,
            22.21478
          ],
          [
            120.79136,
            22.21478
          ],
          [
            120.79142,
            22.21478
          ],
          [
            120.79144,
            22.21477
          ],
          [
            120.79149,
            22.21477
          ],
          [
            120.7917742998977,
            22.21467477803759
          ],
          [
            120.79179475769534,
            22.214669771266582
          ],
          [
            120.79181558793061,
            22.214668293646774
          ],
          [
            120.791836366129,
            22.214670309909305
          ],
          [
            120.79185642349056,
            22.214675755155568
          ],
          [
            120.79187511441732,
            22.214684454116245
          ],
          [
            120.79189213956565,
            22.214696381210764
          ],
          [
            120.79235,
            22.21508
          ],
          [
            120.79242,
            22.21514
          ],
          [
            120.79243,
            22.21515
          ],
          [
            120.79248,
            22.21518
          ],
          [
            120.79252,
            22.21523
          ],
          [
            120.79255,
            22.21529
          ],
          [
            120.79262,
            22.21542
          ],
          [
            120.79267,
            22.2155
          ],
          [
            120.7927,
            22.21559
          ],
          [
            120.79271,
            22.21562
          ],
          [
            120.79276,
            22.21579
          ],
          [
            120.79277,
            22.21581
          ],
          [
            120.79292,
            22.21631
          ],
          [
            120.79299,
            22.21656
          ],
          [
            120.79307,
            22.21683
          ],
          [
            120.79324,
            22.21742
          ],
          [
            120.79326,
            22.21751
          ],
          [
            120.79327,
            22.21757
          ],
          [
            120.79332,
            22.21775
          ],
          [
            120.79342,
            22.2181
          ],
          [
            120.79343,
            22.21813
          ],
          [
            120.79347,
            22.21827
          ],
          [
            120.79354,
            22.21849
          ],
          [
            120.79358,
            22.21861
          ],
          [
            120.79364,
            22.21879
          ],
          [
            120.79397,
            22.21938
          ],
          [
            120.79408,
            22.21952
          ],
          [
            120.7942,
            22.21965
          ],
          [
            120.7943,
            22.21982
          ],
          [
            120.79436,
            22.21991
          ],
          [
            120.79444,
            22.22015
          ],
          [
            120.79455,
            22.22038
          ],
          [
            120.79469,
            22.22063
          ],
          [
            120.79472,
            22.22067
          ],
          [
            120.79476,
            22.22073
          ],
          [
            120.79478,
            22.22077
          ],
          [
            120.79481,
            22.22084
          ],
          [
            120.79485,
            22.2209
          ],
          [
            120.79488,
            22.22098
          ],
          [
            120.79495,
            22.2211
          ],
          [
            120.79501,
            22.2212
          ],
          [
            120.79508,
            22.2213
          ],
          [
            120.79514,
            22.2214
          ],
          [
            120.79519,
            22.22146
          ],
          [
            120.79522,
            22.22151
          ],
          [
            120.7953,
            22.22163
          ],
          [
            120.7954,
            22.22175
          ],
          [
            120.79545,
            22.2218
          ],
          [
            120.79553,
            22.22189
          ],
          [
            120.79555,
            22.22191
          ],
          [
            120.79563,
            22.22202
          ],
          [
            120.79571,
            22.2221
          ],
          [
            120.79591,
            22.22228
          ],
          [
            120.79612,
            22.22246
          ],
          [
            120.79627,
            22.22268
          ],
          [
            120.79637,
            22.22291
          ],
          [
            120.7964,
            22.22314
          ],
          [
            120.79638,
            22.22333
          ],
          [
            120.7963,
            22.22364
          ],
          [
            120.79625,
            22.22393
          ],
          [
            120.79621,
            22.22422
          ],
          [
            120.79618,
            22.22462
          ],
          [
            120.79617,
            22.22477
          ],
          [
            120.79618,
            22.22489
          ],
          [
            120.79622,
            22.22503
          ],
          [
            120.79628,
            22.22514
          ],
          [
            120.79633,
            22.2252
          ],
          [
            120.79652,
            22.22545
          ],
          [
            120.79672,
            22.22565
          ],
          [
            120.79706368873762,
            22.22609352163519
          ],
          [
            120.79707340909015,
            22.226108613134045
          ],
          [
            120.79708049829686,
            22.226125316926275
          ],
          [
            120.79708453561119,
            22.226142881864366
          ],
          [
            120.79708541048333,
            22.226160826985005
          ],
          [
            120.79708309895749,
            22.226178660914695
          ],
          [
            120.79707776295876,
            22.226195656434893
          ],
          [
            120.79691,
            22.2266
          ],
          [
            120.7969,
            22.2266
          ],
          [
            120.79686,
            22.22672
          ],
          [
            120.79685,
            22.22677
          ],
          [
            120.79683,
            22.22684
          ],
          [
            120.79681,
            22.2269
          ],
          [
            120.79681,
            22.22692
          ],
          [
            120.79679,
            22.227
          ],
          [
            120.79678,
            22.22706
          ],
          [
            120.79678,
            22.22714
          ],
          [
            120.79679,
            22.22722
          ],
          [
            120.7968,
            22.22735
          ],
          [
            120.79682,
            22.2274
          ],
          [
            120.79695,
            22.22809
          ],
          [
            120.79695,
            22.22831
          ],
          [
            120.79696,
            22.22849
          ],
          [
            120.79696,
            22.22865
          ],
          [
            120.79696,
            22.22869
          ],
          [
            120.79689127564183,
            22.22931131207735
          ],
          [
            120.79689090072382,
            22.229329181734563
          ],
          [
            120.79689369501982,
            22.229346942101145
          ],
          [
            120.79689959061947,
            22.229364030421824
          ],
          [
            120.79690842632782,
            22.229379979475052
          ],
          [
            120.7969199605627,
            22.229394353188656
          ],
          [
            120.7969335668999,
            22.22940652311861
          ],
          [
            120.79750540545542,
            22.229837603261647
          ],
          [
            120.79752108022764,
            22.22984764041603
          ],
          [
            120.79753792314908,
            22.229855034584073
          ],
          [
            120.79755581484096,
            22.229859832181415
          ],
          [
            120.79757429802659,
            22.22986191059084
          ],
          [
            120.79759290031178,
            22.229861216692253
          ],
          [
            120.79761135586853,
            22.22985771183554
          ],
          [
            120.7982,
            22.2297
          ],
          [
            120.79839,
            22.22963
          ],
          [
            120.79848,
            22.22961
          ],
          [
            120.79863,
            22.22957
          ],
          [
            120.7992087586044,
            22.229403858286986
          ],
          [
            120.79922878830212,
            22.22939982316101
          ],
          [
            120.79924903579133,
            22.22939911257473
          ],
          [
            120.79926910892647,
            22.229401684371357
          ],
          [
            120.79928840002823,
            22.229407460694226
          ],
          [
            120.79930632509202,
            22.229416266675187
          ],
          [
            120.79932264069883,
            22.229428094658182
          ],
          [
            120.79978857351841,
            22.229829372149528
          ],
          [
            120.7998030153362,
            22.229844479065093
          ],
          [
            120.79981437482901,
            22.22986216541463
          ],
          [
            120.79982194308123,
            22.229881534630632
          ],
          [
            120.79982544719407,
            22.229901888290993
          ],
          [
            120.79982476081503,
            22.229922492476163
          ],
          [
            120.79981998349483,
            22.22994239028785
          ],
          [
            120.79947852265376,
            22.230914688725953
          ],
          [
            120.79947317139381,
            22.230939810218537
          ],
          [
            120.79947432106977,
            22.230965623421643
          ],
          [
            120.79948198140181,
            22.23099045237501
          ],
          [
            120.79949571852381,
            22.2310128908154
          ],
          [
            120.79951475439206,
            22.231031667873545
          ],
          [
            120.79953771983095,
            22.23104558656297
          ],
          [
            120.79992,
            22.23122
          ],
          [
            120.80009,
            22.23127
          ],
          [
            120.80028,
            22.23131
          ],
          [
            120.80145011142028,
            22.231655059602353
          ],
          [
            120.80147731077507,
            22.23166693161309
          ],
          [
            120.80150050855052,
            22.231685055295078
          ],
          [
            120.80151791248312,
            22.231708139649086
          ],
          [
            120.80152834688704,
            22.231734625260426
          ],
          [
            120.8015311068882,
            22.231762722949664
          ],
          [
            120.80152607373972,
            22.231790329461433
          ],
          [
            120.8014,
            22.23217
          ],
          [
            120.80137,
            22.23226
          ],
          [
            120.8012295484414,
            22.23261261033241
          ],
          [
            120.80122445952814,
            22.232629667674587
          ],
          [
            120.801222405923,
            22.232647517405695
          ],
          [
            120.80122353607317,
            22.232665438558737
          ],
          [
            120.80122781907268,
            22.23268294104747
          ],
          [
            120.80123513779519,
            22.23269954623478
          ],
          [
            120.8012450594769,
            22.232714506592107
          ],
          [
            120.80156,
            22.23311
          ],
          [
            120.80164,
            22.2332
          ],
          [
            120.80169,
            22.23327
          ],
          [
            120.80171,
            22.23332
          ],
          [
            120.80174,
            22.23338
          ],
          [
            120.80185,
            22.23393
          ],
          [
            120.80188,
            22.23404
          ],
          [
            120.80194,
            22.23416
          ],
          [
            120.80197,
            22.23423
          ],
          [
            120.802,
            22.23427
          ],
          [
            120.80203,
            22.23431
          ],
          [
            120.80228,
            22.23453
          ],
          [
            120.80256,
            22.23471
          ],
          [
            120.80265,
            22.23478
          ],
          [
            120.80269,
            22.23483
          ],
          [
            120.80273,
            22.23488
          ],
          [
            120.8028,
            22.23504
          ],
          [
            120.8028,
            22.23505
          ],
          [
            120.80285,
            22.23521
          ],
          [
            120.80286,
            22.23522
          ],
          [
            120.8029,
            22.23538
          ],
          [
            120.80293,
            22.23557
          ],
          [
            120.80308,
            22.2361
          ],
          [
            120.8032,
            22.23641
          ],
          [
            120.80328,
            22.23661
          ],
          [
            120.80335,
            22.23682
          ],
          [
            120.80349,
            22.23738
          ],
          [
            120.80356,
            22.23771
          ],
          [
            120.80387460583646,
            22.23870592780737
          ],
          [
            120.80388558806258,
            22.238729808383265
          ],
          [
            120.80390222329153,
            22.238750402071812
          ],
          [
            120.80392362397004,
            22.238766730121654
          ],
          [
            120.80394856869705,
            22.23877786064188
          ],
          [
            120.80397563380197,
            22.23878315838022
          ],
          [
            120.80400339558706,
            22.238782303628557
          ],
          [
            120.80423,
            22.23875
          ],
          [
            120.80439,
            22.23875
          ],
          [
            120.80443,
            22.23875
          ],
          [
            120.80459,
            22.23868
          ],
          [
            120.8046,
            22.23868
          ],
          [
            120.80473,
            22.23862
          ],
          [
            120.80477,
            22.23861
          ],
          [
            120.80491,
            22.23855
          ],
          [
            120.80517,
            22.23847
          ],
          [
            120.80534,
            22.23843
          ],
          [
            120.80551,
            22.23839
          ],
          [
            120.80591,
            22.23833
          ],
          [
            120.80594,
            22.23832
          ],
          [
            120.80614,
            22.23831
          ],
          [
            120.80633,
            22.23829
          ],
          [
            120.80706619025987,
            22.238197439491817
          ],
          [
            120.80708206174012,
            22.238196800623193
          ],
          [
            120.80709771231957,
            22.238198859649312
          ],
          [
            120.80711270009036,
            22.238203537758626
          ],
          [
            120.8071265250678,
            22.238210678891694
          ],
          [
            120.80713872605742,
            22.238220044823827
          ],
          [
            120.80714905822562,
            22.238231541386053
          ],
          [
            120.80726,
            22.23838
          ],
          [
            120.80732,
            22.23849
          ],
          [
            120.80735,
            22.23857
          ],
          [
            120.80735,
            22.23866
          ],
          [
            120.80731,
            22.23888
          ],
          [
            120.80732,
            22.23907
          ],
          [
            120.80746577845554,
            22.239729022161217
          ],
          [
            120.80747191707516,
            22.239747978748486
          ],
          [
            120.80748156099266,
            22.239765453712256
          ],
          [
            120.80749442664869,
            22.2397810217203
          ],
          [
            120.80751009244004,
            22.239794172614275
          ],
          [
            120.80752804500406,
            22.239804475443837
          ],
          [
            120.80754748648177,
            22.239811536220934
          ],
          [
            120.80799,
            22.23993
          ],
          [
            120.80812,
            22.23997
          ],
          [
            120.80824,
            22.24003
          ],
          [
            120.80829,
            22.24006
          ],
          [
            120.80832,
            22.24008
          ],
          [
            120.80838,
            22.24015
          ],
          [
            120.80845,
            22.24028
          ],
          [
            120.80857,
            22.24053
          ],
          [
            120.80863,
            22.24067
          ],
          [
            120.80868,
            22.24075
          ],
          [
            120.80872,
            22.24079
          ],
          [
            120.80876,
            22.24083
          ],
          [
            120.80884,
            22.24087
          ],
          [
            120.80891,
            22.2409
          ],
          [
            120.80899,
            22.24093
          ],
          [
            120.80911,
            22.24097
          ],
          [
            120.80961421978613,
            22.241172556717213
          ],
          [
            120.80963203585401,
            22.241181562830416
          ],
          [
            120.80964812359275,
            22.241193503250045
          ],
          [
            120.8096617074222,
            22.241207895119082
          ],
          [
            120.8096723638008,
            22.2412242897014
          ],
          [
            120.80967976046438,
            22.24124217581659
          ],
          [
            120.80968367522131,
            22.24126107296241
          ],
          [
            120.80979812866251,
            22.242296631934096
          ],
          [
            120.80980067436607,
            22.24230858952257
          ],
          [
            120.80980554880861,
            22.242319852119373
          ],
          [
            120.8098125867619,
            22.242330072368752
          ],
          [
            120.80982154231567,
            22.242338893169094
          ],
          [
            120.80983210255751,
            22.24234600631637
          ],
          [
            120.80984375138802,
            22.242351113820376
          ],
          [
            120.80999,
            22.2424
          ],
          [
            120.81016,
            22.24248
          ],
          [
            120.81028,
            22.24252
          ],
          [
            120.81042,
            22.24256
          ],
          [
            120.81055,
            22.2426
          ],
          [
            120.81065,
            22.2426
          ],
          [
            120.81067,
            22.24261
          ],
          [
            120.81076,
            22.24259
          ],
          [
            120.81086,
            22.24255
          ],
          [
            120.81101,
            22.24248
          ],
          [
            120.81113,
            22.24242
          ],
          [
            120.81122,
            22.24239
          ],
          [
            120.81126,
            22.24238
          ],
          [
            120.81136,
            22.24236
          ],
          [
            120.8114,
            22.24236
          ],
          [
            120.81147,
            22.24236
          ],
          [
            120.81157,
            22.24238
          ],
          [
            120.81175,
            22.24244
          ],
          [
            120.81178,
            22.24245
          ],
          [
            120.81196,
            22.24251
          ],
          [
            120.81214,
            22.24257
          ],
          [
            120.81219,
            22.24259
          ],
          [
            120.81258,
            22.24271
          ],
          [
            120.81276,
            22.24277
          ],
          [
            120.81295,
            22.24287
          ],
          [
            120.81303,
            22.24292
          ],
          [
            120.8132,
            22.24302
          ],
          [
            120.81323,
            22.24304
          ],
          [
            120.81336,
            22.24312
          ],
          [
            120.81351,
            22.24322
          ],
          [
            120.81358,
            22.24327
          ],
          [
            120.81367,
            22.24333
          ],
          [
            120.81374,
            22.24337
          ],
          [
            120.8138,
            22.2434
          ],
          [
            120.81384,
            22.24341
          ],
          [
            120.81387,
            22.24342
          ],
          [
            120.81403,
            22.24343
          ],
          [
            120.81414,
            22.24343
          ],
          [
            120.81424,
            22.24344
          ],
          [
            120.81436,
            22.24346
          ],
          [
            120.81447,
            22.24349
          ],
          [
            120.8146,
            22.24355
          ],
          [
            120.81471,
            22.2436
          ],
          [
            120.81483,
            22.24364
          ],
          [
            120.81495,
            22.24364
          ],
          [
            120.81507,
            22.24363
          ],
          [
            120.81532,
            22.24357
          ],
          [
            120.81533,
            22.24356
          ],
          [
            120.81546,
            22.24353
          ],
          [
            120.81552,
            22.24352
          ],
          [
            120.81559,
            22.24351
          ],
          [
            120.81571,
            22.24351
          ],
          [
            120.81575,
            22.24351
          ],
          [
            120.8159,
            22.24355
          ],
          [
            120.81593,
            22.24355
          ],
          [
            120.81609,
            22.24361
          ],
          [
            120.81627,
            22.24367
          ],
          [
            120.81644,
            22.24373
          ],
          [
            120.81667,
            22.2438
          ],
          [
            120.81691,
            22.2438
          ],
          [
            120.81702,
            22.2438
          ],
          [
            120.81717,
            22.24379
          ],
          [
            120.81743,
            22.24376
          ],
          [
            120.81755,
            22.24376
          ],
          [
            120.81767,
            22.24376
          ],
          [
            120.81782,
            22.24379
          ],
          [
            120.81797,
            22.24385
          ],
          [
            120.81798,
            22.24385
          ],
          [
            120.81814,
            22.24394
          ],
          [
            120.81821,
            22.24398
          ],
          [
            120.8183,
            22.24404
          ],
          [
            120.81846,
            22.24415
          ],
          [
            120.81853,
            22.2442
          ],
          [
            120.81871,
            22.2443
          ],
          [
            120.8188,
            22.24432
          ],
          [
            120.81893,
            22.24435
          ],
          [
            120.81898,
            22.24437
          ],
          [
            120.81909,
            22.24439
          ],
          [
            120.81924,
            22.24446
          ],
          [
            120.81934,
            22.24452
          ],
          [
            120.81949,
            22.24461
          ],
          [
            120.8195,
            22.24461
          ],
          [
            120.81966,
            22.24471
          ],
          [
            120.81975,
            22.24477
          ],
          [
            120.81998,
            22.24491
          ],
          [
            120.82002,
            22.24494
          ],
          [
            120.82021,
            22.24507
          ],
          [
            120.82031,
            22.2451
          ],
          [
            120.82032,
            22.24511
          ],
          [
            120.82046,
            22.24513
          ],
          [
            120.8205,
            22.24513
          ],
          [
            120.82061,
            22.24513
          ],
          [
            120.82081,
            22.24514
          ],
          [
            120.82089,
            22.24514
          ],
          [
            120.82108,
            22.24513
          ],
          [
            120.82114,
            22.24512
          ],
          [
            120.82128,
            22.2451
          ],
          [
            120.82141,
            22.24507
          ],
          [
            120.82146,
            22.24506
          ],
          [
            120.8221602303686,
            22.244784822239566
          ],
          [
            120.82218020607743,
            22.24477882646243
          ],
          [
            120.82220071811308,
            22.244776280969997
          ],
          [
            120.82222138967751,
            22.244777159268235
          ],
          [
            120.8222415681994,
            22.244781433630543
          ],
          [
            120.82226061667212,
            22.244788969121508
          ],
          [
            120.82227824617478,
            22.24479975859072
          ],
          [
            120.82285037520325,
            22.245221140767292
          ],
          [
            120.82286965034339,
            22.245232753977554
          ],
          [
            120.8228906112254,
            22.24524051586439
          ],
          [
            120.82291278411904,
            22.24524436635778
          ],
          [
            120.82293533746954,
            22.245244161051872
          ],
          [
            120.82295742545377,
            22.245239907646276
          ],
          [
            120.82297852121435,
            22.245231613566734
          ],
          [
            120.82338,
            22.24503
          ],
          [
            120.82354,
            22.24496
          ],
          [
            120.82376,
            22.24481
          ],
          [
            120.82398,
            22.24461
          ],
          [
            120.82422,
            22.24436
          ],
          [
            120.82438,
            22.24419
          ],
          [
            120.82461,
            22.24398
          ],
          [
            120.82482,
            22.24378
          ],
          [
            120.82494,
            22.24367
          ],
          [
            120.82533,
            22.24338
          ],
          [
            120.82614152547708,
            22.24281986272373
          ],
          [
            120.8261595414483,
            22.242809563780266
          ],
          [
            120.82617888062676,
            22.242802569961107
          ],
          [
            120.82619924414195,
            22.242798885058008
          ],
          [
            120.82621998597706,
            22.242798625971677
          ],
          [
            120.82624044811335,
            22.24280180092144
          ],
          [
            120.82626026479406,
            22.24280843157907
          ],
          [
            120.82690570492066,
            22.2430863385753
          ],
          [
            120.82692192438735,
            22.24309491082904
          ],
          [
            120.82693669550753,
            22.243105986083094
          ],
          [
            120.82694934335662,
            22.24311914827851
          ],
          [
            120.82695953283948,
            22.243134048692887
          ],
          [
            120.82696699399348,
            22.243150292551054
          ],
          [
            120.82697154948116,
            22.243167567705804
          ],
          [
            120.82705,
            22.24362
          ],
          [
            120.82704,
            22.24386
          ],
          [
            120.82706,
            22.24398
          ],
          [
            120.8271,
            22.24412
          ],
          [
            120.82711,
            22.24415
          ],
          [
            120.8272,
            22.24432
          ],
          [
            120.82752241931719,
            22.244966789743778
          ],
          [
            120.82753233690771,
            22.24498300508199
          ],
          [
            120.8275448695257,
            22.24499718935699
          ],
          [
            120.82755978919474,
            22.245009200180107
          ],
          [
            120.82757666844016,
            22.24501869342023
          ],
          [
            120.82759502364208,
            22.245025397079438
          ],
          [
            120.82761423253781,
            22.245029108285387
          ],
          [
            120.82816,
            22.24509
          ],
          [
            120.828563149162,
            22.24511890609986
          ],
          [
            120.82858279221648,
            22.24511877732159
          ],
          [
            120.82860207185607,
            22.245115588320264
          ],
          [
            120.82862050584225,
            22.245109433755072
          ],
          [
            120.8286375731146,
            22.245100487592733
          ],
          [
            120.8286527912446,
            22.245089002708088
          ],
          [
            120.82866596257098,
            22.245075010337356
          ],
          [
            120.82902,
            22.24463
          ],
          [
            120.82914,
            22.2445
          ],
          [
            120.82924,
            22.24432
          ],
          [
            120.82943411925297,
            22.24353993604382
          ],
          [
            120.82944305937856,
            22.24351797747362
          ],
          [
            120.82945792067405,
            22.243499174357385
          ],
          [
            120.82947764680884,
            22.243484774194634
          ],
          [
            120.829500793043,
            22.243475831651743
          ],
          [
            120.8295256641488,
            22.24347300167959
          ],
          [
            120.82955060792315,
            22.24347653810198
          ],
          [
            120.82971,
            22.24352
          ],
          [
            120.83002,
            22.2437
          ],
          [
            120.83016,
            22.24377
          ],
          [
            120.83033,
            22.24386
          ],
          [
            120.83038,
            22.24389
          ],
          [
            120.83048,
            22.24397
          ],
          [
            120.83058,
            22.24405
          ],
          [
            120.83103788404668,
            22.24468843291863
          ],
          [
            120.83105103026755,
            22.24470370799726
          ],
          [
            120.83106660041126,
            22.24471632701555
          ],
          [
            120.83108431519064,
            22.244726187009736
          ],
          [
            120.83110361862596,
            22.244732978523157
          ],
          [
            120.83112390487742,
            22.24473648840364
          ],
          [
            120.83114460456164,
            22.244736601287784
          ],
          [
            120.8319991184709,
            22.24467059636358
          ],
          [
            120.832024819598,
            22.244665838463046
          ],
          [
            120.83204878733984,
            22.24465581321978
          ],
          [
            120.83206973478183,
            22.24464103594306
          ],
          [
            120.83208659613314,
            22.244622258490118
          ],
          [
            120.83209851350031,
            22.244600436244273
          ],
          [
            120.83210489453982,
            22.244576581274924
          ],
          [
            120.83215,
            22.24426
          ],
          [
            120.83217,
            22.24412
          ],
          [
            120.83224416189405,
            22.243561258992543
          ],
          [
            120.8322485649861,
            22.243542197129262
          ],
          [
            120.83225650936714,
            22.24352425904635
          ],
          [
            120.83226775329601,
            22.24350792606199
          ],
          [
            120.83228193744874,
            22.243493720131926
          ],
          [
            120.83229860854013,
            22.243482095237297
          ],
          [
            120.83231697411216,
            22.24347351814208
          ],
          [
            120.8330508990185,
            22.243205358627538
          ],
          [
            120.83307808803208,
            22.24319874332624
          ],
          [
            120.83310590793911,
            22.243198363072544
          ],
          [
            120.83313303074057,
            22.243204144242103
          ],
          [
            120.83315790849143,
            22.243215756893605
          ],
          [
            120.83317912137554,
            22.24323253827301
          ],
          [
            120.83319562710756,
            22.2432538138088
          ],
          [
            120.83358469133277,
            22.243904875265745
          ],
          [
            120.8335953472776,
            22.243919763707403
          ],
          [
            120.83360822514831,
            22.243932600175583
          ],
          [
            120.83362315639859,
            22.243943331541065
          ],
          [
            120.83363974970409,
            22.24395167655181
          ],
          [
            120.83365757018068,
            22.24395741649834
          ],
          [
            120.83367607783352,
            22.24396039481227
          ],
          [
            120.83434685164114,
            22.244016545865307
          ],
          [
            120.8343732625614,
            22.24402170001807
          ],
          [
            120.83439775438532,
            22.244032417115097
          ],
          [
            120.83441893231733,
            22.244048112621346
          ],
          [
            120.83443565339216,
            22.244067939456116
          ],
          [
            120.8344470151796,
            22.24409082757242
          ],
          [
            120.83445241012484,
            22.244115605169778
          ],
          [
            120.83449874881917,
            22.244627249497608
          ],
          [
            120.83450387775747,
            22.244651261568276
          ],
          [
            120.83451461430111,
            22.244673536853227
          ],
          [
            120.83453042088213,
            22.244693011623458
          ],
          [
            120.83455049765017,
            22.24470870040961
          ],
          [
            120.83457382867341,
            22.244719809322063
          ],
          [
            120.83459912543498,
            22.24472576259498
          ],
          [
            120.83526623487877,
            22.244809578531545
          ],
          [
            120.8352767284182,
            22.244811708272945
          ],
          [
            120.83528678358559,
            22.24481538761343
          ],
          [
            120.83529608058066,
            22.244820514515094
          ],
          [
            120.83530438144594,
            22.24482695775437
          ],
          [
            120.8353114737199,
            22.244834552415917
          ],
          [
            120.83531726403895,
            22.244843264118135
          ],
          [
            120.83572773162405,
            22.24558541169745
          ],
          [
            120.83574635087672,
            22.245610111870814
          ],
          [
            120.83577126235348,
            22.245628918055413
          ],
          [
            120.83580073076912,
            22.245640681379122
          ],
          [
            120.83583252354043,
            22.245644510630182
          ],
          [
            120.83586423198663,
            22.24564011569724
          ],
          [
            120.83589376647095,
            22.245627645545166
          ],
          [
            120.83647,
            22.24529
          ],
          [
            120.83663,
            22.24517
          ],
          [
            120.83664,
            22.24517
          ],
          [
            120.83665,
            22.24515
          ],
          [
            120.83673,
            22.2451
          ],
          [
            120.83678,
            22.24505
          ],
          [
            120.83693,
            22.24492
          ],
          [
            120.83698,
            22.24487
          ],
          [
            120.83707,
            22.2448
          ],
          [
            120.83709,
            22.24479
          ],
          [
            120.83721,
            22.24472
          ],
          [
            120.83728,
            22.24468
          ],
          [
            120.83764668460636,
            22.244270607721077
          ],
          [
            120.83765700885142,
            22.244261601425872
          ],
          [
            120.83766924472944,
            22.24425535973257
          ],
          [
            120.83768275628329,
            22.244252131457046
          ],
          [
            120.8376967046541,
            22.24425211702536
          ],
          [
            120.83771022386348,
            22.244255317333497
          ],
          [
            120.83772262603036,
            22.24426163558486
          ],
          [
            120.83781,
            22.24432
          ],
          [
            120.83798,
            22.24441
          ],
          [
            120.83816,
            22.24446
          ],
          [
            120.83836,
            22.24449
          ],
          [
            120.8385,
            22.24449
          ],
          [
            120.83869,
            22.24448
          ],
          [
            120.8387,
            22.24448
          ],
          [
            120.83887,
            22.24444
          ],
          [
            120.83952972377742,
            22.244108545551054
          ],
          [
            120.83955414154539,
            22.244099524026943
          ],
          [
            120.83957984018525,
            22.24409619142123
          ],
          [
            120.83960565819508,
            22.244098592121478
          ],
          [
            120.83963014407799,
            22.244106591159532
          ],
          [
            120.83965192122969,
            22.244119738826875
          ],
          [
            120.8396699844532,
            22.24413757163934
          ],
          [
            120.8398,
            22.2443
          ],
          [
            120.83992,
            22.24439
          ],
          [
            120.83995,
            22.24441
          ],
          [
            120.84004,
            22.24444
          ],
          [
            120.8403,
            22.24451
          ],
          [
            120.84032,
            22.24452
          ],
          [
            120.84051,
            22.24455
          ],
          [
            120.84056,
            22.24456
          ],
          [
            120.8407,
            22.24458
          ],
          [
            120.84088366433164,
            22.24464149716241
          ],
          [
            120.84089689640996,
            22.24464485442637
          ],
          [
            120.84091035030954,
            22.244646152752328
          ],
          [
            120.84092385312971,
            22.244645417974766
          ],
          [
            120.84093705355016,
            22.24464266921135
          ],
          [
            120.84094960811858,
            22.24463797798018
          ],
          [
            120.8409614170783,
            22.244631313727698
          ],
          [
            120.84162,
            22.24419
          ],
          [
            120.84163,
            22.24419
          ],
          [
            120.84178,
            22.24404
          ],
          [
            120.84189,
            22.24393
          ],
          [
            120.84199,
            22.24384
          ],
          [
            120.84216,
            22.24368
          ],
          [
            120.84255641250697,
            22.24326015338045
          ],
          [
            120.8425715900114,
            22.2432466335416
          ],
          [
            120.84258876743606,
            22.243236052464844
          ],
          [
            120.84260767541221,
            22.24322845626913
          ],
          [
            120.84262772299131,
            22.24322408236541
          ],
          [
            120.84264828360776,
            22.24322306745536
          ],
          [
            120.8426688802772,
            22.243225476713537
          ],
          [
            120.84299,
            22.24329
          ],
          [
            120.84321,
            22.24331
          ],
          [
            120.84325,
            22.24332
          ],
          [
            120.8433,
            22.24332
          ],
          [
            120.84336,
            22.24332
          ],
          [
            120.84342,
            22.2433
          ],
          [
            120.8435,
            22.24327
          ],
          [
            120.84367,
            22.24323
          ],
          [
            120.84382,
            22.24321
          ],
          [
            120.84399,
            22.24319
          ],
          [
            120.84411,
            22.24318
          ],
          [
            120.84413,
            22.24317
          ],
          [
            120.84417,
            22.24316
          ],
          [
            120.84421,
            22.24313
          ],
          [
            120.84425,
            22.2431
          ],
          [
            120.84426,
            22.24309
          ],
          [
            120.84429,
            22.24306
          ],
          [
            120.8443,
            22.24305
          ],
          [
            120.84479413077237,
            22.242508426099533
          ],
          [
            120.84481565476425,
            22.242489956806477
          ],
          [
            120.84484106079357,
            22.24247720557293
          ],
          [
            120.84486905024355,
            22.242470667811872
          ],
          [
            120.84489790499468,
            22.24247074484078
          ],
          [
            120.84492585381129,
            22.242477431931263
          ],
          [
            120.8449514961297,
            22.242490530797838
          ],
          [
            120.84516,
            22.24263
          ],
          [
            120.84518,
            22.24265
          ],
          [
            120.84519,
            22.24266
          ],
          [
            120.84521,
            22.24269
          ],
          [
            120.84536,
            22.24288
          ],
          [
            120.8454,
            22.24292
          ],
          [
            120.84543,
            22.24294
          ],
          [
            120.84547,
            22.24296
          ],
          [
            120.84638150347736,
            22.2433704639843
          ],
          [
            120.8464024985425,
            22.24337715346783
          ],
          [
            120.84642436347873,
            22.243378858184048
          ],
          [
            120.8464460206768,
            22.243375577723324
          ],
          [
            120.84646618143042,
            22.24336750728868
          ],
          [
            120.84648364607882,
            22.24335512710937
          ],
          [
            120.84649752361643,
            22.24333894974178
          ],
          [
            120.84659,
            22.2432
          ],
          [
            120.84672,
            22.24301
          ],
          [
            120.84676,
            22.24295
          ],
          [
            120.84681,
            22.24291
          ],
          [
            120.84691,
            22.24285
          ],
          [
            120.84702,
            22.24278
          ],
          [
            120.84764617176594,
            22.242446968265092
          ],
          [
            120.84766576325589,
            22.242438610514267
          ],
          [
            120.84768632203229,
            22.242433809863837
          ],
          [
            120.84770747374314,
            22.24243256157837
          ],
          [
            120.84772851790979,
            22.24243490699718
          ],
          [
            120.847748757615,
            22.242440768447313
          ],
          [
            120.84776783628818,
            22.24245014184994
          ],
          [
            120.848,
            22.24259
          ],
          [
            120.84805,
            22.24262
          ],
          [
            120.84807,
            22.24264
          ],
          [
            120.84809,
            22.24265
          ],
          [
            120.84814,
            22.2427
          ],
          [
            120.84821,
            22.24278
          ],
          [
            120.84826,
            22.24284
          ],
          [
            120.84832,
            22.24288
          ],
          [
            120.84835,
            22.24291
          ],
          [
            120.84841,
            22.24296
          ],
          [
            120.84851,
            22.24304
          ],
          [
            120.84857,
            22.24309
          ],
          [
            120.8486,
            22.24312
          ],
          [
            120.84862,
            22.24313
          ],
          [
            120.84866,
            22.24315
          ],
          [
            120.84872,
            22.24316
          ],
          [
            120.84945511380414,
            22.24334485982554
          ],
          [
            120.8494695828433,
            22.243347307938183
          ],
          [
            120.84948413613287,
            22.24334742707998
          ],
          [
            120.84949850150517,
            22.243345250902447
          ],
          [
            120.84951226531406,
            22.243340842067905
          ],
          [
            120.84952503123519,
            22.243334327527283
          ],
          [
            120.84953665043876,
            22.243325702061906
          ],
          [
            120.8500018105026,
            22.242916696041792
          ],
          [
            120.85001891907923,
            22.242904149469226
          ],
          [
            120.85003785519487,
            22.242894933863017
          ],
          [
            120.85005827855845,
            22.242889097116024
          ],
          [
            120.85007950207176,
            22.242886835592508
          ],
          [
            120.85010081171734,
            22.24288822537636
          ],
          [
            120.8501217366031,
            22.24289330253156
          ],
          [
            120.8505,
            22.24302
          ],
          [
            120.85090268258605,
            22.243366989266004
          ],
          [
            120.85091369932515,
            22.243374635544225
          ],
          [
            120.85092603102963,
            22.24337979540906
          ],
          [
            120.85093926357614,
            22.24338236744847
          ],
          [
            120.8509527799786,
            22.243382231737495
          ],
          [
            120.85096595001575,
            22.243379394603856
          ],
          [
            120.85097832705019,
            22.243373891967973
          ],
          [
            120.85109,
            22.24331
          ],
          [
            120.85128,
            22.24324
          ],
          [
            120.85141,
            22.2432
          ],
          [
            120.85159,
            22.24315
          ],
          [
            120.85178,
            22.2431
          ],
          [
            120.85208,
            22.24303
          ],
          [
            120.85215,
            22.243
          ],
          [
            120.85226,
            22.24296
          ],
          [
            120.85229,
            22.24295
          ],
          [
            120.85233,
            22.24293
          ],
          [
            120.85247,
            22.24287
          ],
          [
            120.85269,
            22.24278
          ],
          [
            120.85273,
            22.24277
          ],
          [
            120.85283,
            22.24272
          ],
          [
            120.85288,
            22.24269
          ],
          [
            120.85351300432644,
            22.24226540576844
          ],
          [
            120.85352099116767,
            22.242260893704852
          ],
          [
            120.85352948259826,
            22.242257715510334
          ],
          [
            120.85353841154495,
            22.242255850358482
          ],
          [
            120.85354754598733,
            22.242255346715638
          ],
          [
            120.85355664856507,
            22.24225621766906
          ],
          [
            120.85356560240896,
            22.242258480735142
          ],
          [
            120.8540686788344,
            22.242426985095182
          ],
          [
            120.85408940282547,
            22.242432029998998
          ],
          [
            120.85411050602436,
            22.24243345674645
          ],
          [
            120.8541315378857,
            22.242431301006498
          ],
          [
            120.85415180422424,
            22.242425633932275
          ],
          [
            120.8541706361218,
            22.242416642573296
          ],
          [
            120.85418771134802,
            22.242404364860413
          ],
          [
            120.85446,
            22.24217
          ],
          [
            120.85447,
            22.24215
          ],
          [
            120.85449,
            22.24212
          ],
          [
            120.8545,
            22.2421
          ],
          [
            120.85454,
            22.24199
          ],
          [
            120.85456,
            22.24195
          ],
          [
            120.85458,
            22.2419
          ],
          [
            120.85468,
            22.24146
          ],
          [
            120.8548124424439,
            22.240564221912877
          ],
          [
            120.8548253202358,
            22.24052740027652
          ],
          [
            120.85485116231673,
            22.240497203266447
          ],
          [
            120.85488671172307,
            22.24047735241004
          ],
          [
            120.85492746746411,
            22.240470361069104
          ],
          [
            120.85496826936335,
            22.240477114433123
          ],
          [
            120.85500425755758,
            22.24049700498971
          ],
          [
            120.85569840755126,
            22.241054604987628
          ],
          [
            120.85572691943821,
            22.24107164016627
          ],
          [
            120.8557590820592,
            22.241080258446384
          ],
          [
            120.8557925460565,
            22.241079995660446
          ],
          [
            120.8558245483403,
            22.24107087350644
          ],
          [
            120.85585244651298,
            22.241053645191784
          ],
          [
            120.855874128703,
            22.24102944314819
          ],
          [
            120.85602,
            22.24081
          ],
          [
            120.85603,
            22.24079
          ],
          [
            120.85605,
            22.24076
          ],
          [
            120.85605,
            22.24074
          ],
          [
            120.85626950417831,
            22.24007743924832
          ],
          [
            120.85627674799846,
            22.240062198393705
          ],
          [
            120.85628755795389,
            22.240049091281232
          ],
          [
            120.85630137129672,
            22.240038721138493
          ],
          [
            120.85631741336086,
            22.240031669533522
          ],
          [
            120.85633478449114,
            22.240028331927416
          ],
          [
            120.85635258904226,
            22.240028906815095
          ],
          [
            120.8565,
            22.24005
          ],
          [
            120.85718540152871,
            22.240308535473233
          ],
          [
            120.85719604636829,
            22.240311128724503
          ],
          [
            120.8572069465413,
            22.240311066802494
          ],
          [
            120.8572174618389,
            22.240308389980804
          ],
          [
            120.85722688270162,
            22.240303278888096
          ],
          [
            120.85723457342108,
            22.240296078414694
          ],
          [
            120.85724005470723,
            22.240287184822517
          ],
          [
            120.85751806434405,
            22.239658166748402
          ],
          [
            120.85752214743648,
            22.23964561898151
          ],
          [
            120.8575236554957,
            22.239632408874044
          ],
          [
            120.85752246387038,
            22.239619170701825
          ],
          [
            120.85751861532461,
            22.239606379546046
          ],
          [
            120.857512247972,
            22.239594494445722
          ],
          [
            120.85750376928203,
            22.23958412242244
          ],
          [
            120.85739,
            22.23947
          ],
          [
            120.85735,
            22.23945
          ],
          [
            120.85733,
            22.23942
          ],
          [
            120.8573,
            22.2394
          ],
          [
            120.8573,
            22.23939
          ],
          [
            120.85726,
            22.23934
          ],
          [
            120.85681380953683,
            22.23876320467844
          ],
          [
            120.85680515284658,
            22.238748726284527
          ],
          [
            120.85680014093644,
            22.238732568935664
          ],
          [
            120.856799188393,
            22.23871577317512
          ],
          [
            120.85680234480104,
            22.238699213307587
          ],
          [
            120.85680944585346,
            22.238683751358316
          ],
          [
            120.8568199338375,
            22.238670381980665
          ],
          [
            120.85695372988236,
            22.238536155367164
          ],
          [
            120.85695822138209,
            22.238532348312848
          ],
          [
            120.85696325109052,
            22.238529384934708
          ],
          [
            120.85696875187793,
            22.23852727039765
          ],
          [
            120.85697456042594,
            22.238526067482297
          ],
          [
            120.85698050427871,
            22.238525811903205
          ],
          [
            120.85698645608316,
            22.238526521172098
          ],
          [
            120.85820386564832,
            22.23877131979121
          ],
          [
            120.85824680528997,
            22.23877246820963
          ],
          [
            120.85828712394607,
            22.238759107314067
          ],
          [
            120.85831954415882,
            22.238733074336363
          ],
          [
            120.85833968910221,
            22.23869788380662
          ],
          [
            120.85834483914842,
            22.238658286551956
          ],
          [
            120.85833442964419,
            22.238619891946286
          ],
          [
            120.85811713633146,
            22.238183969495104
          ],
          [
            120.8581134931549,
            22.238174197312937
          ],
          [
            120.85811193501605,
            22.23816381073187
          ],
          [
            120.85811258641219,
            22.238153340684228
          ],
          [
            120.85811542217954,
            22.23814319163347
          ],
          [
            120.85812033277092,
            22.238133755642778
          ],
          [
            120.85812699244968,
            22.238125534655488
          ],
          [
            120.85876572017906,
            22.23748346730428
          ],
          [
            120.85878687359302,
            22.237453101679986
          ],
          [
            120.8587961672461,
            22.23741756114585
          ],
          [
            120.85879226905173,
            22.237381160934433
          ],
          [
            120.85877562165355,
            22.237348034324054
          ],
          [
            120.85874811537931,
            22.23732194287255
          ],
          [
            120.8587130869441,
            22.237305908011205
          ],
          [
            120.85769340931732,
            22.237026654597187
          ],
          [
            120.85765838014538,
            22.237010618094583
          ],
          [
            120.8576308741199,
            22.23698452445767
          ],
          [
            120.85761422818723,
            22.236951395621823
          ],
          [
            120.85761033265948,
            22.236914993697603
          ],
          [
            120.85761962991276,
            22.236879452487507
          ],
          [
            120.8576407873319,
            22.236849087600067
          ],
          [
            120.85783614608492,
            22.236653490176177
          ],
          [
            120.85784567812598,
            22.236645573896123
          ],
          [
            120.85785649140244,
            22.236639651717166
          ],
          [
            120.85786833005567,
            22.2366357929664
          ],
          [
            120.85788074614332,
            22.23663414364843
          ],
          [
            120.85789326987452,
            22.236634766168937
          ],
          [
            120.85790556362642,
            22.236637682855083
          ],
          [
            120.85833,
            22.23678
          ],
          [
            120.85836,
            22.23678
          ],
          [
            120.8584,
            22.23678
          ],
          [
            120.85844,
            22.23678
          ],
          [
            120.85848,
            22.23678
          ],
          [
            120.85867780126713,
            22.236700563321104
          ],
          [
            120.8586920905134,
            22.236696027474693
          ],
          [
            120.85870674488916,
            22.23669373812945
          ],
          [
            120.85872160344141,
            22.236693666594242
          ],
          [
            120.85873628240377,
            22.236695814716693
          ],
          [
            120.85875040264824,
            22.236700127015123
          ],
          [
            120.85876384731462,
            22.236706636817495
          ],
          [
            120.85991229046999,
            22.2373751863266
          ],
          [
            120.8599255716685,
            22.237381201954623
          ],
          [
            120.85993972178211,
            22.237384370781758
          ],
          [
            120.85995427136201,
            22.237384653174654
          ],
          [
            120.85996855071498,
            22.237382036135244
          ],
          [
            120.85998190258596,
            22.237376640121532
          ],
          [
            120.85999388864875,
            22.237368565539953
          ],
          [
            120.86037619482481,
            22.237048444742886
          ],
          [
            120.86038907655532,
            22.237035657805492
          ],
          [
            120.86039977954458,
            22.237020772471446
          ],
          [
            120.86040770977365,
            22.237004448677755
          ],
          [
            120.86041265116097,
            22.236987131212413
          ],
          [
            120.86041446906445,
            22.23696929193882
          ],
          [
            120.86041313271824,
            22.236951530316304
          ],
          [
            120.86027443123375,
            22.236115009340594
          ],
          [
            120.86027413243504,
            22.236084039311187
          ],
          [
            120.86028327779543,
            22.236054146312654
          ],
          [
            120.86030113619404,
            22.23602789473209
          ],
          [
            120.8603262433786,
            22.236007436998477
          ],
          [
            120.86035654075191,
            22.23599445048962
          ],
          [
            120.86038954416018,
            22.23599
          ],
          [
            120.86090120446926,
            22.23599
          ],
          [
            120.86090471601331,
            22.235990263448706
          ],
          [
            120.8609081371581,
            22.235991047012746
          ],
          [
            120.86091137983158,
            22.235992330520475
          ],
          [
            120.86091436055615,
            22.235994080929984
          ],
          [
            120.86091700259766,
            22.235996253179692
          ],
          [
            120.86091927905608,
            22.235998846725572
          ],
          [
            120.86140187849456,
            22.236645891497396
          ],
          [
            120.86142465692465,
            22.236668471342128
          ],
          [
            120.86145325475802,
            22.23668361500247
          ],
          [
            120.86148536110018,
            22.236690268284278
          ],
          [
            120.8615181483547,
            22.236687845234915
          ],
          [
            120.86154872895744,
            22.23667655925165
          ],
          [
            120.86157467316646,
            22.236657138297232
          ],
          [
            120.86195,
            22.23628
          ],
          [
            120.86203,
            22.23622
          ],
          [
            120.86211,
            22.23618
          ],
          [
            120.86232,
            22.23609
          ],
          [
            120.86243,
            22.23604
          ],
          [
            120.86249,
            22.23602
          ],
          [
            120.86261,
            22.23596
          ],
          [
            120.86271,
            22.23585
          ],
          [
            120.86275,
            22.2358
          ],
          [
            120.86279,
            22.23576
          ],
          [
            120.86289,
            22.23563
          ],
          [
            120.86296,
            22.23552
          ],
          [
            120.86298,
            22.23551
          ],
          [
            120.86308,
            22.23537
          ],
          [
            120.86309,
            22.23536
          ],
          [
            120.8632,
            22.23521
          ],
          [
            120.86321,
            22.23519
          ],
          [
            120.86328,
            22.23505
          ],
          [
            120.86332,
            22.23494
          ],
          [
            120.8634246213379,
            22.234203219394818
          ],
          [
            120.86342739263605,
            22.234193991403277
          ],
          [
            120.86343281096603,
            22.234185883668307
          ],
          [
            120.8634404474002,
            22.234179513954984
          ],
          [
            120.86344969133778,
            22.234175391578436
          ],
          [
            120.86345980364396,
            22.23417384615926
          ],
          [
            120.86347003770724,
            22.234175016880325
          ],
          [
            120.86353,
            22.23419
          ],
          [
            120.86364,
            22.23426
          ],
          [
            120.86368,
            22.23429
          ],
          [
            120.86373,
            22.23433
          ],
          [
            120.86378,
            22.23436
          ],
          [
            120.86386,
            22.2344
          ],
          [
            120.86389,
            22.23443
          ],
          [
            120.86393,
            22.23444
          ],
          [
            120.86470278281843,
            22.23479332438216
          ],
          [
            120.86470878719125,
            22.234795102601616
          ],
          [
            120.86471502958285,
            22.23479514044205
          ],
          [
            120.86472100566542,
            22.234793458512748
          ],
          [
            120.86472618259474,
            22.234790206779227
          ],
          [
            120.86473009878128,
            22.23478567517513
          ],
          [
            120.8647324123536,
            22.23478023838708
          ],
          [
            120.86474,
            22.23475
          ],
          [
            120.86476,
            22.23468
          ],
          [
            120.86477,
            22.23466
          ],
          [
            120.86479,
            22.23459
          ],
          [
            120.86482,
            22.23449
          ],
          [
            120.86482,
            22.23446
          ],
          [
            120.86489,
            22.23424
          ],
          [
            120.86494,
            22.23412
          ],
          [
            120.86499,
            22.23402
          ],
          [
            120.86501,
            22.23395
          ],
          [
            120.86506127696592,
            22.23333158423044
          ],
          [
            120.86506510729019,
            22.233311090886833
          ],
          [
            120.86507303276291,
            22.233291707167595
          ],
          [
            120.86508476879429,
            22.233274082620184
          ],
          [
            120.86509988685552,
            22.233258860786368
          ],
          [
            120.86511783492651,
            22.233246597475354
          ],
          [
            120.86513771159564,
            22.23323782329344
          ],
          [
            120.8654,
            22.23315
          ],
          [
            120.86545,
            22.23315
          ],
          [
            120.86552,
            22.23316
          ],
          [
            120.8656,
            22.23317
          ],
          [
            120.86571,
            22.23318
          ],
          [
            120.86576,
            22.23319
          ],
          [
            120.86581,
            22.23319
          ],
          [
            120.86608757461778,
            22.23325970548003
          ],
          [
            120.86610853506444,
            22.23326313714134
          ],
          [
            120.86612960986703,
            22.23326297504207
          ],
          [
            120.86615030820933,
            22.233259274829265
          ],
          [
            120.8661699521824,
            22.233252157691723
          ],
          [
            120.86618789840983,
            22.233241856728846
          ],
          [
            120.866203835937,
            22.233228429775313
          ],
          [
            120.86678127995535,
            22.2326477241914
          ],
          [
            120.86679344255445,
            22.232633062404084
          ],
          [
            120.86680291137282,
            22.23261633527691
          ],
          [
            120.8668091221437,
            22.23259833005146
          ],
          [
            120.86681188635032,
            22.232579593244143
          ],
          [
            120.86681112009012,
            22.232560693577213
          ],
          [
            120.8668069143355,
            22.23254240974547
          ],
          [
            120.86666692230148,
            22.23212131655929
          ],
          [
            120.86666203158521,
            22.232082757356764
          ],
          [
            120.86667210421729,
            22.23204486451917
          ],
          [
            120.8666959052931,
            22.232012743452923
          ],
          [
            120.8667303568235,
            22.231990548100278
          ],
          [
            120.86677100348719,
            22.231981148796006
          ],
          [
            120.86681280975341,
            22.231985824889172
          ],
          [
            120.86774508458221,
            22.23225342340724
          ],
          [
            120.86776546528851,
            22.232257501659422
          ],
          [
            120.86778606858735,
            22.232258139689232
          ],
          [
            120.8678064697613,
            22.232255381212017
          ],
          [
            120.86782602952744,
            22.232249312666305
          ],
          [
            120.86784413496879,
            22.232240124213593
          ],
          [
            120.86786051357679,
            22.232227839372012
          ],
          [
            120.86825,
            22.23188
          ],
          [
            120.86831,
            22.2318
          ],
          [
            120.86836,
            22.23174
          ],
          [
            120.86841,
            22.23165
          ],
          [
            120.86843,
            22.23161
          ],
          [
            120.86846,
            22.23152
          ],
          [
            120.86849,
            22.23144
          ],
          [
            120.86852,
            22.23139
          ],
          [
            120.86857,
            22.23125
          ],
          [
            120.8686,
            22.2311
          ],
          [
            120.86861,
            22.23105
          ],
          [
            120.86863,
            22.23092
          ],
          [
            120.86866,
            22.23073
          ],
          [
            120.86868,
            22.23062
          ],
          [
            120.86869,
            22.23056
          ],
          [
            120.8687,
            22.23046
          ],
          [
            120.86871,
            22.23035
          ],
          [
            120.8687,
            22.23027
          ],
          [
            120.86869,
            22.23021
          ],
          [
            120.86869,
            22.2302
          ],
          [
            120.86864,
            22.23005
          ],
          [
            120.86864,
            22.23003
          ],
          [
            120.8686,
            22.22988
          ],
          [
            120.8686,
            22.22986
          ],
          [
            120.86859,
            22.2298
          ],
          [
            120.86861,
            22.22969
          ],
          [
            120.86862,
            22.22957
          ],
          [
            120.86863,
            22.22946
          ],
          [
            120.86864,
            22.22935
          ],
          [
            120.86862,
            22.22922
          ],
          [
            120.86861,
            22.22911
          ],
          [
            120.8686,
            22.22904
          ],
          [
            120.86859,
            22.22896
          ],
          [
            120.86858,
            22.22891
          ],
          [
            120.86858,
            22.22885
          ],
          [
            120.86858,
            22.22878
          ],
          [
            120.86857,
            22.22874
          ],
          [
            120.86856,
            22.22864
          ],
          [
            120.86852,
            22.22856
          ],
          [
            120.8685,
            22.22851
          ],
          [
            120.86846,
            22.22846
          ],
          [
            120.86842,
            22.22842
          ],
          [
            120.86836,
            22.22837
          ],
          [
            120.86826,
            22.22829
          ],
          [
            120.86821,
            22.22824
          ],
          [
            120.86818,
            22.22821
          ],
          [
            120.86817,
            22.2282
          ],
          [
            120.86814,
            22.22815
          ],
          [
            120.86812,
            22.22811
          ],
          [
            120.8681,
            22.22805
          ],
          [
            120.86808,
            22.2279
          ],
          [
            120.86807,
            22.22786
          ],
          [
            120.86805,
            22.22756
          ],
          [
            120.86804,
            22.2275
          ],
          [
            120.86802,
            22.22739
          ],
          [
            120.86801,
            22.22732
          ],
          [
            120.86801,
            22.22729
          ],
          [
            120.86797,
            22.22715
          ],
          [
            120.86795,
            22.22709
          ],
          [
            120.86789,
            22.22698
          ],
          [
            120.86787,
            22.22694
          ],
          [
            120.86785,
            22.2269
          ],
          [
            120.86783,
            22.22687
          ],
          [
            120.86764040986388,
            22.22629757963737
          ],
          [
            120.8676374511415,
            22.226290806533314
          ],
          [
            120.86763330153565,
            22.22628469551439
          ],
          [
            120.86762806462892,
            22.22627935931242
          ],
          [
            120.86762190338376,
            22.226274963979712
          ],
          [
            120.86761500952628,
            22.226271646290552
          ],
          [
            120.86760765985585,
            22.226269521999626
          ],
          [
            120.86751,
            22.22625
          ],
          [
            120.86746,
            22.22624
          ],
          [
            120.86741,
            22.22623
          ],
          [
            120.8673,
            22.2262
          ],
          [
            120.86725,
            22.22619
          ],
          [
            120.86721,
            22.22618
          ],
          [
            120.86717,
            22.22619
          ],
          [
            120.86628317700719,
            22.22641312885718
          ],
          [
            120.86626,
            22.22639
          ],
          [
            120.86592532346036,
            22.225918936642866
          ],
          [
            120.86591329194852,
            22.22590463932411
          ],
          [
            120.86589916899625,
            22.225892627187072
          ],
          [
            120.8658831280884,
            22.22588293110279
          ],
          [
            120.86586560156806,
            22.2258758124053
          ],
          [
            120.86584706181938,
            22.225871462961525
          ],
          [
            120.86582800853576,
            22.225870000000004
          ],
          [
            120.86553,
            22.22587
          ],
          [
            120.8655,
            22.22587
          ],
          [
            120.86473516744182,
            22.225939928287943
          ],
          [
            120.86472337482564,
            22.225939988123354
          ],
          [
            120.86471181581686,
            22.225938023966673
          ],
          [
            120.86470084328155,
            22.22593410711178
          ],
          [
            120.86469083329108,
            22.225928371804482
          ],
          [
            120.86468212892656,
            22.225921014615995
          ],
          [
            120.86467492329051,
            22.22591212939158
          ],
          [
            120.8646,
            22.2258
          ],
          [
            120.86412037802376,
            22.22514259079409
          ],
          [
            120.86411215991473,
            22.225133050815515
          ],
          [
            120.86410257445719,
            22.22512504951904
          ],
          [
            120.86409172819053,
            22.225118597139737
          ],
          [
            120.86407990613257,
            22.22511386323299
          ],
          [
            120.86406741894288,
            22.22511097219623
          ],
          [
            120.86405459475948,
            22.22511
          ],
          [
            120.86372852085954,
            22.22511
          ],
          [
            120.86372048174961,
            22.225110602539818
          ],
          [
            120.86371264916482,
            22.225112394679968
          ],
          [
            120.86370522432469,
            22.22511533038029
          ],
          [
            120.86369839797372,
            22.225119334222484
          ],
          [
            120.86369234548127,
            22.225124303347645
          ],
          [
            120.8636871279105,
            22.225130237027077
          ],
          [
            120.863466928009,
            22.225424840229223
          ],
          [
            120.86344299818583,
            22.225448569882673
          ],
          [
            120.86341295277323,
            22.225464486587406
          ],
          [
            120.86337921963406,
            22.22547148228863
          ],
          [
            120.86334476958,
            22.225468940888604
          ],
          [
            120.86331263656002,
            22.22545708620346
          ],
          [
            120.86328537356398,
            22.22543668278695
          ],
          [
            120.86297,
            22.22512
          ],
          [
            120.86293,
            22.22509
          ],
          [
            120.8629,
            22.22508
          ],
          [
            120.86287,
            22.22507
          ],
          [
            120.86278,
            22.22504
          ],
          [
            120.86267,
            22.22502
          ],
          [
            120.86254,
            22.22498
          ],
          [
            120.86253,
            22.22498
          ],
          [
            120.86248,
            22.22495
          ],
          [
            120.86243,
            22.22492
          ],
          [
            120.8620388006948,
            22.22452654679537
          ],
          [
            120.86202719774548,
            22.224516772932827
          ],
          [
            120.86201413311464,
            22.22450927454689
          ],
          [
            120.86199983296633,
            22.22450409354782
          ],
          [
            120.86198476545455,
            22.22450139954964
          ],
          [
            120.86196942385504,
            22.22450128074766
          ],
          [
            120.86195416526938,
            22.22450377766642
          ],
          [
            120.86177,
            22.22455
          ],
          [
            120.86172,
            22.22456
          ],
          [
            120.86164,
            22.22458
          ],
          [
            120.86109415532432,
            22.22477948632845
          ],
          [
            120.86107594848292,
            22.224784634240187
          ],
          [
            120.86105736419762,
            22.224786936490823
          ],
          [
            120.8610386244576,
            22.22478642871397
          ],
          [
            120.86102021498638,
            22.22478312407091
          ],
          [
            120.8610026129471,
            22.22477710821614
          ],
          [
            120.8609859598035,
            22.224768338602274
          ],
          [
            120.86067,
            22.22457
          ],
          [
            120.86051,
            22.22448
          ],
          [
            120.86037,
            22.22439
          ],
          [
            120.86024,
            22.22432
          ],
          [
            120.86019,
            22.22428
          ],
          [
            120.86006,
            22.22419
          ],
          [
            120.86003,
            22.22416
          ],
          [
            120.85972729208514,
            22.22355079549059
          ],
          [
            120.85972181538753,
            22.223542023010154
          ],
          [
            120.85971475240115,
            22.22353448446302
          ],
          [
            120.85970629248015,
            22.223528321343956
          ],
          [
            120.85969673858652,
            22.22352375436315
          ],
          [
            120.859686432859,
            22.223520947070764
          ],
          [
            120.85967574436059,
            22.22352
          ],
          [
            120.85955,
            22.22352
          ],
          [
            120.8593,
            22.22351
          ],
          [
            120.8592,
            22.2235
          ],
          [
            120.85913,
            22.22348
          ],
          [
            120.85905,
            22.22345
          ],
          [
            120.85895,
            22.22341
          ],
          [
            120.85885,
            22.22337
          ],
          [
            120.85878,
            22.22336
          ],
          [
            120.85872,
            22.22336
          ],
          [
            120.85867,
            22.22336
          ],
          [
            120.85859,
            22.22337
          ],
          [
            120.85842,
            22.22341
          ],
          [
            120.85736760901086,
            22.223708463810826
          ],
          [
            120.85733787801988,
            22.223713154570266
          ],
          [
            120.85730807508337,
            22.223710618078016
          ],
          [
            120.85727994981644,
            22.223701084179492
          ],
          [
            120.8572553598431,
            22.22368518257178
          ],
          [
            120.8572359292875,
            22.223663963527887
          ],
          [
            120.8572228649266,
            22.223638612710342
          ],
          [
            120.85709908900343,
            22.223291421910627
          ],
          [
            120.85708583382055,
            22.223265810214933
          ],
          [
            120.85706608088569,
            22.22324443771696
          ],
          [
            120.85704108765687,
            22.22322853182786
          ],
          [
            120.85701254203917,
            22.22321916674382
          ],
          [
            120.85698237184648,
            22.223216974931052
          ],
          [
            120.8569523857473,
            22.22322217377559
          ],
          [
            120.85623,
            22.22344
          ],
          [
            120.85606,
            22.22348
          ],
          [
            120.85584,
            22.22351
          ],
          [
            120.85569,
            22.22354
          ],
          [
            120.85549,
            22.22357
          ],
          [
            120.85535,
            22.22357
          ],
          [
            120.85527,
            22.22356
          ],
          [
            120.85518,
            22.22354
          ],
          [
            120.85499,
            22.22349
          ],
          [
            120.8548,
            22.22344
          ],
          [
            120.85449,
            22.22333
          ],
          [
            120.85381,
            22.22307
          ],
          [
            120.85374,
            22.22305
          ],
          [
            120.8537,
            22.22305
          ],
          [
            120.85366,
            22.22305
          ],
          [
            120.85312715342266,
            22.223210606551728
          ],
          [
            120.85310079747742,
            22.223215572290794
          ],
          [
            120.85307416044364,
            22.223214802844126
          ],
          [
            120.85304840862679,
            22.22320840780282
          ],
          [
            120.85302489079659,
            22.22319672211171
          ],
          [
            120.8530048387161,
            22.223180357817178
          ],
          [
            120.85298913419489,
            22.223159888952882
          ],
          [
            120.85257808538367,
            22.2224719525736
          ],
          [
            120.85255401630798,
            22.222443713453544
          ],
          [
            120.85252167098642,
            22.22242451070447
          ],
          [
            120.85248438889577,
            22.222416143701842
          ],
          [
            120.85244621311209,
            22.222419519809687
          ],
          [
            120.85241128362843,
            22.2224342729042
          ],
          [
            120.85238315093805,
            22.222459096092788
          ],
          [
            120.85217,
            22.22272
          ],
          [
            120.85191587211632,
            22.223230770844058
          ],
          [
            120.8519015533303,
            22.223252580642797
          ],
          [
            120.85188240403188,
            22.223270482949328
          ],
          [
            120.85185933219748,
            22.223283770509607
          ],
          [
            120.85183358919322,
            22.223291722635256
          ],
          [
            120.85180657126364,
            22.223293908020274
          ],
          [
            120.85177954439044,
            22.223290157812734
          ],
          [
            120.8515,
            22.22322
          ],
          [
            120.85146,
            22.22321
          ],
          [
            120.85143,
            22.2232
          ],
          [
            120.8514,
            22.22318
          ],
          [
            120.85135,
            22.22314
          ],
          [
            120.8513,
            22.22309
          ],
          [
            120.85119,
            22.22297
          ],
          [
            120.85101,
            22.22276
          ],
          [
            120.85079,
            22.22253
          ],
          [
            120.8506,
            22.22229
          ],
          [
            120.85016631283284,
            22.22176662680166
          ],
          [
            120.85015589177577,
            22.221751414841094
          ],
          [
            120.85014828870408,
            22.221734427698056
          ],
          [
            120.85014396965144,
            22.221716466886207
          ],
          [
            120.85014306619179,
            22.221698079556624
          ],
          [
            120.85014560584779,
            22.22167982585368
          ],
          [
            120.8501514049292,
            22.22166250296615
          ],
          [
            120.85025,
            22.22144
          ],
          [
            120.85028,
            22.22138
          ],
          [
            120.85031,
            22.22129
          ],
          [
            120.85031,
            22.22128
          ],
          [
            120.85031,
            22.2212
          ],
          [
            120.85028,
            22.22101
          ],
          [
            120.85025,
            22.22077
          ],
          [
            120.85023,
            22.22067
          ],
          [
            120.85022,
            22.22059
          ],
          [
            120.85019,
            22.22046
          ],
          [
            120.85017,
            22.22024
          ],
          [
            120.85017,
            22.22015
          ],
          [
            120.85015,
            22.22006
          ],
          [
            120.85015,
            22.22003
          ],
          [
            120.849942670618,
            22.2194883767385
          ],
          [
            120.8499376444157,
            22.219470363099582
          ],
          [
            120.84993599388478,
            22.219451572954647
          ],
          [
            120.84993785532902,
            22.21943279994854
          ],
          [
            120.84994317260617,
            22.219414610285657
          ],
          [
            120.8499517853442,
            22.21939755257645
          ],
          [
            120.84996317424098,
            22.219382429074805
          ],
          [
            120.85021,
            22.21911
          ],
          [
            120.85031,
            22.21899
          ],
          [
            120.85039,
            22.21892
          ],
          [
            120.85047,
            22.21887
          ],
          [
            120.85058,
            22.21879
          ],
          [
            120.85064,
            22.21874
          ],
          [
            120.8507,
            22.21865
          ],
          [
            120.85073,
            22.21858
          ],
          [
            120.85076,
            22.21848
          ],
          [
            120.85081,
            22.21826
          ],
          [
            120.85082,
            22.21815
          ]
        ]
      }
    },
    {
      "type": "Feature",
      "properties": {
        "feature_type": "route",
        "ref": "幸福獅子8路",
        "name": "幸福獅子8路",
        "name_en": "幸福獅子8路",
        "color": "#dc2626",
        "direction": 1
      },
      "geometry": {
        "type": "LineString",
        "coordinates": [
          [
            120.85082,
            22.21815
          ],
          [
            120.85081,
            22.21826
          ],
          [
            120.85076,
            22.21848
          ],
          [
            120.85073,
            22.21858
          ],
          [
            120.8507,
            22.21865
          ],
          [
            120.85064,
            22.21874
          ],
          [
            120.85058,
            22.21879
          ],
          [
            120.85047,
            22.21887
          ],
          [
            120.84990736920147,
            22.21922348854591
          ],
          [
            120.84988841846817,
            22.2192384789575
          ],
          [
            120.84987311470533,
            22.219257180258065
          ],
          [
            120.84986249115765,
            22.21927851577956
          ],
          [
            120.849857046598,
            22.219301483824594
          ],
          [
            120.84985703664711,
            22.219325006049193
          ],
          [
            120.84986238306541,
            22.21934775959195
          ],
          [
            120.84999,
            22.2197
          ],
          [
            120.85006,
            22.21981
          ],
          [
            120.8501,
            22.2199
          ],
          [
            120.85015,
            22.22003
          ],
          [
            120.85015,
            22.22006
          ],
          [
            120.85017,
            22.22015
          ],
          [
            120.85017,
            22.22024
          ],
          [
            120.85019,
            22.22046
          ],
          [
            120.85022,
            22.22059
          ],
          [
            120.85023,
            22.22067
          ],
          [
            120.85025,
            22.22077
          ],
          [
            120.85028,
            22.22101
          ],
          [
            120.85031,
            22.2212
          ],
          [
            120.85031,
            22.22128
          ],
          [
            120.85031,
            22.22129
          ],
          [
            120.85017070831933,
            22.22170987869726
          ],
          [
            120.85016668942633,
            22.221726812781018
          ],
          [
            120.85016561993808,
            22.221744342039106
          ],
          [
            120.85016759557233,
            22.221761802758987
          ],
          [
            120.85017256465025,
            22.221778738201344
          ],
          [
            120.85018039719017,
            22.221794705367127
          ],
          [
            120.85019064080716,
            22.22180899535738
          ],
          [
            120.85055,
            22.22223
          ],
          [
            120.8506,
            22.22229
          ],
          [
            120.85079,
            22.22253
          ],
          [
            120.85143753212066,
            22.223209931111278
          ],
          [
            120.85144990527428,
            22.22322080668757
          ],
          [
            120.8514639271852,
            22.223229237878527
          ],
          [
            120.85147935062693,
            22.223235172428392
          ],
          [
            120.85149566945147,
            22.223238415584234
          ],
          [
            120.85151234812723,
            22.22323886091606
          ],
          [
            120.85152898679917,
            22.223236459543894
          ],
          [
            120.85173,
            22.22319
          ],
          [
            120.85175,
            22.22318
          ],
          [
            120.85189,
            22.22312
          ],
          [
            120.85193,
            22.2231
          ],
          [
            120.85197,
            22.22307
          ],
          [
            120.85245601766141,
            22.222499720442357
          ],
          [
            120.852466329445,
            22.222490403535215
          ],
          [
            120.85247873808933,
            22.222484011641434
          ],
          [
            120.85249250337519,
            22.222480850023317
          ],
          [
            120.852506676944,
            22.222481136500374
          ],
          [
            120.85252028230849,
            22.222484851335775
          ],
          [
            120.8525325264186,
            22.22249184772851
          ],
          [
            120.85261,
            22.22255
          ],
          [
            120.85308194949016,
            22.223143539846937
          ],
          [
            120.85309054454687,
            22.22315258503412
          ],
          [
            120.8531005453288,
            22.223159916153037
          ],
          [
            120.85311177942981,
            22.223165482512368
          ],
          [
            120.85312389255336,
            22.22316910856251
          ],
          [
            120.85313650268064,
            22.223170679946556
          ],
          [
            120.85314927836619,
            22.223170138763397
          ],
          [
            120.85331,
            22.22315
          ],
          [
            120.85348,
            22.22311
          ],
          [
            120.85356,
            22.22308
          ],
          [
            120.85366,
            22.22305
          ],
          [
            120.8537,
            22.22305
          ],
          [
            120.85374,
            22.22305
          ],
          [
            120.85381,
            22.22307
          ],
          [
            120.85449,
            22.22333
          ],
          [
            120.8548,
            22.22344
          ],
          [
            120.85499,
            22.22349
          ],
          [
            120.85518,
            22.22354
          ],
          [
            120.85527,
            22.22356
          ],
          [
            120.85535,
            22.22357
          ],
          [
            120.85549,
            22.22357
          ],
          [
            120.85569,
            22.22354
          ],
          [
            120.85584,
            22.22351
          ],
          [
            120.85606,
            22.22348
          ],
          [
            120.85623,
            22.22344
          ],
          [
            120.85695238572507,
            22.22322217380134
          ],
          [
            120.85698237183152,
            22.223216974944364
          ],
          [
            120.85701254203225,
            22.223219166722547
          ],
          [
            120.8570410876668,
            22.22322853177627
          ],
          [
            120.85706608091952,
            22.223244437641156
          ],
          [
            120.85708583388318,
            22.2232658101223
          ],
          [
            120.85709908901681,
            22.223291421834574
          ],
          [
            120.85722286496363,
            22.223638612909358
          ],
          [
            120.85723592928302,
            22.223663963740556
          ],
          [
            120.85725535987208,
            22.223685182764154
          ],
          [
            120.85727994987299,
            22.22370108434326
          ],
          [
            120.85730807515921,
            22.223710618206407
          ],
          [
            120.85733787810481,
            22.223713154658626
          ],
          [
            120.85736760910183,
            22.223708463879284
          ],
          [
            120.85842,
            22.22341
          ],
          [
            120.85859,
            22.22337
          ],
          [
            120.85867,
            22.22336
          ],
          [
            120.85872,
            22.22336
          ],
          [
            120.85878,
            22.22336
          ],
          [
            120.85885,
            22.22337
          ],
          [
            120.85895,
            22.22341
          ],
          [
            120.85905,
            22.22345
          ],
          [
            120.85913,
            22.22348
          ],
          [
            120.85982904291932,
            22.223680918118717
          ],
          [
            120.85984110799077,
            22.223685502509905
          ],
          [
            120.85985227573182,
            22.223692026183162
          ],
          [
            120.85986206585123,
            22.22370025117356
          ],
          [
            120.85987018364702,
            22.223709929892653
          ],
          [
            120.85987638475757,
            22.223720770991886
          ],
          [
            120.85988050918849,
            22.223732555155124
          ],
          [
            120.85992,
            22.22389
          ],
          [
            120.85995,
            22.224
          ],
          [
            120.85995,
            22.22401
          ],
          [
            120.85998,
            22.22407
          ],
          [
            120.86001,
            22.22412
          ],
          [
            120.86003,
            22.22416
          ],
          [
            120.86006,
            22.22419
          ],
          [
            120.86019,
            22.22428
          ],
          [
            120.86024,
            22.22432
          ],
          [
            120.86037,
            22.22439
          ],
          [
            120.86051,
            22.22448
          ],
          [
            120.86105365221665,
            22.224787164042798
          ],
          [
            120.86107157641975,
            22.224795489071628
          ],
          [
            120.8610904096019,
            22.22480075893206
          ],
          [
            120.86110992541808,
            22.224802999602467
          ],
          [
            120.86112956741381,
            22.224802147194612
          ],
          [
            120.8611487755368,
            22.2247982260132
          ],
          [
            120.86116729704963,
            22.224791208019248
          ],
          [
            120.8619441329717,
            22.224423979149687
          ],
          [
            120.86197150024861,
            22.224414748388824
          ],
          [
            120.86200013711345,
            22.224412123856123
          ],
          [
            120.86202859002807,
            22.22441612571782
          ],
          [
            120.86205512164118,
            22.224426509617953
          ],
          [
            120.86207811191726,
            22.22444264150962
          ],
          [
            120.86209634889278,
            22.22446382667317
          ],
          [
            120.86228,
            22.22474
          ],
          [
            120.86233,
            22.22481
          ],
          [
            120.86235,
            22.22485
          ],
          [
            120.86237,
            22.22487
          ],
          [
            120.86239,
            22.22488
          ],
          [
            120.86243,
            22.22492
          ],
          [
            120.86248,
            22.22495
          ],
          [
            120.86253,
            22.22498
          ],
          [
            120.86254,
            22.22498
          ],
          [
            120.86267,
            22.22502
          ],
          [
            120.86278,
            22.22504
          ],
          [
            120.86287,
            22.22507
          ],
          [
            120.8629,
            22.22508
          ],
          [
            120.86351967210055,
            22.225287889136446
          ],
          [
            120.86352710305782,
            22.225289653459576
          ],
          [
            120.8635346730162,
            22.225290033009134
          ],
          [
            120.8635421788965,
            22.225289041242732
          ],
          [
            120.86354933755501,
            22.225286715572683
          ],
          [
            120.86355587894631,
            22.225283143730042
          ],
          [
            120.86356164932134,
            22.22527836690074
          ],
          [
            120.8638110150791,
            22.22502821045375
          ],
          [
            120.8638376039093,
            22.225008181098882
          ],
          [
            120.8638688894913,
            22.224996302677052
          ],
          [
            120.86390251589627,
            22.224993295260077
          ],
          [
            120.86393565336589,
            22.224999411930707
          ],
          [
            120.86396551328724,
            22.2250141379536
          ],
          [
            120.8639898196233,
            22.22503652716534
          ],
          [
            120.86485017279506,
            22.226097321815054
          ],
          [
            120.86486015127767,
            22.22610673765306
          ],
          [
            120.86487230162713,
            22.226113262021265
          ],
          [
            120.86488586863659,
            22.22611656434724
          ],
          [
            120.8648998895129,
            22.22611641027891
          ],
          [
            120.8649133692539,
            22.22611281074985
          ],
          [
            120.86492549189839,
            22.226105914882734
          ],
          [
            120.865,
            22.22605
          ],
          [
            120.86544323108849,
            22.22571596656566
          ],
          [
            120.86546478893348,
            22.225702987778902
          ],
          [
            120.86548848391134,
            22.22569481628767
          ],
          [
            120.86551351173372,
            22.225691601202772
          ],
          [
            120.86553869435193,
            22.22569349385685
          ],
          [
            120.86556284643116,
            22.2257004051635
          ],
          [
            120.86558514617562,
            22.225712222017922
          ],
          [
            120.86594,
            22.22595
          ],
          [
            120.8665535342019,
            22.226413185137876
          ],
          [
            120.86658,
            22.2264
          ],
          [
            120.8667,
            22.22635
          ],
          [
            120.86672,
            22.22634
          ],
          [
            120.8674134211946,
            22.226049603161066
          ],
          [
            120.86743866639016,
            22.226042036642646
          ],
          [
            120.86746478648742,
            22.226039982133894
          ],
          [
            120.8674907377678,
            22.226043426032923
          ],
          [
            120.86751520527356,
            22.226052193836534
          ],
          [
            120.86753694923033,
            22.22606584127799
          ],
          [
            120.86755510120464,
            22.226083970234942
          ],
          [
            120.86772,
            22.22629
          ],
          [
            120.86775,
            22.22634
          ],
          [
            120.86777,
            22.2264
          ],
          [
            120.86778,
            22.22644
          ],
          [
            120.86779,
            22.22651
          ],
          [
            120.86778,
            22.22661
          ],
          [
            120.86778,
            22.22667
          ],
          [
            120.86779,
            22.22672
          ],
          [
            120.8678,
            22.22676
          ],
          [
            120.86782,
            22.22681
          ],
          [
            120.86782,
            22.22684
          ],
          [
            120.86783,
            22.22687
          ],
          [
            120.86785,
            22.2269
          ],
          [
            120.86787,
            22.22694
          ],
          [
            120.86789,
            22.22698
          ],
          [
            120.86795,
            22.22709
          ],
          [
            120.86797,
            22.22715
          ],
          [
            120.86801,
            22.22729
          ],
          [
            120.86801,
            22.22732
          ],
          [
            120.86802,
            22.22739
          ],
          [
            120.86804,
            22.2275
          ],
          [
            120.86805,
            22.22756
          ],
          [
            120.86807,
            22.22786
          ],
          [
            120.86808,
            22.2279
          ],
          [
            120.8681,
            22.22805
          ],
          [
            120.86812,
            22.22811
          ],
          [
            120.86814,
            22.22815
          ],
          [
            120.86817,
            22.2282
          ],
          [
            120.86818,
            22.22821
          ],
          [
            120.86821,
            22.22824
          ],
          [
            120.86826,
            22.22829
          ],
          [
            120.86836,
            22.22837
          ],
          [
            120.86842,
            22.22842
          ],
          [
            120.86846,
            22.22846
          ],
          [
            120.8685,
            22.22851
          ],
          [
            120.86852,
            22.22856
          ],
          [
            120.86856,
            22.22864
          ],
          [
            120.86857,
            22.22874
          ],
          [
            120.86858,
            22.22878
          ],
          [
            120.86858,
            22.22885
          ],
          [
            120.86858,
            22.22891
          ],
          [
            120.86859,
            22.22896
          ],
          [
            120.8686,
            22.22904
          ],
          [
            120.86861,
            22.22911
          ],
          [
            120.86862,
            22.22922
          ],
          [
            120.86864,
            22.22935
          ],
          [
            120.86863,
            22.22946
          ],
          [
            120.86862,
            22.22957
          ],
          [
            120.86861,
            22.22969
          ],
          [
            120.86859,
            22.2298
          ],
          [
            120.8686,
            22.22986
          ],
          [
            120.8686,
            22.22988
          ],
          [
            120.86864,
            22.23003
          ],
          [
            120.86864,
            22.23005
          ],
          [
            120.86869,
            22.2302
          ],
          [
            120.86869,
            22.23021
          ],
          [
            120.8687,
            22.23027
          ],
          [
            120.86871,
            22.23035
          ],
          [
            120.8687,
            22.23046
          ],
          [
            120.86869,
            22.23056
          ],
          [
            120.86868,
            22.23062
          ],
          [
            120.86866,
            22.23073
          ],
          [
            120.86863,
            22.23092
          ],
          [
            120.86861,
            22.23105
          ],
          [
            120.8686,
            22.2311
          ],
          [
            120.86857,
            22.23125
          ],
          [
            120.86852,
            22.23139
          ],
          [
            120.86849,
            22.23144
          ],
          [
            120.86830689581255,
            22.231930833231562
          ],
          [
            120.86829919807877,
            22.23194714520374
          ],
          [
            120.86828889647573,
            22.23196187695652
          ],
          [
            120.86827617845834,
            22.231974864931413
          ],
          [
            120.86826137775753,
            22.23198576831361
          ],
          [
            120.86824488275548,
            22.23199430098969
          ],
          [
            120.86822732557005,
            22.232000188787246
          ],
          [
            120.86779,
            22.23211
          ],
          [
            120.8677,
            22.23214
          ],
          [
            120.86767999999999,
            22.23215
          ],
          [
            120.86756,
            22.23217
          ],
          [
            120.86672904079515,
            22.232110309850736
          ],
          [
            120.8667216606163,
            22.232110723922894
          ],
          [
            120.86671469173231,
            22.23211298546956
          ],
          [
            120.86670864188613,
            22.232116923954862
          ],
          [
            120.86670396447442,
            22.23212224421496
          ],
          [
            120.86670101003872,
            22.232128547530987
          ],
          [
            120.8667,
            22.232135361510426
          ],
          [
            120.8667,
            22.23218
          ],
          [
            120.8667,
            22.23219
          ],
          [
            120.8667,
            22.23222
          ],
          [
            120.86685709898971,
            22.232693754783387
          ],
          [
            120.8668620923376,
            22.232720654096266
          ],
          [
            120.86685968142717,
            22.232748074005027
          ],
          [
            120.86684995347946,
            22.232774048395353
          ],
          [
            120.86683353328938,
            22.232796909015413
          ],
          [
            120.86681147547309,
            22.232815187600888
          ],
          [
            120.86678544280738,
            22.232827627298974
          ],
          [
            120.86642,
            22.23295
          ],
          [
            120.86633,
            22.23301
          ],
          [
            120.86626,
            22.23305
          ],
          [
            120.86625,
            22.23306
          ],
          [
            120.86619,
            22.23309
          ],
          [
            120.86609,
            22.23313
          ],
          [
            120.86604,
            22.23315
          ],
          [
            120.86598,
            22.23317
          ],
          [
            120.86592,
            22.23319
          ],
          [
            120.86532558144984,
            22.23319
          ],
          [
            120.86532185941813,
            22.233190294466834
          ],
          [
            120.8653182438579,
            22.233191169443895
          ],
          [
            120.86531483819493,
            22.233192599901816
          ],
          [
            120.86531173985075,
            22.23319454492128
          ],
          [
            120.86530903745577,
            22.233196948863572
          ],
          [
            120.86530677183809,
            22.233199798027083
          ],
          [
            120.86528,
            22.23324
          ],
          [
            120.86525,
            22.23328
          ],
          [
            120.86522,
            22.23332
          ],
          [
            120.86521,
            22.23332
          ],
          [
            120.86512,
            22.23343
          ],
          [
            120.86509,
            22.23346
          ],
          [
            120.86508,
            22.23347
          ],
          [
            120.86505,
            22.23351
          ],
          [
            120.86503,
            22.23353
          ],
          [
            120.86503,
            22.23354
          ],
          [
            120.86502,
            22.23357
          ],
          [
            120.86501,
            22.2336
          ],
          [
            120.86501,
            22.23363
          ],
          [
            120.86501,
            22.23368
          ],
          [
            120.86502,
            22.23373
          ],
          [
            120.86502,
            22.23383
          ],
          [
            120.86501,
            22.23395
          ],
          [
            120.86499,
            22.23402
          ],
          [
            120.86494,
            22.23412
          ],
          [
            120.86463679210036,
            22.23485179150036
          ],
          [
            120.8646320452699,
            22.234859963965974
          ],
          [
            120.86462527244818,
            22.23486666923823
          ],
          [
            120.86461688906375,
            22.234871542605543
          ],
          [
            120.86460744957766,
            22.23487426175271
          ],
          [
            120.86459757829947,
            22.234874646840538
          ],
          [
            120.86458784699916,
            22.23487264514059
          ],
          [
            120.86452,
            22.23485
          ],
          [
            120.8645,
            22.23484
          ],
          [
            120.86446,
            22.23482
          ],
          [
            120.86443,
            22.23479
          ],
          [
            120.86437,
            22.23473
          ],
          [
            120.86435,
            22.23471
          ],
          [
            120.86425,
            22.23461
          ],
          [
            120.86423,
            22.2346
          ],
          [
            120.8642,
            22.23458
          ],
          [
            120.86349716805033,
            22.234138117948707
          ],
          [
            120.86348700999218,
            22.234133222996345
          ],
          [
            120.86347605169472,
            22.23413073029166
          ],
          [
            120.86346477190692,
            22.234130696487167
          ],
          [
            120.86345379664212,
            22.23413312345896
          ],
          [
            120.86344373501309,
            22.234137876513305
          ],
          [
            120.86343503156829,
            22.234144806773337
          ],
          [
            120.86326789178447,
            22.2343126599589
          ],
          [
            120.86326051956604,
            22.23432154619096
          ],
          [
            120.8632547804798,
            22.234331684461164
          ],
          [
            120.8632510165574,
            22.234342597514505
          ],
          [
            120.8632493420956,
            22.234353953960937
          ],
          [
            120.86324980794171,
            22.234365408946168
          ],
          [
            120.86325235891782,
            22.234376490314162
          ],
          [
            120.8633,
            22.23452
          ],
          [
            120.86331,
            22.23459
          ],
          [
            120.86334,
            22.23475
          ],
          [
            120.86333,
            22.23487
          ],
          [
            120.86332,
            22.23494
          ],
          [
            120.86328,
            22.23505
          ],
          [
            120.86321,
            22.23519
          ],
          [
            120.8632,
            22.23521
          ],
          [
            120.86309,
            22.23536
          ],
          [
            120.86308,
            22.23537
          ],
          [
            120.86298,
            22.23551
          ],
          [
            120.86296,
            22.23552
          ],
          [
            120.86289,
            22.23563
          ],
          [
            120.86279,
            22.23576
          ],
          [
            120.86275,
            22.2358
          ],
          [
            120.86271,
            22.23585
          ],
          [
            120.86261,
            22.23596
          ],
          [
            120.86249,
            22.23602
          ],
          [
            120.86243,
            22.23604
          ],
          [
            120.86232,
            22.23609
          ],
          [
            120.86211,
            22.23618
          ],
          [
            120.86135172801261,
            22.236561528480255
          ],
          [
            120.86136,
            22.23657
          ],
          [
            120.86133,
            22.23655
          ],
          [
            120.86092216689217,
            22.236002837111435
          ],
          [
            120.86091567885492,
            22.23599576691262
          ],
          [
            120.86090790098825,
            22.235990173403593
          ],
          [
            120.86089906700073,
            22.235986168067136
          ],
          [
            120.86088954472179,
            22.235983917677395
          ],
          [
            120.86087973063994,
            22.23598351593607
          ],
          [
            120.86086995117834,
            22.2359850002581
          ],
          [
            120.86033150527884,
            22.236120282252163
          ],
          [
            120.8603131752684,
            22.23612747297949
          ],
          [
            120.86029742530025,
            22.23613899167555
          ],
          [
            120.86028550659957,
            22.236153984741925
          ],
          [
            120.86027826887562,
            22.23617138329131
          ],
          [
            120.86027622812104,
            22.236189946944464
          ],
          [
            120.86027948624475,
            22.236208220194946
          ],
          [
            120.86032,
            22.23633
          ],
          [
            120.86033,
            22.23639
          ],
          [
            120.86033,
            22.23645
          ],
          [
            120.86041313270066,
            22.23695153024641
          ],
          [
            120.86041446912814,
            22.23696929190262
          ],
          [
            120.86041265122263,
            22.236987131220914
          ],
          [
            120.86040770981775,
            22.23700444872814
          ],
          [
            120.86039977955674,
            22.237020772557393
          ],
          [
            120.86038907652309,
            22.237035657917488
          ],
          [
            120.86037619470757,
            22.23704844483717
          ],
          [
            120.85999388856914,
            22.237368565615267
          ],
          [
            120.85998190247184,
            22.237376640219075
          ],
          [
            120.8599685505556,
            22.237382036235662
          ],
          [
            120.85995427115715,
            22.237384653265984
          ],
          [
            120.85993972153496,
            22.2373843708522
          ],
          [
            120.85992557138553,
            22.237381201993383
          ],
          [
            120.8599122901554,
            22.237375186330986
          ],
          [
            120.85876384759055,
            22.236706636865094
          ],
          [
            120.85875040289666,
            22.236700127034663
          ],
          [
            120.85873628262276,
            22.23669581470957
          ],
          [
            120.85872160362636,
            22.236693666567593
          ],
          [
            120.85870674503718,
            22.236693738091027
          ],
          [
            120.85869209062336,
            22.23669602743256
          ],
          [
            120.85867780134168,
            22.23670056328777
          ],
          [
            120.85848,
            22.23678
          ],
          [
            120.8577400377835,
            22.23678
          ],
          [
            120.85773226343152,
            22.236780954076863
          ],
          [
            120.85772501888876,
            22.23678375128869
          ],
          [
            120.85771879785887,
            22.23678820101012
          ],
          [
            120.85771402429472,
            22.236793999999993
          ],
          [
            120.85771102350685,
            22.236800753066735
          ],
          [
            120.85771000000001,
            22.236807999999996
          ],
          [
            120.85771,
            22.23690940406833
          ],
          [
            120.85771068744077,
            22.23691614438571
          ],
          [
            120.85771272513239,
            22.23692264320036
          ],
          [
            120.85771604006518,
            22.236928667662493
          ],
          [
            120.85772051346655,
            22.23693400191818
          ],
          [
            120.85772598505639,
            22.23693845484329
          ],
          [
            120.85773216531175,
            22.23694182642889
          ],
          [
            120.85881110496757,
            22.237406653552362
          ],
          [
            120.85884564149895,
            22.23742959251575
          ],
          [
            120.85886919936469,
            22.237462805933152
          ],
          [
            120.8588783257684,
            22.237501702990546
          ],
          [
            120.85887179298165,
            22.23754105106567
          ],
          [
            120.85885047982686,
            22.237575556863156
          ],
          [
            120.85881755502312,
            22.237600426157346
          ],
          [
            120.8580901321742,
            22.237965577550284
          ],
          [
            120.85806766837297,
            22.237980916006066
          ],
          [
            120.85805022033631,
            22.238001506720387
          ],
          [
            120.85803933573844,
            22.238025705040844
          ],
          [
            120.85803581208796,
            22.238051737969553
          ],
          [
            120.85803990756088,
            22.238077698087878
          ],
          [
            120.85805115102934,
            22.23810142418155
          ],
          [
            120.85825882674,
            22.23841348669879
          ],
          [
            120.85827315749628,
            22.238446378708453
          ],
          [
            120.85827529815529,
            22.238482160317798
          ],
          [
            120.85826482392447,
            22.23851664188727
          ],
          [
            120.85824287627987,
            22.238546065633805
          ],
          [
            120.85821184706415,
            22.23856722497317
          ],
          [
            120.85817522573437,
            22.23857780033872
          ],
          [
            120.8576,
            22.23865
          ],
          [
            120.85696580220146,
            22.238522419668186
          ],
          [
            120.8569487818047,
            22.238521087319366
          ],
          [
            120.85693205939906,
            22.23852386322109
          ],
          [
            120.8569166595048,
            22.238530542912468
          ],
          [
            120.85690361167369,
            22.238540679826283
          ],
          [
            120.85689378821156,
            22.23855359626455
          ],
          [
            120.85688782309896,
            22.23856852070465
          ],
          [
            120.8568327699023,
            22.238789503266133
          ],
          [
            120.85683111897886,
            22.238799995414276
          ],
          [
            120.8568313058147,
            22.238810699641206
          ],
          [
            120.85683334998956,
            22.238821234345405
          ],
          [
            120.85683719752925,
            22.238831321369318
          ],
          [
            120.85684274684354,
            22.238840694375885
          ],
          [
            120.8568496831721,
            22.238848936363418
          ],
          [
            120.8574980787413,
            22.239500763233973
          ],
          [
            120.85751039173003,
            22.23951565200329
          ],
          [
            120.8575199009534,
            22.239532656188363
          ],
          [
            120.85752603084258,
            22.239550960908247
          ],
          [
            120.85752858778811,
            22.239569988017642
          ],
          [
            120.85752749103017,
            22.23958913655495
          ],
          [
            120.8575228512773,
            22.239607587061357
          ],
          [
            120.8572333433329,
            22.2404220486469
          ],
          [
            120.85721916370872,
            22.240448455067174
          ],
          [
            120.8571975821564,
            22.24046978562956
          ],
          [
            120.85717034234398,
            22.240484447521087
          ],
          [
            120.85713973481134,
            22.24049120785339
          ],
          [
            120.85710833328308,
            22.240489498164013
          ],
          [
            120.85707849737167,
            22.240479320504278
          ],
          [
            120.85635453269491,
            22.2401155095093
          ],
          [
            120.85633526214427,
            22.2401087847913
          ],
          [
            120.8563149659197,
            22.240107267619166
          ],
          [
            120.85629499716809,
            22.240110976875343
          ],
          [
            120.85627687526826,
            22.240119630330614
          ],
          [
            120.85626197907601,
            22.24013256956245
          ],
          [
            120.8562513682163,
            22.240148970939334
          ],
          [
            120.8562,
            22.24026
          ],
          [
            120.85618,
            22.2403
          ],
          [
            120.85614,
            22.24038
          ],
          [
            120.85595920519398,
            22.24092468569114
          ],
          [
            120.85594828418031,
            22.240947511779865
          ],
          [
            120.85593193596382,
            22.240967066387487
          ],
          [
            120.85591104506264,
            22.240982409131522
          ],
          [
            120.85588682392925,
            22.24099264955982
          ],
          [
            120.85586067829394,
            22.240997193345116
          ],
          [
            120.85583399207032,
            22.240995754334698
          ],
          [
            120.85562,
            22.24096
          ],
          [
            120.85556,
            22.24095
          ],
          [
            120.85554,
            22.24094
          ],
          [
            120.85552,
            22.24093
          ],
          [
            120.8549518925168,
            22.240549154343114
          ],
          [
            120.85492887231078,
            22.24053840517871
          ],
          [
            120.85490363635587,
            22.24053508747599
          ],
          [
            120.85487857388695,
            22.240539398972725
          ],
          [
            120.85485627089274,
            22.240550894801245
          ],
          [
            120.85483902863463,
            22.240568388802156
          ],
          [
            120.8548285910961,
            22.240590200087464
          ],
          [
            120.8548,
            22.24069
          ],
          [
            120.85476,
            22.24089
          ],
          [
            120.85476,
            22.24092
          ],
          [
            120.85468,
            22.24146
          ],
          [
            120.85448881825033,
            22.24230371050638
          ],
          [
            120.85448044160037,
            22.242327203594236
          ],
          [
            120.85446667405499,
            22.242348195598744
          ],
          [
            120.8544481888451,
            22.242365758674538
          ],
          [
            120.85442593549973,
            22.242378990659837
          ],
          [
            120.85440105710552,
            22.24238721186781
          ],
          [
            120.85437483158945,
            22.24239
          ],
          [
            120.85395,
            22.24239
          ],
          [
            120.85392,
            22.24239
          ],
          [
            120.85345234491025,
            22.24219431379317
          ],
          [
            120.85342770078503,
            22.242186864247756
          ],
          [
            120.85340220647132,
            22.242184671816876
          ],
          [
            120.85337681425466,
            22.24218772480863
          ],
          [
            120.85335275126559,
            22.24219587568098
          ],
          [
            120.85333118039712,
            22.242208730526418
          ],
          [
            120.8533128967174,
            22.24222595939167
          ],
          [
            120.85313,
            22.24244
          ],
          [
            120.85312,
            22.24246
          ],
          [
            120.85303,
            22.24256
          ],
          [
            120.85294,
            22.24265
          ],
          [
            120.85288,
            22.24269
          ],
          [
            120.85283,
            22.24272
          ],
          [
            120.85273,
            22.24277
          ],
          [
            120.85269,
            22.24278
          ],
          [
            120.85247,
            22.24287
          ],
          [
            120.85233,
            22.24293
          ],
          [
            120.85229,
            22.24295
          ],
          [
            120.85226,
            22.24296
          ],
          [
            120.85215,
            22.243
          ],
          [
            120.85208,
            22.24303
          ],
          [
            120.85178,
            22.2431
          ],
          [
            120.85159,
            22.24315
          ],
          [
            120.85084206164815,
            22.243358792131456
          ],
          [
            120.8508264536906,
            22.24336148615436
          ],
          [
            120.85081072989273,
            22.243360960488808
          ],
          [
            120.85079550015014,
            22.243357277651672
          ],
          [
            120.85078148526992,
            22.243350611947594
          ],
          [
            120.850769348561,
            22.24334127885707
          ],
          [
            120.85075954520225,
            22.24332953987378
          ],
          [
            120.85045761567184,
            22.242874582610924
          ],
          [
            120.85043969460328,
            22.24285365946503
          ],
          [
            120.8504171405593,
            22.24283763263003
          ],
          [
            120.85039109941056,
            22.24282716228955
          ],
          [
            120.850363115368,
            22.24282286932307
          ],
          [
            120.85033484785399,
            22.242825008298688
          ],
          [
            120.85030768477695,
            22.24283358177027
          ],
          [
            120.84989,
            22.24302
          ],
          [
            120.84952962573948,
            22.243291627477383
          ],
          [
            120.84951905274032,
            22.24329832029476
          ],
          [
            120.84950763304435,
            22.243303124583605
          ],
          [
            120.84949550320366,
            22.24330604880343
          ],
          [
            120.84948301655064,
            22.243307007774092
          ],
          [
            120.84947053681131,
            22.243305973561565
          ],
          [
            120.84945827255025,
            22.243302924208784
          ],
          [
            120.8493,
            22.24325
          ],
          [
            120.8492,
            22.24323
          ],
          [
            120.84909,
            22.2432
          ],
          [
            120.84903,
            22.2432
          ],
          [
            120.8489,
            22.24319
          ],
          [
            120.8488,
            22.24318
          ],
          [
            120.84872,
            22.24316
          ],
          [
            120.84866,
            22.24315
          ],
          [
            120.84862,
            22.24313
          ],
          [
            120.8486,
            22.24312
          ],
          [
            120.84857,
            22.24309
          ],
          [
            120.84851,
            22.24304
          ],
          [
            120.84841,
            22.24296
          ],
          [
            120.84835,
            22.24291
          ],
          [
            120.84799428118097,
            22.242552255697177
          ],
          [
            120.84798020729389,
            22.24254015698571
          ],
          [
            120.84796455522645,
            22.242530553388193
          ],
          [
            120.84794745341244,
            22.242523413922886
          ],
          [
            120.8479293445837,
            22.242518923416284
          ],
          [
            120.84791069754155,
            22.24251719811862
          ],
          [
            120.84789188056007,
            22.242518298079496
          ],
          [
            120.84758,
            22.24256
          ],
          [
            120.84746,
            22.24258
          ],
          [
            120.84736,
            22.24262
          ],
          [
            120.84719,
            22.24269
          ],
          [
            120.84702,
            22.24278
          ],
          [
            120.84691,
            22.24285
          ],
          [
            120.84681,
            22.24291
          ],
          [
            120.84628956896151,
            22.243328693990556
          ],
          [
            120.84627175127102,
            22.243339926505538
          ],
          [
            120.84625186204552,
            22.243346775142715
          ],
          [
            120.84623079867676,
            22.243349039279778
          ],
          [
            120.84620975914432,
            22.243346590143883
          ],
          [
            120.84618994007212,
            22.243339567029697
          ],
          [
            120.84617223617998,
            22.243328177971925
          ],
          [
            120.84604,
            22.24322
          ],
          [
            120.846,
            22.2432
          ],
          [
            120.84596,
            22.24318
          ],
          [
            120.84547,
            22.24296
          ],
          [
            120.84484696797375,
            22.242646510026912
          ],
          [
            120.84483892545242,
            22.242643214320168
          ],
          [
            120.84483055795393,
            22.24264123977872
          ],
          [
            120.84482195632411,
            22.242640571289197
          ],
          [
            120.8448133535587,
            22.242641226959236
          ],
          [
            120.84480498268417,
            22.242643189028446
          ],
          [
            120.84479693480561,
            22.242646472603752
          ],
          [
            120.84469,
            22.2427
          ],
          [
            120.84463,
            22.24274
          ],
          [
            120.84459,
            22.24276
          ],
          [
            120.8445,
            22.24283
          ],
          [
            120.84441,
            22.24293
          ],
          [
            120.8443,
            22.24305
          ],
          [
            120.84429,
            22.24306
          ],
          [
            120.84426,
            22.24309
          ],
          [
            120.84425,
            22.2431
          ],
          [
            120.84421,
            22.24313
          ],
          [
            120.84417,
            22.24316
          ],
          [
            120.84413,
            22.24317
          ],
          [
            120.84411,
            22.24318
          ],
          [
            120.84399,
            22.24319
          ],
          [
            120.84382,
            22.24321
          ],
          [
            120.84367,
            22.24323
          ],
          [
            120.8435,
            22.24327
          ],
          [
            120.84342,
            22.2433
          ],
          [
            120.84336,
            22.24332
          ],
          [
            120.8433,
            22.24332
          ],
          [
            120.84325,
            22.24332
          ],
          [
            120.84321,
            22.24331
          ],
          [
            120.84299,
            22.24329
          ],
          [
            120.84266888042976,
            22.243225476747646
          ],
          [
            120.84264828379528,
            22.243223067489232
          ],
          [
            120.84262772321343,
            22.243224082381044
          ],
          [
            120.8426076756635,
            22.2432284562554
          ],
          [
            120.84258876770801,
            22.24323605241202
          ],
          [
            120.84257159029283,
            22.24324663344198
          ],
          [
            120.84255641280222,
            22.24326015324365
          ],
          [
            120.84216,
            22.24368
          ],
          [
            120.84199,
            22.24384
          ],
          [
            120.84189,
            22.24393
          ],
          [
            120.84178,
            22.24404
          ],
          [
            120.84163,
            22.24419
          ],
          [
            120.84162,
            22.24419
          ],
          [
            120.84096141673166,
            22.244631313794084
          ],
          [
            120.840949607802,
            22.244637978009532
          ],
          [
            120.84093705326755,
            22.244642669207057
          ],
          [
            120.84092385288719,
            22.244645417945716
          ],
          [
            120.8409103501111,
            22.24464615270827
          ],
          [
            120.84089689625723,
            22.244644854377515
          ],
          [
            120.84088366422273,
            22.244641497122384
          ],
          [
            120.8407,
            22.24458
          ],
          [
            120.84056,
            22.24456
          ],
          [
            120.84051,
            22.24455
          ],
          [
            120.84032,
            22.24452
          ],
          [
            120.8403,
            22.24451
          ],
          [
            120.84004,
            22.24444
          ],
          [
            120.83995,
            22.24441
          ],
          [
            120.83948121538984,
            22.244095751933138
          ],
          [
            120.83945814450854,
            22.24408362682622
          ],
          [
            120.8394331140756,
            22.24407673640862
          ],
          [
            120.83940706599748,
            22.24407521447365
          ],
          [
            120.83938130837427,
            22.24407913745088
          ],
          [
            120.8393571347198,
            22.24408830833356
          ],
          [
            120.83933545482628,
            22.244102517911912
          ],
          [
            120.83901,
            22.24437
          ],
          [
            120.83887,
            22.24444
          ],
          [
            120.8387,
            22.24448
          ],
          [
            120.83869,
            22.24448
          ],
          [
            120.8385,
            22.24449
          ],
          [
            120.83836,
            22.24449
          ],
          [
            120.83759624394231,
            22.244374878956073
          ],
          [
            120.83758152217186,
            22.24437391738673
          ],
          [
            120.83756694655487,
            22.24437545332494
          ],
          [
            120.83755290982688,
            22.244379422635465
          ],
          [
            120.83753987554454,
            22.244385694233596
          ],
          [
            120.83752827415928,
            22.24439406100259
          ],
          [
            120.83751832721458,
            22.244404449975477
          ],
          [
            120.83741,
            22.24454
          ],
          [
            120.83737,
            22.24458
          ],
          [
            120.83728,
            22.24468
          ],
          [
            120.83721,
            22.24472
          ],
          [
            120.83709,
            22.24479
          ],
          [
            120.83707,
            22.2448
          ],
          [
            120.83698,
            22.24487
          ],
          [
            120.83693,
            22.24492
          ],
          [
            120.8362923747621,
            22.245475425247914
          ],
          [
            120.83628123205764,
            22.24548343500649
          ],
          [
            120.83626885995076,
            22.24548917743104
          ],
          [
            120.83625553528519,
            22.245492599256696
          ],
          [
            120.83624175371081,
            22.245493573198658
          ],
          [
            120.83622802787355,
            22.245492063028305
          ],
          [
            120.83621469975968,
            22.245488056908588
          ],
          [
            120.83607,
            22.24543
          ],
          [
            120.83601,
            22.24541
          ],
          [
            120.83596,
            22.24539
          ],
          [
            120.83585,
            22.24535
          ],
          [
            120.83576,
            22.24533
          ],
          [
            120.83557,
            22.2453
          ],
          [
            120.83530355908366,
            22.244818374050165
          ],
          [
            120.83529996637638,
            22.244813100693044
          ],
          [
            120.83529546992658,
            22.244808598934025
          ],
          [
            120.83529017174023,
            22.24480493243332
          ],
          [
            120.83528424773196,
            22.244802222929003
          ],
          [
            120.83527789459538,
            22.24480056038419
          ],
          [
            120.83527132327241,
            22.2448
          ],
          [
            120.8346526370383,
            22.2448
          ],
          [
            120.83462594849429,
            22.244797111274327
          ],
          [
            120.83460068031344,
            22.24478859883515
          ],
          [
            120.8345781772672,
            22.244774915714107
          ],
          [
            120.8345596369667,
            22.244756790126303
          ],
          [
            120.83454604612592,
            22.24473518671472
          ],
          [
            120.83453810132055,
            22.244711120976632
          ],
          [
            120.83442953828576,
            22.24416623887445
          ],
          [
            120.83442341493489,
            22.24414624654678
          ],
          [
            120.83441339333015,
            22.24412782423099
          ],
          [
            120.83439980967928,
            22.24411150467373
          ],
          [
            120.8343831557443,
            22.24409787868364
          ],
          [
            120.83436403443919,
            22.24408743955551
          ],
          [
            120.8343433248431,
            22.244080608714828
          ],
          [
            120.83378,
            22.24395
          ],
          [
            120.83365,
            22.24391
          ],
          [
            120.83358,
            22.24387
          ],
          [
            120.83354,
            22.24383
          ],
          [
            120.83319562732683,
            22.24325381399581
          ],
          [
            120.83317912158175,
            22.243232538426202
          ],
          [
            120.83315790871609,
            22.243215756982373
          ],
          [
            120.83313303096347,
            22.243204144270358
          ],
          [
            120.83310590814322,
            22.243198363049103
          ],
          [
            120.83307808820491,
            22.243198743263616
          ],
          [
            120.83305089916298,
            22.24320535856267
          ],
          [
            120.83231697418866,
            22.243473518111188
          ],
          [
            120.83229860859497,
            22.243482095173494
          ],
          [
            120.83228193748852,
            22.24349372005697
          ],
          [
            120.83226775331947,
            22.243507925979127
          ],
          [
            120.83225650937376,
            22.243524258958853
          ],
          [
            120.83224856497611,
            22.243542197040316
          ],
          [
            120.83224416192735,
            22.243561258912383
          ],
          [
            120.83211231293755,
            22.244555253291708
          ],
          [
            120.83210643592967,
            22.24457843411601
          ],
          [
            120.83209532953785,
            22.244599783841906
          ],
          [
            120.83207951217594,
            22.24461837447593
          ],
          [
            120.83205973946662,
            22.24463331791136
          ],
          [
            120.83203695598638,
            22.244643900274486
          ],
          [
            120.83201235778748,
            22.244649602468293
          ],
          [
            120.83108653271695,
            22.24476583864354
          ],
          [
            120.83106113835859,
            22.24476644560446
          ],
          [
            120.83103631073409,
            22.24476193623386
          ],
          [
            120.83101311315795,
            22.24475253682621
          ],
          [
            120.83099263985166,
            22.244738690748264
          ],
          [
            120.83097585653387,
            22.244721051114652
          ],
          [
            120.8309634414746,
            22.24470019867308
          ],
          [
            120.83085,
            22.24445
          ],
          [
            120.83076,
            22.2443
          ],
          [
            120.83058,
            22.24405
          ],
          [
            120.83048,
            22.24397
          ],
          [
            120.83038,
            22.24389
          ],
          [
            120.83033,
            22.24386
          ],
          [
            120.82955797325526,
            22.243449162161472
          ],
          [
            120.82954473618682,
            22.243443820261042
          ],
          [
            120.82953074243665,
            22.24344140174227
          ],
          [
            120.82951652178627,
            22.243441937524434
          ],
          [
            120.82950278309906,
            22.243445400900146
          ],
          [
            120.82949021121364,
            22.243451619228924
          ],
          [
            120.82947928126572,
            22.24346043554765
          ],
          [
            120.82939,
            22.24355
          ],
          [
            120.82936,
            22.24358
          ],
          [
            120.82934,
            22.24362
          ],
          [
            120.8293,
            22.24374
          ],
          [
            120.8293,
            22.2438
          ],
          [
            120.82929,
            22.24388
          ],
          [
            120.82929,
            22.24412
          ],
          [
            120.82924,
            22.24432
          ],
          [
            120.82914,
            22.2445
          ],
          [
            120.82902,
            22.24463
          ],
          [
            120.8286659624645,
            22.245075010499637
          ],
          [
            120.82865279115286,
            22.245089002839343
          ],
          [
            120.82863757302903,
            22.245100487682233
          ],
          [
            120.828620505773,
            22.245109433808896
          ],
          [
            120.82860207181118,
            22.24511558834635
          ],
          [
            120.82858279220157,
            22.24511877732923
          ],
          [
            120.82856314917957,
            22.245118906101506
          ],
          [
            120.82761539349077,
            22.24505085433305
          ],
          [
            120.82759453172322,
            22.245047547746292
          ],
          [
            120.82757459927939,
            22.245040752134813
          ],
          [
            120.8275563208736,
            22.24503069770022
          ],
          [
            120.8275403035162,
            22.24501771834176
          ],
          [
            120.82752707913008,
            22.24500224509294
          ],
          [
            120.82751697356689,
            22.244984540545282
          ],
          [
            120.82737,
            22.24466
          ],
          [
            120.8272,
            22.24432
          ],
          [
            120.82711,
            22.24415
          ],
          [
            120.8271,
            22.24412
          ],
          [
            120.82706,
            22.24398
          ],
          [
            120.82704,
            22.24386
          ],
          [
            120.82706196541044,
            22.24333104854421
          ],
          [
            120.82706109023707,
            22.243312965617083
          ],
          [
            120.827056994515,
            22.243295241520308
          ],
          [
            120.82704979127034,
            22.243278399991812
          ],
          [
            120.82703968142559,
            22.24326291079792
          ],
          [
            120.82702694697797,
            22.243249205983833
          ],
          [
            120.82701225828615,
            22.24323787218485
          ],
          [
            120.82630792224845,
            22.242782920112866
          ],
          [
            120.82628592614911,
            22.242771682881546
          ],
          [
            120.82626223652913,
            22.24276516022781
          ],
          [
            120.82623760393662,
            22.242763441289473
          ],
          [
            120.82621313646573,
            22.242766603392766
          ],
          [
            120.82618993478258,
            22.242774504290864
          ],
          [
            120.82616873029072,
            22.242787019614966
          ],
          [
            120.82573,
            22.24311
          ],
          [
            120.82565,
            22.24316
          ],
          [
            120.82533,
            22.24338
          ],
          [
            120.82494,
            22.24367
          ],
          [
            120.82482,
            22.24378
          ],
          [
            120.82461,
            22.24398
          ],
          [
            120.82438,
            22.24419
          ],
          [
            120.82422,
            22.24436
          ],
          [
            120.82398,
            22.24461
          ],
          [
            120.82376,
            22.24481
          ],
          [
            120.82309437433133,
            22.24526575892881
          ],
          [
            120.8230738983773,
            22.24527706733266
          ],
          [
            120.82305176465647,
            22.245284176839085
          ],
          [
            120.8230285526675,
            22.245287016632183
          ],
          [
            120.82300520031735,
            22.245285471966845
          ],
          [
            120.82298265118457,
            22.245279605257053
          ],
          [
            120.82296150266261,
            22.245269463750457
          ],
          [
            120.82216928827695,
            22.244791595721434
          ],
          [
            120.82215287429715,
            22.244783489718188
          ],
          [
            120.8221354831051,
            22.24477834149949
          ],
          [
            120.8221173885184,
            22.24477614651611
          ],
          [
            120.8220991629607,
            22.24477697420652
          ],
          [
            120.8220813829989,
            22.244780798386667
          ],
          [
            120.82206434568657,
            22.24478763178299
          ],
          [
            120.82186,
            22.24489
          ],
          [
            120.82169,
            22.24497
          ],
          [
            120.82146,
            22.24506
          ],
          [
            120.82141,
            22.24507
          ],
          [
            120.82128,
            22.2451
          ],
          [
            120.82114,
            22.24512
          ],
          [
            120.82108,
            22.24513
          ],
          [
            120.82089,
            22.24514
          ],
          [
            120.82081,
            22.24514
          ],
          [
            120.82061,
            22.24513
          ],
          [
            120.8205,
            22.24513
          ],
          [
            120.82046,
            22.24513
          ],
          [
            120.82032,
            22.24511
          ],
          [
            120.82031,
            22.2451
          ],
          [
            120.82021,
            22.24507
          ],
          [
            120.82002,
            22.24494
          ],
          [
            120.81998,
            22.24491
          ],
          [
            120.81975,
            22.24477
          ],
          [
            120.81966,
            22.24471
          ],
          [
            120.8195,
            22.24461
          ],
          [
            120.81949,
            22.24461
          ],
          [
            120.81934,
            22.24452
          ],
          [
            120.81924,
            22.24446
          ],
          [
            120.81909,
            22.24439
          ],
          [
            120.81898,
            22.24437
          ],
          [
            120.81893,
            22.24435
          ],
          [
            120.8188,
            22.24432
          ],
          [
            120.81871,
            22.2443
          ],
          [
            120.81853,
            22.2442
          ],
          [
            120.81846,
            22.24415
          ],
          [
            120.8183,
            22.24404
          ],
          [
            120.81821,
            22.24398
          ],
          [
            120.81814,
            22.24394
          ],
          [
            120.81798,
            22.24385
          ],
          [
            120.81797,
            22.24385
          ],
          [
            120.81782,
            22.24379
          ],
          [
            120.81767,
            22.24376
          ],
          [
            120.81755,
            22.24376
          ],
          [
            120.81743,
            22.24376
          ],
          [
            120.81717,
            22.24379
          ],
          [
            120.81702,
            22.2438
          ],
          [
            120.81691,
            22.2438
          ],
          [
            120.81667,
            22.2438
          ],
          [
            120.81644,
            22.24373
          ],
          [
            120.81627,
            22.24367
          ],
          [
            120.81609,
            22.24361
          ],
          [
            120.81593,
            22.24355
          ],
          [
            120.8159,
            22.24355
          ],
          [
            120.81575,
            22.24351
          ],
          [
            120.81571,
            22.24351
          ],
          [
            120.81559,
            22.24351
          ],
          [
            120.81552,
            22.24352
          ],
          [
            120.81546,
            22.24353
          ],
          [
            120.81533,
            22.24356
          ],
          [
            120.81532,
            22.24357
          ],
          [
            120.81507,
            22.24363
          ],
          [
            120.81495,
            22.24364
          ],
          [
            120.81483,
            22.24364
          ],
          [
            120.81471,
            22.2436
          ],
          [
            120.8146,
            22.24355
          ],
          [
            120.81447,
            22.24349
          ],
          [
            120.81436,
            22.24346
          ],
          [
            120.81424,
            22.24344
          ],
          [
            120.81414,
            22.24343
          ],
          [
            120.81403,
            22.24343
          ],
          [
            120.81387,
            22.24342
          ],
          [
            120.81384,
            22.24341
          ],
          [
            120.8138,
            22.2434
          ],
          [
            120.81374,
            22.24337
          ],
          [
            120.81367,
            22.24333
          ],
          [
            120.81358,
            22.24327
          ],
          [
            120.81351,
            22.24322
          ],
          [
            120.81336,
            22.24312
          ],
          [
            120.81323,
            22.24304
          ],
          [
            120.8132,
            22.24302
          ],
          [
            120.81303,
            22.24292
          ],
          [
            120.81295,
            22.24287
          ],
          [
            120.81276,
            22.24277
          ],
          [
            120.81258,
            22.24271
          ],
          [
            120.81219,
            22.24259
          ],
          [
            120.81214,
            22.24257
          ],
          [
            120.81196,
            22.24251
          ],
          [
            120.81178,
            22.24245
          ],
          [
            120.81175,
            22.24244
          ],
          [
            120.81157,
            22.24238
          ],
          [
            120.81147,
            22.24236
          ],
          [
            120.8114,
            22.24236
          ],
          [
            120.81136,
            22.24236
          ],
          [
            120.81126,
            22.24238
          ],
          [
            120.81122,
            22.24239
          ],
          [
            120.81113,
            22.24242
          ],
          [
            120.81101,
            22.24248
          ],
          [
            120.81086,
            22.24255
          ],
          [
            120.81076,
            22.24259
          ],
          [
            120.81067,
            22.24261
          ],
          [
            120.81065,
            22.2426
          ],
          [
            120.80998711446207,
            22.242599999999996
          ],
          [
            120.80996126120519,
            22.24259729145798
          ],
          [
            120.80993669803543,
            22.242589300989188
          ],
          [
            120.80991465066415,
            22.24257642732099
          ],
          [
            120.80989621926336,
            22.24255931285422
          ],
          [
            120.80988232356685,
            22.24253881160714
          ],
          [
            120.80987361650524,
            22.242515783579645
          ],
          [
            120.80979,
            22.24218
          ],
          [
            120.80977,
            22.24208
          ],
          [
            120.80975,
            22.24184
          ],
          [
            120.80974,
            22.24177
          ],
          [
            120.80968367525207,
            22.2412610730493
          ],
          [
            120.80967976044987,
            22.2412421759184
          ],
          [
            120.80967236380432,
            22.24122428980875
          ],
          [
            120.80966170744638,
            22.241207895227895
          ],
          [
            120.80964812363911,
            22.241193503355596
          ],
          [
            120.80963203592293,
            22.24118156292756
          ],
          [
            120.80961421988675,
            22.241172556780533
          ],
          [
            120.80911,
            22.24097
          ],
          [
            120.80899,
            22.24093
          ],
          [
            120.80891,
            22.2409
          ],
          [
            120.80884,
            22.24087
          ],
          [
            120.80876,
            22.24083
          ],
          [
            120.80872,
            22.24079
          ],
          [
            120.80868,
            22.24075
          ],
          [
            120.80863,
            22.24067
          ],
          [
            120.80857,
            22.24053
          ],
          [
            120.80845,
            22.24028
          ],
          [
            120.80838,
            22.24015
          ],
          [
            120.80832,
            22.24008
          ],
          [
            120.80829,
            22.24006
          ],
          [
            120.80824,
            22.24003
          ],
          [
            120.80812,
            22.23997
          ],
          [
            120.80799,
            22.23993
          ],
          [
            120.80754748637325,
            22.239811536185762
          ],
          [
            120.80752804489705,
            22.239804475376378
          ],
          [
            120.80751009233434,
            22.239794172526565
          ],
          [
            120.80749442654941,
            22.2397810216116
          ],
          [
            120.80748156090526,
            22.239765453582926
          ],
          [
            120.80747191700509,
            22.239747978600064
          ],
          [
            120.80746577835416,
            22.239729022007623
          ],
          [
            120.80732,
            22.23907
          ],
          [
            120.80728296713343,
            22.238363303969823
          ],
          [
            120.80727781810484,
            22.238336224868725
          ],
          [
            120.80726555521574,
            22.238311252254395
          ],
          [
            120.80724696143456,
            22.238289947527683
          ],
          [
            120.80722322686741,
            22.238273674310317
          ],
          [
            120.80719587065934,
            22.23826347417927
          ],
          [
            120.80716664376139,
            22.23826
          ],
          [
            120.80691,
            22.23826
          ],
          [
            120.80682,
            22.23826
          ],
          [
            120.80641,
            22.23828
          ],
          [
            120.80633,
            22.23829
          ],
          [
            120.80614,
            22.23831
          ],
          [
            120.80594,
            22.23832
          ],
          [
            120.80591,
            22.23833
          ],
          [
            120.80551,
            22.23839
          ],
          [
            120.80534,
            22.23843
          ],
          [
            120.80517,
            22.23847
          ],
          [
            120.80491,
            22.23855
          ],
          [
            120.80477,
            22.23861
          ],
          [
            120.80473,
            22.23862
          ],
          [
            120.80398057935705,
            22.238967583550078
          ],
          [
            120.8039497606535,
            22.238977258932866
          ],
          [
            120.80391759952512,
            22.23897864263614
          ],
          [
            120.80388626091013,
            22.238971765391444
          ],
          [
            120.80385813983521,
            22.238957152786263
          ],
          [
            120.80383538542921,
            22.238935921576367
          ],
          [
            120.80381963780515,
            22.238909455436424
          ],
          [
            120.80372,
            22.23867
          ],
          [
            120.8036,
            22.23834
          ],
          [
            120.80355,
            22.23821
          ],
          [
            120.80353,
            22.23815
          ],
          [
            120.80352,
            22.23814
          ],
          [
            120.8035,
            22.2381
          ],
          [
            120.80346,
            22.23799
          ],
          [
            120.80333,
            22.23768
          ],
          [
            120.80332,
            22.23767
          ],
          [
            120.80326,
            22.23753
          ],
          [
            120.80319,
            22.23737
          ],
          [
            120.80312,
            22.23722
          ],
          [
            120.80312,
            22.23721
          ],
          [
            120.80304,
            22.23707
          ],
          [
            120.80296,
            22.23693
          ],
          [
            120.80277,
            22.2365
          ],
          [
            120.80277,
            22.23649
          ],
          [
            120.80275,
            22.23645
          ],
          [
            120.80265,
            22.23622
          ],
          [
            120.80263,
            22.23615
          ],
          [
            120.80261,
            22.23611
          ],
          [
            120.80259,
            22.23603
          ],
          [
            120.80253,
            22.2358
          ],
          [
            120.80251,
            22.2355
          ],
          [
            120.8025,
            22.23539
          ],
          [
            120.80249,
            22.23521
          ],
          [
            120.80248,
            22.23503
          ],
          [
            120.80247,
            22.23494
          ],
          [
            120.80241,
            22.23476
          ],
          [
            120.80234,
            22.23464
          ],
          [
            120.80228,
            22.23453
          ],
          [
            120.80203,
            22.23431
          ],
          [
            120.802,
            22.23427
          ],
          [
            120.80197,
            22.23423
          ],
          [
            120.80194,
            22.23416
          ],
          [
            120.80188,
            22.23404
          ],
          [
            120.80185,
            22.23393
          ],
          [
            120.80174,
            22.23338
          ],
          [
            120.80171,
            22.23332
          ],
          [
            120.80169,
            22.23327
          ],
          [
            120.80164,
            22.2332
          ],
          [
            120.80156,
            22.23311
          ],
          [
            120.80124505938167,
            22.23271450640088
          ],
          [
            120.80123513781328,
            22.23269954604655
          ],
          [
            120.80122781913927,
            22.232682940908852
          ],
          [
            120.80122353616785,
            22.232665438478833
          ],
          [
            120.80122240602383,
            22.232647517388635
          ],
          [
            120.80122445961275,
            22.232629667719337
          ],
          [
            120.80122954842354,
            22.23261261040976
          ],
          [
            120.80153141706417,
            22.231854156406015
          ],
          [
            120.8015379301863,
            22.231828159844643
          ],
          [
            120.80153740290181,
            22.23180122197462
          ],
          [
            120.8015297754351,
            22.23177523477467
          ],
          [
            120.80151551760217,
            22.231751798933935
          ],
          [
            120.8014955076184,
            22.231732357989824
          ],
          [
            120.80147126151887,
            22.231718231938036
          ],
          [
            120.80108,
            22.23155
          ],
          [
            120.80096,
            22.23151
          ],
          [
            120.79968710064983,
            22.231134455243122
          ],
          [
            120.79966802141657,
            22.231126983862364
          ],
          [
            120.79965047805236,
            22.231116344014964
          ],
          [
            120.79963526319187,
            22.231102946588322
          ],
          [
            120.79962286910151,
            22.231087225047037
          ],
          [
            120.79961369678367,
            22.231069688050844
          ],
          [
            120.79960801633258,
            22.23105076891585
          ],
          [
            120.79956,
            22.23081
          ],
          [
            120.79956,
            22.23074
          ],
          [
            120.79957,
            22.23064
          ],
          [
            120.79961,
            22.23054
          ],
          [
            120.79983868247426,
            22.229889140115734
          ],
          [
            120.79984391790181,
            22.22986528327662
          ],
          [
            120.79984328446582,
            22.229840715884045
          ],
          [
            120.79983673977713,
            22.229816910772584
          ],
          [
            120.79982461921362,
            22.229795087818
          ],
          [
            120.79980754388482,
            22.229776365321857
          ],
          [
            120.79978669654349,
            22.229761869778667
          ],
          [
            120.79945,
            22.22958
          ],
          [
            120.79938,
            22.22955
          ],
          [
            120.79931,
            22.22955
          ],
          [
            120.79921,
            22.22954
          ],
          [
            120.79908,
            22.22953
          ],
          [
            120.79892,
            22.22953
          ],
          [
            120.79877,
            22.22953
          ],
          [
            120.79863,
            22.22957
          ],
          [
            120.79848,
            22.22961
          ],
          [
            120.79839,
            22.22963
          ],
          [
            120.7982,
            22.2297
          ],
          [
            120.79761135580064,
            22.229857711838644
          ],
          [
            120.79759290023048,
            22.229861216692534
          ],
          [
            120.79757429793129,
            22.2298619105787
          ],
          [
            120.79755581473425,
            22.229859832152933
          ],
          [
            120.79753792303447,
            22.229855034535827
          ],
          [
            120.79752108010952,
            22.229847640345277
          ],
          [
            120.7975054053301,
            22.22983760317628
          ],
          [
            120.79693356682547,
            22.229406523052294
          ],
          [
            120.79691996056603,
            22.22939435310186
          ],
          [
            120.79690842637385,
            22.22937997940976
          ],
          [
            120.79689959069734,
            22.22936403038743
          ],
          [
            120.79689369511665,
            22.229346942104208
          ],
          [
            120.79689090082553,
            22.22932918177847
          ],
          [
            120.79689127566705,
            22.229311312155303
          ],
          [
            120.79696,
            22.22869
          ],
          [
            120.79696,
            22.22865
          ],
          [
            120.79696,
            22.22849
          ],
          [
            120.79695,
            22.22831
          ],
          [
            120.79695,
            22.22809
          ],
          [
            120.79682,
            22.2274
          ],
          [
            120.7968,
            22.22735
          ],
          [
            120.79679,
            22.22722
          ],
          [
            120.79678,
            22.22714
          ],
          [
            120.79678,
            22.22706
          ],
          [
            120.79679,
            22.227
          ],
          [
            120.79681,
            22.22692
          ],
          [
            120.79681,
            22.2269
          ],
          [
            120.79683,
            22.22684
          ],
          [
            120.79685,
            22.22677
          ],
          [
            120.79686,
            22.22672
          ],
          [
            120.7969,
            22.2266
          ],
          [
            120.79691,
            22.2266
          ],
          [
            120.79707776293961,
            22.226195656402144
          ],
          [
            120.7970830988302,
            22.226178660920493
          ],
          [
            120.79708541033628,
            22.22616082706055
          ],
          [
            120.79708453546974,
            22.226142882011203
          ],
          [
            120.79708049818596,
            22.22612531714008
          ],
          [
            120.79707340903303,
            22.226108613404854
          ],
          [
            120.7970636888026,
            22.226093521914997
          ],
          [
            120.79672,
            22.22565
          ],
          [
            120.79652,
            22.22545
          ],
          [
            120.79633,
            22.2252
          ],
          [
            120.79628,
            22.22514
          ],
          [
            120.79622,
            22.22503
          ],
          [
            120.79618,
            22.22489
          ],
          [
            120.79617,
            22.22477
          ],
          [
            120.79618,
            22.22462
          ],
          [
            120.79621,
            22.22422
          ],
          [
            120.79625,
            22.22393
          ],
          [
            120.7963,
            22.22364
          ],
          [
            120.79638,
            22.22333
          ],
          [
            120.7964,
            22.22314
          ],
          [
            120.79637,
            22.22291
          ],
          [
            120.79627,
            22.22268
          ],
          [
            120.79612,
            22.22246
          ],
          [
            120.79591,
            22.22228
          ],
          [
            120.79571,
            22.2221
          ],
          [
            120.79563,
            22.22202
          ],
          [
            120.79555,
            22.22192
          ],
          [
            120.79553,
            22.22189
          ],
          [
            120.79545,
            22.2218
          ],
          [
            120.7954,
            22.22175
          ],
          [
            120.7953,
            22.22163
          ],
          [
            120.79522,
            22.22151
          ],
          [
            120.79519,
            22.22146
          ],
          [
            120.79514,
            22.2214
          ],
          [
            120.79508,
            22.2213
          ],
          [
            120.79501,
            22.2212
          ],
          [
            120.79495,
            22.2211
          ],
          [
            120.79488,
            22.22098
          ],
          [
            120.79485,
            22.2209
          ],
          [
            120.79481,
            22.22084
          ],
          [
            120.79478,
            22.22077
          ],
          [
            120.79476,
            22.22073
          ],
          [
            120.79472,
            22.22067
          ],
          [
            120.79469,
            22.22063
          ],
          [
            120.79455,
            22.22038
          ],
          [
            120.79444,
            22.22015
          ],
          [
            120.79436,
            22.21991
          ],
          [
            120.7943,
            22.21982
          ],
          [
            120.7942,
            22.21965
          ],
          [
            120.79408,
            22.21952
          ],
          [
            120.79397,
            22.21938
          ],
          [
            120.79364,
            22.21879
          ],
          [
            120.79358,
            22.21861
          ],
          [
            120.79354,
            22.21849
          ],
          [
            120.79347,
            22.21827
          ],
          [
            120.79343,
            22.21813
          ],
          [
            120.79342,
            22.2181
          ],
          [
            120.79332,
            22.21775
          ],
          [
            120.79327,
            22.21757
          ],
          [
            120.79326,
            22.21751
          ],
          [
            120.79324,
            22.21742
          ],
          [
            120.79307,
            22.21683
          ],
          [
            120.79299,
            22.21656
          ],
          [
            120.79292,
            22.21631
          ],
          [
            120.79277,
            22.21581
          ],
          [
            120.79276,
            22.21579
          ],
          [
            120.79271,
            22.21562
          ],
          [
            120.7927,
            22.21559
          ],
          [
            120.79267,
            22.2155
          ],
          [
            120.79262,
            22.21542
          ],
          [
            120.79255,
            22.21529
          ],
          [
            120.79252,
            22.21523
          ],
          [
            120.79248,
            22.21518
          ],
          [
            120.79243,
            22.21515
          ],
          [
            120.79242,
            22.21514
          ],
          [
            120.79235,
            22.21508
          ],
          [
            120.79189213968932,
            22.214696381327478
          ],
          [
            120.7918751145289,
            22.214684454204825
          ],
          [
            120.79185642359342,
            22.21467575520669
          ],
          [
            120.79183636621478,
            22.214670309929193
          ],
          [
            120.79181558799311,
            22.21466829364307
          ],
          [
            120.79179475773081,
            22.21466977124786
          ],
          [
            120.79177429990865,
            22.214674778021717
          ],
          [
            120.79149,
            22.21477
          ],
          [
            120.79144,
            22.21477
          ],
          [
            120.79142,
            22.21478
          ],
          [
            120.79136,
            22.21478
          ],
          [
            120.79131,
            22.21478
          ],
          [
            120.79127,
            22.21478
          ],
          [
            120.79123,
            22.21478
          ],
          [
            120.79119,
            22.21478
          ],
          [
            120.79115,
            22.21477
          ],
          [
            120.79112,
            22.21477
          ],
          [
            120.79109,
            22.21477
          ],
          [
            120.79105,
            22.21477
          ],
          [
            120.79102,
            22.21476
          ],
          [
            120.79099,
            22.21475
          ],
          [
            120.79092,
            22.21473
          ],
          [
            120.79084,
            22.21471
          ],
          [
            120.79049,
            22.21454
          ],
          [
            120.79045,
            22.21453
          ],
          [
            120.79022,
            22.2144
          ],
          [
            120.79009,
            22.21432
          ],
          [
            120.78998,
            22.21428
          ],
          [
            120.78985,
            22.21423
          ],
          [
            120.78976,
            22.2142
          ],
          [
            120.78969,
            22.21419
          ],
          [
            120.78962,
            22.21418
          ],
          [
            120.78956,
            22.21418
          ],
          [
            120.78948,
            22.21418
          ],
          [
            120.78939,
            22.21419
          ],
          [
            120.7893,
            22.2142
          ],
          [
            120.78895,
            22.21422
          ],
          [
            120.78891,
            22.21423
          ],
          [
            120.78867,
            22.21424
          ],
          [
            120.78838,
            22.21426
          ],
          [
            120.78799,
            22.21427
          ],
          [
            120.78796,
            22.21428
          ],
          [
            120.78758,
            22.2143
          ],
          [
            120.78731,
            22.21432
          ],
          [
            120.7872,
            22.21433
          ],
          [
            120.78711,
            22.21435
          ],
          [
            120.78697,
            22.21438
          ],
          [
            120.78688,
            22.2144
          ],
          [
            120.78674,
            22.21443
          ],
          [
            120.7866,
            22.21448
          ],
          [
            120.78643,
            22.21453
          ],
          [
            120.78608,
            22.21467
          ],
          [
            120.78597,
            22.21471
          ],
          [
            120.78591,
            22.21472
          ],
          [
            120.78587,
            22.21472
          ],
          [
            120.78586,
            22.21472
          ],
          [
            120.78582,
            22.21473
          ],
          [
            120.78579,
            22.21473
          ],
          [
            120.78574,
            22.21472
          ],
          [
            120.78568,
            22.21471
          ],
          [
            120.78564,
            22.21471
          ],
          [
            120.78558,
            22.21469
          ],
          [
            120.78549,
            22.21467
          ],
          [
            120.78542,
            22.21466
          ],
          [
            120.7853,
            22.21463
          ],
          [
            120.78511,
            22.21459
          ],
          [
            120.78507,
            22.21459
          ],
          [
            120.78492,
            22.21456
          ],
          [
            120.78473,
            22.21453
          ],
          [
            120.78454,
            22.2145
          ],
          [
            120.78393,
            22.21437
          ],
          [
            120.78358,
            22.21432
          ],
          [
            120.7835,
            22.21431
          ],
          [
            120.78346,
            22.2143
          ],
          [
            120.78334,
            22.21429
          ],
          [
            120.78321,
            22.21425
          ],
          [
            120.78314,
            22.21422
          ],
          [
            120.78311,
            22.21421
          ],
          [
            120.78308,
            22.2142
          ],
          [
            120.78305,
            22.21418
          ],
          [
            120.78301,
            22.21415
          ],
          [
            120.7829,
            22.21407
          ],
          [
            120.78271,
            22.21391
          ],
          [
            120.78269,
            22.21389
          ],
          [
            120.78257,
            22.21379
          ],
          [
            120.78246,
            22.21369
          ],
          [
            120.78238,
            22.21361
          ],
          [
            120.78233,
            22.21356
          ],
          [
            120.7823,
            22.21354
          ],
          [
            120.78227,
            22.21352
          ],
          [
            120.78224,
            22.2135
          ],
          [
            120.78221,
            22.21349
          ],
          [
            120.78217,
            22.21348
          ],
          [
            120.78213,
            22.21347
          ],
          [
            120.78202,
            22.21345
          ],
          [
            120.78192,
            22.21344
          ],
          [
            120.78183,
            22.21344
          ],
          [
            120.78138,
            22.21342
          ],
          [
            120.7806100356363,
            22.213396582512974
          ],
          [
            120.78058969050896,
            22.213397621982374
          ],
          [
            120.78056987668485,
            22.213401944220507
          ],
          [
            120.78055117252484,
            22.21340941640335
          ],
          [
            120.78053414927575,
            22.21341981032174
          ],
          [
            120.78051932684748,
            22.213432808533295
          ],
          [
            120.78050696630983,
            22.213448304293212
          ],
          [
            120.78032,
            22.21373
          ],
          [
            120.78023,
            22.21385
          ],
          [
            120.78017,
            22.21391
          ],
          [
            120.78013,
            22.21395
          ],
          [
            120.78003,
            22.21402
          ],
          [
            120.7799,
            22.2141
          ],
          [
            120.77973,
            22.21418
          ],
          [
            120.77972,
            22.21419
          ],
          [
            120.77963,
            22.21423
          ],
          [
            120.77956,
            22.21426
          ],
          [
            120.77954,
            22.21427
          ],
          [
            120.7794,
            22.21431
          ],
          [
            120.77937,
            22.21432
          ],
          [
            120.77926,
            22.21435
          ],
          [
            120.77919,
            22.21437
          ],
          [
            120.77902,
            22.21441
          ],
          [
            120.779,
            22.21441
          ],
          [
            120.77887,
            22.21445
          ],
          [
            120.77880999999999,
            22.21446
          ],
          [
            120.77851,
            22.21454
          ],
          [
            120.77826,
            22.21462
          ],
          [
            120.77818,
            22.21464
          ],
          [
            120.7781,
            22.21465
          ],
          [
            120.77799,
            22.21468
          ],
          [
            120.77783,
            22.21473
          ],
          [
            120.77759,
            22.21481
          ],
          [
            120.77751,
            22.21484
          ],
          [
            120.77725,
            22.21493
          ],
          [
            120.77715,
            22.21497
          ],
          [
            120.77708,
            22.215
          ],
          [
            120.77698,
            22.21504
          ],
          [
            120.77697,
            22.21504
          ],
          [
            120.77696,
            22.21505
          ],
          [
            120.77682,
            22.21509
          ],
          [
            120.77679,
            22.2151
          ],
          [
            120.77664,
            22.21513
          ],
          [
            120.77646,
            22.21515
          ],
          [
            120.7764,
            22.21515
          ],
          [
            120.77621,
            22.21516
          ],
          [
            120.77608,
            22.21517
          ],
          [
            120.77601,
            22.21517
          ],
          [
            120.7758,
            22.21517
          ],
          [
            120.77568,
            22.21518
          ],
          [
            120.7756,
            22.21518
          ],
          [
            120.77554,
            22.21518
          ],
          [
            120.77549,
            22.21518
          ],
          [
            120.77546,
            22.21518
          ],
          [
            120.77543,
            22.21519
          ],
          [
            120.77539,
            22.21519
          ],
          [
            120.77528,
            22.21522
          ],
          [
            120.7752,
            22.21525
          ],
          [
            120.77512,
            22.21529
          ],
          [
            120.77484,
            22.21544
          ],
          [
            120.77456,
            22.21563
          ],
          [
            120.77446,
            22.2157
          ],
          [
            120.77387805268792,
            22.21628522351707
          ],
          [
            120.77387103912412,
            22.216291214126944
          ],
          [
            120.77386321089706,
            22.2162959239876
          ],
          [
            120.77385465243835,
            22.216299356503683
          ],
          [
            120.77384560140817,
            22.216301416357503
          ],
          [
            120.77383630914497,
            22.216302046348893
          ],
          [
            120.77382696616534,
            22.21630121764287
          ],
          [
            120.7737,
            22.21628
          ],
          [
            120.77365,
            22.21626
          ],
          [
            120.77355,
            22.21622
          ],
          [
            120.77339,
            22.21611
          ],
          [
            120.77331,
            22.21605
          ],
          [
            120.77318,
            22.21595
          ],
          [
            120.77307,
            22.21587
          ],
          [
            120.77295,
            22.21578
          ],
          [
            120.77282,
            22.21572
          ],
          [
            120.77265,
            22.21563
          ],
          [
            120.77262,
            22.21562
          ],
          [
            120.77256,
            22.2156
          ],
          [
            120.77253,
            22.21559
          ],
          [
            120.77248,
            22.21557
          ],
          [
            120.77245,
            22.21556
          ],
          [
            120.77241,
            22.21555
          ],
          [
            120.77237,
            22.21554
          ],
          [
            120.77234,
            22.21553
          ],
          [
            120.7723,
            22.21553
          ],
          [
            120.77225,
            22.21552
          ],
          [
            120.77223,
            22.21551
          ],
          [
            120.77219,
            22.21551
          ],
          [
            120.77216,
            22.21551
          ],
          [
            120.77213,
            22.2155
          ],
          [
            120.7721,
            22.21549
          ],
          [
            120.77206,
            22.21549
          ],
          [
            120.77202,
            22.21548
          ],
          [
            120.77196,
            22.21546
          ],
          [
            120.77189,
            22.21543
          ],
          [
            120.77174,
            22.21535
          ],
          [
            120.77156,
            22.21525
          ],
          [
            120.77135,
            22.21516
          ],
          [
            120.77124,
            22.21512
          ],
          [
            120.7712,
            22.21511
          ],
          [
            120.77119,
            22.2151
          ],
          [
            120.77115,
            22.21509
          ],
          [
            120.7711,
            22.21507
          ],
          [
            120.77104,
            22.21507
          ],
          [
            120.77099,
            22.21506
          ],
          [
            120.77095,
            22.21506
          ],
          [
            120.77091,
            22.21506
          ],
          [
            120.77077,
            22.21506
          ],
          [
            120.77065,
            22.21507
          ],
          [
            120.77049,
            22.21507
          ],
          [
            120.7703,
            22.21508
          ],
          [
            120.77018,
            22.2151
          ],
          [
            120.76956938350844,
            22.2152532365373
          ],
          [
            120.76954993199216,
            22.21525653459871
          ],
          [
            120.7695303680713,
            22.215256731387797
          ],
          [
            120.7695110449807,
            22.215253871522354
          ],
          [
            120.76949250826425,
            22.21524803574423
          ],
          [
            120.76947528126428,
            22.215239388813455
          ],
          [
            120.76945955105357,
            22.21522791602803
          ],
          [
            120.76916,
            22.21497
          ],
          [
            120.76916,
            22.21496
          ],
          [
            120.7691,
            22.2149
          ],
          [
            120.76902,
            22.21481
          ],
          [
            120.76897,
            22.21472
          ],
          [
            120.76895,
            22.21467
          ],
          [
            120.76892,
            22.2146
          ],
          [
            120.76885,
            22.21445
          ],
          [
            120.76855857854626,
            22.213891460442053
          ],
          [
            120.76854821813316,
            22.213875229355416
          ],
          [
            120.7685352266521,
            22.21386112750348
          ],
          [
            120.76851984504415,
            22.213849298855926
          ],
          [
            120.76850252434224,
            22.21384009026267
          ],
          [
            120.7684837724391,
            22.213833771746117
          ],
          [
            120.76846421214807,
            22.213830534715076
          ],
          [
            120.76798,
            22.21379
          ],
          [
            120.76771,
            22.21376
          ],
          [
            120.76757,
            22.21374
          ],
          [
            120.76753,
            22.21374
          ],
          [
            120.76752,
            22.21374
          ],
          [
            120.76745,
            22.21373
          ],
          [
            120.7674,
            22.21372
          ],
          [
            120.76738,
            22.21371
          ],
          [
            120.76737,
            22.21371
          ],
          [
            120.76733,
            22.2137
          ],
          [
            120.7673,
            22.21369
          ],
          [
            120.76727,
            22.21368
          ],
          [
            120.76724,
            22.21367
          ],
          [
            120.76718,
            22.21365
          ],
          [
            120.7671,
            22.21361
          ],
          [
            120.76697,
            22.21352
          ],
          [
            120.76686,
            22.21343
          ],
          [
            120.76673,
            22.21334
          ],
          [
            120.76669,
            22.21331
          ],
          [
            120.76658,
            22.21323
          ],
          [
            120.76653,
            22.2132
          ],
          [
            120.76642,
            22.21312
          ],
          [
            120.76634,
            22.21308
          ],
          [
            120.76623,
            22.21303
          ],
          [
            120.76604,
            22.21297
          ],
          [
            120.76602,
            22.21296
          ],
          [
            120.76582,
            22.2129
          ],
          [
            120.76565,
            22.21281
          ],
          [
            120.76549,
            22.21275
          ],
          [
            120.76543,
            22.21274
          ],
          [
            120.76539,
            22.21273
          ],
          [
            120.76534,
            22.21272
          ],
          [
            120.7653,
            22.21272
          ],
          [
            120.76526,
            22.21271
          ],
          [
            120.76523,
            22.21271
          ],
          [
            120.76518,
            22.2127
          ],
          [
            120.76515,
            22.21269
          ],
          [
            120.76512,
            22.21268
          ],
          [
            120.7651,
            22.21268
          ],
          [
            120.76507,
            22.21267
          ],
          [
            120.76503,
            22.21266
          ],
          [
            120.76501,
            22.21265
          ],
          [
            120.76498,
            22.21263
          ],
          [
            120.76492,
            22.21261
          ],
          [
            120.76486,
            22.21257
          ],
          [
            120.76482,
            22.21256
          ],
          [
            120.76479,
            22.21254
          ],
          [
            120.76475,
            22.21251
          ],
          [
            120.7647,
            22.21248
          ],
          [
            120.76464,
            22.21243
          ],
          [
            120.76459,
            22.21238
          ],
          [
            120.76439,
            22.21216
          ],
          [
            120.76413,
            22.21188
          ],
          [
            120.76374,
            22.21146
          ],
          [
            120.7636,
            22.21127
          ],
          [
            120.7635,
            22.21119
          ],
          [
            120.76289954763934,
            22.21048232453005
          ],
          [
            120.762882809177,
            22.210466201390627
          ],
          [
            120.76286322353552,
            22.210453806674685
          ],
          [
            120.7628413539259,
            22.210445361166443
          ],
          [
            120.76281810422314,
            22.210441213920323
          ],
          [
            120.7627944353418,
            22.210441536342778
          ],
          [
            120.76277109284965,
            22.210446387292162
          ],
          [
            120.7625,
            22.21053
          ],
          [
            120.76234,
            22.21059
          ],
          [
            120.76213,
            22.21068
          ],
          [
            120.76199,
            22.21075
          ],
          [
            120.7619,
            22.21079
          ],
          [
            120.76188,
            22.2108
          ],
          [
            120.76176,
            22.21085
          ],
          [
            120.76161,
            22.21089
          ],
          [
            120.76136,
            22.21093
          ],
          [
            120.76108,
            22.21094
          ],
          [
            120.76106,
            22.21093
          ],
          [
            120.76101,
            22.21093
          ],
          [
            120.76087,
            22.21092
          ],
          [
            120.76073,
            22.21091
          ],
          [
            120.76058,
            22.21086
          ],
          [
            120.76047,
            22.21082
          ],
          [
            120.76037,
            22.21076
          ],
          [
            120.76032,
            22.21073
          ],
          [
            120.76014,
            22.21058
          ],
          [
            120.75996,
            22.21042
          ],
          [
            120.75975,
            22.21022
          ],
          [
            120.75967,
            22.21013
          ],
          [
            120.75955,
            22.21003
          ],
          [
            120.75938,
            22.20993
          ],
          [
            120.75924,
            22.20986
          ],
          [
            120.75909,
            22.20983
          ],
          [
            120.75891,
            22.20979
          ],
          [
            120.75874,
            22.20974
          ],
          [
            120.75852,
            22.20966
          ],
          [
            120.75823,
            22.20951
          ],
          [
            120.75807,
            22.20941
          ],
          [
            120.75797,
            22.20932
          ],
          [
            120.75748344653721,
            22.208939607211843
          ],
          [
            120.75746794953064,
            22.20892929745956
          ],
          [
            120.75745123290439,
            22.208921618116303
          ],
          [
            120.75743341633867,
            22.208916523630702
          ],
          [
            120.757414956229,
            22.20891414450492
          ],
          [
            120.75739632545617,
            22.208914541683498
          ],
          [
            120.75737780213385,
            22.208917755207068
          ],
          [
            120.75705,
            22.209
          ],
          [
            120.75686,
            22.20904
          ],
          [
            120.75673,
            22.20906
          ],
          [
            120.75613,
            22.20917
          ],
          [
            120.75562,
            22.20923
          ],
          [
            120.75506,
            22.20928
          ],
          [
            120.75453,
            22.2093
          ],
          [
            120.75412,
            22.20924
          ],
          [
            120.75395,
            22.2092
          ],
          [
            120.75386,
            22.20918
          ],
          [
            120.75361,
            22.20912
          ],
          [
            120.75294,
            22.20896
          ],
          [
            120.75283,
            22.20891
          ],
          [
            120.75259,
            22.2088
          ],
          [
            120.75234,
            22.20867
          ],
          [
            120.75202,
            22.20854
          ],
          [
            120.75094,
            22.20799
          ],
          [
            120.75046,
            22.20776
          ],
          [
            120.75011,
            22.20755
          ],
          [
            120.75009,
            22.20753
          ],
          [
            120.74997,
            22.20746
          ],
          [
            120.74985,
            22.20739
          ],
          [
            120.74973,
            22.2073
          ],
          [
            120.74946,
            22.20707
          ],
          [
            120.74907,
            22.20669
          ],
          [
            120.74862,
            22.20628
          ],
          [
            120.74828,
            22.20597
          ],
          [
            120.74786,
            22.20558
          ],
          [
            120.74751,
            22.20524
          ],
          [
            120.74737,
            22.20512
          ],
          [
            120.74718,
            22.20497
          ],
          [
            120.74694,
            22.20485
          ],
          [
            120.74671,
            22.20475
          ],
          [
            120.74641,
            22.20465
          ],
          [
            120.74637,
            22.20464
          ],
          [
            120.7462,
            22.20461
          ],
          [
            120.74618,
            22.20461
          ],
          [
            120.74604,
            22.20457
          ],
          [
            120.746,
            22.20456
          ],
          [
            120.74581,
            22.20451
          ],
          [
            120.74566,
            22.20448
          ],
          [
            120.74546,
            22.20442
          ],
          [
            120.7453,
            22.20435
          ],
          [
            120.74517,
            22.20427
          ],
          [
            120.74507,
            22.20421
          ],
          [
            120.74497,
            22.20414
          ],
          [
            120.74483,
            22.20402
          ],
          [
            120.74481,
            22.204
          ],
          [
            120.74472,
            22.20391
          ],
          [
            120.74438,
            22.20363
          ],
          [
            120.74436,
            22.20361
          ],
          [
            120.7443,
            22.20358
          ],
          [
            120.74423,
            22.20354
          ],
          [
            120.74414,
            22.20349
          ],
          [
            120.74392,
            22.2034
          ],
          [
            120.7437,
            22.20335
          ],
          [
            120.74359,
            22.20334
          ],
          [
            120.7435,
            22.20334
          ],
          [
            120.74332,
            22.20336
          ],
          [
            120.74303,
            22.20341
          ],
          [
            120.74271,
            22.20345
          ],
          [
            120.74249,
            22.20351
          ],
          [
            120.74229,
            22.20362
          ],
          [
            120.74213,
            22.20374
          ],
          [
            120.74205,
            22.2038
          ],
          [
            120.74187,
            22.20398
          ],
          [
            120.74161,
            22.20424
          ],
          [
            120.74136,
            22.20454
          ],
          [
            120.74124,
            22.20468
          ],
          [
            120.741,
            22.20513
          ],
          [
            120.74092,
            22.20533
          ],
          [
            120.74069,
            22.2057
          ],
          [
            120.74058,
            22.20597
          ],
          [
            120.74057,
            22.206
          ],
          [
            120.74054,
            22.20606
          ],
          [
            120.74052,
            22.20618
          ],
          [
            120.74055,
            22.20629
          ],
          [
            120.74059,
            22.20644
          ],
          [
            120.74066,
            22.20679
          ],
          [
            120.74067,
            22.20703
          ],
          [
            120.74067,
            22.20705
          ],
          [
            120.7406456599576,
            22.207611890663795
          ],
          [
            120.7406433168713,
            22.2076296354845
          ],
          [
            120.74063789359444,
            22.2076467525079
          ],
          [
            120.74062953540083,
            22.20766280966238
          ],
          [
            120.74061846822349,
            22.207677372901767
          ],
          [
            120.74060499122291,
            22.207690048562373
          ],
          [
            120.7405897789794,
            22.207700318836583
          ],
          [
            120.73995,
            22.20806
          ],
          [
            120.73983,
            22.2081
          ],
          [
            120.73973,
            22.20814
          ],
          [
            120.73963,
            22.20819
          ],
          [
            120.73949,
            22.20825
          ],
          [
            120.7392,
            22.20834
          ],
          [
            120.73891,
            22.2085
          ],
          [
            120.73772556227672,
            22.209463273380102
          ],
          [
            120.73770854964859,
            22.209480594712485
          ],
          [
            120.73769576761187,
            22.20950126847488
          ],
          [
            120.73768813902684,
            22.209524046480677
          ],
          [
            120.73768603249444,
            22.209547828133342
          ],
          [
            120.73768954979892,
            22.209571464341742
          ],
          [
            120.73769837293722,
            22.209593539067246
          ],
          [
            120.73820119107974,
            22.2105204701469
          ],
          [
            120.73820631738789,
            22.210532326853997
          ],
          [
            120.73820932753203,
            22.210545023579673
          ],
          [
            120.73821003146286,
            22.210558010200703
          ],
          [
            120.7382084095831,
            22.210570925172902
          ],
          [
            120.7382045070455,
            22.210583408946768
          ],
          [
            120.73819856304573,
            22.210594907459146
          ],
          [
            120.7381,
            22.21075
          ],
          [
            120.73802,
            22.21085
          ],
          [
            120.7379,
            22.21094
          ],
          [
            120.7377,
            22.21107
          ],
          [
            120.73745,
            22.21115
          ],
          [
            120.73729,
            22.21117
          ],
          [
            120.73696,
            22.2112
          ],
          [
            120.73681,
            22.2112
          ],
          [
            120.73651,
            22.21121
          ],
          [
            120.73627,
            22.2112
          ],
          [
            120.73614,
            22.21117
          ],
          [
            120.73603,
            22.21113
          ],
          [
            120.73593,
            22.21104
          ],
          [
            120.7359,
            22.21101
          ],
          [
            120.73579,
            22.21088
          ],
          [
            120.73567,
            22.21076
          ],
          [
            120.73554,
            22.21062
          ],
          [
            120.73534,
            22.21047
          ],
          [
            120.73514,
            22.21038
          ],
          [
            120.73479,
            22.21027
          ],
          [
            120.73442,
            22.21014
          ],
          [
            120.73435,
            22.21013
          ],
          [
            120.73425,
            22.21014
          ],
          [
            120.73375,
            22.21029
          ],
          [
            120.73343,
            22.21043
          ],
          [
            120.73324,
            22.21055
          ],
          [
            120.73312,
            22.21062
          ],
          [
            120.73308,
            22.21065
          ],
          [
            120.73297,
            22.21074
          ],
          [
            120.73284,
            22.21083
          ],
          [
            120.73276,
            22.21086
          ],
          [
            120.73259,
            22.2109
          ],
          [
            120.73258,
            22.2109
          ],
          [
            120.73234,
            22.21092
          ],
          [
            120.73207,
            22.21091
          ],
          [
            120.73192,
            22.21089
          ],
          [
            120.73181,
            22.21087
          ],
          [
            120.7318,
            22.21087
          ],
          [
            120.73171,
            22.21084
          ],
          [
            120.73156,
            22.21078
          ],
          [
            120.73144,
            22.21071
          ],
          [
            120.73131,
            22.21062
          ],
          [
            120.7313,
            22.21061
          ],
          [
            120.7312,
            22.21054
          ],
          [
            120.73097,
            22.21036
          ],
          [
            120.72998127470237,
            22.209472659236216
          ],
          [
            120.72996628368742,
            22.209461201567656
          ],
          [
            120.72994983201566,
            22.209452383410248
          ],
          [
            120.7299320624956,
            22.20944617391866
          ],
          [
            120.7299134471249,
            22.209442738030685
          ],
          [
            120.72989448036881,
            22.209442167011076
          ],
          [
            120.72987550056172,
            22.209444509432007
          ],
          [
            120.72945,
            22.20953
          ],
          [
            120.72941,
            22.20954
          ],
          [
            120.72933,
            22.20955
          ],
          [
            120.72914,
            22.20959
          ],
          [
            120.72886,
            22.20965
          ],
          [
            120.72864,
            22.20969
          ],
          [
            120.72846,
            22.20973
          ],
          [
            120.72835,
            22.20974
          ],
          [
            120.72818,
            22.20977
          ],
          [
            120.72808,
            22.2098
          ],
          [
            120.72802,
            22.20981
          ],
          [
            120.72789,
            22.20984
          ],
          [
            120.72785,
            22.20985
          ],
          [
            120.72771,
            22.20986
          ],
          [
            120.72755,
            22.20985
          ],
          [
            120.72744,
            22.20983
          ],
          [
            120.72733,
            22.20979
          ],
          [
            120.72717,
            22.20971
          ],
          [
            120.72683,
            22.2095
          ],
          [
            120.72665,
            22.2094
          ],
          [
            120.72649,
            22.20932
          ],
          [
            120.72648,
            22.20932
          ],
          [
            120.72641,
            22.20928
          ],
          [
            120.72593,
            22.20906
          ],
          [
            120.72531,
            22.20872
          ],
          [
            120.72515,
            22.20863
          ],
          [
            120.72513,
            22.20862
          ],
          [
            120.72511,
            22.20861
          ],
          [
            120.72427,
            22.20816
          ],
          [
            120.7242,
            22.20813
          ],
          [
            120.72375,
            22.20788
          ],
          [
            120.72251,
            22.20722
          ],
          [
            120.72228,
            22.20709
          ],
          [
            120.72196,
            22.20693
          ],
          [
            120.72172,
            22.20682
          ],
          [
            120.72121579045253,
            22.206595015154946
          ],
          [
            120.72119723951491,
            22.206588424181806
          ],
          [
            120.72117807505893,
            22.206584899858015
          ],
          [
            120.72115854837709,
            22.20658441224798
          ],
          [
            120.72113920906065,
            22.206586975075805
          ],
          [
            120.72112060142737,
            22.206592516209007
          ],
          [
            120.72110293676471,
            22.206601063450066
          ],
          [
            120.72049,
            22.20696
          ],
          [
            120.72048,
            22.20697
          ],
          [
            120.72036,
            22.20704
          ],
          [
            120.72032,
            22.20706
          ],
          [
            120.72019,
            22.20713
          ],
          [
            120.72016,
            22.20715
          ],
          [
            120.72009,
            22.20718
          ],
          [
            120.72,
            22.20721
          ],
          [
            120.71988,
            22.20723
          ],
          [
            120.71978,
            22.20724
          ],
          [
            120.71972,
            22.20725
          ],
          [
            120.71967,
            22.20725
          ],
          [
            120.71963,
            22.20725
          ],
          [
            120.71956,
            22.20724
          ],
          [
            120.71921,
            22.20717
          ],
          [
            120.71915,
            22.20716
          ],
          [
            120.71886,
            22.2071
          ],
          [
            120.7185,
            22.20702
          ],
          [
            120.71836,
            22.20699
          ],
          [
            120.71821,
            22.20696
          ],
          [
            120.71804,
            22.20692
          ],
          [
            120.71792,
            22.20691
          ],
          [
            120.71771,
            22.20688
          ],
          [
            120.71756,
            22.20687
          ],
          [
            120.71735,
            22.20688
          ],
          [
            120.71719,
            22.20689
          ],
          [
            120.71715,
            22.2069
          ],
          [
            120.71696,
            22.20692
          ],
          [
            120.71677,
            22.20695
          ],
          [
            120.71664,
            22.20696
          ],
          [
            120.71658,
            22.20697
          ],
          [
            120.71639,
            22.207
          ],
          [
            120.71606,
            22.20706
          ],
          [
            120.71562,
            22.20712
          ],
          [
            120.7156,
            22.20712
          ],
          [
            120.71528,
            22.20715
          ],
          [
            120.71513,
            22.20715
          ],
          [
            120.71504,
            22.20715
          ],
          [
            120.71502,
            22.20715
          ],
          [
            120.71494,
            22.20714
          ],
          [
            120.71485,
            22.20714
          ],
          [
            120.71469,
            22.20713
          ],
          [
            120.71424,
            22.20711
          ],
          [
            120.71392,
            22.20708
          ],
          [
            120.71371,
            22.2071
          ],
          [
            120.71353,
            22.20712
          ],
          [
            120.7134,
            22.20715
          ],
          [
            120.71327,
            22.2072
          ],
          [
            120.71307,
            22.20728
          ],
          [
            120.71297,
            22.20732
          ],
          [
            120.71289,
            22.20735
          ],
          [
            120.71257,
            22.2075
          ],
          [
            120.71236,
            22.20756
          ],
          [
            120.71224,
            22.2076
          ],
          [
            120.71199,
            22.20767
          ],
          [
            120.7119,
            22.20768
          ],
          [
            120.71179,
            22.20769
          ],
          [
            120.7117,
            22.20769
          ],
          [
            120.71158,
            22.20768
          ],
          [
            120.7113,
            22.20763
          ],
          [
            120.71128,
            22.20763
          ],
          [
            120.71111,
            22.2076
          ],
          [
            120.71092,
            22.20756
          ],
          [
            120.71073,
            22.20752
          ],
          [
            120.71054,
            22.20748
          ],
          [
            120.71035,
            22.20744
          ],
          [
            120.71013,
            22.2074
          ],
          [
            120.70994,
            22.20736
          ],
          [
            120.70956,
            22.20729
          ],
          [
            120.70953,
            22.20729
          ],
          [
            120.70937,
            22.20725
          ],
          [
            120.70918,
            22.20722
          ],
          [
            120.70911,
            22.20723
          ],
          [
            120.7091,
            22.20724
          ],
          [
            120.70908,
            22.20724
          ],
          [
            120.70907,
            22.20723
          ],
          [
            120.7089,
            22.20721
          ],
          [
            120.70776,
            22.20704
          ],
          [
            120.70746,
            22.20698
          ],
          [
            120.7065925938525,
            22.206796415582122
          ],
          [
            120.70658530574046,
            22.20679392195473
          ],
          [
            120.70657888811604,
            22.206789772665207
          ],
          [
            120.706573802751,
            22.20678424650122
          ],
          [
            120.7065703794704,
            22.206777701877023
          ],
          [
            120.70656884030036,
            22.206770563261887
          ],
          [
            120.70656927796439,
            22.20676332920631
          ],
          [
            120.70658,
            22.20671
          ],
          [
            120.70653,
            22.20653
          ],
          [
            120.7065,
            22.20648
          ],
          [
            120.70647,
            22.20642
          ],
          [
            120.70644,
            22.20636
          ],
          [
            120.7064,
            22.20629
          ],
          [
            120.70638,
            22.20625
          ],
          [
            120.70634,
            22.2062
          ],
          [
            120.70628,
            22.20612
          ],
          [
            120.70613,
            22.20596
          ],
          [
            120.70583,
            22.20564
          ],
          [
            120.70531,
            22.20516
          ],
          [
            120.70473,
            22.20464
          ],
          [
            120.70466,
            22.20458
          ],
          [
            120.70437,
            22.20433
          ],
          [
            120.70426,
            22.20424
          ],
          [
            120.70416,
            22.20417
          ],
          [
            120.70404,
            22.20411
          ],
          [
            120.70397,
            22.20408
          ],
          [
            120.70389,
            22.20405
          ],
          [
            120.7038,
            22.20402
          ],
          [
            120.70369,
            22.204
          ],
          [
            120.70357,
            22.20398
          ],
          [
            120.70345,
            22.20398
          ],
          [
            120.7033,
            22.20399
          ],
          [
            120.70316,
            22.20403
          ],
          [
            120.70308,
            22.20406
          ],
          [
            120.70297,
            22.2041
          ],
          [
            120.70273,
            22.20421
          ],
          [
            120.70239,
            22.20435
          ],
          [
            120.70216,
            22.20443
          ],
          [
            120.70208,
            22.20445
          ],
          [
            120.7019,
            22.20449
          ],
          [
            120.70175,
            22.20449
          ],
          [
            120.70164,
            22.20448
          ],
          [
            120.70154,
            22.20446
          ],
          [
            120.70141,
            22.20442
          ],
          [
            120.70125,
            22.20435
          ],
          [
            120.70103,
            22.20421
          ],
          [
            120.70094,
            22.20414
          ],
          [
            120.70085,
            22.20405
          ],
          [
            120.70079,
            22.20399
          ],
          [
            120.70047,
            22.20362
          ],
          [
            120.69985,
            22.20289
          ],
          [
            120.69967,
            22.20268
          ],
          [
            120.69965,
            22.20266
          ],
          [
            120.69915,
            22.20212
          ],
          [
            120.69866,
            22.20161
          ],
          [
            120.69779,
            22.20072
          ],
          [
            120.69748,
            22.2004
          ],
          [
            120.69716,
            22.20007
          ],
          [
            120.69703,
            22.19994
          ],
          [
            120.6969,
            22.19981
          ],
          [
            120.6968,
            22.19971
          ],
          [
            120.69677,
            22.19968
          ],
          [
            120.69664,
            22.19954
          ],
          [
            120.69645,
            22.19934
          ],
          [
            120.69638,
            22.19927
          ],
          [
            120.69626,
            22.19913
          ],
          [
            120.69615,
            22.19901
          ],
          [
            120.69614,
            22.19899
          ],
          [
            120.69608,
            22.19893
          ],
          [
            120.69602,
            22.19885
          ],
          [
            120.69568,
            22.19841
          ],
          [
            120.6956,
            22.19832
          ],
          [
            120.69542,
            22.19808
          ],
          [
            120.69533,
            22.19798
          ],
          [
            120.69511,
            22.19772
          ],
          [
            120.69508,
            22.19769
          ],
          [
            120.69502,
            22.19763
          ],
          [
            120.69485,
            22.19745
          ],
          [
            120.69465,
            22.19728
          ],
          [
            120.69459,
            22.19723
          ],
          [
            120.69453,
            22.19718
          ],
          [
            120.69445,
            22.19713
          ],
          [
            120.69433,
            22.19704
          ],
          [
            120.69405,
            22.19687
          ],
          [
            120.69381,
            22.19673
          ],
          [
            120.69373,
            22.19668
          ],
          [
            120.69347,
            22.19648
          ],
          [
            120.69333,
            22.19638
          ],
          [
            120.69326,
            22.1963
          ],
          [
            120.6932,
            22.19623
          ],
          [
            120.69319,
            22.19622
          ],
          [
            120.693,
            22.196
          ],
          [
            120.69284,
            22.1958
          ],
          [
            120.69261,
            22.19551
          ],
          [
            120.69215700926104,
            22.19489055657742
          ],
          [
            120.69213203317794,
            22.194865667388644
          ],
          [
            120.69210036870362,
            22.19484934743809
          ],
          [
            120.69206486017727,
            22.194842879269945
          ],
          [
            120.69202893669589,
            22.194846887522242
          ],
          [
            120.69199606742913,
            22.194860985113692
          ],
          [
            120.69196917931332,
            22.194884101945643
          ],
          [
            120.69181,
            22.19507
          ],
          [
            120.69176,
            22.19512
          ],
          [
            120.69163,
            22.19526
          ],
          [
            120.69137,
            22.19553
          ],
          [
            120.69127,
            22.19563
          ],
          [
            120.69089,
            22.196
          ],
          [
            120.69052,
            22.19636
          ],
          [
            120.69033,
            22.19656
          ],
          [
            120.69016,
            22.19674
          ],
          [
            120.68993,
            22.19704
          ],
          [
            120.68978,
            22.19727
          ],
          [
            120.68964,
            22.19761
          ],
          [
            120.68963,
            22.19764
          ],
          [
            120.6895,
            22.198
          ],
          [
            120.68928,
            22.19893
          ],
          [
            120.68924,
            22.19911
          ],
          [
            120.68924,
            22.19913
          ],
          [
            120.6892,
            22.19928
          ],
          [
            120.68918,
            22.19935
          ],
          [
            120.68912,
            22.19959
          ],
          [
            120.68892,
            22.20042
          ],
          [
            120.68872,
            22.20128
          ],
          [
            120.6887,
            22.20137
          ],
          [
            120.68865,
            22.20159
          ],
          [
            120.68827,
            22.20321
          ],
          [
            120.68818,
            22.20362
          ],
          [
            120.68815,
            22.20375
          ],
          [
            120.68795,
            22.20463
          ],
          [
            120.6879,
            22.20483
          ],
          [
            120.68788,
            22.2049
          ],
          [
            120.68778,
            22.2053
          ],
          [
            120.68765,
            22.2057
          ],
          [
            120.6876,
            22.20587
          ],
          [
            120.68754,
            22.20602
          ],
          [
            120.68747,
            22.20619
          ],
          [
            120.68741,
            22.20635
          ],
          [
            120.68739,
            22.20641
          ],
          [
            120.68734,
            22.20652
          ],
          [
            120.68728,
            22.20669
          ],
          [
            120.68716,
            22.20699
          ],
          [
            120.68701,
            22.20733
          ],
          [
            120.68687,
            22.20767
          ],
          [
            120.68655,
            22.20845
          ],
          [
            120.6863,
            22.20903
          ],
          [
            120.68624,
            22.20918
          ],
          [
            120.68619,
            22.2093
          ],
          [
            120.68604,
            22.20962
          ],
          [
            120.6858,
            22.21017
          ],
          [
            120.68567,
            22.21043
          ],
          [
            120.68551,
            22.2107
          ],
          [
            120.68548,
            22.21074
          ],
          [
            120.68517,
            22.21123
          ],
          [
            120.68479,
            22.21181
          ],
          [
            120.68448,
            22.21225
          ],
          [
            120.6842,
            22.2127
          ],
          [
            120.68383,
            22.21324
          ],
          [
            120.68364,
            22.21353
          ],
          [
            120.6834,
            22.2139
          ],
          [
            120.68314,
            22.2143
          ],
          [
            120.68288,
            22.21467
          ],
          [
            120.68262,
            22.21502
          ],
          [
            120.68261,
            22.21504
          ],
          [
            120.6826,
            22.21505
          ],
          [
            120.6824,
            22.2153
          ],
          [
            120.68214,
            22.21563
          ],
          [
            120.68187,
            22.21596
          ],
          [
            120.68161,
            22.21628
          ],
          [
            120.68124,
            22.21674
          ],
          [
            120.68121,
            22.21677
          ],
          [
            120.68099,
            22.21702
          ],
          [
            120.68068,
            22.21733
          ],
          [
            120.68023,
            22.21777
          ],
          [
            120.68016,
            22.21783
          ],
          [
            120.68016,
            22.21784
          ],
          [
            120.68003,
            22.21796
          ],
          [
            120.67991,
            22.21807
          ],
          [
            120.67989,
            22.21809
          ],
          [
            120.67975,
            22.21821
          ],
          [
            120.67962,
            22.21834
          ],
          [
            120.67953,
            22.21842
          ],
          [
            120.67934,
            22.2186
          ],
          [
            120.67924,
            22.2187
          ],
          [
            120.67898,
            22.21897
          ],
          [
            120.67887,
            22.21913
          ],
          [
            120.67881,
            22.21922
          ],
          [
            120.67874,
            22.21934
          ],
          [
            120.67869,
            22.21944
          ],
          [
            120.67865,
            22.21959
          ],
          [
            120.67862,
            22.21973
          ],
          [
            120.67859,
            22.21983
          ],
          [
            120.67855,
            22.22
          ],
          [
            120.6785,
            22.22018
          ],
          [
            120.67847,
            22.2203
          ],
          [
            120.67836,
            22.22074
          ],
          [
            120.67834,
            22.22084
          ],
          [
            120.67831,
            22.22093
          ],
          [
            120.67824,
            22.2211
          ],
          [
            120.67811,
            22.22133
          ],
          [
            120.67794,
            22.22161
          ],
          [
            120.6778,
            22.22182
          ],
          [
            120.67767,
            22.22204
          ],
          [
            120.67757,
            22.22226
          ],
          [
            120.67755,
            22.22233
          ],
          [
            120.67752,
            22.22246
          ],
          [
            120.67752,
            22.2225
          ],
          [
            120.67751,
            22.22267
          ],
          [
            120.67754,
            22.22284
          ],
          [
            120.6776,
            22.22306
          ],
          [
            120.67768,
            22.22328
          ],
          [
            120.67778,
            22.22354
          ],
          [
            120.67778,
            22.22355
          ],
          [
            120.67784,
            22.22371
          ],
          [
            120.67787,
            22.22384
          ],
          [
            120.67789,
            22.22397
          ],
          [
            120.67789,
            22.2241
          ],
          [
            120.67787,
            22.22425
          ],
          [
            120.67787,
            22.22428
          ],
          [
            120.67782,
            22.22445
          ],
          [
            120.67778,
            22.22456
          ],
          [
            120.67771,
            22.22467
          ],
          [
            120.67761,
            22.22479
          ],
          [
            120.67749,
            22.22492
          ],
          [
            120.67733,
            22.22503
          ],
          [
            120.67718,
            22.22511
          ],
          [
            120.67707,
            22.22517
          ],
          [
            120.67688,
            22.22526
          ],
          [
            120.67673,
            22.22533
          ],
          [
            120.67659,
            22.2254
          ],
          [
            120.67649,
            22.22546
          ],
          [
            120.67641,
            22.22551
          ],
          [
            120.67633,
            22.22557
          ],
          [
            120.67622,
            22.22566
          ],
          [
            120.67613,
            22.22575
          ],
          [
            120.67609,
            22.22579
          ],
          [
            120.67603,
            22.22587
          ],
          [
            120.67597,
            22.22597
          ],
          [
            120.6759,
            22.22608
          ],
          [
            120.67585,
            22.22619
          ],
          [
            120.67579,
            22.22634
          ],
          [
            120.67572,
            22.22657
          ],
          [
            120.6757,
            22.22674
          ],
          [
            120.6757,
            22.22688
          ],
          [
            120.67572,
            22.22704
          ],
          [
            120.67574,
            22.22718
          ],
          [
            120.67583,
            22.22758
          ],
          [
            120.67585,
            22.22773
          ],
          [
            120.67587,
            22.22786
          ],
          [
            120.67587,
            22.22809
          ],
          [
            120.67585,
            22.22831
          ],
          [
            120.67581,
            22.22847
          ],
          [
            120.67576,
            22.22864
          ],
          [
            120.6757,
            22.22881
          ],
          [
            120.67565,
            22.22891
          ],
          [
            120.67548,
            22.2292
          ],
          [
            120.67529,
            22.22942
          ],
          [
            120.67496,
            22.22975
          ],
          [
            120.67474,
            22.23
          ],
          [
            120.67462,
            22.23016
          ],
          [
            120.67446,
            22.23041
          ],
          [
            120.67432,
            22.23065
          ],
          [
            120.67422,
            22.23087
          ],
          [
            120.67415,
            22.23105
          ],
          [
            120.67408,
            22.23123
          ],
          [
            120.67402,
            22.2314
          ],
          [
            120.67401,
            22.23145
          ],
          [
            120.67387,
            22.23183
          ],
          [
            120.67369,
            22.23225
          ],
          [
            120.67354,
            22.23257
          ],
          [
            120.67337,
            22.2329
          ],
          [
            120.67297,
            22.23371
          ],
          [
            120.6728,
            22.23402
          ],
          [
            120.67267,
            22.23424
          ],
          [
            120.67263,
            22.23431
          ],
          [
            120.67244,
            22.23456
          ],
          [
            120.67216,
            22.23491
          ],
          [
            120.67213,
            22.23495
          ],
          [
            120.67197,
            22.23515
          ],
          [
            120.67196,
            22.23516
          ],
          [
            120.67185,
            22.2353
          ],
          [
            120.67171,
            22.23547
          ],
          [
            120.67151,
            22.23571
          ],
          [
            120.67126,
            22.23603
          ],
          [
            120.67093,
            22.23643
          ],
          [
            120.67072,
            22.2367
          ],
          [
            120.67043,
            22.23707
          ],
          [
            120.66996,
            22.23766
          ],
          [
            120.66989,
            22.23776
          ],
          [
            120.66924,
            22.23856
          ],
          [
            120.66867,
            22.23928
          ],
          [
            120.6686,
            22.23935
          ],
          [
            120.6678,
            22.24016
          ],
          [
            120.66743,
            22.24055
          ],
          [
            120.66687,
            22.24109
          ],
          [
            120.66663,
            22.24134
          ],
          [
            120.66644,
            22.24152
          ],
          [
            120.66612,
            22.24181
          ],
          [
            120.66521,
            22.24264
          ],
          [
            120.66512,
            22.24272
          ],
          [
            120.66484,
            22.24297
          ],
          [
            120.66451,
            22.24327
          ],
          [
            120.66437,
            22.2434
          ],
          [
            120.66419,
            22.24356
          ],
          [
            120.66418,
            22.24357
          ],
          [
            120.66409,
            22.24366
          ],
          [
            120.66394,
            22.24379
          ],
          [
            120.66366,
            22.24404
          ],
          [
            120.66352,
            22.24417
          ],
          [
            120.66324,
            22.24442
          ],
          [
            120.66311,
            22.24455
          ],
          [
            120.66283,
            22.2448
          ],
          [
            120.66184,
            22.24567
          ],
          [
            120.66181,
            22.2457
          ],
          [
            120.66094,
            22.24647
          ],
          [
            120.66085,
            22.24655
          ],
          [
            120.66072,
            22.24668
          ],
          [
            120.6603,
            22.24705
          ],
          [
            120.65942,
            22.24788
          ],
          [
            120.65902,
            22.2482
          ],
          [
            120.65848,
            22.24858
          ],
          [
            120.6582,
            22.24879
          ],
          [
            120.65799,
            22.24895
          ],
          [
            120.65784,
            22.24908
          ],
          [
            120.65777,
            22.24915
          ],
          [
            120.65765,
            22.24928
          ],
          [
            120.65746,
            22.2495
          ],
          [
            120.65743,
            22.24954
          ],
          [
            120.65732,
            22.24968
          ],
          [
            120.65721,
            22.24985
          ],
          [
            120.65712,
            22.25003
          ],
          [
            120.65702,
            22.25027
          ],
          [
            120.65693,
            22.25057
          ],
          [
            120.65677,
            22.25108
          ],
          [
            120.65657,
            22.25165
          ],
          [
            120.65654,
            22.25173
          ],
          [
            120.6565,
            22.25182
          ],
          [
            120.6563,
            22.25221
          ],
          [
            120.65607,
            22.25263
          ],
          [
            120.65587,
            22.25303
          ],
          [
            120.65525,
            22.25424
          ],
          [
            120.65511,
            22.25453
          ],
          [
            120.65493,
            22.25488
          ],
          [
            120.65477,
            22.25521
          ],
          [
            120.65361,
            22.25747
          ],
          [
            120.65337,
            22.25795
          ],
          [
            120.65323,
            22.25821
          ],
          [
            120.65314,
            22.25842
          ],
          [
            120.65306,
            22.25857
          ],
          [
            120.653,
            22.25874
          ],
          [
            120.65295,
            22.25892
          ],
          [
            120.65294,
            22.25895
          ],
          [
            120.6529,
            22.25905
          ],
          [
            120.65289,
            22.25912
          ],
          [
            120.65288,
            22.25922
          ],
          [
            120.65285,
            22.25947
          ],
          [
            120.65285,
            22.2596
          ],
          [
            120.65287,
            22.25982
          ],
          [
            120.65293,
            22.26041
          ],
          [
            120.65305,
            22.26163
          ],
          [
            120.65315,
            22.26252
          ],
          [
            120.65317,
            22.26289
          ],
          [
            120.65322,
            22.26342
          ],
          [
            120.65323,
            22.26349
          ],
          [
            120.65326,
            22.2638
          ],
          [
            120.65329,
            22.26409
          ],
          [
            120.6533,
            22.26432
          ],
          [
            120.6533,
            22.26439
          ],
          [
            120.6533,
            22.26447
          ],
          [
            120.65329,
            22.26479
          ],
          [
            120.65326,
            22.26511
          ],
          [
            120.65325,
            22.26526
          ],
          [
            120.6532,
            22.26606
          ],
          [
            120.65316,
            22.26649
          ],
          [
            120.65314,
            22.26668
          ],
          [
            120.65311,
            22.26699
          ],
          [
            120.65307,
            22.26734
          ],
          [
            120.65307,
            22.26735
          ],
          [
            120.65303,
            22.26752
          ],
          [
            120.65302,
            22.26762
          ],
          [
            120.653,
            22.2677
          ],
          [
            120.65298,
            22.26781
          ],
          [
            120.65297,
            22.26788
          ],
          [
            120.65294,
            22.26806
          ],
          [
            120.65293,
            22.26809
          ],
          [
            120.65287,
            22.26835
          ],
          [
            120.65283,
            22.26853
          ],
          [
            120.65276,
            22.26877
          ],
          [
            120.65269,
            22.26892
          ],
          [
            120.6526,
            22.26911
          ],
          [
            120.6525,
            22.26929
          ],
          [
            120.65227,
            22.26967
          ],
          [
            120.65208,
            22.26997
          ],
          [
            120.65174,
            22.27055
          ],
          [
            120.65144,
            22.27102
          ],
          [
            120.65143,
            22.27105
          ],
          [
            120.65135,
            22.27118
          ],
          [
            120.65133,
            22.27121
          ],
          [
            120.65116,
            22.27149
          ],
          [
            120.65106,
            22.27165
          ],
          [
            120.65105,
            22.27167
          ],
          [
            120.65084,
            22.27203
          ],
          [
            120.65073,
            22.27224
          ],
          [
            120.65059,
            22.27254
          ],
          [
            120.65046,
            22.27289
          ],
          [
            120.65032,
            22.27334
          ],
          [
            120.65016,
            22.27383
          ],
          [
            120.65004,
            22.2742
          ],
          [
            120.64983,
            22.27482
          ],
          [
            120.64967,
            22.27533
          ],
          [
            120.64959,
            22.27574
          ],
          [
            120.64954,
            22.27614
          ],
          [
            120.64948,
            22.27672
          ],
          [
            120.64941,
            22.27717
          ],
          [
            120.64934,
            22.27758
          ],
          [
            120.64914,
            22.27852
          ],
          [
            120.64906,
            22.27889
          ],
          [
            120.64896,
            22.2793
          ],
          [
            120.64883,
            22.27963
          ],
          [
            120.64877,
            22.27975
          ],
          [
            120.64856,
            22.28022
          ],
          [
            120.64848,
            22.28038
          ],
          [
            120.64841,
            22.28055
          ],
          [
            120.64833,
            22.28072
          ],
          [
            120.64811,
            22.28121
          ],
          [
            120.64803,
            22.28138
          ],
          [
            120.64795,
            22.28154
          ],
          [
            120.64789,
            22.2817
          ],
          [
            120.64788,
            22.28171
          ],
          [
            120.64775,
            22.282
          ],
          [
            120.64759,
            22.28238
          ],
          [
            120.64744,
            22.28271
          ],
          [
            120.64737,
            22.28288
          ],
          [
            120.64717,
            22.28333
          ],
          [
            120.64713,
            22.28343
          ],
          [
            120.64709,
            22.2835
          ],
          [
            120.64707,
            22.28354
          ],
          [
            120.64699,
            22.2837
          ],
          [
            120.64688,
            22.28391
          ],
          [
            120.64681,
            22.28402
          ],
          [
            120.64676,
            22.2841
          ],
          [
            120.6467,
            22.28417
          ],
          [
            120.64659,
            22.28432
          ],
          [
            120.64648,
            22.28447
          ],
          [
            120.64641,
            22.28455
          ],
          [
            120.64636,
            22.28461
          ],
          [
            120.64613,
            22.28489
          ],
          [
            120.64596,
            22.28512
          ],
          [
            120.64586,
            22.28529
          ],
          [
            120.64585,
            22.28533
          ],
          [
            120.64575,
            22.28551
          ],
          [
            120.64566,
            22.28572
          ],
          [
            120.64557,
            22.28596
          ],
          [
            120.64549,
            22.28619
          ],
          [
            120.64536,
            22.28656
          ],
          [
            120.64532,
            22.28668
          ],
          [
            120.6451,
            22.28736
          ],
          [
            120.64507,
            22.28744
          ],
          [
            120.64484,
            22.28817
          ],
          [
            120.64455,
            22.28911
          ],
          [
            120.64448,
            22.28935
          ],
          [
            120.64423,
            22.29021
          ],
          [
            120.64413,
            22.29056
          ],
          [
            120.64413,
            22.29059
          ],
          [
            120.64401,
            22.29101
          ],
          [
            120.64397,
            22.29126
          ],
          [
            120.64394,
            22.29149
          ],
          [
            120.64394,
            22.2916
          ],
          [
            120.64394,
            22.29181
          ],
          [
            120.64396,
            22.29209
          ],
          [
            120.64397,
            22.29216
          ],
          [
            120.64417,
            22.29412
          ],
          [
            120.64417,
            22.29414
          ],
          [
            120.64422,
            22.29458
          ],
          [
            120.64425,
            22.29493
          ],
          [
            120.64427,
            22.29525
          ],
          [
            120.64427,
            22.29546
          ],
          [
            120.64426,
            22.29566
          ],
          [
            120.64424,
            22.29591
          ],
          [
            120.64423,
            22.29603
          ],
          [
            120.64421,
            22.29628
          ],
          [
            120.64419,
            22.29656
          ],
          [
            120.64412,
            22.29735
          ],
          [
            120.64406,
            22.29799
          ],
          [
            120.64403,
            22.29834
          ],
          [
            120.64396,
            22.29904
          ],
          [
            120.64392,
            22.2993
          ],
          [
            120.64378,
            22.30019
          ],
          [
            120.64368,
            22.30076
          ],
          [
            120.64361,
            22.30119
          ],
          [
            120.64355,
            22.30163
          ],
          [
            120.64343,
            22.30219
          ],
          [
            120.64335,
            22.3025
          ],
          [
            120.64327,
            22.30271
          ],
          [
            120.6431,
            22.30313
          ],
          [
            120.64256,
            22.30449
          ],
          [
            120.64254,
            22.30453
          ],
          [
            120.64243,
            22.30481
          ],
          [
            120.64239,
            22.30496
          ],
          [
            120.64235,
            22.30515
          ],
          [
            120.64233,
            22.30529
          ],
          [
            120.64231,
            22.30546
          ],
          [
            120.6423,
            22.30582
          ],
          [
            120.6423,
            22.30597
          ],
          [
            120.6423,
            22.30626
          ],
          [
            120.64228,
            22.30669
          ],
          [
            120.64226,
            22.30685
          ],
          [
            120.64224,
            22.30695
          ],
          [
            120.64223,
            22.30699
          ],
          [
            120.64223,
            22.307
          ],
          [
            120.64218,
            22.30717
          ],
          [
            120.64211,
            22.3074
          ],
          [
            120.64202,
            22.30764
          ],
          [
            120.64198,
            22.30771
          ],
          [
            120.64195,
            22.30777
          ],
          [
            120.64188,
            22.30789
          ],
          [
            120.64182,
            22.30798
          ],
          [
            120.64146,
            22.30856
          ],
          [
            120.6412,
            22.30892
          ],
          [
            120.64111,
            22.30907
          ],
          [
            120.64092,
            22.30934
          ],
          [
            120.64088,
            22.3094
          ],
          [
            120.64085,
            22.30944
          ],
          [
            120.64069,
            22.30968
          ],
          [
            120.64046,
            22.31003
          ],
          [
            120.64022,
            22.31039
          ],
          [
            120.6401,
            22.31054
          ],
          [
            120.63983,
            22.3109
          ],
          [
            120.63974,
            22.311
          ],
          [
            120.63953,
            22.31121
          ],
          [
            120.63933,
            22.31137
          ],
          [
            120.63909,
            22.3116
          ],
          [
            120.63886,
            22.3118
          ],
          [
            120.63864,
            22.31204
          ],
          [
            120.63846,
            22.31224
          ],
          [
            120.63827,
            22.31244
          ],
          [
            120.6378,
            22.313
          ],
          [
            120.6368,
            22.31414
          ],
          [
            120.63624,
            22.31476
          ],
          [
            120.63569,
            22.31536
          ],
          [
            120.63559,
            22.31549
          ],
          [
            120.63523,
            22.3159
          ],
          [
            120.6348,
            22.31641
          ],
          [
            120.63461,
            22.31662
          ],
          [
            120.63436,
            22.31692
          ],
          [
            120.6343,
            22.317
          ],
          [
            120.63408,
            22.31729
          ],
          [
            120.63245,
            22.31943
          ],
          [
            120.63155,
            22.32059
          ],
          [
            120.63138,
            22.32082
          ],
          [
            120.63133,
            22.32089
          ],
          [
            120.63121,
            22.32103
          ],
          [
            120.63104,
            22.32126
          ],
          [
            120.63099,
            22.32132
          ],
          [
            120.63087,
            22.32147
          ],
          [
            120.63086,
            22.32149
          ],
          [
            120.63076,
            22.32162
          ],
          [
            120.63049,
            22.32197
          ],
          [
            120.63033,
            22.3222
          ],
          [
            120.6303,
            22.32224
          ],
          [
            120.63021,
            22.32234
          ],
          [
            120.6301,
            22.32249
          ],
          [
            120.63,
            22.3226
          ],
          [
            120.62998,
            22.32263
          ],
          [
            120.62988,
            22.32274
          ],
          [
            120.62945,
            22.32316
          ],
          [
            120.62924,
            22.32334
          ],
          [
            120.62887,
            22.32363
          ],
          [
            120.62884,
            22.32364
          ],
          [
            120.62866,
            22.32377
          ],
          [
            120.62856,
            22.32384
          ],
          [
            120.62843,
            22.32393
          ],
          [
            120.62804,
            22.32418
          ],
          [
            120.62735,
            22.32463
          ],
          [
            120.62724,
            22.32469
          ],
          [
            120.62708,
            22.3248
          ],
          [
            120.62674,
            22.32502
          ],
          [
            120.62584,
            22.32561
          ],
          [
            120.6253,
            22.32596
          ],
          [
            120.62517,
            22.32605
          ],
          [
            120.62485,
            22.32625
          ],
          [
            120.62478,
            22.32629
          ],
          [
            120.62469,
            22.32635
          ],
          [
            120.62441,
            22.32652
          ],
          [
            120.62415,
            22.3267
          ],
          [
            120.62387,
            22.32691
          ],
          [
            120.62335,
            22.32736
          ],
          [
            120.62321,
            22.32748
          ],
          [
            120.62285,
            22.32781
          ],
          [
            120.62233,
            22.32825
          ],
          [
            120.62164,
            22.32887
          ],
          [
            120.62159,
            22.32892
          ],
          [
            120.62091,
            22.3295
          ],
          [
            120.62059,
            22.3298
          ],
          [
            120.62005,
            22.33028
          ],
          [
            120.61998,
            22.33035
          ],
          [
            120.61966,
            22.33064
          ],
          [
            120.61866,
            22.33153
          ],
          [
            120.61839,
            22.33179
          ],
          [
            120.61687,
            22.33332
          ],
          [
            120.61643,
            22.33373
          ],
          [
            120.61601,
            22.33413
          ],
          [
            120.61579,
            22.33437
          ],
          [
            120.61551,
            22.33466
          ],
          [
            120.61541,
            22.33476
          ],
          [
            120.61534,
            22.33485
          ],
          [
            120.61519,
            22.33505
          ],
          [
            120.61508,
            22.33521
          ],
          [
            120.61491,
            22.33553
          ],
          [
            120.61478,
            22.33584
          ],
          [
            120.61457,
            22.33647
          ],
          [
            120.6142,
            22.33754
          ],
          [
            120.61415,
            22.33766
          ],
          [
            120.61383,
            22.33867
          ],
          [
            120.61367,
            22.33919
          ],
          [
            120.61365,
            22.33924
          ],
          [
            120.61349,
            22.33982
          ],
          [
            120.61339,
            22.34022
          ],
          [
            120.61332,
            22.34042
          ],
          [
            120.6133,
            22.34049
          ],
          [
            120.61315,
            22.34087
          ],
          [
            120.61301,
            22.34113
          ],
          [
            120.6129,
            22.34132
          ],
          [
            120.61283,
            22.34142
          ],
          [
            120.61186,
            22.34294
          ],
          [
            120.61176,
            22.34309
          ],
          [
            120.61157,
            22.3434
          ],
          [
            120.61147,
            22.34356
          ],
          [
            120.61131,
            22.34379
          ],
          [
            120.61095,
            22.34437
          ],
          [
            120.61055,
            22.34497
          ],
          [
            120.61025,
            22.34546
          ],
          [
            120.61007,
            22.34576
          ],
          [
            120.61,
            22.34588
          ],
          [
            120.60933744343075,
            22.346939502663627
          ],
          [
            120.60933292666935,
            22.346945384341744
          ],
          [
            120.60932737858528,
            22.34695027864267
          ],
          [
            120.60932093744509,
            22.346954108166532
          ],
          [
            120.6093138353789,
            22.346956734902346
          ],
          [
            120.60930632833583,
            22.346958064186033
          ],
          [
            120.60929865952431,
            22.346958045618038
          ],
          [
            120.60921,
            22.34695
          ],
          [
            120.6092,
            22.34695
          ],
          [
            120.60918,
            22.34696
          ],
          [
            120.60914,
            22.34697
          ],
          [
            120.6091,
            22.347
          ],
          [
            120.60881,
            22.34718
          ],
          [
            120.60837,
            22.34737
          ],
          [
            120.60826,
            22.34739
          ],
          [
            120.60803,
            22.34746
          ],
          [
            120.60738,
            22.34766
          ],
          [
            120.60707,
            22.34776
          ],
          [
            120.60674,
            22.34788
          ],
          [
            120.60645,
            22.34804
          ],
          [
            120.60637,
            22.34811
          ],
          [
            120.60624,
            22.34821
          ],
          [
            120.60614,
            22.34829
          ],
          [
            120.60556,
            22.34887
          ],
          [
            120.60478,
            22.34964
          ],
          [
            120.60351,
            22.35088
          ],
          [
            120.60318,
            22.3512
          ],
          [
            120.60267,
            22.35171
          ],
          [
            120.60249,
            22.35189
          ],
          [
            120.60153,
            22.35282
          ],
          [
            120.60136,
            22.35317
          ],
          [
            120.60069,
            22.35505
          ],
          [
            120.60055,
            22.35535
          ],
          [
            120.60032,
            22.35585
          ],
          [
            120.60019,
            22.35615
          ],
          [
            120.60004,
            22.35635
          ],
          [
            120.59981,
            22.35679
          ],
          [
            120.59972,
            22.35697
          ],
          [
            120.59965,
            22.35711
          ],
          [
            120.59943,
            22.35738
          ],
          [
            120.59927,
            22.35756
          ],
          [
            120.59921,
            22.35763
          ],
          [
            120.59911,
            22.35776
          ],
          [
            120.59886,
            22.35806
          ],
          [
            120.59881,
            22.35813
          ],
          [
            120.5985,
            22.35847
          ],
          [
            120.59845,
            22.35854
          ],
          [
            120.59819,
            22.35886
          ],
          [
            120.59801,
            22.35904
          ],
          [
            120.59791,
            22.35915
          ],
          [
            120.59783,
            22.35925
          ],
          [
            120.5978,
            22.3593
          ],
          [
            120.59771,
            22.35943
          ],
          [
            120.59766,
            22.3595
          ],
          [
            120.59764,
            22.35955
          ],
          [
            120.59758,
            22.35973
          ],
          [
            120.59758,
            22.35974
          ],
          [
            120.59753,
            22.35986
          ],
          [
            120.5975,
            22.35991
          ],
          [
            120.59742,
            22.36003
          ],
          [
            120.59727,
            22.36019
          ],
          [
            120.5972,
            22.36028
          ],
          [
            120.59719,
            22.36029
          ],
          [
            120.59706,
            22.36044
          ],
          [
            120.59698,
            22.36054
          ],
          [
            120.59694,
            22.36058
          ],
          [
            120.59672,
            22.36083
          ],
          [
            120.59651,
            22.36109
          ],
          [
            120.59633,
            22.36131
          ],
          [
            120.5962,
            22.36148
          ],
          [
            120.59607,
            22.36169
          ],
          [
            120.59607,
            22.36171
          ],
          [
            120.59603,
            22.36181
          ],
          [
            120.59581,
            22.36207
          ],
          [
            120.59571,
            22.36218
          ],
          [
            120.59551,
            22.36234
          ],
          [
            120.59539,
            22.36242
          ],
          [
            120.59533,
            22.36246
          ],
          [
            120.59504,
            22.36265
          ],
          [
            120.5946,
            22.36296
          ],
          [
            120.59442,
            22.36309
          ],
          [
            120.59433,
            22.36328
          ],
          [
            120.59418,
            22.36362
          ],
          [
            120.59411,
            22.36378
          ],
          [
            120.59396,
            22.36412
          ],
          [
            120.5939,
            22.36424
          ],
          [
            120.59346,
            22.36511
          ],
          [
            120.59321,
            22.36561
          ],
          [
            120.59283995649253,
            22.36638716311983
          ],
          [
            120.59283228069877,
            22.366409910572138
          ],
          [
            120.5928301307675,
            22.366433951895612
          ],
          [
            120.59283373518771,
            22.366457841771403
          ],
          [
            120.59284291595515,
            22.36648040039809
          ],
          [
            120.59285721967761,
            22.366500513717973
          ],
          [
            120.59287562585743,
            22.36651696440798
          ],
          [
            120.59319,
            22.36674
          ],
          [
            120.59324,
            22.36677
          ],
          [
            120.59335,
            22.36685
          ],
          [
            120.5936,
            22.36701
          ],
          [
            120.59394,
            22.36722
          ],
          [
            120.59414,
            22.36733
          ],
          [
            120.59498615290374,
            22.36785818541731
          ],
          [
            120.59499181806379,
            22.367862722725295
          ],
          [
            120.59499625704343,
            22.367868440233458
          ],
          [
            120.59499913659424,
            22.36787496618634
          ],
          [
            120.5950002969059,
            22.367881938404413
          ],
          [
            120.594999673583,
            22.367888969941195
          ],
          [
            120.59499733766319,
            22.3678955975534
          ],
          [
            120.59497,
            22.36795
          ],
          [
            120.59499733756093,
            22.367895597782866
          ],
          [
            120.59499967345866,
            22.367888970215763
          ],
          [
            120.59500029678048,
            22.367881938729454
          ],
          [
            120.5949991364838,
            22.3678749665602
          ],
          [
            120.59499625696287,
            22.36786844065036
          ],
          [
            120.59499181802576,
            22.367862723175723
          ],
          [
            120.5949861529193,
            22.36785818588585
          ],
          [
            120.59414,
            22.36733
          ],
          [
            120.59394,
            22.36722
          ],
          [
            120.5936,
            22.36701
          ],
          [
            120.59287628522983,
            22.36654492497822
          ],
          [
            120.59285665126633,
            22.366528891077962
          ],
          [
            120.59284115443991,
            22.366508877636708
          ],
          [
            120.59283091074822,
            22.366486122109723
          ],
          [
            120.59282644939682,
            22.366461800084014
          ],
          [
            120.59282800086626,
            22.36643716807442
          ],
          [
            120.59283537096456,
            22.366413750385725
          ],
          [
            120.59296,
            22.36614
          ],
          [
            120.5931,
            22.36584
          ],
          [
            120.59321,
            22.36561
          ],
          [
            120.59346,
            22.36511
          ],
          [
            120.5939,
            22.36424
          ],
          [
            120.59396,
            22.36412
          ],
          [
            120.59411,
            22.36378
          ],
          [
            120.59418,
            22.36362
          ],
          [
            120.59433,
            22.36328
          ],
          [
            120.59442,
            22.36309
          ],
          [
            120.5946,
            22.36296
          ],
          [
            120.59504,
            22.36265
          ],
          [
            120.59533,
            22.36246
          ],
          [
            120.59539,
            22.36242
          ],
          [
            120.59551,
            22.36234
          ],
          [
            120.59571,
            22.36218
          ],
          [
            120.59581,
            22.36207
          ],
          [
            120.59603,
            22.36181
          ],
          [
            120.59607,
            22.36171
          ],
          [
            120.59607,
            22.36169
          ],
          [
            120.5962,
            22.36148
          ],
          [
            120.59633,
            22.36131
          ],
          [
            120.59651,
            22.36109
          ],
          [
            120.59672,
            22.36083
          ],
          [
            120.59694,
            22.36058
          ],
          [
            120.59698,
            22.36054
          ],
          [
            120.59706,
            22.36044
          ],
          [
            120.59719,
            22.36029
          ],
          [
            120.5972,
            22.36028
          ],
          [
            120.59727,
            22.36019
          ],
          [
            120.59742,
            22.36003
          ],
          [
            120.5975,
            22.35991
          ],
          [
            120.59753,
            22.35986
          ],
          [
            120.59758,
            22.35974
          ],
          [
            120.59758,
            22.35973
          ],
          [
            120.59764,
            22.35955
          ],
          [
            120.59766,
            22.3595
          ],
          [
            120.59771,
            22.35943
          ],
          [
            120.5978,
            22.3593
          ],
          [
            120.59783,
            22.35925
          ],
          [
            120.59791,
            22.35915
          ],
          [
            120.59801,
            22.35904
          ],
          [
            120.59819,
            22.35886
          ],
          [
            120.59845,
            22.35854
          ],
          [
            120.5985,
            22.35847
          ],
          [
            120.59881,
            22.35813
          ],
          [
            120.59886,
            22.35806
          ],
          [
            120.59911,
            22.35776
          ],
          [
            120.59921,
            22.35763
          ],
          [
            120.59927,
            22.35756
          ],
          [
            120.59943,
            22.35738
          ],
          [
            120.59965,
            22.35711
          ],
          [
            120.59972,
            22.35697
          ],
          [
            120.59981,
            22.35679
          ],
          [
            120.60004,
            22.35635
          ],
          [
            120.60019,
            22.35615
          ],
          [
            120.60032,
            22.35585
          ],
          [
            120.60055,
            22.35535
          ],
          [
            120.60069,
            22.35505
          ],
          [
            120.60136,
            22.35317
          ],
          [
            120.60153,
            22.35282
          ],
          [
            120.60249,
            22.35189
          ],
          [
            120.60267,
            22.35171
          ],
          [
            120.60318,
            22.3512
          ],
          [
            120.60351,
            22.35088
          ],
          [
            120.60478,
            22.34964
          ],
          [
            120.60556,
            22.34887
          ],
          [
            120.60614,
            22.34829
          ],
          [
            120.60624,
            22.34821
          ],
          [
            120.60637,
            22.34811
          ],
          [
            120.60645,
            22.34804
          ],
          [
            120.60674,
            22.34788
          ],
          [
            120.60707,
            22.34776
          ],
          [
            120.60738,
            22.34766
          ],
          [
            120.60803,
            22.34746
          ],
          [
            120.60826,
            22.34739
          ],
          [
            120.60837,
            22.34737
          ],
          [
            120.60881,
            22.34718
          ],
          [
            120.6091,
            22.347
          ],
          [
            120.60914,
            22.34697
          ],
          [
            120.60918,
            22.34696
          ],
          [
            120.6092,
            22.34695
          ],
          [
            120.60921,
            22.34695
          ],
          [
            120.60941,
            22.34663
          ],
          [
            120.60983,
            22.34599
          ],
          [
            120.61015,
            22.34543
          ],
          [
            120.61045,
            22.34497
          ],
          [
            120.61126,
            22.3437
          ],
          [
            120.61148,
            22.34336
          ],
          [
            120.61166,
            22.34308
          ],
          [
            120.61175,
            22.34293
          ],
          [
            120.61274,
            22.34138
          ],
          [
            120.61281,
            22.34127
          ],
          [
            120.61315,
            22.34066
          ],
          [
            120.61323,
            22.34044
          ],
          [
            120.61329,
            22.3402
          ],
          [
            120.6134,
            22.3398
          ],
          [
            120.61356,
            22.33921
          ],
          [
            120.61357,
            22.33917
          ],
          [
            120.61373,
            22.33865
          ],
          [
            120.61406,
            22.33763
          ],
          [
            120.6141,
            22.33751
          ],
          [
            120.61447,
            22.33647
          ],
          [
            120.61468,
            22.33582
          ],
          [
            120.61481,
            22.33551
          ],
          [
            120.61496,
            22.3352
          ],
          [
            120.61507,
            22.33505
          ],
          [
            120.61526,
            22.3348
          ],
          [
            120.61534,
            22.3347
          ],
          [
            120.61543,
            22.33461
          ],
          [
            120.61572,
            22.33431
          ],
          [
            120.61588,
            22.33413
          ],
          [
            120.61634,
            22.3337
          ],
          [
            120.61675,
            22.3333
          ],
          [
            120.61731,
            22.33275
          ],
          [
            120.61738,
            22.33268
          ],
          [
            120.61831,
            22.33174
          ],
          [
            120.61932,
            22.33081
          ],
          [
            120.61968,
            22.3305
          ],
          [
            120.61997,
            22.33025
          ],
          [
            120.62002,
            22.3302
          ],
          [
            120.62006,
            22.33017
          ],
          [
            120.62041,
            22.32984
          ],
          [
            120.62052,
            22.32974
          ],
          [
            120.62153,
            22.32886
          ],
          [
            120.62157,
            22.32882
          ],
          [
            120.62228,
            22.32819
          ],
          [
            120.62274,
            22.32778
          ],
          [
            120.62279,
            22.32774
          ],
          [
            120.6228,
            22.32774
          ],
          [
            120.62312,
            22.32745
          ],
          [
            120.6237,
            22.32696
          ],
          [
            120.62386,
            22.32682
          ],
          [
            120.6241,
            22.32664
          ],
          [
            120.62433,
            22.32648
          ],
          [
            120.62463,
            22.32628
          ],
          [
            120.62469,
            22.32624
          ],
          [
            120.6248,
            22.32618
          ],
          [
            120.62512,
            22.32598
          ],
          [
            120.62574,
            22.32557
          ],
          [
            120.62611,
            22.32532
          ],
          [
            120.62616,
            22.32529
          ],
          [
            120.62691,
            22.3248
          ],
          [
            120.62715,
            22.32465
          ],
          [
            120.62738,
            22.3245
          ],
          [
            120.62831,
            22.3239
          ],
          [
            120.62865,
            22.32367
          ],
          [
            120.6289,
            22.3235
          ],
          [
            120.62909,
            22.32334
          ],
          [
            120.62923,
            22.32323
          ],
          [
            120.62938,
            22.32309
          ],
          [
            120.62977,
            22.32271
          ],
          [
            120.62993,
            22.32254
          ],
          [
            120.63003,
            22.32242
          ],
          [
            120.63015,
            22.32228
          ],
          [
            120.63019,
            22.32224
          ],
          [
            120.63041,
            22.32193
          ],
          [
            120.63064,
            22.32164
          ],
          [
            120.63068,
            22.32158
          ],
          [
            120.63075,
            22.32149
          ],
          [
            120.63133,
            22.32074
          ],
          [
            120.63143,
            22.32061
          ],
          [
            120.63149,
            22.32054
          ],
          [
            120.63177,
            22.32017
          ],
          [
            120.63238,
            22.3194
          ],
          [
            120.6324,
            22.31937
          ],
          [
            120.63287,
            22.31873
          ],
          [
            120.63322,
            22.31827
          ],
          [
            120.63362,
            22.31775
          ],
          [
            120.63402,
            22.31722
          ],
          [
            120.63422,
            22.31696
          ],
          [
            120.6343,
            22.31684
          ],
          [
            120.63452,
            22.31659
          ],
          [
            120.63514,
            22.31587
          ],
          [
            120.63552,
            22.31543
          ],
          [
            120.63562,
            22.31531
          ],
          [
            120.63621,
            22.31465
          ],
          [
            120.63673,
            22.31408
          ],
          [
            120.6376,
            22.31308
          ],
          [
            120.63771,
            22.31295
          ],
          [
            120.63804,
            22.31258
          ],
          [
            120.63858,
            22.31197
          ],
          [
            120.63893,
            22.31162
          ],
          [
            120.63929,
            22.31129
          ],
          [
            120.63933,
            22.31126
          ],
          [
            120.63946,
            22.31114
          ],
          [
            120.63949,
            22.31111
          ],
          [
            120.63965,
            22.31097
          ],
          [
            120.63977,
            22.31082
          ],
          [
            120.63995,
            22.31061
          ],
          [
            120.64008,
            22.3104
          ],
          [
            120.6401,
            22.31037
          ],
          [
            120.64053,
            22.30973
          ],
          [
            120.6406,
            22.30963
          ],
          [
            120.64078,
            22.30937
          ],
          [
            120.64081,
            22.30932
          ],
          [
            120.64082,
            22.3093
          ],
          [
            120.64102,
            22.309
          ],
          [
            120.64122,
            22.30871
          ],
          [
            120.64141,
            22.30842
          ],
          [
            120.64152,
            22.30824
          ],
          [
            120.64175,
            22.3079
          ],
          [
            120.64179,
            22.30781
          ],
          [
            120.64184,
            22.30773
          ],
          [
            120.64194,
            22.30753
          ],
          [
            120.64203,
            22.30731
          ],
          [
            120.64206,
            22.30719
          ],
          [
            120.6421,
            22.30707
          ],
          [
            120.6421,
            22.30706
          ],
          [
            120.64211,
            22.30701
          ],
          [
            120.64215,
            22.30687
          ],
          [
            120.64218,
            22.30661
          ],
          [
            120.6422,
            22.30618
          ],
          [
            120.64219,
            22.30581
          ],
          [
            120.64223,
            22.30538
          ],
          [
            120.64226,
            22.3052
          ],
          [
            120.6423,
            22.30502
          ],
          [
            120.64233,
            22.30489
          ],
          [
            120.64243,
            22.3046
          ],
          [
            120.64248,
            22.30447
          ],
          [
            120.64267,
            22.30399
          ],
          [
            120.64291,
            22.30337
          ],
          [
            120.64301,
            22.30312
          ],
          [
            120.64316,
            22.30277
          ],
          [
            120.64328,
            22.3024
          ],
          [
            120.64338,
            22.30199
          ],
          [
            120.64346,
            22.3016
          ],
          [
            120.64363,
            22.30055
          ],
          [
            120.6437,
            22.30013
          ],
          [
            120.6438,
            22.29956
          ],
          [
            120.64382,
            22.29944
          ],
          [
            120.64389,
            22.29887
          ],
          [
            120.64394,
            22.29836
          ],
          [
            120.64397,
            22.29799
          ],
          [
            120.64409,
            22.29654
          ],
          [
            120.64415,
            22.29591
          ],
          [
            120.64417,
            22.29556
          ],
          [
            120.64418,
            22.2955
          ],
          [
            120.64418,
            22.29527
          ],
          [
            120.64417,
            22.29505
          ],
          [
            120.64416,
            22.29485
          ],
          [
            120.64415,
            22.29475
          ],
          [
            120.64413,
            22.29456
          ],
          [
            120.6441,
            22.29427
          ],
          [
            120.64409,
            22.29413
          ],
          [
            120.64402,
            22.2935
          ],
          [
            120.64387,
            22.29207
          ],
          [
            120.64385,
            22.29158
          ],
          [
            120.64388,
            22.29126
          ],
          [
            120.6439,
            22.29116
          ],
          [
            120.64393,
            22.29101
          ],
          [
            120.64395,
            22.29089
          ],
          [
            120.64396,
            22.29086
          ],
          [
            120.644,
            22.29072
          ],
          [
            120.64439,
            22.28933
          ],
          [
            120.64466,
            22.28842
          ],
          [
            120.64497,
            22.28741
          ],
          [
            120.645,
            22.28734
          ],
          [
            120.64525,
            22.28665
          ],
          [
            120.64533,
            22.28642
          ],
          [
            120.64539,
            22.28625
          ],
          [
            120.64546,
            22.28604
          ],
          [
            120.64556,
            22.28577
          ],
          [
            120.64564,
            22.28557
          ],
          [
            120.64574,
            22.28535
          ],
          [
            120.64578,
            22.2853
          ],
          [
            120.64585,
            22.28516
          ],
          [
            120.64599,
            22.28496
          ],
          [
            120.64609,
            22.28482
          ],
          [
            120.64619,
            22.2847
          ],
          [
            120.6463,
            22.28457
          ],
          [
            120.64642,
            22.28443
          ],
          [
            120.64643,
            22.28442
          ],
          [
            120.64661,
            22.28418
          ],
          [
            120.64665,
            22.28413
          ],
          [
            120.64671,
            22.28403
          ],
          [
            120.64682,
            22.28386
          ],
          [
            120.64692,
            22.28366
          ],
          [
            120.64698,
            22.28355
          ],
          [
            120.647,
            22.28349
          ],
          [
            120.64707,
            22.28333
          ],
          [
            120.64745,
            22.28248
          ],
          [
            120.64754,
            22.28227
          ],
          [
            120.6477,
            22.2819
          ],
          [
            120.64773,
            22.28183
          ],
          [
            120.64781,
            22.28166
          ],
          [
            120.64788,
            22.2815
          ],
          [
            120.64791,
            22.28144
          ],
          [
            120.64796,
            22.28133
          ],
          [
            120.64804,
            22.28117
          ],
          [
            120.64811,
            22.281
          ],
          [
            120.64839,
            22.28041
          ],
          [
            120.64855,
            22.28005
          ],
          [
            120.64869,
            22.27976
          ],
          [
            120.64873,
            22.27965
          ],
          [
            120.6488,
            22.27949
          ],
          [
            120.64885,
            22.27935
          ],
          [
            120.64892999999999,
            22.27908
          ],
          [
            120.649,
            22.27879
          ],
          [
            120.64923,
            22.27766
          ],
          [
            120.64932,
            22.27725
          ],
          [
            120.64936,
            22.27699
          ],
          [
            120.6494,
            22.27664
          ],
          [
            120.64944,
            22.27628
          ],
          [
            120.64946,
            22.27613
          ],
          [
            120.64949,
            22.27587
          ],
          [
            120.64954,
            22.27557
          ],
          [
            120.64958,
            22.27536
          ],
          [
            120.64964,
            22.27513
          ],
          [
            120.64992,
            22.27427
          ],
          [
            120.64995,
            22.27418
          ],
          [
            120.65003,
            22.27393
          ],
          [
            120.65016,
            22.27353
          ],
          [
            120.65029,
            22.27313
          ],
          [
            120.6504,
            22.27275
          ],
          [
            120.65048,
            22.27255
          ],
          [
            120.65053,
            22.27245
          ],
          [
            120.65063,
            22.27224
          ],
          [
            120.65076,
            22.27202
          ],
          [
            120.65092,
            22.27173
          ],
          [
            120.65113,
            22.27139
          ],
          [
            120.6512,
            22.27127
          ],
          [
            120.65125,
            22.27119
          ],
          [
            120.65129,
            22.27111
          ],
          [
            120.65134,
            22.27103
          ],
          [
            120.65138,
            22.27097
          ],
          [
            120.65164,
            22.27052
          ],
          [
            120.65175,
            22.27036
          ],
          [
            120.65197,
            22.26998
          ],
          [
            120.65214,
            22.26971
          ],
          [
            120.65237,
            22.26935
          ],
          [
            120.65254,
            22.26905
          ],
          [
            120.65266,
            22.26876
          ],
          [
            120.65278,
            22.26839
          ],
          [
            120.65292,
            22.26768
          ],
          [
            120.65292,
            22.26764
          ],
          [
            120.65295,
            22.26749
          ],
          [
            120.65299,
            22.2672
          ],
          [
            120.653,
            22.26715
          ],
          [
            120.65304,
            22.26666
          ],
          [
            120.65306,
            22.26648
          ],
          [
            120.6531,
            22.26605
          ],
          [
            120.65312,
            22.26584
          ],
          [
            120.65316,
            22.26533
          ],
          [
            120.65319,
            22.26499
          ],
          [
            120.65319,
            22.26498
          ],
          [
            120.6532,
            22.2648
          ],
          [
            120.65321,
            22.2647
          ],
          [
            120.65321,
            22.26462
          ],
          [
            120.65321,
            22.26436
          ],
          [
            120.6532,
            22.26408
          ],
          [
            120.65319,
            22.26399
          ],
          [
            120.65318,
            22.2639
          ],
          [
            120.65314,
            22.26351
          ],
          [
            120.65312,
            22.26328
          ],
          [
            120.65304,
            22.26254
          ],
          [
            120.65298,
            22.26199
          ],
          [
            120.65291,
            22.26135
          ],
          [
            120.65278,
            22.26016
          ],
          [
            120.65275,
            22.25985
          ],
          [
            120.65275,
            22.25981
          ],
          [
            120.65275,
            22.25967
          ],
          [
            120.65275,
            22.25965
          ],
          [
            120.65276,
            22.25937
          ],
          [
            120.65279,
            22.25913
          ],
          [
            120.65282,
            22.25896
          ],
          [
            120.65283,
            22.25892
          ],
          [
            120.6529,
            22.25872
          ],
          [
            120.653,
            22.25846
          ],
          [
            120.6531,
            22.25825
          ],
          [
            120.65316,
            22.25812
          ],
          [
            120.65325,
            22.25793
          ],
          [
            120.65347,
            22.2575
          ],
          [
            120.65361,
            22.25723
          ],
          [
            120.65376,
            22.25694
          ],
          [
            120.65503,
            22.25446
          ],
          [
            120.65516,
            22.25419
          ],
          [
            120.65578,
            22.25298
          ],
          [
            120.65616,
            22.25226
          ],
          [
            120.65649,
            22.25161
          ],
          [
            120.65658,
            22.25136
          ],
          [
            120.65666,
            22.25111
          ],
          [
            120.65679,
            22.25071
          ],
          [
            120.6569,
            22.25034
          ],
          [
            120.65699,
            22.2501
          ],
          [
            120.65704,
            22.25
          ],
          [
            120.65708,
            22.24991
          ],
          [
            120.65719,
            22.24971
          ],
          [
            120.65731,
            22.24953
          ],
          [
            120.65745,
            22.24935
          ],
          [
            120.65757,
            22.24922
          ],
          [
            120.65777,
            22.24902
          ],
          [
            120.65794,
            22.24887
          ],
          [
            120.65803,
            22.2488
          ],
          [
            120.65817,
            22.24869
          ],
          [
            120.65855,
            22.24842
          ],
          [
            120.65895,
            22.24813
          ],
          [
            120.65935,
            22.2478
          ],
          [
            120.65965,
            22.24752
          ],
          [
            120.65981,
            22.24738
          ],
          [
            120.66008,
            22.24714
          ],
          [
            120.66024,
            22.24699
          ],
          [
            120.66036,
            22.24689
          ],
          [
            120.66065,
            22.24662
          ],
          [
            120.66079,
            22.2465
          ],
          [
            120.66116,
            22.24617
          ],
          [
            120.66154,
            22.24583
          ],
          [
            120.66165,
            22.24573
          ],
          [
            120.66178,
            22.24562
          ],
          [
            120.66225,
            22.24519
          ],
          [
            120.66258,
            22.24489
          ],
          [
            120.66275,
            22.24473
          ],
          [
            120.66303,
            22.24448
          ],
          [
            120.66317,
            22.24435
          ],
          [
            120.66382,
            22.24377
          ],
          [
            120.66402,
            22.2436
          ],
          [
            120.66431,
            22.24334
          ],
          [
            120.66444,
            22.24321
          ],
          [
            120.66458,
            22.24309
          ],
          [
            120.66472,
            22.24296
          ],
          [
            120.66486,
            22.24283
          ],
          [
            120.665,
            22.24271
          ],
          [
            120.66514,
            22.24259
          ],
          [
            120.66602,
            22.24179
          ],
          [
            120.66623,
            22.2416
          ],
          [
            120.66657,
            22.24127
          ],
          [
            120.66695,
            22.2409
          ],
          [
            120.66775,
            22.2401
          ],
          [
            120.66853,
            22.2393
          ],
          [
            120.6686,
            22.23922
          ],
          [
            120.66919,
            22.23849
          ],
          [
            120.66981,
            22.23769
          ],
          [
            120.67132,
            22.23581
          ],
          [
            120.67153,
            22.23554
          ],
          [
            120.67179,
            22.23524
          ],
          [
            120.67191,
            22.2351
          ],
          [
            120.67192,
            22.23509
          ],
          [
            120.67205,
            22.23491
          ],
          [
            120.67226,
            22.23465
          ],
          [
            120.67256,
            22.23426
          ],
          [
            120.67274,
            22.23396
          ],
          [
            120.67289,
            22.23368
          ],
          [
            120.67311,
            22.23325
          ],
          [
            120.67329,
            22.23289
          ],
          [
            120.67336,
            22.23276
          ],
          [
            120.67346,
            22.23256
          ],
          [
            120.67362,
            22.23221
          ],
          [
            120.67376,
            22.23188
          ],
          [
            120.67378,
            22.23184
          ],
          [
            120.67383,
            22.23171
          ],
          [
            120.67387,
            22.23161
          ],
          [
            120.67398,
            22.23128
          ],
          [
            120.6741,
            22.23095
          ],
          [
            120.67421,
            22.23072
          ],
          [
            120.67434,
            22.23046
          ],
          [
            120.67449,
            22.23023
          ],
          [
            120.67467,
            22.22998
          ],
          [
            120.6748,
            22.22982
          ],
          [
            120.67522,
            22.22936
          ],
          [
            120.67539,
            22.22915
          ],
          [
            120.67555,
            22.22887
          ],
          [
            120.67566,
            22.22862
          ],
          [
            120.67573,
            22.22839
          ],
          [
            120.67578,
            22.22808
          ],
          [
            120.67578,
            22.22786
          ],
          [
            120.67576,
            22.22768
          ],
          [
            120.67569,
            22.22728
          ],
          [
            120.67565,
            22.2271
          ],
          [
            120.67564,
            22.22704
          ],
          [
            120.67563,
            22.22691
          ],
          [
            120.67563,
            22.22685
          ],
          [
            120.67562,
            22.22674
          ],
          [
            120.67565,
            22.22659
          ],
          [
            120.67566,
            22.2265
          ],
          [
            120.6757,
            22.22636
          ],
          [
            120.67574,
            22.22625
          ],
          [
            120.67581,
            22.2261
          ],
          [
            120.67586,
            22.22601
          ],
          [
            120.67593,
            22.22588
          ],
          [
            120.67599,
            22.22579
          ],
          [
            120.67607,
            22.2257
          ],
          [
            120.67612,
            22.22566
          ],
          [
            120.67621,
            22.22557
          ],
          [
            120.67635,
            22.22546
          ],
          [
            120.67649,
            22.22537
          ],
          [
            120.67663,
            22.22529
          ],
          [
            120.67688,
            22.22517
          ],
          [
            120.67708,
            22.22507
          ],
          [
            120.6772,
            22.22501
          ],
          [
            120.67729,
            22.22495
          ],
          [
            120.67741,
            22.22487
          ],
          [
            120.67757,
            22.22472
          ],
          [
            120.67761,
            22.22466
          ],
          [
            120.67764,
            22.22461
          ],
          [
            120.67769,
            22.22452
          ],
          [
            120.67772,
            22.22444
          ],
          [
            120.67775,
            22.22438
          ],
          [
            120.67778,
            22.22425
          ],
          [
            120.67779,
            22.22418
          ],
          [
            120.67781,
            22.22401
          ],
          [
            120.6778,
            22.224
          ],
          [
            120.67779,
            22.22385
          ],
          [
            120.67778,
            22.22379
          ],
          [
            120.67768,
            22.22349
          ],
          [
            120.67761,
            22.22331
          ],
          [
            120.67753,
            22.2231
          ],
          [
            120.67747,
            22.22289
          ],
          [
            120.67744,
            22.22273
          ],
          [
            120.67744,
            22.22255
          ],
          [
            120.67745,
            22.22243
          ],
          [
            120.67746,
            22.22238
          ],
          [
            120.6775,
            22.22225
          ],
          [
            120.6775,
            22.22224
          ],
          [
            120.67757,
            22.22207
          ],
          [
            120.67767,
            22.2219
          ],
          [
            120.67782,
            22.22167
          ],
          [
            120.67794,
            22.22148
          ],
          [
            120.6781,
            22.22122
          ],
          [
            120.67818,
            22.22105
          ],
          [
            120.67826,
            22.22084
          ],
          [
            120.67833,
            22.220580000000002
          ],
          [
            120.67836,
            22.22046
          ],
          [
            120.67839,
            22.22028
          ],
          [
            120.6784,
            22.22025
          ],
          [
            120.67843,
            22.22011
          ],
          [
            120.6785,
            22.21984
          ],
          [
            120.67856,
            22.21959
          ],
          [
            120.67867,
            22.21931
          ],
          [
            120.67875,
            22.21914
          ],
          [
            120.67884,
            22.21901
          ],
          [
            120.67896,
            22.21886
          ],
          [
            120.67925,
            22.21857
          ],
          [
            120.67928,
            22.21854
          ],
          [
            120.67952,
            22.21832
          ],
          [
            120.67956,
            22.21829
          ],
          [
            120.6797,
            22.21816
          ],
          [
            120.67972,
            22.218139999999998
          ],
          [
            120.67986,
            22.21801
          ],
          [
            120.67997,
            22.21791
          ],
          [
            120.68011,
            22.21778
          ],
          [
            120.68017,
            22.21772
          ],
          [
            120.68038,
            22.21752
          ],
          [
            120.68038,
            22.21751
          ],
          [
            120.68051,
            22.21739
          ],
          [
            120.68067,
            22.21724
          ],
          [
            120.6809,
            22.217
          ],
          [
            120.68111,
            22.21676
          ],
          [
            120.68134,
            22.2165
          ],
          [
            120.68154,
            22.21623
          ],
          [
            120.68181,
            22.2159
          ],
          [
            120.68212,
            22.21552
          ],
          [
            120.68236,
            22.21522
          ],
          [
            120.68254,
            22.21498
          ],
          [
            120.68263,
            22.21487
          ],
          [
            120.68266,
            22.21484
          ],
          [
            120.68285,
            22.21456
          ],
          [
            120.68301,
            22.21433
          ],
          [
            120.68324,
            22.21398
          ],
          [
            120.68343,
            22.21369
          ],
          [
            120.68376,
            22.21317
          ],
          [
            120.68384,
            22.21305
          ],
          [
            120.6841,
            22.21265
          ],
          [
            120.68417,
            22.21255
          ],
          [
            120.68447,
            22.2121
          ],
          [
            120.68501,
            22.21125
          ],
          [
            120.6851,
            22.21112
          ],
          [
            120.68516,
            22.21103
          ],
          [
            120.68524,
            22.21091
          ],
          [
            120.68533,
            22.21076
          ],
          [
            120.68535,
            22.21073
          ],
          [
            120.6854,
            22.21065
          ],
          [
            120.68547,
            22.21052
          ],
          [
            120.68551,
            22.21049
          ],
          [
            120.68553,
            22.21047
          ],
          [
            120.68555,
            22.21045
          ],
          [
            120.68558,
            22.21039
          ],
          [
            120.68579,
            22.20997
          ],
          [
            120.68583,
            22.20988
          ],
          [
            120.68598,
            22.20954
          ],
          [
            120.68616,
            22.2091
          ],
          [
            120.68617,
            22.20908
          ],
          [
            120.68645,
            22.20841
          ],
          [
            120.68672,
            22.2078
          ],
          [
            120.68681,
            22.20759
          ],
          [
            120.68688,
            22.20742
          ],
          [
            120.68691,
            22.20735
          ],
          [
            120.68702,
            22.20709
          ],
          [
            120.68707,
            22.207
          ],
          [
            120.68708,
            22.20696
          ],
          [
            120.68727,
            22.20655
          ],
          [
            120.68729,
            22.20652
          ],
          [
            120.68741,
            22.20624
          ],
          [
            120.68743,
            22.20618
          ],
          [
            120.6875,
            22.206
          ],
          [
            120.68754,
            22.20584
          ],
          [
            120.68759,
            22.20566
          ],
          [
            120.68763,
            22.20552
          ],
          [
            120.68768,
            22.20536
          ],
          [
            120.6877,
            22.20532
          ],
          [
            120.68775,
            22.20514
          ],
          [
            120.68776,
            22.2051
          ],
          [
            120.68783,
            22.20479
          ],
          [
            120.68788,
            22.20459
          ],
          [
            120.68789,
            22.20454
          ],
          [
            120.68796,
            22.2042
          ],
          [
            120.68808,
            22.20367
          ],
          [
            120.68808,
            22.20366
          ],
          [
            120.68819,
            22.20319
          ],
          [
            120.68832,
            22.20262
          ],
          [
            120.68834,
            22.20253
          ],
          [
            120.68848,
            22.20194
          ],
          [
            120.68861,
            22.20135
          ],
          [
            120.68863,
            22.20129
          ],
          [
            120.68865,
            22.20117
          ],
          [
            120.68879,
            22.20063
          ],
          [
            120.68894,
            22.19993
          ],
          [
            120.68906,
            22.19932
          ],
          [
            120.68908,
            22.19925
          ],
          [
            120.68912,
            22.19908
          ],
          [
            120.68916,
            22.1989
          ],
          [
            120.68923,
            22.1986
          ],
          [
            120.68924,
            22.19859
          ],
          [
            120.68936,
            22.19801
          ],
          [
            120.68943,
            22.19777
          ],
          [
            120.68951,
            22.19756
          ],
          [
            120.68961,
            22.19734
          ],
          [
            120.68967,
            22.19723
          ],
          [
            120.68976,
            22.19707
          ],
          [
            120.68986,
            22.19692
          ],
          [
            120.69006,
            22.19668
          ],
          [
            120.69023,
            22.19649
          ],
          [
            120.69042,
            22.1963
          ],
          [
            120.69044,
            22.19628
          ],
          [
            120.6907,
            22.19601
          ],
          [
            120.69102,
            22.19569
          ],
          [
            120.69115,
            22.19557
          ],
          [
            120.69131,
            22.19542
          ],
          [
            120.6919312587464,
            22.194834961476772
          ],
          [
            120.69195592159164,
            22.194817345396665
          ],
          [
            120.69198448114498,
            22.194806890495787
          ],
          [
            120.69201502070466,
            22.19480413985221
          ],
          [
            120.69204519832951,
            22.19480930440039
          ],
          [
            120.69207269983353,
            22.19482198809441
          ],
          [
            120.69209566078572,
            22.194841493013506
          ],
          [
            120.69222,
            22.19498
          ],
          [
            120.69226,
            22.19503
          ],
          [
            120.69241,
            22.19524
          ]
        ]
      }
    },
    {
      "type": "Feature",
      "properties": {
        "feature_type": "station",
        "ref": "PIF310427",
        "name": "楓港",
        "name_en": "Fenggang",
        "line": "幸福獅子8路",
        "color": "#dc2626",
        "direction": 0,
        "station_id": "144027"
      },
      "geometry": {
        "type": "Point",
        "coordinates": [
          120.69238,
          22.19522
        ]
      }
    },
    {
      "type": "Feature",
      "properties": {
        "feature_type": "station",
        "ref": "PIF310201",
        "name": "枋寮車站",
        "name_en": "Fangliao Station",
        "line": "幸福獅子8路",
        "color": "#dc2626",
        "direction": 0,
        "station_id": "143862"
      },
      "geometry": {
        "type": "Point",
        "coordinates": [
          120.59496,
          22.36795
        ]
      }
    },
    {
      "type": "Feature",
      "properties": {
        "feature_type": "station",
        "ref": "PIF310428",
        "name": "楓港",
        "name_en": "Fenggang",
        "line": "幸福獅子8路",
        "color": "#dc2626",
        "direction": 0,
        "station_id": "144028"
      },
      "geometry": {
        "type": "Point",
        "coordinates": [
          120.69251,
          22.19518
        ]
      }
    },
    {
      "type": "Feature",
      "properties": {
        "feature_type": "station",
        "ref": "PIF310212",
        "name": "雙流",
        "name_en": "Shuangliu",
        "line": "幸福獅子8路",
        "color": "#dc2626",
        "direction": 0,
        "station_id": "143869"
      },
      "geometry": {
        "type": "Point",
        "coordinates": [
          120.795565,
          22.2219
        ]
      }
    },
    {
      "type": "Feature",
      "properties": {
        "feature_type": "station",
        "ref": "PIF310229",
        "name": "內文村辦公處",
        "name_en": "Neiwen Village Office",
        "line": "幸福獅子8路",
        "color": "#dc2626",
        "direction": 0,
        "station_id": "144021"
      },
      "geometry": {
        "type": "Point",
        "coordinates": [
          120.8508,
          22.218145
        ]
      }
    },
    {
      "type": "Feature",
      "properties": {
        "feature_type": "station",
        "ref": "PIF310190",
        "name": "內文村辦公處",
        "name_en": "Neiwen Village Office",
        "line": "幸福獅子8路",
        "color": "#dc2626",
        "direction": 1,
        "station_id": "143851"
      },
      "geometry": {
        "type": "Point",
        "coordinates": [
          120.850834,
          22.218149
        ]
      }
    },
    {
      "type": "Feature",
      "properties": {
        "feature_type": "station",
        "ref": "PIF310193",
        "name": "雙流",
        "name_en": "Shuangliu",
        "line": "幸福獅子8路",
        "color": "#dc2626",
        "direction": 1,
        "station_id": "143854"
      },
      "geometry": {
        "type": "Point",
        "coordinates": [
          120.795497,
          22.221955
        ]
      }
    },
    {
      "type": "Feature",
      "properties": {
        "feature_type": "station",
        "ref": "PIF310427",
        "name": "楓港",
        "name_en": "Fenggang",
        "line": "幸福獅子8路",
        "color": "#dc2626",
        "direction": 1,
        "station_id": "144027"
      },
      "geometry": {
        "type": "Point",
        "coordinates": [
          120.69238,
          22.19522
        ]
      }
    },
    {
      "type": "Feature",
      "properties": {
        "feature_type": "station",
        "ref": "PIF310202",
        "name": "枋寮車站",
        "name_en": "Fangliao Station",
        "line": "幸福獅子8路",
        "color": "#dc2626",
        "direction": 1,
        "station_id": "143863"
      },
      "geometry": {
        "type": "Point",
        "coordinates": [
          120.59496,
          22.36795
        ]
      }
    },
    {
      "type": "Feature",
      "properties": {
        "feature_type": "station",
        "ref": "PIF310428",
        "name": "楓港",
        "name_en": "Fenggang",
        "line": "幸福獅子8路",
        "color": "#dc2626",
        "direction": 1,
        "station_id": "144028"
      },
      "geometry": {
        "type": "Point",
        "coordinates": [
          120.69251,
          22.19518
        ]
      }
    }
  ]
}
