{
  "type": "FeatureCollection",
  "name": "9117A（高雄→台17線→枋寮）",
  "properties": {
    "id": "inter_city_9117a",
    "name": "9117A（高雄→台17線→枋寮）",
    "name_en": "9117A (高雄→台17線→枋寮)",
    "ref": "9117A",
    "color": "#134e4a",
    "city_id": "InterCity",
    "source": "TDX Bus Shape / StopOfRoute",
    "via": "高雄→台17線→枋寮",
    "official_map_url": "https://web.taiwanbus.tw/MISUploadData/Schematic/file/9117.jpg",
    "operator_id": "28",
    "operator": "高雄客運",
    "operator_en": "Kaohsiung Bus Co., Ltd."
  },
  "features": [
    {
      "type": "Feature",
      "properties": {
        "feature_type": "route",
        "ref": "9117A",
        "name": "9117A（高雄→台17線→枋寮）",
        "name_en": "9117A (高雄→台17線→枋寮)",
        "color": "#134e4a",
        "direction": 0
      },
      "geometry": {
        "type": "LineString",
        "coordinates": [
          [
            120.29646,
            22.6448
          ],
          [
            120.29624,
            22.64212
          ],
          [
            120.29624,
            22.64212
          ],
          [
            120.2962,
            22.64169
          ],
          [
            120.29621,
            22.6415
          ],
          [
            120.29622,
            22.64092
          ],
          [
            120.29623,
            22.64027
          ],
          [
            120.29625,
            22.6398
          ],
          [
            120.29632,
            22.63884
          ],
          [
            120.29641,
            22.63809
          ],
          [
            120.29644,
            22.63788
          ],
          [
            120.2971,
            22.63789
          ],
          [
            120.2976,
            22.63788
          ],
          [
            120.2976,
            22.63788
          ],
          [
            120.29934,
            22.63781
          ],
          [
            120.29984,
            22.63781
          ],
          [
            120.30037,
            22.63784
          ],
          [
            120.30038,
            22.6379
          ],
          [
            120.30039,
            22.6379
          ],
          [
            120.30048,
            22.6379
          ],
          [
            120.30073,
            22.63788
          ],
          [
            120.30141,
            22.63786
          ],
          [
            120.30148,
            22.63785
          ],
          [
            120.30211,
            22.63782
          ],
          [
            120.30211,
            22.63782
          ],
          [
            120.30229,
            22.63782
          ],
          [
            120.30247,
            22.6378
          ],
          [
            120.30271,
            22.63777
          ],
          [
            120.30347,
            22.63771
          ],
          [
            120.30516,
            22.63754
          ],
          [
            120.30656,
            22.63753
          ],
          [
            120.30656,
            22.63753
          ],
          [
            120.30651,
            22.63698
          ],
          [
            120.30651,
            22.63695
          ],
          [
            120.30648,
            22.63653
          ],
          [
            120.30647,
            22.63641
          ],
          [
            120.30646,
            22.63628
          ],
          [
            120.30645,
            22.63606
          ],
          [
            120.30645,
            22.63602
          ],
          [
            120.30644,
            22.63597
          ],
          [
            120.30642,
            22.63569
          ],
          [
            120.30642,
            22.63569
          ],
          [
            120.30536,
            22.63577
          ],
          [
            120.30536,
            22.63577
          ],
          [
            120.30504,
            22.6358
          ],
          [
            120.30504,
            22.6358
          ],
          [
            120.305,
            22.63544
          ],
          [
            120.30497,
            22.63512
          ],
          [
            120.30495,
            22.63481
          ],
          [
            120.30494,
            22.63467
          ],
          [
            120.30492,
            22.63439
          ],
          [
            120.30492,
            22.63439
          ],
          [
            120.30441,
            22.63443
          ],
          [
            120.30331,
            22.63451
          ],
          [
            120.30316,
            22.63452
          ],
          [
            120.30277,
            22.63455
          ],
          [
            120.30218,
            22.63459
          ],
          [
            120.30218,
            22.63459
          ],
          [
            120.30218,
            22.63448
          ],
          [
            120.30215,
            22.63387
          ],
          [
            120.30214,
            22.63351
          ],
          [
            120.30214,
            22.63342
          ],
          [
            120.30214,
            22.63342
          ],
          [
            120.30212,
            22.63278
          ],
          [
            120.30201,
            22.63185
          ],
          [
            120.30198,
            22.63157
          ],
          [
            120.30193,
            22.63132
          ],
          [
            120.30186,
            22.63076
          ],
          [
            120.30183,
            22.63048
          ],
          [
            120.30183,
            22.63048
          ],
          [
            120.30148,
            22.62732
          ],
          [
            120.30136,
            22.62645
          ],
          [
            120.30118,
            22.62489
          ],
          [
            120.30118,
            22.62489
          ],
          [
            120.30107,
            22.62391
          ],
          [
            120.30101,
            22.62323
          ],
          [
            120.30108,
            22.62284
          ],
          [
            120.30134,
            22.62216
          ],
          [
            120.30134,
            22.62216
          ],
          [
            120.30156,
            22.62157
          ],
          [
            120.30199,
            22.62048
          ],
          [
            120.30217,
            22.62
          ],
          [
            120.30218,
            22.61997
          ],
          [
            120.30243,
            22.61932
          ],
          [
            120.30258,
            22.61893
          ],
          [
            120.30262,
            22.61885
          ],
          [
            120.30262,
            22.61885
          ],
          [
            120.30276,
            22.61846
          ],
          [
            120.30316,
            22.61746
          ],
          [
            120.30329,
            22.61712
          ],
          [
            120.30333,
            22.61702
          ],
          [
            120.30336,
            22.61694
          ],
          [
            120.30339,
            22.61688
          ],
          [
            120.30354,
            22.61647
          ],
          [
            120.30367,
            22.61613
          ],
          [
            120.30367,
            22.61613
          ],
          [
            120.30375,
            22.61593
          ],
          [
            120.30392,
            22.61549
          ],
          [
            120.30395,
            22.61541
          ],
          [
            120.30404,
            22.61519
          ],
          [
            120.30413,
            22.61493
          ],
          [
            120.30418,
            22.61479
          ],
          [
            120.30423,
            22.61466
          ],
          [
            120.30426,
            22.61459
          ],
          [
            120.30431,
            22.61447
          ],
          [
            120.30452,
            22.61394
          ],
          [
            120.30472,
            22.61336
          ],
          [
            120.30476,
            22.61324
          ],
          [
            120.30479,
            22.61317
          ],
          [
            120.30481,
            22.61309
          ],
          [
            120.30482,
            22.61308
          ],
          [
            120.30486,
            22.61295
          ],
          [
            120.30487,
            22.61293
          ],
          [
            120.30491,
            22.61283
          ],
          [
            120.305,
            22.61256
          ],
          [
            120.305,
            22.61256
          ],
          [
            120.305,
            22.61244
          ],
          [
            120.30502,
            22.61239
          ],
          [
            120.30501,
            22.61236
          ],
          [
            120.305,
            22.61234
          ],
          [
            120.30499,
            22.61231
          ],
          [
            120.30498,
            22.61229
          ],
          [
            120.30498,
            22.61226
          ],
          [
            120.30499,
            22.61222
          ],
          [
            120.30509,
            22.61199
          ],
          [
            120.30512,
            22.61191
          ],
          [
            120.30517,
            22.6118
          ],
          [
            120.30526,
            22.61157
          ],
          [
            120.30535,
            22.61132
          ],
          [
            120.30546,
            22.61102
          ],
          [
            120.30554,
            22.6108
          ],
          [
            120.30558,
            22.61071
          ],
          [
            120.30561,
            22.61063
          ],
          [
            120.30563,
            22.6106
          ],
          [
            120.3057,
            22.61043
          ],
          [
            120.30576,
            22.61027
          ],
          [
            120.30585,
            22.61003
          ],
          [
            120.30621,
            22.60911
          ],
          [
            120.30624,
            22.60903
          ],
          [
            120.3063,
            22.60887
          ],
          [
            120.30638,
            22.60866
          ],
          [
            120.30642,
            22.60857
          ],
          [
            120.30649,
            22.60839
          ],
          [
            120.30662,
            22.60808
          ],
          [
            120.30662,
            22.60808
          ],
          [
            120.30701,
            22.60721
          ],
          [
            120.30719,
            22.60699
          ],
          [
            120.30779,
            22.60619
          ],
          [
            120.30816,
            22.60572
          ],
          [
            120.30816,
            22.60572
          ],
          [
            120.31034,
            22.60292
          ],
          [
            120.31108,
            22.602
          ],
          [
            120.31139,
            22.60164
          ],
          [
            120.31155,
            22.60139
          ],
          [
            120.31246,
            22.60023
          ],
          [
            120.31311,
            22.59943
          ],
          [
            120.31311,
            22.59943
          ],
          [
            120.31327,
            22.59924
          ],
          [
            120.3136,
            22.59883
          ],
          [
            120.31387,
            22.5985
          ],
          [
            120.31394,
            22.59841
          ],
          [
            120.31402,
            22.59847
          ],
          [
            120.31422,
            22.59822
          ],
          [
            120.31438,
            22.59803
          ],
          [
            120.31483,
            22.59745
          ],
          [
            120.31588,
            22.59614
          ],
          [
            120.31594,
            22.59607
          ],
          [
            120.31599,
            22.596
          ],
          [
            120.31601,
            22.59597
          ],
          [
            120.31604,
            22.59594
          ],
          [
            120.31617,
            22.59578
          ],
          [
            120.31624,
            22.5957
          ],
          [
            120.31633,
            22.595580000000002
          ],
          [
            120.31642,
            22.59547
          ],
          [
            120.31649,
            22.59539
          ],
          [
            120.31655,
            22.59531
          ],
          [
            120.31682,
            22.59497
          ],
          [
            120.31694,
            22.59483
          ],
          [
            120.31752,
            22.5941
          ],
          [
            120.31758,
            22.59403
          ],
          [
            120.31786,
            22.59366
          ],
          [
            120.31799,
            22.59351
          ],
          [
            120.31826,
            22.59319
          ],
          [
            120.31847,
            22.59295
          ],
          [
            120.31869,
            22.59268
          ],
          [
            120.31949,
            22.59174
          ],
          [
            120.32,
            22.59112
          ],
          [
            120.32134,
            22.5895
          ],
          [
            120.32175,
            22.58901
          ],
          [
            120.32175,
            22.58901
          ],
          [
            120.32197,
            22.58874
          ],
          [
            120.32221,
            22.58845
          ],
          [
            120.32275,
            22.5878
          ],
          [
            120.32374,
            22.58662
          ],
          [
            120.32395,
            22.58633
          ],
          [
            120.32425,
            22.58603
          ],
          [
            120.32485,
            22.58535
          ],
          [
            120.32496,
            22.58521
          ],
          [
            120.32568,
            22.58435
          ],
          [
            120.32598,
            22.58399
          ],
          [
            120.32628,
            22.58363
          ],
          [
            120.32712,
            22.58264
          ],
          [
            120.32724,
            22.5825
          ],
          [
            120.32731,
            22.58242
          ],
          [
            120.32861,
            22.58091
          ],
          [
            120.32886,
            22.58064
          ],
          [
            120.32902,
            22.58046
          ],
          [
            120.32913,
            22.58024
          ],
          [
            120.33126,
            22.57771
          ],
          [
            120.33211,
            22.57673
          ],
          [
            120.33461,
            22.57376
          ],
          [
            120.33687,
            22.57108
          ],
          [
            120.337,
            22.57092
          ],
          [
            120.33739,
            22.57046
          ],
          [
            120.33762,
            22.57023
          ],
          [
            120.33778,
            22.57011
          ],
          [
            120.3378,
            22.57009
          ],
          [
            120.33799,
            22.56996
          ],
          [
            120.33819,
            22.56988
          ],
          [
            120.33838,
            22.56981
          ],
          [
            120.33856,
            22.56976
          ],
          [
            120.33867,
            22.56974
          ],
          [
            120.33876,
            22.56973
          ],
          [
            120.339,
            22.56972
          ],
          [
            120.34099,
            22.56962
          ],
          [
            120.34231,
            22.56956
          ],
          [
            120.3427,
            22.56955
          ],
          [
            120.34298,
            22.56955
          ],
          [
            120.34314,
            22.56955
          ],
          [
            120.34368,
            22.56955
          ],
          [
            120.34627,
            22.56947
          ],
          [
            120.34675,
            22.56947
          ],
          [
            120.34675,
            22.56947
          ],
          [
            120.34676,
            22.5696
          ],
          [
            120.34677,
            22.5697
          ],
          [
            120.34677,
            22.56993
          ],
          [
            120.34677,
            22.56997
          ],
          [
            120.34677,
            22.57008
          ],
          [
            120.34677,
            22.57029
          ],
          [
            120.34677,
            22.57043
          ],
          [
            120.34677,
            22.57043
          ],
          [
            120.34625,
            22.57043
          ],
          [
            120.34606,
            22.57044
          ],
          [
            120.34586,
            22.57045
          ],
          [
            120.34567,
            22.57045
          ],
          [
            120.34548,
            22.57046
          ],
          [
            120.34528,
            22.57047
          ],
          [
            120.34452,
            22.57049
          ],
          [
            120.34452,
            22.57049
          ],
          [
            120.34419,
            22.57049
          ],
          [
            120.34316,
            22.57051
          ],
          [
            120.34305,
            22.57052
          ],
          [
            120.343,
            22.57053
          ],
          [
            120.34297,
            22.57053
          ],
          [
            120.34292,
            22.57054
          ],
          [
            120.34284,
            22.57056
          ],
          [
            120.34262,
            22.57064
          ],
          [
            120.34237,
            22.57079
          ],
          [
            120.34232,
            22.57081
          ],
          [
            120.3422,
            22.57087
          ],
          [
            120.34217,
            22.57089
          ],
          [
            120.34206,
            22.57093
          ],
          [
            120.34202,
            22.57094
          ],
          [
            120.34198,
            22.57095
          ],
          [
            120.34198,
            22.57095
          ],
          [
            120.3418,
            22.57101
          ],
          [
            120.34152,
            22.57103
          ],
          [
            120.34067,
            22.57103
          ],
          [
            120.34026,
            22.57104
          ],
          [
            120.33911,
            22.5711
          ],
          [
            120.33858,
            22.57111
          ],
          [
            120.33819,
            22.57113
          ],
          [
            120.338098,
            22.571128
          ],
          [
            120.337945,
            22.571098
          ],
          [
            120.337825,
            22.571051
          ],
          [
            120.337756,
            22.570955
          ],
          [
            120.337735,
            22.570862
          ],
          [
            120.337744,
            22.570765
          ],
          [
            120.337803,
            22.570656
          ],
          [
            120.337923,
            22.570552
          ],
          [
            120.338147,
            22.570395
          ],
          [
            120.338534,
            22.570188
          ],
          [
            120.338833,
            22.570087
          ],
          [
            120.339265,
            22.570062
          ],
          [
            120.340215,
            22.570002
          ],
          [
            120.341719,
            22.569987
          ],
          [
            120.342913,
            22.569982
          ],
          [
            120.342923,
            22.569874
          ],
          [
            120.342992,
            22.569666
          ],
          [
            120.345,
            22.56957
          ],
          [
            120.34593,
            22.56954
          ],
          [
            120.34677,
            22.56952
          ],
          [
            120.34696,
            22.56959
          ],
          [
            120.34712,
            22.56959
          ],
          [
            120.3474,
            22.56953
          ],
          [
            120.34802,
            22.56949
          ],
          [
            120.34857,
            22.56948
          ],
          [
            120.34912,
            22.56944
          ],
          [
            120.34935,
            22.56942
          ],
          [
            120.34959,
            22.56933
          ],
          [
            120.34975,
            22.5692
          ],
          [
            120.34983,
            22.56909
          ],
          [
            120.3499,
            22.56891
          ],
          [
            120.3501,
            22.56872
          ],
          [
            120.35043,
            22.56845
          ],
          [
            120.35065,
            22.5682
          ],
          [
            120.3524,
            22.56631
          ],
          [
            120.35371,
            22.56487
          ],
          [
            120.3416,
            22.57086
          ],
          [
            120.341601,
            22.571026
          ],
          [
            120.341524,
            22.57103
          ],
          [
            120.341082,
            22.571032
          ],
          [
            120.340661,
            22.57103
          ],
          [
            120.340419,
            22.571037
          ],
          [
            120.340259,
            22.57104
          ],
          [
            120.340086,
            22.57105
          ],
          [
            120.339843,
            22.571062
          ],
          [
            120.33954,
            22.571078
          ],
          [
            120.339434,
            22.571083
          ],
          [
            120.339263,
            22.571093
          ],
          [
            120.339113,
            22.5711
          ],
          [
            120.338816,
            22.571106
          ],
          [
            120.338668,
            22.571108
          ],
          [
            120.338551,
            22.571113
          ],
          [
            120.338404,
            22.571119
          ],
          [
            120.338202,
            22.57113
          ],
          [
            120.338099,
            22.571128
          ],
          [
            120.337946,
            22.5711
          ],
          [
            120.337825,
            22.57105
          ],
          [
            120.33779,
            22.571002
          ],
          [
            120.337756,
            22.570954
          ],
          [
            120.337734,
            22.570862
          ],
          [
            120.337744,
            22.570764
          ],
          [
            120.337803,
            22.570655
          ],
          [
            120.337902,
            22.57057
          ],
          [
            120.337923,
            22.570552
          ],
          [
            120.337988,
            22.570505
          ],
          [
            120.338146,
            22.570395
          ],
          [
            120.338233,
            22.570349
          ],
          [
            120.338316,
            22.570305
          ],
          [
            120.338385,
            22.570268
          ],
          [
            120.338453,
            22.570232
          ],
          [
            120.338534,
            22.570188
          ],
          [
            120.338674,
            22.57014
          ],
          [
            120.338806,
            22.570096
          ],
          [
            120.338833,
            22.570087
          ],
          [
            120.339032,
            22.570075
          ],
          [
            120.339312,
            22.57006
          ],
          [
            120.33959,
            22.57004
          ],
          [
            120.34026,
            22.57
          ],
          [
            120.341579,
            22.569991
          ],
          [
            120.342912,
            22.569983
          ],
          [
            120.34292,
            22.569876
          ],
          [
            120.342957,
            22.569767
          ],
          [
            120.342993,
            22.569668
          ],
          [
            120.34298,
            22.56955
          ],
          [
            120.34314,
            22.56955
          ],
          [
            120.34627,
            22.56947
          ],
          [
            120.34682,
            22.56948
          ],
          [
            120.34698,
            22.56955
          ],
          [
            120.34748,
            22.56954
          ],
          [
            120.34802,
            22.56949
          ],
          [
            120.34801,
            22.56933
          ],
          [
            120.3481,
            22.56935
          ],
          [
            120.34842,
            22.56935
          ],
          [
            120.34918,
            22.56932
          ],
          [
            120.34943,
            22.56925
          ],
          [
            120.34959,
            22.56917
          ],
          [
            120.34973,
            22.56906
          ],
          [
            120.35005,
            22.56871
          ],
          [
            120.35012,
            22.56876
          ],
          [
            120.35043,
            22.56845
          ],
          [
            120.35056,
            22.5683
          ],
          [
            120.35104,
            22.56778
          ],
          [
            120.35259,
            22.56609
          ],
          [
            120.3537,
            22.56487
          ],
          [
            120.35371,
            22.56487
          ],
          [
            120.35489,
            22.5636
          ],
          [
            120.355,
            22.56351
          ],
          [
            120.35572,
            22.56266
          ],
          [
            120.35574,
            22.56257
          ],
          [
            120.3562,
            22.56202
          ],
          [
            120.3562,
            22.56202
          ],
          [
            120.3569,
            22.56114
          ],
          [
            120.35741,
            22.56054
          ],
          [
            120.36245,
            22.5542
          ],
          [
            120.36335,
            22.55304
          ],
          [
            120.36371,
            22.55259
          ],
          [
            120.36371,
            22.55254
          ],
          [
            120.36372,
            22.5525
          ],
          [
            120.36376,
            22.55238
          ],
          [
            120.36399,
            22.55193
          ],
          [
            120.36567,
            22.54967
          ],
          [
            120.36858,
            22.54552
          ],
          [
            120.36935,
            22.54446
          ],
          [
            120.37094,
            22.5422
          ],
          [
            120.37153,
            22.54137
          ],
          [
            120.37185,
            22.5409
          ],
          [
            120.37219,
            22.54043
          ],
          [
            120.37255,
            22.5399
          ],
          [
            120.37268,
            22.53964
          ],
          [
            120.3728,
            22.53937
          ],
          [
            120.37299,
            22.53891
          ],
          [
            120.37306,
            22.53869
          ],
          [
            120.37317,
            22.53815
          ],
          [
            120.37321,
            22.53755
          ],
          [
            120.37321,
            22.53713
          ],
          [
            120.37315,
            22.53662
          ],
          [
            120.37296,
            22.53592
          ],
          [
            120.37277,
            22.53539
          ],
          [
            120.3705,
            22.53129
          ],
          [
            120.36844,
            22.52756
          ],
          [
            120.36747,
            22.5258
          ],
          [
            120.3664,
            22.52375
          ],
          [
            120.36617,
            22.52336
          ],
          [
            120.36592,
            22.52291
          ],
          [
            120.36264,
            22.517
          ],
          [
            120.36253,
            22.51679
          ],
          [
            120.36241,
            22.5165
          ],
          [
            120.3623,
            22.51613
          ],
          [
            120.3618,
            22.51526
          ],
          [
            120.36161,
            22.515
          ],
          [
            120.36122,
            22.51439
          ],
          [
            120.36114,
            22.51425
          ],
          [
            120.36109,
            22.51408
          ],
          [
            120.36105,
            22.51379
          ],
          [
            120.36109,
            22.51329
          ],
          [
            120.36123,
            22.5131
          ],
          [
            120.36159,
            22.51274
          ],
          [
            120.36152,
            22.51267
          ],
          [
            120.36183,
            22.51243
          ],
          [
            120.36183,
            22.51243
          ],
          [
            120.36202,
            22.51219
          ],
          [
            120.3621,
            22.51206
          ],
          [
            120.36216,
            22.5119
          ],
          [
            120.36224,
            22.51158
          ],
          [
            120.36231,
            22.51109
          ],
          [
            120.36233,
            22.51099
          ],
          [
            120.36237,
            22.5109
          ],
          [
            120.36244,
            22.51084
          ],
          [
            120.36249,
            22.51061
          ],
          [
            120.36257,
            22.51044
          ],
          [
            120.36265,
            22.51037
          ],
          [
            120.36269,
            22.51034
          ],
          [
            120.36266,
            22.51031
          ],
          [
            120.36265,
            22.51026
          ],
          [
            120.36269,
            22.51021
          ],
          [
            120.363,
            22.50997
          ],
          [
            120.36327,
            22.5098
          ],
          [
            120.36365,
            22.50965
          ],
          [
            120.36452,
            22.50936
          ],
          [
            120.36483,
            22.50925
          ],
          [
            120.3657,
            22.50894
          ],
          [
            120.36639,
            22.50866
          ],
          [
            120.36685,
            22.50846
          ],
          [
            120.36694,
            22.50843
          ],
          [
            120.36694,
            22.50843
          ],
          [
            120.36738,
            22.50822
          ],
          [
            120.36766,
            22.50803
          ],
          [
            120.36791,
            22.50777
          ],
          [
            120.36875,
            22.5069
          ],
          [
            120.36939,
            22.5064
          ],
          [
            120.36968,
            22.50619
          ],
          [
            120.37024,
            22.50582
          ],
          [
            120.37063,
            22.50558
          ],
          [
            120.37101,
            22.5053
          ],
          [
            120.37137,
            22.50512
          ],
          [
            120.37149,
            22.50506
          ],
          [
            120.37149,
            22.50506
          ],
          [
            120.37152,
            22.50505
          ],
          [
            120.37166,
            22.505
          ],
          [
            120.37181,
            22.50495
          ],
          [
            120.37196,
            22.50491
          ],
          [
            120.37215,
            22.50487
          ],
          [
            120.37235,
            22.50482
          ],
          [
            120.37335,
            22.50465
          ],
          [
            120.37367,
            22.50459
          ],
          [
            120.37381,
            22.50456
          ],
          [
            120.37387,
            22.50456
          ],
          [
            120.374,
            22.50453
          ],
          [
            120.37469,
            22.50441
          ],
          [
            120.3748,
            22.50439
          ],
          [
            120.37488,
            22.50438
          ],
          [
            120.37561,
            22.50424
          ],
          [
            120.37601,
            22.50416
          ],
          [
            120.37637,
            22.50409
          ],
          [
            120.37654,
            22.50406
          ],
          [
            120.37673,
            22.50403
          ],
          [
            120.37687,
            22.504
          ],
          [
            120.37724,
            22.50393
          ],
          [
            120.37793,
            22.50381
          ],
          [
            120.37863,
            22.50369
          ],
          [
            120.37869,
            22.50367
          ],
          [
            120.37883,
            22.50365
          ],
          [
            120.37925,
            22.50357
          ],
          [
            120.37956,
            22.50351
          ],
          [
            120.3798,
            22.50347
          ],
          [
            120.3798,
            22.50347
          ],
          [
            120.38044,
            22.50338
          ],
          [
            120.38112,
            22.50332
          ],
          [
            120.38178,
            22.50328
          ],
          [
            120.3823,
            22.50325
          ],
          [
            120.38232000000001,
            22.50336
          ],
          [
            120.3826,
            22.50326
          ],
          [
            120.38292,
            22.50311
          ],
          [
            120.38316,
            22.50292
          ],
          [
            120.38333,
            22.50273
          ],
          [
            120.38349,
            22.50247
          ],
          [
            120.38381,
            22.50193
          ],
          [
            120.38396,
            22.50169
          ],
          [
            120.38401,
            22.50161
          ],
          [
            120.38397,
            22.50152
          ],
          [
            120.3841,
            22.50137
          ],
          [
            120.38426,
            22.50125
          ],
          [
            120.38501,
            22.50081
          ],
          [
            120.38509,
            22.50074
          ],
          [
            120.38534,
            22.500610000000002
          ],
          [
            120.38566,
            22.50046
          ],
          [
            120.38621,
            22.50023
          ],
          [
            120.38661,
            22.50008
          ],
          [
            120.38699,
            22.49999
          ],
          [
            120.38699,
            22.49999
          ],
          [
            120.38799,
            22.49981
          ],
          [
            120.38865,
            22.49975
          ],
          [
            120.38926,
            22.49971
          ],
          [
            120.38945,
            22.49968
          ],
          [
            120.38993,
            22.49972
          ],
          [
            120.39024,
            22.49976
          ],
          [
            120.39162,
            22.49988
          ],
          [
            120.39272,
            22.49999
          ],
          [
            120.39272,
            22.49999
          ],
          [
            120.39308,
            22.50002
          ],
          [
            120.39434,
            22.50017
          ],
          [
            120.39587,
            22.50037
          ],
          [
            120.39587,
            22.50037
          ],
          [
            120.39634,
            22.50043
          ],
          [
            120.39732,
            22.50049
          ],
          [
            120.39732,
            22.50058
          ],
          [
            120.39787,
            22.50065
          ],
          [
            120.39836,
            22.5007
          ],
          [
            120.39992,
            22.50081
          ],
          [
            120.40096,
            22.50088
          ],
          [
            120.40141,
            22.50082
          ],
          [
            120.40167,
            22.50075
          ],
          [
            120.40221,
            22.50057
          ],
          [
            120.40426,
            22.49986
          ],
          [
            120.40466,
            22.49968
          ],
          [
            120.40464,
            22.49961
          ],
          [
            120.40487,
            22.49953
          ],
          [
            120.40591,
            22.49917
          ],
          [
            120.40591,
            22.49917
          ],
          [
            120.406,
            22.49915
          ],
          [
            120.40608,
            22.49915
          ],
          [
            120.40633,
            22.49907
          ],
          [
            120.40682,
            22.49886
          ],
          [
            120.40797,
            22.49851
          ],
          [
            120.40874,
            22.49835
          ],
          [
            120.40929,
            22.49825
          ],
          [
            120.41177,
            22.49785
          ],
          [
            120.41276,
            22.49773
          ],
          [
            120.41324,
            22.49768
          ],
          [
            120.41385,
            22.49767
          ],
          [
            120.41424,
            22.49769
          ],
          [
            120.41495,
            22.49775
          ],
          [
            120.41545,
            22.49785
          ],
          [
            120.41644,
            22.49805
          ],
          [
            120.41717,
            22.49815
          ],
          [
            120.41829,
            22.49825
          ],
          [
            120.42273,
            22.49865
          ],
          [
            120.42589,
            22.49896
          ],
          [
            120.42754,
            22.49908
          ],
          [
            120.43157,
            22.49943
          ],
          [
            120.43285,
            22.49952
          ],
          [
            120.43374,
            22.49961
          ],
          [
            120.43385,
            22.49963
          ],
          [
            120.43484,
            22.49968
          ],
          [
            120.43525,
            22.49968
          ],
          [
            120.43566,
            22.49963
          ],
          [
            120.4358,
            22.49963
          ],
          [
            120.436,
            22.49963
          ],
          [
            120.43634,
            22.49958
          ],
          [
            120.43695,
            22.49944
          ],
          [
            120.43733,
            22.4993
          ],
          [
            120.43868,
            22.49859
          ],
          [
            120.43946,
            22.49818
          ],
          [
            120.44045,
            22.4977
          ],
          [
            120.44156,
            22.49717
          ],
          [
            120.44183,
            22.49702
          ],
          [
            120.44183,
            22.49702
          ],
          [
            120.44244,
            22.49671
          ],
          [
            120.44339,
            22.49636
          ],
          [
            120.44456,
            22.49593
          ],
          [
            120.44545,
            22.49559
          ],
          [
            120.44656,
            22.49525
          ],
          [
            120.44656,
            22.49525
          ],
          [
            120.44689,
            22.49515
          ],
          [
            120.44696,
            22.49513
          ],
          [
            120.44776,
            22.49488
          ],
          [
            120.44825,
            22.49475
          ],
          [
            120.4483,
            22.49474
          ],
          [
            120.44917,
            22.49446
          ],
          [
            120.45064,
            22.49399
          ],
          [
            120.45157,
            22.4937
          ],
          [
            120.45352,
            22.49306
          ],
          [
            120.4537,
            22.49297
          ],
          [
            120.4538,
            22.49291
          ],
          [
            120.454,
            22.49282
          ],
          [
            120.45429,
            22.49263
          ],
          [
            120.45437,
            22.49256
          ],
          [
            120.45444,
            22.49265
          ],
          [
            120.45454,
            22.49268
          ],
          [
            120.45461,
            22.49271
          ],
          [
            120.45466,
            22.49272
          ],
          [
            120.45474,
            22.49273
          ],
          [
            120.45498,
            22.49267
          ],
          [
            120.45519,
            22.4926
          ],
          [
            120.45556,
            22.49248
          ],
          [
            120.45672,
            22.49208
          ],
          [
            120.45693,
            22.49202
          ],
          [
            120.4573,
            22.49191
          ],
          [
            120.45739,
            22.4919
          ],
          [
            120.45773,
            22.49182
          ],
          [
            120.45788,
            22.49179
          ],
          [
            120.45788,
            22.49179
          ],
          [
            120.45882,
            22.4916
          ],
          [
            120.45917,
            22.49152
          ],
          [
            120.45908,
            22.49104
          ],
          [
            120.45901,
            22.49068
          ],
          [
            120.45901,
            22.49068
          ],
          [
            120.45871,
            22.48908
          ],
          [
            120.45871,
            22.48908
          ],
          [
            120.45845,
            22.48776
          ],
          [
            120.4584,
            22.48728
          ],
          [
            120.45839,
            22.48691
          ],
          [
            120.45842,
            22.48625
          ],
          [
            120.45847,
            22.48579
          ],
          [
            120.45852,
            22.48545
          ],
          [
            120.45852,
            22.48545
          ],
          [
            120.45853,
            22.48542
          ],
          [
            120.45854,
            22.48535
          ],
          [
            120.45852,
            22.48516
          ],
          [
            120.45845,
            22.48482
          ],
          [
            120.45832,
            22.48447
          ],
          [
            120.45801,
            22.48368
          ],
          [
            120.45753,
            22.48241
          ],
          [
            120.45725,
            22.4817
          ],
          [
            120.45714,
            22.48142
          ],
          [
            120.45712,
            22.48135
          ],
          [
            120.4571,
            22.48128
          ],
          [
            120.45707,
            22.48122
          ],
          [
            120.45705,
            22.4812
          ],
          [
            120.45702,
            22.48117
          ],
          [
            120.45698,
            22.48113
          ],
          [
            120.45692,
            22.48108
          ],
          [
            120.45686,
            22.48106
          ],
          [
            120.45673,
            22.481
          ],
          [
            120.45673,
            22.481
          ],
          [
            120.4566,
            22.48097
          ],
          [
            120.45672,
            22.48064
          ],
          [
            120.45684,
            22.48038
          ],
          [
            120.45686,
            22.48033
          ],
          [
            120.4569,
            22.48025
          ],
          [
            120.45696,
            22.48015
          ],
          [
            120.45712,
            22.47994
          ],
          [
            120.45736,
            22.47963
          ],
          [
            120.45747,
            22.47953
          ],
          [
            120.45759,
            22.47941
          ],
          [
            120.45834,
            22.4787
          ],
          [
            120.45873,
            22.47833
          ],
          [
            120.45885,
            22.47822
          ],
          [
            120.45956,
            22.47753
          ],
          [
            120.46021,
            22.47691
          ],
          [
            120.46021,
            22.47691
          ],
          [
            120.46018,
            22.47688
          ],
          [
            120.46018,
            22.47688
          ],
          [
            120.46093,
            22.47599
          ],
          [
            120.46093,
            22.47599
          ],
          [
            120.46051,
            22.47567
          ],
          [
            120.46033,
            22.47554
          ],
          [
            120.45964,
            22.47502
          ],
          [
            120.45936,
            22.47481
          ],
          [
            120.45911,
            22.47461
          ],
          [
            120.45866,
            22.47425
          ],
          [
            120.45846,
            22.47409
          ],
          [
            120.4584,
            22.47404
          ],
          [
            120.4584,
            22.47404
          ],
          [
            120.45634,
            22.47247
          ],
          [
            120.45597,
            22.47218
          ],
          [
            120.45597,
            22.47218
          ],
          [
            120.45539,
            22.4717
          ],
          [
            120.45539,
            22.4717
          ],
          [
            120.45606,
            22.47088
          ],
          [
            120.45623,
            22.47059
          ],
          [
            120.45662,
            22.46983
          ],
          [
            120.45662,
            22.46983
          ],
          [
            120.45605,
            22.46955
          ],
          [
            120.45548,
            22.46924
          ],
          [
            120.45521,
            22.46911
          ],
          [
            120.45492,
            22.46897
          ],
          [
            120.45492,
            22.46897
          ],
          [
            120.45479,
            22.46888
          ],
          [
            120.4547,
            22.46882
          ],
          [
            120.45461,
            22.46876
          ],
          [
            120.45457,
            22.46873
          ],
          [
            120.45429,
            22.46861
          ],
          [
            120.45429,
            22.46861
          ],
          [
            120.45422,
            22.46857
          ],
          [
            120.45401,
            22.46848
          ],
          [
            120.45385,
            22.46838
          ],
          [
            120.45364,
            22.46823
          ],
          [
            120.45357,
            22.46818
          ],
          [
            120.45352,
            22.46813
          ],
          [
            120.45348,
            22.46808
          ],
          [
            120.45342,
            22.46797
          ],
          [
            120.45336,
            22.46786
          ],
          [
            120.45315,
            22.46731
          ],
          [
            120.45303,
            22.46695
          ],
          [
            120.45303,
            22.46695
          ],
          [
            120.45295,
            22.46669
          ],
          [
            120.45278,
            22.46622
          ],
          [
            120.45273,
            22.46609
          ],
          [
            120.45269,
            22.466
          ],
          [
            120.45266,
            22.46594
          ],
          [
            120.45264,
            22.4659
          ],
          [
            120.4526,
            22.46581
          ],
          [
            120.45246,
            22.46558
          ],
          [
            120.45246,
            22.46558
          ],
          [
            120.45271,
            22.4655
          ],
          [
            120.45344,
            22.46529
          ],
          [
            120.45377,
            22.46522
          ],
          [
            120.45386,
            22.4652
          ],
          [
            120.45386,
            22.4652
          ],
          [
            120.45412,
            22.46512
          ],
          [
            120.45479,
            22.46489
          ],
          [
            120.45523,
            22.46476
          ],
          [
            120.45549,
            22.46468
          ],
          [
            120.4563,
            22.46444
          ],
          [
            120.45664,
            22.46435
          ],
          [
            120.4568,
            22.4643
          ],
          [
            120.45686,
            22.46429
          ],
          [
            120.45716,
            22.46419
          ],
          [
            120.45716,
            22.46419
          ],
          [
            120.45719,
            22.46429
          ],
          [
            120.45725,
            22.46446
          ],
          [
            120.45727,
            22.46452
          ],
          [
            120.45733,
            22.4647
          ],
          [
            120.45742,
            22.46495
          ],
          [
            120.45742,
            22.46495
          ],
          [
            120.4576,
            22.46488
          ],
          [
            120.45764,
            22.46485
          ],
          [
            120.45766,
            22.46477
          ],
          [
            120.45765,
            22.46471
          ],
          [
            120.45763,
            22.46464
          ],
          [
            120.45763,
            22.46464
          ],
          [
            120.45763,
            22.46462
          ],
          [
            120.45759,
            22.46454
          ],
          [
            120.45753,
            22.46451
          ],
          [
            120.45747,
            22.4645
          ],
          [
            120.45727,
            22.46452
          ],
          [
            120.45727,
            22.46452
          ],
          [
            120.45725,
            22.46446
          ],
          [
            120.45719,
            22.46429
          ],
          [
            120.45716,
            22.46419
          ],
          [
            120.45716,
            22.46419
          ],
          [
            120.45768,
            22.46403
          ],
          [
            120.45771,
            22.46402
          ],
          [
            120.45789,
            22.46397
          ],
          [
            120.4584,
            22.46382
          ],
          [
            120.45857,
            22.4638
          ],
          [
            120.45887,
            22.46369
          ],
          [
            120.45918,
            22.4636
          ],
          [
            120.45959,
            22.46347
          ],
          [
            120.46045,
            22.46322
          ],
          [
            120.46085,
            22.4631
          ],
          [
            120.4616,
            22.46288
          ],
          [
            120.46198,
            22.46277
          ],
          [
            120.46206,
            22.46275
          ],
          [
            120.46248,
            22.46265
          ],
          [
            120.46254,
            22.46263
          ],
          [
            120.46281,
            22.46255
          ],
          [
            120.464,
            22.46222
          ],
          [
            120.464,
            22.46222
          ],
          [
            120.4661,
            22.46167
          ],
          [
            120.4661,
            22.46167
          ],
          [
            120.46654,
            22.46155
          ],
          [
            120.46671,
            22.46151
          ],
          [
            120.46711,
            22.46139
          ],
          [
            120.4672,
            22.46132
          ],
          [
            120.46863,
            22.46093
          ],
          [
            120.46977,
            22.46058
          ],
          [
            120.47117,
            22.46015
          ],
          [
            120.4725,
            22.45974
          ],
          [
            120.47384,
            22.45933
          ],
          [
            120.47421,
            22.45922
          ],
          [
            120.47435,
            22.45917
          ],
          [
            120.47638,
            22.45854
          ],
          [
            120.47861,
            22.45787
          ],
          [
            120.47889,
            22.45778
          ],
          [
            120.47949,
            22.4576
          ],
          [
            120.47989,
            22.45748
          ],
          [
            120.47989,
            22.45748
          ],
          [
            120.47999,
            22.45744
          ],
          [
            120.48078,
            22.4572
          ],
          [
            120.48117,
            22.45709
          ],
          [
            120.48156,
            22.45696
          ],
          [
            120.48178,
            22.4569
          ],
          [
            120.48223,
            22.45675
          ],
          [
            120.48254,
            22.45666
          ],
          [
            120.48259,
            22.45664
          ],
          [
            120.48302,
            22.45648
          ],
          [
            120.48359,
            22.4563
          ],
          [
            120.48411,
            22.45615
          ],
          [
            120.48461,
            22.456
          ],
          [
            120.48523,
            22.45581
          ],
          [
            120.48523,
            22.45581
          ],
          [
            120.48886,
            22.45467
          ],
          [
            120.49176,
            22.45379
          ],
          [
            120.49176,
            22.45379
          ],
          [
            120.49283,
            22.45347
          ],
          [
            120.49615,
            22.45256
          ],
          [
            120.49661,
            22.45244
          ],
          [
            120.50013,
            22.45149
          ],
          [
            120.50045,
            22.45136
          ],
          [
            120.50075,
            22.45121
          ],
          [
            120.50099,
            22.45103
          ],
          [
            120.50112,
            22.45091
          ],
          [
            120.50257,
            22.44919
          ],
          [
            120.5041,
            22.44738
          ],
          [
            120.5041,
            22.44738
          ],
          [
            120.50493,
            22.44638
          ],
          [
            120.50533,
            22.44591
          ],
          [
            120.5057,
            22.44547
          ],
          [
            120.50596,
            22.44517
          ],
          [
            120.50634,
            22.44475
          ],
          [
            120.50643,
            22.44465
          ],
          [
            120.50658,
            22.44448
          ],
          [
            120.50691,
            22.44408
          ],
          [
            120.5073,
            22.44361
          ],
          [
            120.50789,
            22.44292
          ],
          [
            120.50812,
            22.44262
          ],
          [
            120.50866,
            22.44199
          ],
          [
            120.50913,
            22.44137
          ],
          [
            120.50933,
            22.44114
          ],
          [
            120.51055,
            22.43968
          ],
          [
            120.51062,
            22.43962
          ],
          [
            120.51065,
            22.43959
          ],
          [
            120.51077,
            22.43944
          ],
          [
            120.51127,
            22.43884
          ],
          [
            120.51178,
            22.43822
          ],
          [
            120.51185,
            22.43812
          ],
          [
            120.51185,
            22.43812
          ],
          [
            120.51188,
            22.4381
          ],
          [
            120.51197,
            22.438
          ],
          [
            120.51208,
            22.43786
          ],
          [
            120.51216,
            22.43777
          ],
          [
            120.51239,
            22.43748
          ],
          [
            120.51254,
            22.4373
          ],
          [
            120.51264,
            22.43719
          ],
          [
            120.51289,
            22.43688
          ],
          [
            120.51315,
            22.43656
          ],
          [
            120.51317,
            22.43653
          ],
          [
            120.51371,
            22.43588
          ],
          [
            120.51389,
            22.43566
          ],
          [
            120.51392,
            22.43562
          ],
          [
            120.51435,
            22.43511
          ],
          [
            120.51458,
            22.43482
          ],
          [
            120.51471,
            22.43466
          ],
          [
            120.51486,
            22.43447
          ],
          [
            120.51498,
            22.43435
          ],
          [
            120.51528,
            22.43408
          ],
          [
            120.51547,
            22.43394
          ],
          [
            120.51571,
            22.4338
          ],
          [
            120.51582,
            22.43373
          ],
          [
            120.51582,
            22.43373
          ],
          [
            120.51715,
            22.43288
          ],
          [
            120.51757,
            22.43262
          ],
          [
            120.51792,
            22.43247
          ],
          [
            120.51843,
            22.43231
          ],
          [
            120.51902,
            22.43219
          ],
          [
            120.5191,
            22.43217
          ],
          [
            120.5191,
            22.43217
          ],
          [
            120.51989,
            22.43198
          ],
          [
            120.52018,
            22.43187
          ],
          [
            120.52125,
            22.43145
          ],
          [
            120.52217,
            22.43109
          ],
          [
            120.52275,
            22.4309
          ],
          [
            120.52439,
            22.43029
          ],
          [
            120.52539,
            22.42989
          ],
          [
            120.5259,
            22.42961
          ],
          [
            120.52642,
            22.42929
          ],
          [
            120.52727,
            22.42873
          ],
          [
            120.52764,
            22.42847
          ],
          [
            120.52764,
            22.42847
          ],
          [
            120.52819,
            22.42807
          ],
          [
            120.52908,
            22.42749
          ],
          [
            120.53067,
            22.42643
          ],
          [
            120.53269,
            22.42515
          ],
          [
            120.53298,
            22.42497
          ],
          [
            120.53315,
            22.42486
          ],
          [
            120.53325,
            22.42474
          ],
          [
            120.53523,
            22.42345
          ],
          [
            120.53755,
            22.42194
          ],
          [
            120.53983,
            22.42042
          ],
          [
            120.54136,
            22.41943
          ],
          [
            120.54136,
            22.41943
          ],
          [
            120.54414,
            22.41762
          ],
          [
            120.54428,
            22.41756
          ],
          [
            120.54483,
            22.41722
          ],
          [
            120.54534,
            22.41689
          ],
          [
            120.54534,
            22.41689
          ],
          [
            120.54685,
            22.41589
          ],
          [
            120.5476,
            22.41544
          ],
          [
            120.54809,
            22.41525
          ],
          [
            120.54844,
            22.41516
          ],
          [
            120.5493,
            22.41501
          ],
          [
            120.5495,
            22.41497
          ],
          [
            120.5495,
            22.41497
          ],
          [
            120.54993,
            22.41487
          ],
          [
            120.55167,
            22.41426
          ],
          [
            120.55172,
            22.41421
          ],
          [
            120.55183,
            22.41416
          ],
          [
            120.5529,
            22.41377
          ],
          [
            120.55327,
            22.41363
          ],
          [
            120.55327,
            22.41363
          ],
          [
            120.55398,
            22.41335
          ],
          [
            120.55431,
            22.41322
          ],
          [
            120.55509,
            22.41293
          ],
          [
            120.55539,
            22.41282
          ],
          [
            120.55578,
            22.41267
          ],
          [
            120.55651,
            22.41241
          ],
          [
            120.55695,
            22.41225
          ],
          [
            120.55695,
            22.41225
          ],
          [
            120.55872,
            22.41158
          ],
          [
            120.56032,
            22.41108
          ],
          [
            120.56229,
            22.41045
          ],
          [
            120.56266,
            22.41031
          ],
          [
            120.56283,
            22.41022
          ],
          [
            120.56342,
            22.40988
          ],
          [
            120.56342,
            22.40988
          ],
          [
            120.56476,
            22.40907
          ],
          [
            120.56848,
            22.406860000000002
          ],
          [
            120.56896,
            22.40657
          ],
          [
            120.56896,
            22.40657
          ],
          [
            120.56933,
            22.40634
          ],
          [
            120.56995,
            22.40597
          ],
          [
            120.57029,
            22.40577
          ],
          [
            120.57053,
            22.405639999999998
          ],
          [
            120.57076,
            22.40552
          ],
          [
            120.57098,
            22.40541
          ],
          [
            120.57109,
            22.40535
          ],
          [
            120.57122,
            22.40529
          ],
          [
            120.57135,
            22.40523
          ],
          [
            120.5715,
            22.40519
          ],
          [
            120.57159,
            22.40516
          ],
          [
            120.57172,
            22.40512
          ],
          [
            120.57184,
            22.40508
          ],
          [
            120.57196,
            22.40505
          ],
          [
            120.57314,
            22.40479
          ],
          [
            120.57335,
            22.40476
          ],
          [
            120.57361,
            22.40474
          ],
          [
            120.5741,
            22.40472
          ],
          [
            120.57471,
            22.40472
          ],
          [
            120.57491,
            22.40472
          ],
          [
            120.57504,
            22.40472
          ],
          [
            120.57507,
            22.40473
          ],
          [
            120.57507,
            22.40473
          ],
          [
            120.57538,
            22.40473
          ],
          [
            120.57583,
            22.40474
          ],
          [
            120.57623,
            22.40473
          ],
          [
            120.57652,
            22.40475
          ],
          [
            120.57663,
            22.40475
          ],
          [
            120.57703,
            22.40475
          ],
          [
            120.57743,
            22.40475
          ],
          [
            120.57766,
            22.40475
          ],
          [
            120.57783,
            22.40476
          ],
          [
            120.57822,
            22.40476
          ],
          [
            120.57849,
            22.40475
          ],
          [
            120.57849,
            22.40475
          ],
          [
            120.57987,
            22.40473
          ],
          [
            120.58071,
            22.40462
          ],
          [
            120.58105,
            22.40454
          ],
          [
            120.58154,
            22.40437
          ],
          [
            120.58214,
            22.4041
          ],
          [
            120.58214,
            22.4041
          ],
          [
            120.58247,
            22.4039
          ],
          [
            120.58289,
            22.40357
          ],
          [
            120.58315,
            22.40333
          ],
          [
            120.58347,
            22.40297
          ],
          [
            120.58485,
            22.40088
          ],
          [
            120.58551,
            22.39985
          ],
          [
            120.58637,
            22.39848
          ],
          [
            120.58875,
            22.39478
          ],
          [
            120.58901,
            22.39442
          ],
          [
            120.58901,
            22.39442
          ],
          [
            120.59148,
            22.39054
          ],
          [
            120.59243,
            22.38917
          ],
          [
            120.59328,
            22.38806
          ],
          [
            120.59328,
            22.38806
          ],
          [
            120.59366,
            22.38758
          ],
          [
            120.59374,
            22.38751
          ],
          [
            120.59383,
            22.38746
          ],
          [
            120.59386,
            22.38743
          ],
          [
            120.59416,
            22.38687
          ],
          [
            120.59461,
            22.38589
          ],
          [
            120.59502,
            22.38491
          ],
          [
            120.59542,
            22.38394
          ],
          [
            120.59553,
            22.38367
          ],
          [
            120.59553,
            22.38367
          ],
          [
            120.59645,
            22.38143
          ],
          [
            120.59639,
            22.38131
          ],
          [
            120.59637,
            22.38092
          ],
          [
            120.59634,
            22.38053
          ],
          [
            120.59628,
            22.38021
          ],
          [
            120.59602,
            22.37948
          ],
          [
            120.59556,
            22.37824
          ],
          [
            120.59486,
            22.37653
          ],
          [
            120.59425,
            22.37503
          ],
          [
            120.59354,
            22.37321
          ],
          [
            120.59269,
            22.37111
          ],
          [
            120.59264,
            22.37099
          ],
          [
            120.59264,
            22.37099
          ],
          [
            120.59242,
            22.37045
          ],
          [
            120.59243,
            22.37031
          ],
          [
            120.59243,
            22.37015
          ],
          [
            120.59245,
            22.36984
          ],
          [
            120.59246,
            22.3698
          ],
          [
            120.59246,
            22.36979
          ],
          [
            120.59246,
            22.36976
          ],
          [
            120.59251,
            22.3696
          ],
          [
            120.59256,
            22.36948
          ],
          [
            120.59268,
            22.36925
          ],
          [
            120.59274,
            22.36918
          ],
          [
            120.59282,
            22.36908
          ],
          [
            120.59313,
            22.36864
          ],
          [
            120.59337,
            22.36834
          ],
          [
            120.59374,
            22.36788
          ],
          [
            120.59385,
            22.36771
          ],
          [
            120.59414,
            22.36733
          ],
          [
            120.5944,
            22.36701
          ],
          [
            120.59456,
            22.3668
          ]
        ]
      }
    },
    {
      "type": "Feature",
      "properties": {
        "feature_type": "route",
        "ref": "9117A",
        "name": "9117A（高雄→台17線→枋寮）",
        "name_en": "9117A (高雄→台17線→枋寮)",
        "color": "#134e4a",
        "direction": 1
      },
      "geometry": {
        "type": "LineString",
        "coordinates": [
          [
            120.59432,
            22.3671
          ],
          [
            120.59337,
            22.36834
          ],
          [
            120.59282,
            22.36908
          ],
          [
            120.59268,
            22.36925
          ],
          [
            120.59251,
            22.3696
          ],
          [
            120.59246,
            22.36979
          ],
          [
            120.59245,
            22.36984
          ],
          [
            120.59243,
            22.37031
          ],
          [
            120.59242,
            22.37045
          ],
          [
            120.59269,
            22.37111
          ],
          [
            120.59269,
            22.37111
          ],
          [
            120.59354,
            22.37321
          ],
          [
            120.59486,
            22.37653
          ],
          [
            120.59556,
            22.37824
          ],
          [
            120.59602,
            22.37948
          ],
          [
            120.59628,
            22.38021
          ],
          [
            120.59634,
            22.38053
          ],
          [
            120.59637,
            22.38092
          ],
          [
            120.59639,
            22.38131
          ],
          [
            120.59645,
            22.38143
          ],
          [
            120.59652,
            22.38155
          ],
          [
            120.59608,
            22.38262
          ],
          [
            120.59578,
            22.38335
          ],
          [
            120.59577,
            22.38337
          ],
          [
            120.59577,
            22.38337
          ],
          [
            120.59496,
            22.38529
          ],
          [
            120.594,
            22.38741
          ],
          [
            120.59402,
            22.38754
          ],
          [
            120.59391,
            22.38755
          ],
          [
            120.59379,
            22.38759
          ],
          [
            120.59374,
            22.38762
          ],
          [
            120.59361,
            22.38776
          ],
          [
            120.59322,
            22.38826
          ],
          [
            120.59322,
            22.38826
          ],
          [
            120.59217,
            22.38967
          ],
          [
            120.5915,
            22.39066
          ],
          [
            120.58928,
            22.39416
          ],
          [
            120.58919,
            22.39431
          ],
          [
            120.58919,
            22.39431
          ],
          [
            120.58883,
            22.39484
          ],
          [
            120.58718,
            22.39741
          ],
          [
            120.58688,
            22.39786
          ],
          [
            120.5856,
            22.39989
          ],
          [
            120.58493,
            22.40091
          ],
          [
            120.58356,
            22.40301
          ],
          [
            120.58324,
            22.40338
          ],
          [
            120.58299,
            22.40361
          ],
          [
            120.58256,
            22.40394
          ],
          [
            120.58213,
            22.40421
          ],
          [
            120.58213,
            22.40421
          ],
          [
            120.58176,
            22.4044
          ],
          [
            120.58134,
            22.40456
          ],
          [
            120.58074,
            22.40473
          ],
          [
            120.58029,
            22.4048
          ],
          [
            120.5799,
            22.40484
          ],
          [
            120.57907,
            22.40485
          ],
          [
            120.57863,
            22.40485
          ],
          [
            120.57832,
            22.40484
          ],
          [
            120.57832,
            22.40484
          ],
          [
            120.57703,
            22.40482
          ],
          [
            120.57557,
            22.40482
          ],
          [
            120.57463,
            22.40481
          ],
          [
            120.57463,
            22.40481
          ],
          [
            120.57381,
            22.40481
          ],
          [
            120.57339,
            22.40485
          ],
          [
            120.57288,
            22.40493
          ],
          [
            120.57216,
            22.40509
          ],
          [
            120.57179,
            22.4052
          ],
          [
            120.57148,
            22.4053
          ],
          [
            120.57087,
            22.40557
          ],
          [
            120.57014,
            22.40595
          ],
          [
            120.56893,
            22.40669
          ],
          [
            120.56893,
            22.40669
          ],
          [
            120.56768,
            22.40743
          ],
          [
            120.5643,
            22.40945
          ],
          [
            120.56328,
            22.41007
          ],
          [
            120.56328,
            22.41007
          ],
          [
            120.56313,
            22.41016
          ],
          [
            120.56252,
            22.41045
          ],
          [
            120.56142,
            22.41082
          ],
          [
            120.56034,
            22.41116
          ],
          [
            120.55876,
            22.41167
          ],
          [
            120.55794,
            22.41197
          ],
          [
            120.5576,
            22.4121
          ],
          [
            120.5576,
            22.4121
          ],
          [
            120.55543,
            22.4129
          ],
          [
            120.5544,
            22.41327
          ],
          [
            120.55314,
            22.41377
          ],
          [
            120.55314,
            22.41377
          ],
          [
            120.55237,
            22.41406
          ],
          [
            120.55173,
            22.41426
          ],
          [
            120.5517,
            22.41426
          ],
          [
            120.55056,
            22.41464
          ],
          [
            120.54979,
            22.41491
          ],
          [
            120.54964,
            22.41494
          ],
          [
            120.54917,
            22.41503
          ],
          [
            120.54917,
            22.41503
          ],
          [
            120.54844,
            22.41516
          ],
          [
            120.54809,
            22.41525
          ],
          [
            120.5476,
            22.41544
          ],
          [
            120.54685,
            22.41589
          ],
          [
            120.5454,
            22.41685
          ],
          [
            120.5454,
            22.41685
          ],
          [
            120.54483,
            22.41722
          ],
          [
            120.54432,
            22.41755
          ],
          [
            120.5443,
            22.41759
          ],
          [
            120.54427,
            22.41762
          ],
          [
            120.54422,
            22.41766
          ],
          [
            120.54309,
            22.41838
          ],
          [
            120.5422,
            22.41899
          ],
          [
            120.54131,
            22.41955
          ],
          [
            120.54131,
            22.41955
          ],
          [
            120.53761,
            22.42201
          ],
          [
            120.53331,
            22.42482
          ],
          [
            120.53315,
            22.42486
          ],
          [
            120.53298,
            22.42497
          ],
          [
            120.53269,
            22.42515
          ],
          [
            120.53067,
            22.42643
          ],
          [
            120.52908,
            22.42749
          ],
          [
            120.52819,
            22.42807
          ],
          [
            120.52757,
            22.42852
          ],
          [
            120.52757,
            22.42852
          ],
          [
            120.52646,
            22.42927
          ],
          [
            120.52623,
            22.42942
          ],
          [
            120.52572,
            22.42972
          ],
          [
            120.52523,
            22.42996
          ],
          [
            120.52363,
            22.43057
          ],
          [
            120.52257,
            22.43097
          ],
          [
            120.52158,
            22.43131
          ],
          [
            120.52036,
            22.4318
          ],
          [
            120.52,
            22.43194
          ],
          [
            120.51949,
            22.43208
          ],
          [
            120.51936,
            22.43211
          ],
          [
            120.51936,
            22.43211
          ],
          [
            120.51821,
            22.43237
          ],
          [
            120.51778,
            22.43252
          ],
          [
            120.51753,
            22.43265
          ],
          [
            120.51634,
            22.43338
          ],
          [
            120.51581,
            22.43373
          ],
          [
            120.51581,
            22.43373
          ],
          [
            120.51547,
            22.43394
          ],
          [
            120.51498,
            22.43435
          ],
          [
            120.51435,
            22.43511
          ],
          [
            120.51254,
            22.4373
          ],
          [
            120.51192,
            22.43806
          ],
          [
            120.51192,
            22.43806
          ],
          [
            120.51077,
            22.43944
          ],
          [
            120.51065,
            22.43959
          ],
          [
            120.5106,
            22.43976
          ],
          [
            120.5092,
            22.44141
          ],
          [
            120.50874,
            22.44205
          ],
          [
            120.50657,
            22.44465
          ],
          [
            120.50608,
            22.44526
          ],
          [
            120.50583,
            22.44556
          ],
          [
            120.50523,
            22.44618
          ],
          [
            120.50418,
            22.44742
          ],
          [
            120.5036,
            22.4481
          ],
          [
            120.5036,
            22.4481
          ],
          [
            120.50241,
            22.44949
          ],
          [
            120.50122,
            22.45092
          ],
          [
            120.50102,
            22.45112
          ],
          [
            120.50061,
            22.45138
          ],
          [
            120.5003,
            22.45151
          ],
          [
            120.49978,
            22.45166
          ],
          [
            120.49653,
            22.45254
          ],
          [
            120.49283,
            22.45353
          ],
          [
            120.49177,
            22.45386
          ],
          [
            120.49177,
            22.45386
          ],
          [
            120.48814,
            22.45497
          ],
          [
            120.48451,
            22.45612
          ],
          [
            120.48451,
            22.45612
          ],
          [
            120.47952,
            22.45769
          ],
          [
            120.4783,
            22.45808
          ],
          [
            120.4783,
            22.45808
          ],
          [
            120.47439,
            22.45928
          ],
          [
            120.4712,
            22.46024
          ],
          [
            120.46865,
            22.46102
          ],
          [
            120.46722,
            22.4614
          ],
          [
            120.46711,
            22.46139
          ],
          [
            120.46654,
            22.46155
          ],
          [
            120.4661,
            22.46167
          ],
          [
            120.4661,
            22.46167
          ],
          [
            120.46406,
            22.4622
          ],
          [
            120.46406,
            22.4622
          ],
          [
            120.46281,
            22.46255
          ],
          [
            120.46254,
            22.46263
          ],
          [
            120.46248,
            22.46265
          ],
          [
            120.46206,
            22.46275
          ],
          [
            120.46198,
            22.46277
          ],
          [
            120.4616,
            22.46288
          ],
          [
            120.46085,
            22.4631
          ],
          [
            120.46045,
            22.46322
          ],
          [
            120.45959,
            22.46347
          ],
          [
            120.45918,
            22.4636
          ],
          [
            120.45887,
            22.46369
          ],
          [
            120.45857,
            22.4638
          ],
          [
            120.4584,
            22.46382
          ],
          [
            120.45789,
            22.46397
          ],
          [
            120.45771,
            22.46402
          ],
          [
            120.45768,
            22.46403
          ],
          [
            120.45716,
            22.46419
          ],
          [
            120.45716,
            22.46419
          ],
          [
            120.45719,
            22.46429
          ],
          [
            120.45725,
            22.46446
          ],
          [
            120.45727,
            22.46452
          ],
          [
            120.45733,
            22.4647
          ],
          [
            120.45742,
            22.46495
          ],
          [
            120.45742,
            22.46495
          ],
          [
            120.4576,
            22.46488
          ],
          [
            120.45764,
            22.46485
          ],
          [
            120.45766,
            22.46477
          ],
          [
            120.45765,
            22.46471
          ],
          [
            120.45763,
            22.46464
          ],
          [
            120.45763,
            22.46464
          ],
          [
            120.45763,
            22.46462
          ],
          [
            120.45759,
            22.46454
          ],
          [
            120.45753,
            22.46451
          ],
          [
            120.45747,
            22.4645
          ],
          [
            120.45727,
            22.46452
          ],
          [
            120.45727,
            22.46452
          ],
          [
            120.45725,
            22.46446
          ],
          [
            120.45719,
            22.46429
          ],
          [
            120.45716,
            22.46419
          ],
          [
            120.45716,
            22.46419
          ],
          [
            120.45686,
            22.46429
          ],
          [
            120.4568,
            22.4643
          ],
          [
            120.45664,
            22.46435
          ],
          [
            120.4563,
            22.46444
          ],
          [
            120.45549,
            22.46468
          ],
          [
            120.45523,
            22.46476
          ],
          [
            120.45479,
            22.46489
          ],
          [
            120.45471,
            22.46492
          ],
          [
            120.45471,
            22.46492
          ],
          [
            120.45412,
            22.46512
          ],
          [
            120.45377,
            22.46522
          ],
          [
            120.45344,
            22.46529
          ],
          [
            120.45271,
            22.4655
          ],
          [
            120.45271,
            22.4655
          ],
          [
            120.45286,
            22.46577
          ],
          [
            120.45291,
            22.46587
          ],
          [
            120.45292,
            22.46589
          ],
          [
            120.45295,
            22.46599
          ],
          [
            120.453,
            22.46614
          ],
          [
            120.45302,
            22.46621
          ],
          [
            120.45302,
            22.46621
          ],
          [
            120.45337,
            22.46723
          ],
          [
            120.45355,
            22.46776
          ],
          [
            120.45362,
            22.46786
          ],
          [
            120.45371,
            22.46796
          ],
          [
            120.45381,
            22.46806
          ],
          [
            120.45426,
            22.46832
          ],
          [
            120.45426,
            22.46832
          ],
          [
            120.45492,
            22.46867
          ],
          [
            120.45506,
            22.46876
          ],
          [
            120.45492,
            22.46897
          ],
          [
            120.45325,
            22.47055
          ],
          [
            120.45431,
            22.471
          ],
          [
            120.45476,
            22.47124
          ],
          [
            120.45516,
            22.47153
          ],
          [
            120.45567,
            22.47193
          ],
          [
            120.45567,
            22.47193
          ],
          [
            120.45693,
            22.47293
          ],
          [
            120.4576,
            22.47345
          ],
          [
            120.45883,
            22.47439
          ],
          [
            120.45883,
            22.47439
          ],
          [
            120.46033,
            22.47554
          ],
          [
            120.46093,
            22.47599
          ],
          [
            120.46111,
            22.47614
          ],
          [
            120.46053,
            22.47684
          ],
          [
            120.4604,
            22.477
          ],
          [
            120.46035,
            22.47705
          ],
          [
            120.46025,
            22.47711
          ],
          [
            120.46006,
            22.4772
          ],
          [
            120.45952,
            22.4777
          ],
          [
            120.45878,
            22.47839
          ],
          [
            120.45755,
            22.47961
          ],
          [
            120.45729,
            22.4799
          ],
          [
            120.45704,
            22.48023
          ],
          [
            120.45699,
            22.4806
          ],
          [
            120.45701,
            22.48081
          ],
          [
            120.4571,
            22.48113
          ],
          [
            120.45714,
            22.48142
          ],
          [
            120.45725,
            22.4817
          ],
          [
            120.45801,
            22.48368
          ],
          [
            120.45845,
            22.48482
          ],
          [
            120.45852,
            22.4852
          ],
          [
            120.45852,
            22.4852
          ],
          [
            120.45853,
            22.48542
          ],
          [
            120.45842,
            22.48625
          ],
          [
            120.45839,
            22.48704
          ],
          [
            120.45843,
            22.48757
          ],
          [
            120.45856,
            22.48836
          ],
          [
            120.45866,
            22.48882
          ],
          [
            120.45871,
            22.48908
          ],
          [
            120.45871,
            22.48908
          ],
          [
            120.45901,
            22.49068
          ],
          [
            120.45901,
            22.49068
          ],
          [
            120.45917,
            22.49152
          ],
          [
            120.45837,
            22.49169
          ],
          [
            120.45773,
            22.49182
          ],
          [
            120.45773,
            22.49182
          ],
          [
            120.4573,
            22.49191
          ],
          [
            120.45672,
            22.49207
          ],
          [
            120.45519,
            22.49255
          ],
          [
            120.45474,
            22.49273
          ],
          [
            120.45419,
            22.49293
          ],
          [
            120.45393,
            22.49298
          ],
          [
            120.45355,
            22.49314
          ],
          [
            120.45161,
            22.49378
          ],
          [
            120.44778,
            22.49499
          ],
          [
            120.44691,
            22.49526
          ],
          [
            120.44637,
            22.49542
          ],
          [
            120.44637,
            22.49542
          ],
          [
            120.44541,
            22.4957
          ],
          [
            120.44365,
            22.49635
          ],
          [
            120.44299,
            22.49659
          ],
          [
            120.44241,
            22.49683
          ],
          [
            120.44179,
            22.49714
          ],
          [
            120.44179,
            22.49714
          ],
          [
            120.44161,
            22.49724
          ],
          [
            120.44134,
            22.49739
          ],
          [
            120.4413,
            22.49741
          ],
          [
            120.44129,
            22.49742
          ],
          [
            120.44013,
            22.49797
          ],
          [
            120.43949,
            22.49826
          ],
          [
            120.43924,
            22.49839
          ],
          [
            120.43898,
            22.49852
          ],
          [
            120.43854,
            22.49877
          ],
          [
            120.43821,
            22.49896
          ],
          [
            120.43804,
            22.49905
          ],
          [
            120.4377,
            22.49924
          ],
          [
            120.43753,
            22.49931
          ],
          [
            120.43751,
            22.49933
          ],
          [
            120.43743,
            22.49936
          ],
          [
            120.43733,
            22.49941
          ],
          [
            120.43714,
            22.49947
          ],
          [
            120.437,
            22.49951
          ],
          [
            120.43658,
            22.49961
          ],
          [
            120.4365,
            22.49963
          ],
          [
            120.43601,
            22.49969
          ],
          [
            120.4358,
            22.4997
          ],
          [
            120.43573,
            22.49971
          ],
          [
            120.43566,
            22.49971
          ],
          [
            120.43559,
            22.49973
          ],
          [
            120.4354,
            22.49977
          ],
          [
            120.43539,
            22.49977
          ],
          [
            120.43521,
            22.49978
          ],
          [
            120.43492,
            22.49977
          ],
          [
            120.43483,
            22.49977
          ],
          [
            120.43462,
            22.49975
          ],
          [
            120.43443,
            22.49974
          ],
          [
            120.43385,
            22.4997
          ],
          [
            120.43378,
            22.49969
          ],
          [
            120.43372,
            22.49969
          ],
          [
            120.43348,
            22.49967
          ],
          [
            120.43338,
            22.49966
          ],
          [
            120.43284,
            22.49961
          ],
          [
            120.4327,
            22.4996
          ],
          [
            120.43174,
            22.49953
          ],
          [
            120.43115,
            22.49948
          ],
          [
            120.43096,
            22.49946
          ],
          [
            120.43076,
            22.49944
          ],
          [
            120.43057,
            22.49943
          ],
          [
            120.43037,
            22.49941
          ],
          [
            120.42999,
            22.49937
          ],
          [
            120.42921,
            22.49931
          ],
          [
            120.42766,
            22.49917
          ],
          [
            120.42749,
            22.49915
          ],
          [
            120.42747,
            22.49915
          ],
          [
            120.42669,
            22.4991
          ],
          [
            120.4265,
            22.49909
          ],
          [
            120.42629,
            22.49908
          ],
          [
            120.42553,
            22.49901
          ],
          [
            120.42398,
            22.49887
          ],
          [
            120.42359,
            22.49884
          ],
          [
            120.42354,
            22.49883
          ],
          [
            120.4234,
            22.49882
          ],
          [
            120.42301,
            22.49879
          ],
          [
            120.42282,
            22.49877
          ],
          [
            120.42281,
            22.49877
          ],
          [
            120.42262,
            22.49875
          ],
          [
            120.42204,
            22.4987
          ],
          [
            120.42155,
            22.49866
          ],
          [
            120.42087,
            22.49861
          ],
          [
            120.42068,
            22.4986
          ],
          [
            120.4201,
            22.49855
          ],
          [
            120.41991,
            22.49854
          ],
          [
            120.4199,
            22.49854
          ],
          [
            120.41827,
            22.49842
          ],
          [
            120.4181,
            22.49841
          ],
          [
            120.41749,
            22.49836
          ],
          [
            120.41721,
            22.49833
          ],
          [
            120.41685,
            22.49827
          ],
          [
            120.41638,
            22.498169999999998
          ],
          [
            120.41619,
            22.49813
          ],
          [
            120.41536,
            22.49796
          ],
          [
            120.41524,
            22.49794
          ],
          [
            120.41519,
            22.49793
          ],
          [
            120.4151,
            22.49791
          ],
          [
            120.41501,
            22.4979
          ],
          [
            120.41435,
            22.49786
          ],
          [
            120.41399,
            22.49783
          ],
          [
            120.41385,
            22.49783
          ],
          [
            120.41384,
            22.49783
          ],
          [
            120.41313,
            22.49783
          ],
          [
            120.41268,
            22.49787
          ],
          [
            120.41229,
            22.4979
          ],
          [
            120.41175,
            22.49795
          ],
          [
            120.41146,
            22.49801
          ],
          [
            120.41021,
            22.4982
          ],
          [
            120.40931,
            22.49832
          ],
          [
            120.40907,
            22.49838
          ],
          [
            120.40904,
            22.49838
          ],
          [
            120.40888,
            22.49841
          ],
          [
            120.40869000000001,
            22.49845
          ],
          [
            120.40801,
            22.49858
          ],
          [
            120.40799,
            22.49859
          ],
          [
            120.40752,
            22.49874
          ],
          [
            120.40694,
            22.49894
          ],
          [
            120.40635,
            22.49914
          ],
          [
            120.40625,
            22.49917
          ],
          [
            120.4061,
            22.49922
          ],
          [
            120.4061,
            22.49922
          ],
          [
            120.40609,
            22.49926
          ],
          [
            120.40608,
            22.49928
          ],
          [
            120.40606,
            22.4993
          ],
          [
            120.40603,
            22.49932
          ],
          [
            120.40601,
            22.49933
          ],
          [
            120.40601,
            22.49933
          ],
          [
            120.40574,
            22.49945
          ],
          [
            120.40574,
            22.49945
          ],
          [
            120.40565,
            22.49948
          ],
          [
            120.40487,
            22.49976
          ],
          [
            120.4048,
            22.49979
          ],
          [
            120.40473,
            22.49981
          ],
          [
            120.40446,
            22.49994
          ],
          [
            120.40421,
            22.50004
          ],
          [
            120.40375,
            22.50022
          ],
          [
            120.40306,
            22.50046
          ],
          [
            120.40209,
            22.50085
          ],
          [
            120.4018,
            22.50095
          ],
          [
            120.40159,
            22.50101
          ],
          [
            120.40143,
            22.50104
          ],
          [
            120.40129,
            22.50106
          ],
          [
            120.40091,
            22.50107
          ],
          [
            120.40042,
            22.50105
          ],
          [
            120.4002,
            22.50103
          ],
          [
            120.40002,
            22.50102
          ],
          [
            120.39961,
            22.50099
          ],
          [
            120.39961,
            22.50099
          ],
          [
            120.39932,
            22.50097
          ],
          [
            120.39868,
            22.50091
          ],
          [
            120.39868,
            22.50091
          ],
          [
            120.39855,
            22.50089
          ],
          [
            120.39798,
            22.50084
          ],
          [
            120.39786,
            22.50083
          ],
          [
            120.39697,
            22.50073
          ],
          [
            120.39648,
            22.50069
          ],
          [
            120.39629,
            22.50068
          ],
          [
            120.3959,
            22.500610000000002
          ],
          [
            120.3959,
            22.500610000000002
          ],
          [
            120.39505,
            22.50052
          ],
          [
            120.39505,
            22.50052
          ],
          [
            120.39479,
            22.50048
          ],
          [
            120.39456,
            22.50044
          ],
          [
            120.39378,
            22.50035
          ],
          [
            120.39348,
            22.50032
          ],
          [
            120.39325,
            22.5003
          ],
          [
            120.39296,
            22.50026
          ],
          [
            120.39296,
            22.50026
          ],
          [
            120.39245,
            22.50019
          ],
          [
            120.39202,
            22.50015
          ],
          [
            120.39185,
            22.50014
          ],
          [
            120.39185,
            22.50014
          ],
          [
            120.39093,
            22.50008
          ],
          [
            120.39079,
            22.50007
          ],
          [
            120.39079,
            22.50007
          ],
          [
            120.39023,
            22.50002
          ],
          [
            120.38984,
            22.5
          ],
          [
            120.38984,
            22.5
          ],
          [
            120.38966,
            22.5
          ],
          [
            120.38947,
            22.5
          ],
          [
            120.38881,
            22.50004
          ],
          [
            120.38863,
            22.50005
          ],
          [
            120.38863,
            22.50005
          ],
          [
            120.38797,
            22.50012
          ],
          [
            120.38744,
            22.5002
          ],
          [
            120.38716,
            22.50025
          ],
          [
            120.38716,
            22.50025
          ],
          [
            120.3871,
            22.50026
          ],
          [
            120.38671,
            22.50036
          ],
          [
            120.38654,
            22.50042
          ],
          [
            120.38597,
            22.50063
          ],
          [
            120.38562,
            22.50078
          ],
          [
            120.38534,
            22.5009
          ],
          [
            120.38517,
            22.50103
          ],
          [
            120.38476,
            22.50124
          ],
          [
            120.38445,
            22.50143
          ],
          [
            120.38431,
            22.50152
          ],
          [
            120.38427,
            22.50156
          ],
          [
            120.38407,
            22.50179
          ],
          [
            120.38396,
            22.50199
          ],
          [
            120.38395,
            22.502
          ],
          [
            120.38382,
            22.50225
          ],
          [
            120.38373,
            22.50242
          ],
          [
            120.38362,
            22.50261
          ],
          [
            120.38356,
            22.5027
          ],
          [
            120.38339,
            22.50294
          ],
          [
            120.38318,
            22.50313
          ],
          [
            120.38303,
            22.50323
          ],
          [
            120.38292,
            22.5033
          ],
          [
            120.38281,
            22.50336
          ],
          [
            120.38274,
            22.50339
          ],
          [
            120.38264,
            22.50343
          ],
          [
            120.38238,
            22.50351
          ],
          [
            120.38198,
            22.50352
          ],
          [
            120.38176,
            22.50352
          ],
          [
            120.38066,
            22.5036
          ],
          [
            120.38043,
            22.50362
          ],
          [
            120.38035,
            22.50364
          ],
          [
            120.3802,
            22.50366
          ],
          [
            120.38,
            22.50369
          ],
          [
            120.37973,
            22.50374
          ],
          [
            120.37973,
            22.50374
          ],
          [
            120.37958,
            22.50376
          ],
          [
            120.37945,
            22.50378
          ],
          [
            120.37911,
            22.50385
          ],
          [
            120.37885,
            22.5039
          ],
          [
            120.37748,
            22.50416
          ],
          [
            120.37727,
            22.5042
          ],
          [
            120.37706,
            22.50423
          ],
          [
            120.37686,
            22.50426
          ],
          [
            120.37634,
            22.50433
          ],
          [
            120.37617,
            22.50436
          ],
          [
            120.37514,
            22.50455
          ],
          [
            120.37474,
            22.50462
          ],
          [
            120.37422,
            22.50473
          ],
          [
            120.37405,
            22.50476
          ],
          [
            120.37393,
            22.50478
          ],
          [
            120.37389,
            22.50478
          ],
          [
            120.37262,
            22.50502
          ],
          [
            120.37241,
            22.50505
          ],
          [
            120.37204,
            22.50512
          ],
          [
            120.372,
            22.50513
          ],
          [
            120.372,
            22.50513
          ],
          [
            120.37188,
            22.50516
          ],
          [
            120.37162,
            22.50525
          ],
          [
            120.37134,
            22.50537
          ],
          [
            120.37121,
            22.50547
          ],
          [
            120.37114,
            22.50553
          ],
          [
            120.37091,
            22.5057
          ],
          [
            120.37077,
            22.5058
          ],
          [
            120.37062,
            22.50592
          ],
          [
            120.37062,
            22.50592
          ],
          [
            120.37019,
            22.50615
          ],
          [
            120.37004,
            22.50625
          ],
          [
            120.36998,
            22.50629
          ],
          [
            120.36927,
            22.50679
          ],
          [
            120.36919,
            22.50685
          ],
          [
            120.36903,
            22.50698
          ],
          [
            120.36863,
            22.50735
          ],
          [
            120.36826,
            22.50775
          ],
          [
            120.36815,
            22.50785
          ],
          [
            120.36807,
            22.50793
          ],
          [
            120.36794,
            22.50807
          ],
          [
            120.36782,
            22.50817
          ],
          [
            120.36767,
            22.50828
          ],
          [
            120.36752,
            22.50838
          ],
          [
            120.36729,
            22.5085
          ],
          [
            120.36715,
            22.50857
          ],
          [
            120.36686,
            22.5087
          ],
          [
            120.36665,
            22.5088
          ],
          [
            120.36654,
            22.50885
          ],
          [
            120.36628,
            22.50895
          ],
          [
            120.36628,
            22.50895
          ],
          [
            120.36591,
            22.5091
          ],
          [
            120.36574,
            22.50917
          ],
          [
            120.36481,
            22.50948
          ],
          [
            120.36459,
            22.50957
          ],
          [
            120.36398,
            22.50978
          ],
          [
            120.36366,
            22.50991
          ],
          [
            120.36352,
            22.50998
          ],
          [
            120.36352,
            22.50998
          ],
          [
            120.36344,
            22.51001
          ],
          [
            120.36339,
            22.51004
          ],
          [
            120.36333,
            22.51007
          ],
          [
            120.36328,
            22.51011
          ],
          [
            120.36319,
            22.51018
          ],
          [
            120.36311,
            22.51025
          ],
          [
            120.36298,
            22.51038
          ],
          [
            120.36288,
            22.51044
          ],
          [
            120.36287,
            22.51044
          ],
          [
            120.36286,
            22.51045
          ],
          [
            120.36284,
            22.51045
          ],
          [
            120.36273,
            22.51044
          ],
          [
            120.36268,
            22.51051
          ],
          [
            120.36262,
            22.51066
          ],
          [
            120.36258,
            22.51083
          ],
          [
            120.36257,
            22.51087
          ],
          [
            120.36254,
            22.51102
          ],
          [
            120.36245,
            22.51152
          ],
          [
            120.36241,
            22.51174
          ],
          [
            120.36237,
            22.51188
          ],
          [
            120.36236,
            22.51191
          ],
          [
            120.36227,
            22.51216
          ],
          [
            120.36223,
            22.51224
          ],
          [
            120.36219,
            22.5123
          ],
          [
            120.36214,
            22.51237
          ],
          [
            120.36207,
            22.51245
          ],
          [
            120.36199,
            22.51252
          ],
          [
            120.36183,
            22.51266
          ],
          [
            120.36183,
            22.51266
          ],
          [
            120.36179,
            22.51269
          ],
          [
            120.36165,
            22.51281
          ],
          [
            120.36148,
            22.51298
          ],
          [
            120.36138,
            22.51309
          ],
          [
            120.36129,
            22.51321
          ],
          [
            120.36127,
            22.51324
          ],
          [
            120.36127,
            22.51324
          ],
          [
            120.3612,
            22.51349
          ],
          [
            120.36118,
            22.51356
          ],
          [
            120.36117,
            22.51363
          ],
          [
            120.36117,
            22.51372
          ],
          [
            120.36117,
            22.51381
          ],
          [
            120.36119,
            22.51392
          ],
          [
            120.36122,
            22.51405
          ],
          [
            120.36126,
            22.51417
          ],
          [
            120.36132,
            22.5143
          ],
          [
            120.36144,
            22.51451
          ],
          [
            120.36177,
            22.51499
          ],
          [
            120.36189,
            22.51519
          ],
          [
            120.3619,
            22.51522
          ],
          [
            120.36194,
            22.51528
          ],
          [
            120.36197,
            22.51533
          ],
          [
            120.36241,
            22.51606
          ],
          [
            120.36251,
            22.51624
          ],
          [
            120.36272,
            22.5166
          ],
          [
            120.36336,
            22.51772
          ],
          [
            120.36363,
            22.51818
          ],
          [
            120.36365,
            22.51823
          ],
          [
            120.36398,
            22.51884
          ],
          [
            120.3641,
            22.51906
          ],
          [
            120.36421,
            22.51924
          ],
          [
            120.36446,
            22.51971
          ],
          [
            120.36482,
            22.52036
          ],
          [
            120.36522,
            22.52107
          ],
          [
            120.36546,
            22.52151
          ],
          [
            120.3658,
            22.52215
          ],
          [
            120.36608,
            22.52264
          ],
          [
            120.36623,
            22.52289
          ],
          [
            120.36634,
            22.52309
          ],
          [
            120.36643,
            22.52325
          ],
          [
            120.36656,
            22.52349
          ],
          [
            120.36664,
            22.52364
          ],
          [
            120.36665,
            22.52367
          ],
          [
            120.3683,
            22.52668
          ],
          [
            120.36833,
            22.52673
          ],
          [
            120.36842,
            22.5269
          ],
          [
            120.36855,
            22.52715
          ],
          [
            120.36858,
            22.5272
          ],
          [
            120.36926,
            22.52844
          ],
          [
            120.36958,
            22.52897
          ],
          [
            120.36989,
            22.52953
          ],
          [
            120.36997,
            22.52968
          ],
          [
            120.37015,
            22.52999
          ],
          [
            120.37028,
            22.53024
          ],
          [
            120.37035,
            22.53036
          ],
          [
            120.37056,
            22.53076
          ],
          [
            120.37079,
            22.53117
          ],
          [
            120.37115,
            22.53183
          ],
          [
            120.37144,
            22.53235
          ],
          [
            120.37265,
            22.53453
          ],
          [
            120.37288,
            22.53494
          ],
          [
            120.37291,
            22.53501
          ],
          [
            120.37295,
            22.53509
          ],
          [
            120.37308,
            22.53536
          ],
          [
            120.37323,
            22.53573
          ],
          [
            120.37336,
            22.53614
          ],
          [
            120.37344,
            22.53657
          ],
          [
            120.3735,
            22.53711
          ],
          [
            120.37352,
            22.53734
          ],
          [
            120.37351,
            22.53765
          ],
          [
            120.37349,
            22.53797
          ],
          [
            120.37347,
            22.53821
          ],
          [
            120.37342,
            22.53846
          ],
          [
            120.37336,
            22.53871
          ],
          [
            120.37326,
            22.53906
          ],
          [
            120.37318,
            22.53926
          ],
          [
            120.37303,
            22.53963
          ],
          [
            120.37299,
            22.53971
          ],
          [
            120.37292,
            22.53985
          ],
          [
            120.37291,
            22.53987
          ],
          [
            120.37275,
            22.54014
          ],
          [
            120.37264,
            22.54029
          ],
          [
            120.3724,
            22.54064
          ],
          [
            120.37216,
            22.54098
          ],
          [
            120.37209,
            22.54108
          ],
          [
            120.37205,
            22.54115
          ],
          [
            120.37199,
            22.54123
          ],
          [
            120.37075,
            22.54299
          ],
          [
            120.3704,
            22.54349
          ],
          [
            120.36974,
            22.54442
          ],
          [
            120.3696,
            22.54461
          ],
          [
            120.36923,
            22.54514
          ],
          [
            120.36884,
            22.54569
          ],
          [
            120.36649,
            22.54902
          ],
          [
            120.36631,
            22.54927
          ],
          [
            120.36591,
            22.54982
          ],
          [
            120.36572,
            22.5501
          ],
          [
            120.3655,
            22.55042
          ],
          [
            120.3641,
            22.55227
          ],
          [
            120.36388,
            22.55256
          ],
          [
            120.36344,
            22.5531
          ],
          [
            120.36326,
            22.55333
          ],
          [
            120.36302,
            22.55364
          ],
          [
            120.36282,
            22.55389
          ],
          [
            120.36274,
            22.55402
          ],
          [
            120.36255,
            22.55427
          ],
          [
            120.35892,
            22.55884
          ],
          [
            120.3588,
            22.55898
          ],
          [
            120.35721,
            22.56093
          ],
          [
            120.35713,
            22.56104
          ],
          [
            120.35707,
            22.56112
          ],
          [
            120.35699,
            22.56121
          ],
          [
            120.35693,
            22.56128
          ],
          [
            120.35689,
            22.56133
          ],
          [
            120.3566,
            22.56168
          ],
          [
            120.3566,
            22.56168
          ],
          [
            120.3563,
            22.56203
          ],
          [
            120.35583,
            22.56258
          ],
          [
            120.35576,
            22.56267
          ],
          [
            120.35503,
            22.56349
          ],
          [
            120.35497,
            22.56356
          ],
          [
            120.35433,
            22.56436
          ],
          [
            120.35394,
            22.5648
          ],
          [
            120.35394,
            22.5648
          ],
          [
            120.35369,
            22.56509
          ],
          [
            120.35274,
            22.56611
          ],
          [
            120.35249,
            22.56637
          ],
          [
            120.35233,
            22.56654
          ],
          [
            120.35225,
            22.56663
          ],
          [
            120.35137,
            22.5676
          ],
          [
            120.35123,
            22.56776
          ],
          [
            120.35114,
            22.56786
          ],
          [
            120.35091,
            22.56809
          ],
          [
            120.35069,
            22.56831
          ],
          [
            120.3505,
            22.56852
          ],
          [
            120.35012,
            22.56892
          ],
          [
            120.35003,
            22.569
          ],
          [
            120.34987,
            22.56912
          ],
          [
            120.34976,
            22.56921
          ],
          [
            120.3497,
            22.56926
          ],
          [
            120.34959,
            22.56933
          ],
          [
            120.34935,
            22.56942
          ],
          [
            120.34928,
            22.56944
          ],
          [
            120.34922,
            22.56945
          ],
          [
            120.34914,
            22.56946
          ],
          [
            120.3491,
            22.56947
          ],
          [
            120.34904,
            22.56947
          ],
          [
            120.34897,
            22.56948
          ],
          [
            120.34862,
            22.56949
          ],
          [
            120.34811,
            22.56949
          ],
          [
            120.34802,
            22.56949
          ],
          [
            120.34796,
            22.5695
          ],
          [
            120.34743,
            22.56954
          ],
          [
            120.34714,
            22.56956
          ],
          [
            120.34699,
            22.56955
          ],
          [
            120.34698,
            22.56955
          ],
          [
            120.3469,
            22.56958
          ],
          [
            120.34684,
            22.5696
          ],
          [
            120.34676,
            22.5696
          ],
          [
            120.34677,
            22.5697
          ],
          [
            120.34677,
            22.56993
          ],
          [
            120.34677,
            22.56997
          ],
          [
            120.34677,
            22.57008
          ],
          [
            120.34677,
            22.57029
          ],
          [
            120.34677,
            22.57043
          ],
          [
            120.34625,
            22.57043
          ],
          [
            120.34606,
            22.57044
          ],
          [
            120.34586,
            22.57045
          ],
          [
            120.34567,
            22.57045
          ],
          [
            120.34548,
            22.57046
          ],
          [
            120.34528,
            22.57047
          ],
          [
            120.34452,
            22.57049
          ],
          [
            120.34419,
            22.57049
          ],
          [
            120.34316,
            22.57051
          ],
          [
            120.34305,
            22.57052
          ],
          [
            120.343,
            22.57053
          ],
          [
            120.34297,
            22.57053
          ],
          [
            120.34292,
            22.57054
          ],
          [
            120.34284,
            22.57056
          ],
          [
            120.34262,
            22.57064
          ],
          [
            120.34237,
            22.57079
          ],
          [
            120.34232,
            22.57081
          ],
          [
            120.3422,
            22.57087
          ],
          [
            120.34217,
            22.57089
          ],
          [
            120.34206,
            22.57093
          ],
          [
            120.34202,
            22.57094
          ],
          [
            120.34196,
            22.57096
          ],
          [
            120.34187,
            22.57099
          ],
          [
            120.34184,
            22.571
          ],
          [
            120.34183,
            22.571
          ],
          [
            120.341832,
            22.571001
          ],
          [
            120.341796,
            22.57101
          ],
          [
            120.341671,
            22.571016
          ],
          [
            120.341593,
            22.571026
          ],
          [
            120.341595,
            22.570861
          ],
          [
            120.341595,
            22.570861
          ],
          [
            120.341595,
            22.571026
          ],
          [
            120.341282,
            22.571042
          ],
          [
            120.341027,
            22.571038
          ],
          [
            120.340447,
            22.57103
          ],
          [
            120.339966,
            22.57106
          ],
          [
            120.339471,
            22.571091
          ],
          [
            120.339289,
            22.571091
          ],
          [
            120.339038,
            22.571108
          ],
          [
            120.338578,
            22.571112
          ],
          [
            120.338204,
            22.571127
          ],
          [
            120.338053,
            22.571169
          ],
          [
            120.337903,
            22.571172
          ],
          [
            120.337745,
            22.57119
          ],
          [
            120.337668,
            22.571211
          ],
          [
            120.337586,
            22.571247
          ],
          [
            120.337116,
            22.571316
          ],
          [
            120.33685,
            22.571321
          ],
          [
            120.335076,
            22.57344
          ],
          [
            120.331948,
            22.577168
          ],
          [
            120.32833,
            22.581454
          ],
          [
            120.321546,
            22.589431
          ],
          [
            120.32155,
            22.58943
          ],
          [
            120.32038,
            22.59082
          ],
          [
            120.3194,
            22.59198
          ],
          [
            120.31907,
            22.59238
          ],
          [
            120.31878,
            22.59275
          ],
          [
            120.3187,
            22.59286
          ],
          [
            120.31809,
            22.59358
          ],
          [
            120.3179,
            22.5938
          ],
          [
            120.3179,
            22.5938
          ],
          [
            120.31766,
            22.59409
          ],
          [
            120.31755,
            22.59423
          ],
          [
            120.31707,
            22.59479
          ],
          [
            120.31695,
            22.59494
          ],
          [
            120.31662,
            22.59533
          ],
          [
            120.31654,
            22.59543
          ],
          [
            120.31647,
            22.59552
          ],
          [
            120.31641,
            22.5956
          ],
          [
            120.3164,
            22.59561
          ],
          [
            120.3163,
            22.59573
          ],
          [
            120.31624,
            22.59582
          ],
          [
            120.3161,
            22.59599
          ],
          [
            120.31608,
            22.59601
          ],
          [
            120.31606,
            22.59604
          ],
          [
            120.31601,
            22.5961
          ],
          [
            120.31596,
            22.59617
          ],
          [
            120.3149,
            22.59749
          ],
          [
            120.31475,
            22.59769
          ],
          [
            120.31467,
            22.5978
          ],
          [
            120.31454,
            22.59797
          ],
          [
            120.31454,
            22.59797
          ],
          [
            120.31453,
            22.59811
          ],
          [
            120.31445,
            22.59822
          ],
          [
            120.31431,
            22.5984
          ],
          [
            120.31419,
            22.59858
          ],
          [
            120.31413,
            22.59865
          ],
          [
            120.31407,
            22.59873
          ],
          [
            120.31396,
            22.59886
          ],
          [
            120.31261,
            22.60056
          ],
          [
            120.31206,
            22.60123
          ],
          [
            120.31159,
            22.6018
          ],
          [
            120.31151,
            22.6019
          ],
          [
            120.31131,
            22.60216
          ],
          [
            120.31115,
            22.60237
          ],
          [
            120.31103,
            22.60253
          ],
          [
            120.31103,
            22.60253
          ],
          [
            120.31024,
            22.60357
          ],
          [
            120.30985,
            22.60406
          ],
          [
            120.30974,
            22.60422
          ],
          [
            120.30965,
            22.60433
          ],
          [
            120.3096,
            22.60439
          ],
          [
            120.30945,
            22.60459
          ],
          [
            120.30931,
            22.60475
          ],
          [
            120.30917,
            22.60493
          ],
          [
            120.30908,
            22.60504
          ],
          [
            120.30899,
            22.60515
          ],
          [
            120.30891,
            22.60525
          ],
          [
            120.30884,
            22.60534
          ],
          [
            120.30872,
            22.60549
          ],
          [
            120.30853,
            22.60572
          ],
          [
            120.30853,
            22.60572
          ],
          [
            120.30802,
            22.60635
          ],
          [
            120.30781,
            22.60661
          ],
          [
            120.30765,
            22.6068
          ],
          [
            120.30765,
            22.6068
          ],
          [
            120.30756,
            22.60674
          ],
          [
            120.30747,
            22.60688
          ],
          [
            120.30719,
            22.60729
          ],
          [
            120.30681,
            22.60819
          ],
          [
            120.30675,
            22.60833
          ],
          [
            120.30664,
            22.60859
          ],
          [
            120.30658,
            22.60876
          ],
          [
            120.30651,
            22.60895
          ],
          [
            120.3065,
            22.60898
          ],
          [
            120.3064,
            22.60924
          ],
          [
            120.3063,
            22.6095
          ],
          [
            120.3063,
            22.6095
          ],
          [
            120.30612,
            22.60999
          ],
          [
            120.30604,
            22.61019
          ],
          [
            120.30598,
            22.61033
          ],
          [
            120.30551,
            22.61155
          ],
          [
            120.30551,
            22.61156
          ],
          [
            120.30538,
            22.61186
          ],
          [
            120.30533,
            22.61197
          ],
          [
            120.30529,
            22.61206
          ],
          [
            120.30522,
            22.61222
          ],
          [
            120.30515,
            22.6124
          ],
          [
            120.30514,
            22.61242
          ],
          [
            120.30511,
            22.61248
          ],
          [
            120.305,
            22.61256
          ],
          [
            120.30491,
            22.61283
          ],
          [
            120.30486,
            22.61295
          ],
          [
            120.30482,
            22.61308
          ],
          [
            120.30482,
            22.61308
          ],
          [
            120.30452,
            22.61394
          ],
          [
            120.30418,
            22.61479
          ],
          [
            120.30392,
            22.61549
          ],
          [
            120.30356,
            22.61642
          ],
          [
            120.30356,
            22.61642
          ],
          [
            120.30231,
            22.61963
          ],
          [
            120.30231,
            22.61963
          ],
          [
            120.30118,
            22.62257
          ],
          [
            120.30118,
            22.62257
          ],
          [
            120.3011,
            22.62277
          ],
          [
            120.30103,
            22.62306
          ],
          [
            120.30101,
            22.62323
          ],
          [
            120.30103,
            22.62354
          ],
          [
            120.3011,
            22.6243
          ],
          [
            120.30118,
            22.62493
          ],
          [
            120.30118,
            22.62493
          ],
          [
            120.30145,
            22.62705
          ],
          [
            120.30157,
            22.62814
          ],
          [
            120.3018,
            22.63011
          ],
          [
            120.3018,
            22.63011
          ],
          [
            120.30188,
            22.631
          ],
          [
            120.30196,
            22.63146
          ],
          [
            120.30204,
            22.63202
          ],
          [
            120.30213,
            22.63299
          ],
          [
            120.30214,
            22.63323
          ],
          [
            120.30214,
            22.63323
          ],
          [
            120.30218,
            22.63459
          ],
          [
            120.30441,
            22.63443
          ],
          [
            120.30492,
            22.63439
          ],
          [
            120.30494,
            22.63467
          ],
          [
            120.30497,
            22.63512
          ],
          [
            120.30504,
            22.6358
          ],
          [
            120.30504,
            22.63579
          ],
          [
            120.30504,
            22.63582
          ],
          [
            120.30507,
            22.63613
          ],
          [
            120.30509,
            22.63639
          ],
          [
            120.3051,
            22.63653
          ],
          [
            120.30511,
            22.63663
          ],
          [
            120.30513,
            22.63703
          ],
          [
            120.30515,
            22.63731
          ],
          [
            120.30516,
            22.63758
          ],
          [
            120.30516,
            22.63758
          ],
          [
            120.30396,
            22.63764
          ],
          [
            120.30379,
            22.63766
          ],
          [
            120.3037,
            22.63766
          ],
          [
            120.30341,
            22.63768
          ],
          [
            120.30336,
            22.63769
          ],
          [
            120.30264,
            22.63775
          ],
          [
            120.30239,
            22.63776
          ],
          [
            120.30239,
            22.63776
          ],
          [
            120.30214,
            22.63778
          ],
          [
            120.30201,
            22.6378
          ],
          [
            120.30151,
            22.63782
          ],
          [
            120.30139,
            22.63782
          ],
          [
            120.30112,
            22.63785
          ],
          [
            120.30073,
            22.63786
          ],
          [
            120.30048,
            22.63788
          ],
          [
            120.30039,
            22.63788
          ],
          [
            120.3003,
            22.63787
          ],
          [
            120.30017,
            22.63787
          ],
          [
            120.3001,
            22.63786
          ],
          [
            120.29986,
            22.63785
          ],
          [
            120.29986,
            22.63785
          ],
          [
            120.29982,
            22.63785
          ],
          [
            120.29968,
            22.63784
          ],
          [
            120.29935,
            22.63784
          ],
          [
            120.29794,
            22.63787
          ],
          [
            120.29737,
            22.6379
          ],
          [
            120.29737,
            22.6379
          ],
          [
            120.29736,
            22.6379
          ],
          [
            120.29708,
            22.63791
          ],
          [
            120.2964,
            22.6379
          ],
          [
            120.29638,
            22.6381
          ],
          [
            120.29637,
            22.63832
          ],
          [
            120.29636,
            22.63845
          ],
          [
            120.29636,
            22.63846
          ],
          [
            120.29635,
            22.63856
          ],
          [
            120.29634,
            22.63865
          ],
          [
            120.29633,
            22.63868
          ],
          [
            120.29632,
            22.63885
          ],
          [
            120.29631,
            22.63892
          ],
          [
            120.2963,
            22.63904
          ],
          [
            120.29628,
            22.63936
          ],
          [
            120.29628,
            22.63951
          ],
          [
            120.29627,
            22.63961
          ],
          [
            120.29627,
            22.63967
          ],
          [
            120.29626,
            22.63977
          ],
          [
            120.29625,
            22.6398
          ],
          [
            120.29625,
            22.63996
          ],
          [
            120.29624,
            22.64001
          ],
          [
            120.29624,
            22.6401
          ],
          [
            120.29623,
            22.64025
          ],
          [
            120.29623,
            22.6403
          ],
          [
            120.29622,
            22.64041
          ],
          [
            120.29622,
            22.6409
          ],
          [
            120.29622,
            22.64094
          ],
          [
            120.29622,
            22.64097
          ],
          [
            120.29622,
            22.641
          ],
          [
            120.29621,
            22.64125
          ],
          [
            120.29621,
            22.6415
          ],
          [
            120.29621,
            22.6416
          ],
          [
            120.2962,
            22.64169
          ],
          [
            120.29622,
            22.64193
          ],
          [
            120.29624,
            22.64215
          ],
          [
            120.29624,
            22.64215
          ],
          [
            120.29627,
            22.64246
          ],
          [
            120.29633,
            22.64315
          ],
          [
            120.29638,
            22.64379
          ],
          [
            120.29643,
            22.64446
          ],
          [
            120.29649,
            22.64517
          ]
        ]
      }
    },
    {
      "type": "Feature",
      "properties": {
        "feature_type": "station",
        "ref": "THB266090",
        "name": "自立站",
        "name_en": "Zili Station",
        "line": "9117A（高雄→台17線→枋寮）",
        "color": "#134e4a",
        "direction": 0
      },
      "geometry": {
        "type": "Point",
        "coordinates": [
          120.296387,
          22.644729
        ]
      }
    },
    {
      "type": "Feature",
      "properties": {
        "feature_type": "station",
        "ref": "THB285064",
        "name": "遼寧街口(自立路)",
        "name_en": "Zili Road Intersection",
        "line": "9117A（高雄→台17線→枋寮）",
        "color": "#134e4a",
        "direction": 0
      },
      "geometry": {
        "type": "Point",
        "coordinates": [
          120.2961238,
          22.6421344
        ]
      }
    },
    {
      "type": "Feature",
      "properties": {
        "feature_type": "station",
        "ref": "THB266182",
        "name": "高雄中學",
        "name_en": "Kaohsiung Senior High School",
        "line": "9117A（高雄→台17線→枋寮）",
        "color": "#134e4a",
        "direction": 0
      },
      "geometry": {
        "type": "Point",
        "coordinates": [
          120.2976,
          22.63785
        ]
      }
    },
    {
      "type": "Feature",
      "properties": {
        "feature_type": "station",
        "ref": "THB284643",
        "name": "建國站",
        "name_en": "Jianguo Station",
        "line": "9117A（高雄→台17線→枋寮）",
        "color": "#134e4a",
        "direction": 0
      },
      "geometry": {
        "type": "Point",
        "coordinates": [
          120.300381,
          22.637768
        ]
      }
    },
    {
      "type": "Feature",
      "properties": {
        "feature_type": "station",
        "ref": "THB266255",
        "name": "八德站",
        "name_en": "Bade Station",
        "line": "9117A（高雄→台17線→枋寮）",
        "color": "#134e4a",
        "direction": 0
      },
      "geometry": {
        "type": "Point",
        "coordinates": [
          120.30535,
          22.63585
        ]
      }
    },
    {
      "type": "Feature",
      "properties": {
        "feature_type": "station",
        "ref": "THB266397",
        "name": "六合夜市(大港埔)",
        "name_en": "Dagangpu Liouhe Night Market",
        "line": "9117A（高雄→台17線→枋寮）",
        "color": "#134e4a",
        "direction": 0
      },
      "geometry": {
        "type": "Point",
        "coordinates": [
          120.302115,
          22.634054
        ]
      }
    },
    {
      "type": "Feature",
      "properties": {
        "feature_type": "station",
        "ref": "THB269458",
        "name": "捷運美麗島站",
        "name_en": "KRTC Formosa Boulevard Station",
        "line": "9117A（高雄→台17線→枋寮）",
        "color": "#134e4a",
        "direction": 0
      },
      "geometry": {
        "type": "Point",
        "coordinates": [
          120.30167,
          22.630489
        ]
      }
    },
    {
      "type": "Feature",
      "properties": {
        "feature_type": "station",
        "ref": "THB290352",
        "name": "捷運中央公園站",
        "name_en": "MRT Central Park Station",
        "line": "9117A（高雄→台17線→枋寮）",
        "color": "#134e4a",
        "direction": 0
      },
      "geometry": {
        "type": "Point",
        "coordinates": [
          120.301097,
          22.624895
        ]
      }
    },
    {
      "type": "Feature",
      "properties": {
        "feature_type": "station",
        "ref": "THB266001",
        "name": "新田路口(中山二路)",
        "name_en": "Sintian Rd. Intersection (Jhongshan 2nd Rd.)",
        "line": "9117A（高雄→台17線→枋寮）",
        "color": "#134e4a",
        "direction": 0
      },
      "geometry": {
        "type": "Point",
        "coordinates": [
          120.3012399,
          22.62207363
        ]
      }
    },
    {
      "type": "Feature",
      "properties": {
        "feature_type": "station",
        "ref": "THB266305",
        "name": "苓雅路口(中山二路)",
        "name_en": "Lingya Rd. Intersection (Jhongshan 2nd Rd.)",
        "line": "9117A（高雄→台17線→枋寮）",
        "color": "#134e4a",
        "direction": 0
      },
      "geometry": {
        "type": "Point",
        "coordinates": [
          120.30256,
          22.61883253
        ]
      }
    },
    {
      "type": "Feature",
      "properties": {
        "feature_type": "station",
        "ref": "THB266389",
        "name": "興中二路口",
        "name_en": "Singjhong 2nd Rd. Intersection",
        "line": "9117A（高雄→台17線→枋寮）",
        "color": "#134e4a",
        "direction": 0
      },
      "geometry": {
        "type": "Point",
        "coordinates": [
          120.3036,
          22.61611
        ]
      }
    },
    {
      "type": "Feature",
      "properties": {
        "feature_type": "station",
        "ref": "THB266113",
        "name": "捷運三多商圈站(中山二路)",
        "name_en": "MRT Sanduo Shopping District Station (Jhongshan 2nd Rd.)",
        "line": "9117A（高雄→台17線→枋寮）",
        "color": "#134e4a",
        "direction": 0
      },
      "geometry": {
        "type": "Point",
        "coordinates": [
          120.30467,
          22.61283
        ]
      }
    },
    {
      "type": "Feature",
      "properties": {
        "feature_type": "station",
        "ref": "THB266116",
        "name": "中山二路",
        "name_en": "Zhongshan2rd",
        "line": "9117A（高雄→台17線→枋寮）",
        "color": "#134e4a",
        "direction": 0
      },
      "geometry": {
        "type": "Point",
        "coordinates": [
          120.305816,
          22.60994719
        ]
      }
    },
    {
      "type": "Feature",
      "properties": {
        "feature_type": "station",
        "ref": "THB266240",
        "name": "勞工公園(捷運獅甲站)",
        "name_en": "MRT Shihjia Station",
        "line": "9117A（高雄→台17線→枋寮）",
        "color": "#134e4a",
        "direction": 0
      },
      "geometry": {
        "type": "Point",
        "coordinates": [
          120.30809,
          22.60567
        ]
      }
    },
    {
      "type": "Feature",
      "properties": {
        "feature_type": "station",
        "ref": "THB266122",
        "name": "光華路口(中山三路)",
        "name_en": "Guanghua Rd. Intersection(Jhongshan 3rd Rd.)",
        "line": "9117A（高雄→台17線→枋寮）",
        "color": "#134e4a",
        "direction": 0
      },
      "geometry": {
        "type": "Point",
        "coordinates": [
          120.31047,
          22.60256
        ]
      }
    },
    {
      "type": "Feature",
      "properties": {
        "feature_type": "station",
        "ref": "THB265958",
        "name": "捷運前鎮高中站(五甲三路口)",
        "name_en": "Cianjhen Senior High School",
        "line": "9117A（高雄→台17線→枋寮）",
        "color": "#134e4a",
        "direction": 0
      },
      "geometry": {
        "type": "Point",
        "coordinates": [
          120.32169,
          22.5889
        ]
      }
    },
    {
      "type": "Feature",
      "properties": {
        "feature_type": "station",
        "ref": "THB266264",
        "name": "高雄國際機場(國內)",
        "name_en": "Kaohsiung International Airport Domestic Terminal",
        "line": "9117A（高雄→台17線→枋寮）",
        "color": "#134e4a",
        "direction": 0
      },
      "geometry": {
        "type": "Point",
        "coordinates": [
          120.34401,
          22.57062
        ]
      }
    },
    {
      "type": "Feature",
      "properties": {
        "feature_type": "station",
        "ref": "THB311948",
        "name": "高雄國際機場(國際)",
        "name_en": "Kaohsiung International Airport International Terminal",
        "line": "9117A（高雄→台17線→枋寮）",
        "color": "#134e4a",
        "direction": 0
      },
      "geometry": {
        "type": "Point",
        "coordinates": [
          120.341596,
          22.570922
        ]
      }
    },
    {
      "type": "Feature",
      "properties": {
        "feature_type": "station",
        "ref": "THB265969",
        "name": "捷運小港站",
        "name_en": "MRT Siaogang Station",
        "line": "9117A（高雄→台17線→枋寮）",
        "color": "#134e4a",
        "direction": 0
      },
      "geometry": {
        "type": "Point",
        "coordinates": [
          120.35363,
          22.56481
        ]
      }
    },
    {
      "type": "Feature",
      "properties": {
        "feature_type": "station",
        "ref": "THB265929",
        "name": "沿海一路(小港高中)",
        "name_en": "Yan Hai 1st Rd (Xiaogang High School)",
        "line": "9117A（高雄→台17線→枋寮）",
        "color": "#134e4a",
        "direction": 0
      },
      "geometry": {
        "type": "Point",
        "coordinates": [
          120.35614,
          22.56198
        ]
      }
    },
    {
      "type": "Feature",
      "properties": {
        "feature_type": "station",
        "ref": "THB285222",
        "name": "鳳鼻頭(沿海路)",
        "name_en": "Fengbitou (Yan Hai Road)",
        "line": "9117A（高雄→台17線→枋寮）",
        "color": "#134e4a",
        "direction": 0
      },
      "geometry": {
        "type": "Point",
        "coordinates": [
          120.361756,
          22.512384
        ]
      }
    },
    {
      "type": "Feature",
      "properties": {
        "feature_type": "station",
        "ref": "THB266261",
        "name": "大安森林",
        "name_en": "Daan Forest",
        "line": "9117A（高雄→台17線→枋寮）",
        "color": "#134e4a",
        "direction": 0
      },
      "geometry": {
        "type": "Point",
        "coordinates": [
          120.36629,
          22.50863
        ]
      }
    },
    {
      "type": "Feature",
      "properties": {
        "feature_type": "station",
        "ref": "THB265933",
        "name": "中門7-11站",
        "name_en": "Jhongmen 7-11 Station",
        "line": "9117A（高雄→台17線→枋寮）",
        "color": "#134e4a",
        "direction": 0
      },
      "geometry": {
        "type": "Point",
        "coordinates": [
          120.37142,
          22.504926
        ]
      }
    },
    {
      "type": "Feature",
      "properties": {
        "feature_type": "station",
        "ref": "THB266376",
        "name": "頂厝路口(港仔埔)",
        "name_en": "Dingcuo Rd Intersection (Gangzaipu)",
        "line": "9117A（高雄→台17線→枋寮）",
        "color": "#134e4a",
        "direction": 0
      },
      "geometry": {
        "type": "Point",
        "coordinates": [
          120.379772,
          22.5033494
        ]
      }
    },
    {
      "type": "Feature",
      "properties": {
        "feature_type": "station",
        "ref": "THB265976",
        "name": "田厝路口(港嘴)",
        "name_en": "Tiancuo Rd Intersection (Gangzui)",
        "line": "9117A（高雄→台17線→枋寮）",
        "color": "#134e4a",
        "direction": 0
      },
      "geometry": {
        "type": "Point",
        "coordinates": [
          120.3869907,
          22.49992912
        ]
      }
    },
    {
      "type": "Feature",
      "properties": {
        "feature_type": "station",
        "ref": "THB266361",
        "name": "林園麥當勞",
        "name_en": "Linyuan McDonald's",
        "line": "9117A（高雄→台17線→枋寮）",
        "color": "#134e4a",
        "direction": 0
      },
      "geometry": {
        "type": "Point",
        "coordinates": [
          120.392729,
          22.49993007
        ]
      }
    },
    {
      "type": "Feature",
      "properties": {
        "feature_type": "station",
        "ref": "THB266224",
        "name": "幸福公園(林園站)",
        "name_en": "Happiness Park (Linyuan Station)",
        "line": "9117A（高雄→台17線→枋寮）",
        "color": "#134e4a",
        "direction": 0
      },
      "geometry": {
        "type": "Point",
        "coordinates": [
          120.396077,
          22.50029868
        ]
      }
    },
    {
      "type": "Feature",
      "properties": {
        "feature_type": "station",
        "ref": "THB265954",
        "name": "林園工業區",
        "name_en": "Linyuan Industrial Park",
        "line": "9117A（高雄→台17線→枋寮）",
        "color": "#134e4a",
        "direction": 0
      },
      "geometry": {
        "type": "Point",
        "coordinates": [
          120.40593,
          22.49914
        ]
      }
    },
    {
      "type": "Feature",
      "properties": {
        "feature_type": "station",
        "ref": "THB285224",
        "name": "五房",
        "name_en": "Wufang",
        "line": "9117A（高雄→台17線→枋寮）",
        "color": "#134e4a",
        "direction": 0
      },
      "geometry": {
        "type": "Point",
        "coordinates": [
          120.441724,
          22.49700158
        ]
      }
    },
    {
      "type": "Feature",
      "properties": {
        "feature_type": "station",
        "ref": "THB266464",
        "name": "興龍路",
        "name_en": "Xinglong Road",
        "line": "9117A（高雄→台17線→枋寮）",
        "color": "#134e4a",
        "direction": 0
      },
      "geometry": {
        "type": "Point",
        "coordinates": [
          120.44656,
          22.49524
        ]
      }
    },
    {
      "type": "Feature",
      "properties": {
        "feature_type": "station",
        "ref": "THB266297",
        "name": "臥龍路",
        "name_en": "Wolong Road",
        "line": "9117A（高雄→台17線→枋寮）",
        "color": "#134e4a",
        "direction": 0
      },
      "geometry": {
        "type": "Point",
        "coordinates": [
          120.457864,
          22.491764
        ]
      }
    },
    {
      "type": "Feature",
      "properties": {
        "feature_type": "station",
        "ref": "THB266174",
        "name": "烏龍農會",
        "name_en": "Wulong Farmer Assc.",
        "line": "9117A（高雄→台17線→枋寮）",
        "color": "#134e4a",
        "direction": 0
      },
      "geometry": {
        "type": "Point",
        "coordinates": [
          120.458882,
          22.490699
        ]
      }
    },
    {
      "type": "Feature",
      "properties": {
        "feature_type": "station",
        "ref": "THB278350",
        "name": "中烏龍",
        "name_en": "Zhongwulong",
        "line": "9117A（高雄→台17線→枋寮）",
        "color": "#134e4a",
        "direction": 0
      },
      "geometry": {
        "type": "Point",
        "coordinates": [
          120.458597,
          22.489098
        ]
      }
    },
    {
      "type": "Feature",
      "properties": {
        "feature_type": "station",
        "ref": "THB266065",
        "name": "下烏龍",
        "name_en": "Xiawulong",
        "line": "9117A（高雄→台17線→枋寮）",
        "color": "#134e4a",
        "direction": 0
      },
      "geometry": {
        "type": "Point",
        "coordinates": [
          120.458476,
          22.485595
        ]
      }
    },
    {
      "type": "Feature",
      "properties": {
        "feature_type": "station",
        "ref": "THB275954",
        "name": "安泰醫院",
        "name_en": "Antai Hospital",
        "line": "9117A（高雄→台17線→枋寮）",
        "color": "#134e4a",
        "direction": 0
      },
      "geometry": {
        "type": "Point",
        "coordinates": [
          120.45894,
          22.47448
        ]
      }
    },
    {
      "type": "Feature",
      "properties": {
        "feature_type": "station",
        "ref": "THB278342",
        "name": "新街",
        "name_en": "Xin St.",
        "line": "9117A（高雄→台17線→枋寮）",
        "color": "#134e4a",
        "direction": 0
      },
      "geometry": {
        "type": "Point",
        "coordinates": [
          120.455919,
          22.472171
        ]
      }
    },
    {
      "type": "Feature",
      "properties": {
        "feature_type": "station",
        "ref": "THB266294",
        "name": "東港土地銀行",
        "name_en": "Donggan Land Bank of Taiwan",
        "line": "9117A（高雄→台17線→枋寮）",
        "color": "#134e4a",
        "direction": 0
      },
      "geometry": {
        "type": "Point",
        "coordinates": [
          120.45428,
          22.46863
        ]
      }
    },
    {
      "type": "Feature",
      "properties": {
        "feature_type": "station",
        "ref": "THB285227",
        "name": "光復路口",
        "name_en": "Guangfu Road Intersection",
        "line": "9117A（高雄→台17線→枋寮）",
        "color": "#134e4a",
        "direction": 0
      },
      "geometry": {
        "type": "Point",
        "coordinates": [
          120.4529909,
          22.46696573
        ]
      }
    },
    {
      "type": "Feature",
      "properties": {
        "feature_type": "station",
        "ref": "THB309009",
        "name": "輔英醫院",
        "name_en": "Fooyin University Hospital",
        "line": "9117A（高雄→台17線→枋寮）",
        "color": "#134e4a",
        "direction": 0
      },
      "geometry": {
        "type": "Point",
        "coordinates": [
          120.45385,
          22.465163
        ]
      }
    },
    {
      "type": "Feature",
      "properties": {
        "feature_type": "station",
        "ref": "THB309008",
        "name": "東港轉運站",
        "name_en": "Donggang Bus Station",
        "line": "9117A（高雄→台17線→枋寮）",
        "color": "#134e4a",
        "direction": 0
      },
      "geometry": {
        "type": "Point",
        "coordinates": [
          120.457684,
          22.464626
        ]
      }
    },
    {
      "type": "Feature",
      "properties": {
        "feature_type": "station",
        "ref": "THB259522",
        "name": "中山國宅",
        "name_en": "Zhongshan Residence",
        "line": "9117A（高雄→台17線→枋寮）",
        "color": "#134e4a",
        "direction": 0
      },
      "geometry": {
        "type": "Point",
        "coordinates": [
          120.46398,
          22.46217
        ]
      }
    },
    {
      "type": "Feature",
      "properties": {
        "feature_type": "station",
        "ref": "THB283883",
        "name": "船頭里",
        "name_en": "Chuantou Village",
        "line": "9117A（高雄→台17線→枋寮）",
        "color": "#134e4a",
        "direction": 0
      },
      "geometry": {
        "type": "Point",
        "coordinates": [
          120.466078691983,
          22.4615953916309
        ]
      }
    },
    {
      "type": "Feature",
      "properties": {
        "feature_type": "station",
        "ref": "THB265996",
        "name": "大鵬灣1",
        "name_en": "Dapeng Bay(I)",
        "line": "9117A（高雄→台17線→枋寮）",
        "color": "#134e4a",
        "direction": 0
      },
      "geometry": {
        "type": "Point",
        "coordinates": [
          120.478565,
          22.45784
        ]
      }
    },
    {
      "type": "Feature",
      "properties": {
        "feature_type": "station",
        "ref": "THB266198",
        "name": "大鵬灣2",
        "name_en": "Dapeng Bay(II)",
        "line": "9117A（高雄→台17線→枋寮）",
        "color": "#134e4a",
        "direction": 0
      },
      "geometry": {
        "type": "Point",
        "coordinates": [
          120.48523,
          22.4558
        ]
      }
    },
    {
      "type": "Feature",
      "properties": {
        "feature_type": "station",
        "ref": "THB280637",
        "name": "新庄",
        "name_en": "Xinzhuang",
        "line": "9117A（高雄→台17線→枋寮）",
        "color": "#134e4a",
        "direction": 0
      },
      "geometry": {
        "type": "Point",
        "coordinates": [
          120.49175968312299,
          22.4537800319472
        ]
      }
    },
    {
      "type": "Feature",
      "properties": {
        "feature_type": "station",
        "ref": "THB275998",
        "name": "涵仔口",
        "name_en": "Hanzikou",
        "line": "9117A（高雄→台17線→枋寮）",
        "color": "#134e4a",
        "direction": 0
      },
      "geometry": {
        "type": "Point",
        "coordinates": [
          120.504155,
          22.447286
        ]
      }
    },
    {
      "type": "Feature",
      "properties": {
        "feature_type": "station",
        "ref": "THB259635",
        "name": "仁和國小",
        "name_en": "Renhe Elementary School",
        "line": "9117A（高雄→台17線→枋寮）",
        "color": "#134e4a",
        "direction": 0
      },
      "geometry": {
        "type": "Point",
        "coordinates": [
          120.51183,
          22.4381
        ]
      }
    },
    {
      "type": "Feature",
      "properties": {
        "feature_type": "station",
        "ref": "THB259983",
        "name": "林邊",
        "name_en": "Linbian",
        "line": "9117A（高雄→台17線→枋寮）",
        "color": "#134e4a",
        "direction": 0
      },
      "geometry": {
        "type": "Point",
        "coordinates": [
          120.515776,
          22.433669
        ]
      }
    },
    {
      "type": "Feature",
      "properties": {
        "feature_type": "station",
        "ref": "THB261776",
        "name": "林邊國小",
        "name_en": "Linbian Elementary School",
        "line": "9117A（高雄→台17線→枋寮）",
        "color": "#134e4a",
        "direction": 0
      },
      "geometry": {
        "type": "Point",
        "coordinates": [
          120.51909,
          22.43215
        ]
      }
    },
    {
      "type": "Feature",
      "properties": {
        "feature_type": "station",
        "ref": "THB276000",
        "name": "羌園",
        "name_en": "Qiangyuan",
        "line": "9117A（高雄→台17線→枋寮）",
        "color": "#134e4a",
        "direction": 0
      },
      "geometry": {
        "type": "Point",
        "coordinates": [
          120.527595,
          22.428418
        ]
      }
    },
    {
      "type": "Feature",
      "properties": {
        "feature_type": "station",
        "ref": "THB262186",
        "name": "賢昌",
        "name_en": "Xianchang",
        "line": "9117A（高雄→台17線→枋寮）",
        "color": "#134e4a",
        "direction": 0
      },
      "geometry": {
        "type": "Point",
        "coordinates": [
          120.541372,
          22.41938519
        ]
      }
    },
    {
      "type": "Feature",
      "properties": {
        "feature_type": "station",
        "ref": "THB261091",
        "name": "六根村",
        "name_en": "Liugen Village",
        "line": "9117A（高雄→台17線→枋寮）",
        "color": "#134e4a",
        "direction": 0
      },
      "geometry": {
        "type": "Point",
        "coordinates": [
          120.54533,
          22.41687
        ]
      }
    },
    {
      "type": "Feature",
      "properties": {
        "feature_type": "station",
        "ref": "THB276005",
        "name": "佳冬",
        "name_en": "Jiadong",
        "line": "9117A（高雄→台17線→枋寮）",
        "color": "#134e4a",
        "direction": 0
      },
      "geometry": {
        "type": "Point",
        "coordinates": [
          120.54948,
          22.41492
        ]
      }
    },
    {
      "type": "Feature",
      "properties": {
        "feature_type": "station",
        "ref": "THB276006",
        "name": "慈恩寺",
        "name_en": "Ci-en Temple",
        "line": "9117A（高雄→台17線→枋寮）",
        "color": "#134e4a",
        "direction": 0
      },
      "geometry": {
        "type": "Point",
        "coordinates": [
          120.553257,
          22.413602
        ]
      }
    },
    {
      "type": "Feature",
      "properties": {
        "feature_type": "station",
        "ref": "THB276007",
        "name": "佳冬農會",
        "name_en": "Jiadong Farmer Assc.",
        "line": "9117A（高雄→台17線→枋寮）",
        "color": "#134e4a",
        "direction": 0
      },
      "geometry": {
        "type": "Point",
        "coordinates": [
          120.556942,
          22.412206
        ]
      }
    },
    {
      "type": "Feature",
      "properties": {
        "feature_type": "station",
        "ref": "THB284863",
        "name": "佳冬農校",
        "name_en": "National Chiadong Agricultural Vocational Senior H",
        "line": "9117A（高雄→台17線→枋寮）",
        "color": "#134e4a",
        "direction": 0
      },
      "geometry": {
        "type": "Point",
        "coordinates": [
          120.563423,
          22.409877
        ]
      }
    },
    {
      "type": "Feature",
      "properties": {
        "feature_type": "station",
        "ref": "THB260797",
        "name": "屏南工業區",
        "name_en": "Pingnan Industrial Park",
        "line": "9117A（高雄→台17線→枋寮）",
        "color": "#134e4a",
        "direction": 0
      },
      "geometry": {
        "type": "Point",
        "coordinates": [
          120.56893,
          22.40654
        ]
      }
    },
    {
      "type": "Feature",
      "properties": {
        "feature_type": "station",
        "ref": "THB269331",
        "name": "文明",
        "name_en": "Wenming",
        "line": "9117A（高雄→台17線→枋寮）",
        "color": "#134e4a",
        "direction": 0
      },
      "geometry": {
        "type": "Point",
        "coordinates": [
          120.575048,
          22.40471
        ]
      }
    },
    {
      "type": "Feature",
      "properties": {
        "feature_type": "station",
        "ref": "THB269328",
        "name": "臨海路口",
        "name_en": "Linhai Road Intersection",
        "line": "9117A（高雄→台17線→枋寮）",
        "color": "#134e4a",
        "direction": 0
      },
      "geometry": {
        "type": "Point",
        "coordinates": [
          120.578507,
          22.404714
        ]
      }
    },
    {
      "type": "Feature",
      "properties": {
        "feature_type": "station",
        "ref": "THB275973",
        "name": "東海（臨海路)",
        "name_en": "Donghai (Linhai Road)",
        "line": "9117A（高雄→台17線→枋寮）",
        "color": "#134e4a",
        "direction": 0
      },
      "geometry": {
        "type": "Point",
        "coordinates": [
          120.58212,
          22.40407
        ]
      }
    },
    {
      "type": "Feature",
      "properties": {
        "feature_type": "station",
        "ref": "THB260593",
        "name": "南興休息站",
        "name_en": "Nanxing Rest Area",
        "line": "9117A（高雄→台17線→枋寮）",
        "color": "#134e4a",
        "direction": 0
      },
      "geometry": {
        "type": "Point",
        "coordinates": [
          120.58897,
          22.3944
        ]
      }
    },
    {
      "type": "Feature",
      "properties": {
        "feature_type": "station",
        "ref": "THB300476",
        "name": "水底寮",
        "name_en": "Shuidiliao",
        "line": "9117A（高雄→台17線→枋寮）",
        "color": "#134e4a",
        "direction": 0
      },
      "geometry": {
        "type": "Point",
        "coordinates": [
          120.5932845,
          22.38795601
        ]
      }
    },
    {
      "type": "Feature",
      "properties": {
        "feature_type": "station",
        "ref": "THB284647",
        "name": "建興寺",
        "name_en": "Jianxing Temple",
        "line": "9117A（高雄→台17線→枋寮）",
        "color": "#134e4a",
        "direction": 0
      },
      "geometry": {
        "type": "Point",
        "coordinates": [
          120.595511972745,
          22.3836649150156
        ]
      }
    },
    {
      "type": "Feature",
      "properties": {
        "feature_type": "station",
        "ref": "THB284649",
        "name": "枋寮國中",
        "name_en": "Fangliao High School",
        "line": "9117A（高雄→台17線→枋寮）",
        "color": "#134e4a",
        "direction": 0
      },
      "geometry": {
        "type": "Point",
        "coordinates": [
          120.59252,
          22.371027
        ]
      }
    },
    {
      "type": "Feature",
      "properties": {
        "feature_type": "station",
        "ref": "THB284651",
        "name": "枋寮站",
        "name_en": "Fangliao Station",
        "line": "9117A（高雄→台17線→枋寮）",
        "color": "#134e4a",
        "direction": 0
      },
      "geometry": {
        "type": "Point",
        "coordinates": [
          120.594548,
          22.366796
        ]
      }
    },
    {
      "type": "Feature",
      "properties": {
        "feature_type": "station",
        "ref": "THB261650",
        "name": "枋寮站",
        "name_en": "Fangliao Station",
        "line": "9117A（高雄→台17線→枋寮）",
        "color": "#134e4a",
        "direction": 1
      },
      "geometry": {
        "type": "Point",
        "coordinates": [
          120.594348,
          22.367187
        ]
      }
    },
    {
      "type": "Feature",
      "properties": {
        "feature_type": "station",
        "ref": "THB262804",
        "name": "枋寮國中",
        "name_en": "Fangliao High School",
        "line": "9117A（高雄→台17線→枋寮）",
        "color": "#134e4a",
        "direction": 1
      },
      "geometry": {
        "type": "Point",
        "coordinates": [
          120.5931542,
          22.37216768
        ]
      }
    },
    {
      "type": "Feature",
      "properties": {
        "feature_type": "station",
        "ref": "THB260343",
        "name": "建興寺",
        "name_en": "Jianxing Temple",
        "line": "9117A（高雄→台17線→枋寮）",
        "color": "#134e4a",
        "direction": 1
      },
      "geometry": {
        "type": "Point",
        "coordinates": [
          120.59585,
          22.38334
        ]
      }
    },
    {
      "type": "Feature",
      "properties": {
        "feature_type": "station",
        "ref": "THB275968",
        "name": "水底寮",
        "name_en": "Shuidiliao",
        "line": "9117A（高雄→台17線→枋寮）",
        "color": "#134e4a",
        "direction": 1
      },
      "geometry": {
        "type": "Point",
        "coordinates": [
          120.59325,
          22.38829
        ]
      }
    },
    {
      "type": "Feature",
      "properties": {
        "feature_type": "station",
        "ref": "THB275970",
        "name": "南興休息站",
        "name_en": "Nanxing Rest Area",
        "line": "9117A（高雄→台17線→枋寮）",
        "color": "#134e4a",
        "direction": 1
      },
      "geometry": {
        "type": "Point",
        "coordinates": [
          120.58923,
          22.39438
        ]
      }
    },
    {
      "type": "Feature",
      "properties": {
        "feature_type": "station",
        "ref": "THB261408",
        "name": "東海（臨海路)",
        "name_en": "Donghai (Linhai Road)",
        "line": "9117A（高雄→台17線→枋寮）",
        "color": "#134e4a",
        "direction": 1
      },
      "geometry": {
        "type": "Point",
        "coordinates": [
          120.58218,
          22.40428
        ]
      }
    },
    {
      "type": "Feature",
      "properties": {
        "feature_type": "station",
        "ref": "THB269789",
        "name": "臨海路口",
        "name_en": "Linhai Road Intersection",
        "line": "9117A（高雄→台17線→枋寮）",
        "color": "#134e4a",
        "direction": 1
      },
      "geometry": {
        "type": "Point",
        "coordinates": [
          120.578559,
          22.404931
        ]
      }
    },
    {
      "type": "Feature",
      "properties": {
        "feature_type": "station",
        "ref": "THB269330",
        "name": "文明",
        "name_en": "Wenming",
        "line": "9117A（高雄→台17線→枋寮）",
        "color": "#134e4a",
        "direction": 1
      },
      "geometry": {
        "type": "Point",
        "coordinates": [
          120.574659,
          22.404865
        ]
      }
    },
    {
      "type": "Feature",
      "properties": {
        "feature_type": "station",
        "ref": "THB265962",
        "name": "屏南工業區",
        "name_en": "Pingnan Industrial Park",
        "line": "9117A（高雄→台17線→枋寮）",
        "color": "#134e4a",
        "direction": 1
      },
      "geometry": {
        "type": "Point",
        "coordinates": [
          120.56898,
          22.40676
        ]
      }
    },
    {
      "type": "Feature",
      "properties": {
        "feature_type": "station",
        "ref": "THB262434",
        "name": "佳冬農校",
        "name_en": "National Chiadong Agricultural Vocational Senior H",
        "line": "9117A（高雄→台17線→枋寮）",
        "color": "#134e4a",
        "direction": 1
      },
      "geometry": {
        "type": "Point",
        "coordinates": [
          120.56333,
          22.41014
        ]
      }
    },
    {
      "type": "Feature",
      "properties": {
        "feature_type": "station",
        "ref": "THB276024",
        "name": "佳冬農會",
        "name_en": "Jiadong Farmer Assc.",
        "line": "9117A（高雄→台17線→枋寮）",
        "color": "#134e4a",
        "direction": 1
      },
      "geometry": {
        "type": "Point",
        "coordinates": [
          120.5568781,
          22.41245571
        ]
      }
    },
    {
      "type": "Feature",
      "properties": {
        "feature_type": "station",
        "ref": "THB276008",
        "name": "慈恩寺",
        "name_en": "Ci-en Temple",
        "line": "9117A（高雄→台17線→枋寮）",
        "color": "#134e4a",
        "direction": 1
      },
      "geometry": {
        "type": "Point",
        "coordinates": [
          120.553172,
          22.413839
        ]
      }
    },
    {
      "type": "Feature",
      "properties": {
        "feature_type": "station",
        "ref": "THB276010",
        "name": "佳冬",
        "name_en": "Jiadong",
        "line": "9117A（高雄→台17線→枋寮）",
        "color": "#134e4a",
        "direction": 1
      },
      "geometry": {
        "type": "Point",
        "coordinates": [
          120.54919,
          22.41514
        ]
      }
    },
    {
      "type": "Feature",
      "properties": {
        "feature_type": "station",
        "ref": "THB276025",
        "name": "六根村",
        "name_en": "Liugen Village",
        "line": "9117A（高雄→台17線→枋寮）",
        "color": "#134e4a",
        "direction": 1
      },
      "geometry": {
        "type": "Point",
        "coordinates": [
          120.545479,
          22.416952
        ]
      }
    },
    {
      "type": "Feature",
      "properties": {
        "feature_type": "station",
        "ref": "THB260955",
        "name": "賢昌",
        "name_en": "Xianchang",
        "line": "9117A（高雄→台17線→枋寮）",
        "color": "#134e4a",
        "direction": 1
      },
      "geometry": {
        "type": "Point",
        "coordinates": [
          120.540852,
          22.41995578
        ]
      }
    },
    {
      "type": "Feature",
      "properties": {
        "feature_type": "station",
        "ref": "THB276012",
        "name": "羌園",
        "name_en": "Qiangyuan",
        "line": "9117A（高雄→台17線→枋寮）",
        "color": "#134e4a",
        "direction": 1
      },
      "geometry": {
        "type": "Point",
        "coordinates": [
          120.5278098,
          22.42846805
        ]
      }
    },
    {
      "type": "Feature",
      "properties": {
        "feature_type": "station",
        "ref": "THB260561",
        "name": "林邊國小",
        "name_en": "Linbian Elementary School",
        "line": "9117A（高雄→台17線→枋寮）",
        "color": "#134e4a",
        "direction": 1
      },
      "geometry": {
        "type": "Point",
        "coordinates": [
          120.518999,
          22.432252
        ]
      }
    },
    {
      "type": "Feature",
      "properties": {
        "feature_type": "station",
        "ref": "THB276027",
        "name": "林邊",
        "name_en": "Linbian",
        "line": "9117A（高雄→台17線→枋寮）",
        "color": "#134e4a",
        "direction": 1
      },
      "geometry": {
        "type": "Point",
        "coordinates": [
          120.51583,
          22.43375
        ]
      }
    },
    {
      "type": "Feature",
      "properties": {
        "feature_type": "station",
        "ref": "THB261188",
        "name": "仁和國小",
        "name_en": "Renhe Elementary School",
        "line": "9117A（高雄→台17線→枋寮）",
        "color": "#134e4a",
        "direction": 1
      },
      "geometry": {
        "type": "Point",
        "coordinates": [
          120.51208,
          22.43808
        ]
      }
    },
    {
      "type": "Feature",
      "properties": {
        "feature_type": "station",
        "ref": "THB276015",
        "name": "涵仔口",
        "name_en": "Hanzikou",
        "line": "9117A（高雄→台17線→枋寮）",
        "color": "#134e4a",
        "direction": 1
      },
      "geometry": {
        "type": "Point",
        "coordinates": [
          120.503645,
          22.44816868
        ]
      }
    },
    {
      "type": "Feature",
      "properties": {
        "feature_type": "station",
        "ref": "THB260897",
        "name": "新庄",
        "name_en": "Xinzhuang",
        "line": "9117A（高雄→台17線→枋寮）",
        "color": "#134e4a",
        "direction": 1
      },
      "geometry": {
        "type": "Point",
        "coordinates": [
          120.4918,
          22.45393
        ]
      }
    },
    {
      "type": "Feature",
      "properties": {
        "feature_type": "station",
        "ref": "THB259841",
        "name": "大鵬灣2",
        "name_en": "Dapeng Bay(II)",
        "line": "9117A（高雄→台17線→枋寮）",
        "color": "#134e4a",
        "direction": 1
      },
      "geometry": {
        "type": "Point",
        "coordinates": [
          120.484496,
          22.45621246
        ]
      }
    },
    {
      "type": "Feature",
      "properties": {
        "feature_type": "station",
        "ref": "THB269464",
        "name": "大鵬灣1",
        "name_en": "Dapeng Bay(I)",
        "line": "9117A（高雄→台17線→枋寮）",
        "color": "#134e4a",
        "direction": 1
      },
      "geometry": {
        "type": "Point",
        "coordinates": [
          120.47832,
          22.45813
        ]
      }
    },
    {
      "type": "Feature",
      "properties": {
        "feature_type": "station",
        "ref": "THB260868",
        "name": "船頭里",
        "name_en": "Chuantou Village",
        "line": "9117A（高雄→台17線→枋寮）",
        "color": "#134e4a",
        "direction": 1
      },
      "geometry": {
        "type": "Point",
        "coordinates": [
          120.46613,
          22.46175
        ]
      }
    },
    {
      "type": "Feature",
      "properties": {
        "feature_type": "station",
        "ref": "THB259627",
        "name": "中山國宅",
        "name_en": "Zhongshan Residence",
        "line": "9117A（高雄→台17線→枋寮）",
        "color": "#134e4a",
        "direction": 1
      },
      "geometry": {
        "type": "Point",
        "coordinates": [
          120.46408,
          22.46235
        ]
      }
    },
    {
      "type": "Feature",
      "properties": {
        "feature_type": "station",
        "ref": "THB309008",
        "name": "東港轉運站",
        "name_en": "Donggang Bus Station",
        "line": "9117A（高雄→台17線→枋寮）",
        "color": "#134e4a",
        "direction": 1
      },
      "geometry": {
        "type": "Point",
        "coordinates": [
          120.457684,
          22.464626
        ]
      }
    },
    {
      "type": "Feature",
      "properties": {
        "feature_type": "station",
        "ref": "THB309010",
        "name": "輔英醫院",
        "name_en": "Fooyin University Hospital",
        "line": "9117A（高雄→台17線→枋寮）",
        "color": "#134e4a",
        "direction": 1
      },
      "geometry": {
        "type": "Point",
        "coordinates": [
          120.454722,
          22.464949
        ]
      }
    },
    {
      "type": "Feature",
      "properties": {
        "feature_type": "station",
        "ref": "THB285229",
        "name": "光復路口",
        "name_en": "Guangfu Road Intersection",
        "line": "9117A（高雄→台17線→枋寮）",
        "color": "#134e4a",
        "direction": 1
      },
      "geometry": {
        "type": "Point",
        "coordinates": [
          120.453035,
          22.466208
        ]
      }
    },
    {
      "type": "Feature",
      "properties": {
        "feature_type": "station",
        "ref": "THB266025",
        "name": "東港土地銀行",
        "name_en": "Donggan Land Bank of Taiwan",
        "line": "9117A（高雄→台17線→枋寮）",
        "color": "#134e4a",
        "direction": 1
      },
      "geometry": {
        "type": "Point",
        "coordinates": [
          120.45426,
          22.46831
        ]
      }
    },
    {
      "type": "Feature",
      "properties": {
        "feature_type": "station",
        "ref": "THB279666",
        "name": "新街",
        "name_en": "Xin St.",
        "line": "9117A（高雄→台17線→枋寮）",
        "color": "#134e4a",
        "direction": 1
      },
      "geometry": {
        "type": "Point",
        "coordinates": [
          120.4560594,
          22.47221045
        ]
      }
    },
    {
      "type": "Feature",
      "properties": {
        "feature_type": "station",
        "ref": "THB279384",
        "name": "安泰醫院",
        "name_en": "Antai Hospital",
        "line": "9117A（高雄→台17線→枋寮）",
        "color": "#134e4a",
        "direction": 1
      },
      "geometry": {
        "type": "Point",
        "coordinates": [
          120.458891,
          22.47433
        ]
      }
    },
    {
      "type": "Feature",
      "properties": {
        "feature_type": "station",
        "ref": "THB280631",
        "name": "下烏龍",
        "name_en": "Xiawulong",
        "line": "9117A（高雄→台17線→枋寮）",
        "color": "#134e4a",
        "direction": 1
      },
      "geometry": {
        "type": "Point",
        "coordinates": [
          120.45856,
          22.4852
        ]
      }
    },
    {
      "type": "Feature",
      "properties": {
        "feature_type": "station",
        "ref": "THB270693",
        "name": "中烏龍",
        "name_en": "Zhongwulong",
        "line": "9117A（高雄→台17線→枋寮）",
        "color": "#134e4a",
        "direction": 1
      },
      "geometry": {
        "type": "Point",
        "coordinates": [
          120.45873,
          22.48908
        ]
      }
    },
    {
      "type": "Feature",
      "properties": {
        "feature_type": "station",
        "ref": "THB261849",
        "name": "烏龍農會",
        "name_en": "Wulong Farmer Assc.",
        "line": "9117A（高雄→台17線→枋寮）",
        "color": "#134e4a",
        "direction": 1
      },
      "geometry": {
        "type": "Point",
        "coordinates": [
          120.459041,
          22.490503
        ]
      }
    },
    {
      "type": "Feature",
      "properties": {
        "feature_type": "station",
        "ref": "THB265956",
        "name": "臥龍路",
        "name_en": "Wolong Road",
        "line": "9117A（高雄→台17線→枋寮）",
        "color": "#134e4a",
        "direction": 1
      },
      "geometry": {
        "type": "Point",
        "coordinates": [
          120.45771,
          22.49195
        ]
      }
    },
    {
      "type": "Feature",
      "properties": {
        "feature_type": "station",
        "ref": "THB266465",
        "name": "興龍路",
        "name_en": "Xinglong Road",
        "line": "9117A（高雄→台17線→枋寮）",
        "color": "#134e4a",
        "direction": 1
      },
      "geometry": {
        "type": "Point",
        "coordinates": [
          120.4464,
          22.4955
        ]
      }
    },
    {
      "type": "Feature",
      "properties": {
        "feature_type": "station",
        "ref": "THB285230",
        "name": "五房",
        "name_en": "Wufang",
        "line": "9117A（高雄→台17線→枋寮）",
        "color": "#134e4a",
        "direction": 1
      },
      "geometry": {
        "type": "Point",
        "coordinates": [
          120.441828085868,
          22.4972020699492
        ]
      }
    },
    {
      "type": "Feature",
      "properties": {
        "feature_type": "station",
        "ref": "THB266164",
        "name": "林園工業區",
        "name_en": "Linyuan Industrial Park",
        "line": "9117A（高雄→台17線→枋寮）",
        "color": "#134e4a",
        "direction": 1
      },
      "geometry": {
        "type": "Point",
        "coordinates": [
          120.40607,
          22.49944
        ]
      }
    },
    {
      "type": "Feature",
      "properties": {
        "feature_type": "station",
        "ref": "THB266426",
        "name": "幸福公園(林園站)",
        "name_en": "Happiness Park (Linyuan Station)",
        "line": "9117A（高雄→台17線→枋寮）",
        "color": "#134e4a",
        "direction": 1
      },
      "geometry": {
        "type": "Point",
        "coordinates": [
          120.395023,
          22.500539
        ]
      }
    },
    {
      "type": "Feature",
      "properties": {
        "feature_type": "station",
        "ref": "THB266099",
        "name": "林園麥當勞",
        "name_en": "Linyuan McDonald's",
        "line": "9117A（高雄→台17線→枋寮）",
        "color": "#134e4a",
        "direction": 1
      },
      "geometry": {
        "type": "Point",
        "coordinates": [
          120.39295,
          22.50031
        ]
      }
    },
    {
      "type": "Feature",
      "properties": {
        "feature_type": "station",
        "ref": "THB266319",
        "name": "田厝路口(港嘴)",
        "name_en": "Tiancuo Rd Intersection (Gangzui)",
        "line": "9117A（高雄→台17線→枋寮）",
        "color": "#134e4a",
        "direction": 1
      },
      "geometry": {
        "type": "Point",
        "coordinates": [
          120.3872,
          22.50039
        ]
      }
    },
    {
      "type": "Feature",
      "properties": {
        "feature_type": "station",
        "ref": "THB266043",
        "name": "頂厝路口(港仔埔)",
        "name_en": "Dingcuo Rd Intersection (Gangzaipu)",
        "line": "9117A（高雄→台17線→枋寮）",
        "color": "#134e4a",
        "direction": 1
      },
      "geometry": {
        "type": "Point",
        "coordinates": [
          120.3797504,
          22.50378008
        ]
      }
    },
    {
      "type": "Feature",
      "properties": {
        "feature_type": "station",
        "ref": "THB266000",
        "name": "中門7-11站",
        "name_en": "Jhongmen 7-11 Station",
        "line": "9117A（高雄→台17線→枋寮）",
        "color": "#134e4a",
        "direction": 1
      },
      "geometry": {
        "type": "Point",
        "coordinates": [
          120.372094,
          22.505201
        ]
      }
    },
    {
      "type": "Feature",
      "properties": {
        "feature_type": "station",
        "ref": "THB265926",
        "name": "大安森林",
        "name_en": "Daan Forest",
        "line": "9117A（高雄→台17線→枋寮）",
        "color": "#134e4a",
        "direction": 1
      },
      "geometry": {
        "type": "Point",
        "coordinates": [
          120.366482,
          22.508957
        ]
      }
    },
    {
      "type": "Feature",
      "properties": {
        "feature_type": "station",
        "ref": "THB285231",
        "name": "鳳鼻頭(沿海路)",
        "name_en": "Fengbitou (Yan Hai Road)",
        "line": "9117A（高雄→台17線→枋寮）",
        "color": "#134e4a",
        "direction": 1
      },
      "geometry": {
        "type": "Point",
        "coordinates": [
          120.362025,
          22.512609
        ]
      }
    },
    {
      "type": "Feature",
      "properties": {
        "feature_type": "station",
        "ref": "THB269465",
        "name": "沿海一路(小港高中)",
        "name_en": "Yan Hai 1st Rd (Xiaogang High School)",
        "line": "9117A（高雄→台17線→枋寮）",
        "color": "#134e4a",
        "direction": 1
      },
      "geometry": {
        "type": "Point",
        "coordinates": [
          120.356726,
          22.561762
        ]
      }
    },
    {
      "type": "Feature",
      "properties": {
        "feature_type": "station",
        "ref": "THB285220",
        "name": "捷運小港站",
        "name_en": "MRT Siaogang Station",
        "line": "9117A（高雄→台17線→枋寮）",
        "color": "#134e4a",
        "direction": 1
      },
      "geometry": {
        "type": "Point",
        "coordinates": [
          120.354081,
          22.564948
        ]
      }
    },
    {
      "type": "Feature",
      "properties": {
        "feature_type": "station",
        "ref": "THB278270",
        "name": "高雄國際機場(國內)",
        "name_en": "Kaohsiung International Airport Domestic Terminal",
        "line": "9117A（高雄→台17線→枋寮）",
        "color": "#134e4a",
        "direction": 1
      },
      "geometry": {
        "type": "Point",
        "coordinates": [
          120.34401,
          22.57062
        ]
      }
    },
    {
      "type": "Feature",
      "properties": {
        "feature_type": "station",
        "ref": "THB311948",
        "name": "高雄國際機場(國際)",
        "name_en": "Kaohsiung International Airport International Terminal",
        "line": "9117A（高雄→台17線→枋寮）",
        "color": "#134e4a",
        "direction": 1
      },
      "geometry": {
        "type": "Point",
        "coordinates": [
          120.341596,
          22.570922
        ]
      }
    },
    {
      "type": "Feature",
      "properties": {
        "feature_type": "station",
        "ref": "THB285219",
        "name": "捷運前鎮高中站(五甲三路口)",
        "name_en": "Cianjhen Senior High School",
        "line": "9117A（高雄→台17線→枋寮）",
        "color": "#134e4a",
        "direction": 1
      },
      "geometry": {
        "type": "Point",
        "coordinates": [
          120.32166,
          22.58957
        ]
      }
    },
    {
      "type": "Feature",
      "properties": {
        "feature_type": "station",
        "ref": "THB266455",
        "name": "光華路口(中山三路)",
        "name_en": "Guanghua Rd. Intersection(Jhongshan 3rd Rd.)",
        "line": "9117A（高雄→台17線→枋寮）",
        "color": "#134e4a",
        "direction": 1
      },
      "geometry": {
        "type": "Point",
        "coordinates": [
          120.31104,
          22.60251
        ]
      }
    },
    {
      "type": "Feature",
      "properties": {
        "feature_type": "station",
        "ref": "THB285218",
        "name": "勞工公園(捷運獅甲站)",
        "name_en": "MRT Shihjia Station",
        "line": "9117A（高雄→台17線→枋寮）",
        "color": "#134e4a",
        "direction": 1
      },
      "geometry": {
        "type": "Point",
        "coordinates": [
          120.30857,
          22.60574
        ]
      }
    },
    {
      "type": "Feature",
      "properties": {
        "feature_type": "station",
        "ref": "THB270598",
        "name": "中山二路",
        "name_en": "Zhongshan2rd",
        "line": "9117A（高雄→台17線→枋寮）",
        "color": "#134e4a",
        "direction": 1
      },
      "geometry": {
        "type": "Point",
        "coordinates": [
          120.306432,
          22.6095764
        ]
      }
    },
    {
      "type": "Feature",
      "properties": {
        "feature_type": "station",
        "ref": "THB265968",
        "name": "捷運三多商圈站(中山二路)",
        "name_en": "MRT Sanduo Shopping District Station (Jhongshan 2nd Rd.)",
        "line": "9117A（高雄→台17線→枋寮）",
        "color": "#134e4a",
        "direction": 1
      },
      "geometry": {
        "type": "Point",
        "coordinates": [
          120.304975,
          22.61315481
        ]
      }
    },
    {
      "type": "Feature",
      "properties": {
        "feature_type": "station",
        "ref": "THB266329",
        "name": "興中二路口",
        "name_en": "Singjhong 2nd Rd. Intersection",
        "line": "9117A（高雄→台17線→枋寮）",
        "color": "#134e4a",
        "direction": 1
      },
      "geometry": {
        "type": "Point",
        "coordinates": [
          120.30367,
          22.61646
        ]
      }
    },
    {
      "type": "Feature",
      "properties": {
        "feature_type": "station",
        "ref": "THB266435",
        "name": "苓雅路口(中山二路)",
        "name_en": "Lingya Rd. Intersection (Jhongshan 2nd Rd.)",
        "line": "9117A（高雄→台17線→枋寮）",
        "color": "#134e4a",
        "direction": 1
      },
      "geometry": {
        "type": "Point",
        "coordinates": [
          120.30245,
          22.61968
        ]
      }
    },
    {
      "type": "Feature",
      "properties": {
        "feature_type": "station",
        "ref": "THB266150",
        "name": "新田路口(中山二路)",
        "name_en": "Sintian Rd. Intersection (Jhongshan 2nd Rd.)",
        "line": "9117A（高雄→台17線→枋寮）",
        "color": "#134e4a",
        "direction": 1
      },
      "geometry": {
        "type": "Point",
        "coordinates": [
          120.30132,
          22.62262
        ]
      }
    },
    {
      "type": "Feature",
      "properties": {
        "feature_type": "station",
        "ref": "THB265970",
        "name": "捷運中央公園站",
        "name_en": "MRT Central Park Station",
        "line": "9117A（高雄→台17線→枋寮）",
        "color": "#134e4a",
        "direction": 1
      },
      "geometry": {
        "type": "Point",
        "coordinates": [
          120.30134,
          22.62487476
        ]
      }
    },
    {
      "type": "Feature",
      "properties": {
        "feature_type": "station",
        "ref": "THB269570",
        "name": "捷運美麗島站",
        "name_en": "MRTC Formosa Boulevard Station",
        "line": "9117A（高雄→台17線→枋寮）",
        "color": "#134e4a",
        "direction": 1
      },
      "geometry": {
        "type": "Point",
        "coordinates": [
          120.301858,
          22.630177
        ]
      }
    },
    {
      "type": "Feature",
      "properties": {
        "feature_type": "station",
        "ref": "THB266253",
        "name": "六合夜市(大港埔)",
        "name_en": "Dagangpu Liouhe Night Market",
        "line": "9117A（高雄→台17線→枋寮）",
        "color": "#134e4a",
        "direction": 1
      },
      "geometry": {
        "type": "Point",
        "coordinates": [
          120.30228,
          22.633536
        ]
      }
    },
    {
      "type": "Feature",
      "properties": {
        "feature_type": "station",
        "ref": "THB300438",
        "name": "八德站",
        "name_en": "Bade Station",
        "line": "9117A（高雄→台17線→枋寮）",
        "color": "#134e4a",
        "direction": 1
      },
      "geometry": {
        "type": "Point",
        "coordinates": [
          120.30512,
          22.63531024
        ]
      }
    },
    {
      "type": "Feature",
      "properties": {
        "feature_type": "station",
        "ref": "THB269929",
        "name": "建國站",
        "name_en": "Jianguo Station",
        "line": "9117A（高雄→台17線→枋寮）",
        "color": "#134e4a",
        "direction": 1
      },
      "geometry": {
        "type": "Point",
        "coordinates": [
          120.299843,
          22.63795128
        ]
      }
    },
    {
      "type": "Feature",
      "properties": {
        "feature_type": "station",
        "ref": "THB266377",
        "name": "高雄中學",
        "name_en": "Kaohsiung Senior High School",
        "line": "9117A（高雄→台17線→枋寮）",
        "color": "#134e4a",
        "direction": 1
      },
      "geometry": {
        "type": "Point",
        "coordinates": [
          120.29737,
          22.63793
        ]
      }
    },
    {
      "type": "Feature",
      "properties": {
        "feature_type": "station",
        "ref": "THB285065",
        "name": "遼寧街口(自立路)",
        "name_en": "Zili Road",
        "line": "9117A（高雄→台17線→枋寮）",
        "color": "#134e4a",
        "direction": 1
      },
      "geometry": {
        "type": "Point",
        "coordinates": [
          120.296273,
          22.642165
        ]
      }
    },
    {
      "type": "Feature",
      "properties": {
        "feature_type": "station",
        "ref": "THB266423",
        "name": "自立站",
        "name_en": "Zili Station",
        "line": "9117A（高雄→台17線→枋寮）",
        "color": "#134e4a",
        "direction": 1
      },
      "geometry": {
        "type": "Point",
        "coordinates": [
          120.2965924,
          22.64515838
        ]
      }
    }
  ]
}
