{
  "type": "FeatureCollection",
  "name": "小黃公車705",
  "properties": {
    "id": "pingtung_county_xiaohuang_705_7d2471c50b",
    "name": "小黃公車705",
    "name_en": "小黃公車705",
    "ref": "小黃公車705",
    "color": "#86198f",
    "city_id": "PingtungCounty",
    "source": "TDX Bus Shape / StopOfRoute",
    "official_map_url": "https://web.taiwanbus.tw/MISUploadData/Schematic/file/0605.jpg",
    "operator_id": "108",
    "operator": "捷乘交通有限公司"
  },
  "features": [
    {
      "type": "Feature",
      "properties": {
        "feature_type": "route",
        "ref": "小黃公車705",
        "name": "小黃公車705",
        "name_en": "小黃公車705",
        "color": "#86198f",
        "direction": 0
      },
      "geometry": {
        "type": "LineString",
        "coordinates": [
          [
            120.59347,
            22.62382
          ],
          [
            120.59354,
            22.6238
          ],
          [
            120.5936,
            22.62379
          ],
          [
            120.59365,
            22.6238
          ],
          [
            120.59366,
            22.6238
          ],
          [
            120.59369,
            22.6238
          ],
          [
            120.59374,
            22.62381
          ],
          [
            120.59378,
            22.62383
          ],
          [
            120.59402,
            22.62394
          ],
          [
            120.59408,
            22.62397
          ],
          [
            120.59418,
            22.62402
          ],
          [
            120.59419,
            22.62402
          ],
          [
            120.59425,
            22.62406
          ],
          [
            120.59438,
            22.62417
          ],
          [
            120.59454,
            22.6243
          ],
          [
            120.59461,
            22.62437
          ],
          [
            120.5947,
            22.62449
          ],
          [
            120.59473,
            22.62453
          ],
          [
            120.5948,
            22.62464
          ],
          [
            120.59484,
            22.62469
          ],
          [
            120.59487,
            22.62474
          ],
          [
            120.59489,
            22.62478
          ],
          [
            120.59491,
            22.6248
          ],
          [
            120.59494,
            22.62483
          ],
          [
            120.59496,
            22.62485
          ],
          [
            120.59499,
            22.62487
          ],
          [
            120.5951,
            22.62493
          ],
          [
            120.59522,
            22.62503
          ],
          [
            120.59527,
            22.62506
          ],
          [
            120.59529,
            22.62508
          ],
          [
            120.59532,
            22.62511
          ],
          [
            120.59534,
            22.62514
          ],
          [
            120.59535,
            22.62516
          ],
          [
            120.59536,
            22.62519
          ],
          [
            120.59541,
            22.6254
          ],
          [
            120.59545,
            22.62569
          ],
          [
            120.59549,
            22.62597
          ],
          [
            120.59551,
            22.62614
          ],
          [
            120.59551,
            22.62623
          ],
          [
            120.59551,
            22.6263
          ],
          [
            120.59551,
            22.62635
          ],
          [
            120.59551,
            22.62638
          ],
          [
            120.59552,
            22.62642
          ],
          [
            120.59553,
            22.62649
          ],
          [
            120.59564,
            22.62681
          ],
          [
            120.5958,
            22.62726
          ],
          [
            120.59584,
            22.62731
          ],
          [
            120.59587,
            22.62736
          ],
          [
            120.59588,
            22.62738
          ],
          [
            120.59589,
            22.6274
          ],
          [
            120.5959,
            22.62744
          ],
          [
            120.59596,
            22.62769
          ],
          [
            120.59604,
            22.62801
          ],
          [
            120.59607,
            22.62812
          ],
          [
            120.5961,
            22.62821
          ],
          [
            120.59614,
            22.62833
          ],
          [
            120.5962,
            22.62849
          ],
          [
            120.59622,
            22.62856
          ],
          [
            120.59624,
            22.6286
          ],
          [
            120.59626,
            22.62867
          ],
          [
            120.59627,
            22.62874
          ],
          [
            120.59628,
            22.62882
          ],
          [
            120.59634,
            22.62934
          ],
          [
            120.59634,
            22.6294
          ],
          [
            120.59635,
            22.62955
          ],
          [
            120.59636,
            22.62971
          ],
          [
            120.59637,
            22.62983
          ],
          [
            120.59637,
            22.62988
          ],
          [
            120.59637,
            22.62992
          ],
          [
            120.59636,
            22.62997
          ],
          [
            120.59636,
            22.63002
          ],
          [
            120.59636,
            22.63006
          ],
          [
            120.59636,
            22.6301
          ],
          [
            120.59637,
            22.63013
          ],
          [
            120.59638,
            22.63018
          ],
          [
            120.59639,
            22.63022
          ],
          [
            120.59641,
            22.63027
          ],
          [
            120.59642,
            22.63031
          ],
          [
            120.59644,
            22.63034
          ],
          [
            120.59645,
            22.63036
          ],
          [
            120.59648,
            22.63039
          ],
          [
            120.59651,
            22.63043
          ],
          [
            120.59671,
            22.63063
          ],
          [
            120.59671,
            22.63063
          ],
          [
            120.59668,
            22.63069
          ],
          [
            120.59668,
            22.63069
          ],
          [
            120.59683,
            22.6308
          ],
          [
            120.59704,
            22.63095
          ],
          [
            120.59714,
            22.63103
          ],
          [
            120.59743,
            22.63122
          ],
          [
            120.59756,
            22.63131
          ],
          [
            120.59762,
            22.63135
          ],
          [
            120.59768,
            22.63138
          ],
          [
            120.59768,
            22.63138
          ],
          [
            120.59767,
            22.6315
          ],
          [
            120.59766,
            22.63157
          ],
          [
            120.59765,
            22.63163
          ],
          [
            120.59764,
            22.63174
          ],
          [
            120.59762,
            22.63196
          ],
          [
            120.59761,
            22.63208
          ],
          [
            120.59761,
            22.63208
          ],
          [
            120.59761,
            22.6321
          ],
          [
            120.5976,
            22.63216
          ],
          [
            120.59759,
            22.63222
          ],
          [
            120.59758,
            22.63228
          ],
          [
            120.59757,
            22.63232
          ],
          [
            120.59753,
            22.63242
          ],
          [
            120.59758,
            22.63249
          ],
          [
            120.59767,
            22.63264
          ],
          [
            120.59797,
            22.63312
          ],
          [
            120.59799,
            22.63319
          ],
          [
            120.598,
            22.63325
          ],
          [
            120.59801,
            22.63333
          ],
          [
            120.598,
            22.63339
          ],
          [
            120.598,
            22.63344
          ],
          [
            120.59799,
            22.63348
          ],
          [
            120.59799,
            22.6335
          ],
          [
            120.59798,
            22.63352
          ],
          [
            120.59797,
            22.63355
          ],
          [
            120.59796,
            22.63358
          ],
          [
            120.59792,
            22.63364
          ],
          [
            120.59781,
            22.63381
          ],
          [
            120.59745,
            22.63425
          ],
          [
            120.5974,
            22.63432
          ],
          [
            120.59736,
            22.63437
          ],
          [
            120.5973,
            22.63449
          ],
          [
            120.59696,
            22.63521
          ],
          [
            120.59681,
            22.6356
          ],
          [
            120.59673,
            22.6358
          ],
          [
            120.59656,
            22.63634
          ],
          [
            120.59651,
            22.63649
          ],
          [
            120.59643,
            22.63674
          ],
          [
            120.59633,
            22.63706
          ],
          [
            120.59628,
            22.63728
          ],
          [
            120.59609,
            22.63788
          ],
          [
            120.59592,
            22.63841
          ],
          [
            120.59577,
            22.63889
          ],
          [
            120.59576,
            22.63891
          ],
          [
            120.59561,
            22.63941
          ],
          [
            120.59559,
            22.63948
          ],
          [
            120.59549,
            22.63991
          ],
          [
            120.59547,
            22.63998
          ],
          [
            120.59546,
            22.64001
          ],
          [
            120.59546,
            22.64004
          ],
          [
            120.59545,
            22.64009
          ],
          [
            120.59545,
            22.64028
          ],
          [
            120.59545,
            22.64032
          ],
          [
            120.59547,
            22.64053
          ],
          [
            120.59548,
            22.64057
          ],
          [
            120.5955,
            22.64077
          ],
          [
            120.5955,
            22.64081
          ],
          [
            120.59551,
            22.64088
          ],
          [
            120.59551,
            22.64091
          ],
          [
            120.59554,
            22.64115
          ],
          [
            120.59554,
            22.64115
          ],
          [
            120.59557,
            22.64144
          ],
          [
            120.59559,
            22.64154
          ],
          [
            120.59579,
            22.64259
          ],
          [
            120.59589,
            22.64318
          ],
          [
            120.596,
            22.64396
          ],
          [
            120.596,
            22.64396
          ],
          [
            120.59493,
            22.64411
          ],
          [
            120.59484,
            22.64414
          ],
          [
            120.59266,
            22.64443
          ],
          [
            120.59146,
            22.64458
          ],
          [
            120.58896,
            22.64491
          ],
          [
            120.58877,
            22.64493
          ],
          [
            120.58699,
            22.64521
          ],
          [
            120.58659,
            22.64529
          ],
          [
            120.58654,
            22.6453
          ],
          [
            120.58647,
            22.64529
          ],
          [
            120.58642,
            22.64529
          ],
          [
            120.58637,
            22.64527
          ],
          [
            120.58622,
            22.64523
          ],
          [
            120.58609,
            22.64522
          ],
          [
            120.586,
            22.64524
          ],
          [
            120.58595,
            22.64525
          ],
          [
            120.58591,
            22.64528
          ],
          [
            120.58588,
            22.64531
          ],
          [
            120.58588,
            22.64534
          ],
          [
            120.58588,
            22.6454
          ],
          [
            120.58593,
            22.64618
          ],
          [
            120.58593,
            22.64618
          ],
          [
            120.58507,
            22.64633
          ],
          [
            120.58468,
            22.6464
          ],
          [
            120.58468,
            22.6464
          ],
          [
            120.58326,
            22.64666
          ],
          [
            120.58281,
            22.64678
          ],
          [
            120.58266,
            22.64682
          ],
          [
            120.58255,
            22.64685
          ],
          [
            120.58199,
            22.64693
          ],
          [
            120.58105,
            22.64705
          ],
          [
            120.58098,
            22.64707
          ],
          [
            120.58093,
            22.64708
          ],
          [
            120.58089,
            22.64709
          ],
          [
            120.58087,
            22.6471
          ],
          [
            120.58084,
            22.64714
          ],
          [
            120.58079,
            22.64723
          ],
          [
            120.58076,
            22.64728
          ],
          [
            120.58066,
            22.64744
          ],
          [
            120.58063,
            22.6475
          ],
          [
            120.58057,
            22.64755
          ],
          [
            120.58055,
            22.64757
          ],
          [
            120.58053,
            22.64759
          ],
          [
            120.5805,
            22.6476
          ],
          [
            120.58048,
            22.64761
          ],
          [
            120.58045,
            22.64763
          ],
          [
            120.58041,
            22.64765
          ],
          [
            120.58032,
            22.64772
          ],
          [
            120.58018,
            22.64783
          ],
          [
            120.58003,
            22.64797
          ],
          [
            120.57983,
            22.64819
          ],
          [
            120.57967,
            22.64831
          ],
          [
            120.57955,
            22.6484
          ],
          [
            120.57933,
            22.6486
          ],
          [
            120.57929,
            22.64864
          ],
          [
            120.57897,
            22.64894
          ],
          [
            120.57886,
            22.64903
          ],
          [
            120.57884,
            22.64904
          ],
          [
            120.57881,
            22.64905
          ],
          [
            120.57875,
            22.64907
          ],
          [
            120.57864,
            22.64909
          ],
          [
            120.57826,
            22.64917
          ],
          [
            120.5782,
            22.64919
          ],
          [
            120.57816,
            22.64922
          ],
          [
            120.5781,
            22.64926
          ],
          [
            120.57798,
            22.64936
          ],
          [
            120.5777,
            22.64952
          ],
          [
            120.57759,
            22.64961
          ],
          [
            120.57696,
            22.65023
          ],
          [
            120.5764,
            22.6508
          ],
          [
            120.57578,
            22.65141
          ],
          [
            120.57538,
            22.65183
          ],
          [
            120.5751,
            22.65211
          ],
          [
            120.57497,
            22.65225
          ],
          [
            120.57497,
            22.65225
          ],
          [
            120.57329,
            22.65082
          ],
          [
            120.57298,
            22.65056
          ],
          [
            120.57298,
            22.65056
          ],
          [
            120.57293,
            22.65052
          ],
          [
            120.57255,
            22.6502
          ],
          [
            120.57239,
            22.65009
          ],
          [
            120.57233,
            22.65007
          ],
          [
            120.57233,
            22.65007
          ],
          [
            120.57186,
            22.65057
          ],
          [
            120.5711,
            22.65134
          ],
          [
            120.57068,
            22.65174
          ],
          [
            120.57041,
            22.65198
          ],
          [
            120.57022,
            22.65214
          ],
          [
            120.57005,
            22.65225
          ],
          [
            120.56981,
            22.6524
          ],
          [
            120.56955,
            22.65254
          ],
          [
            120.56938,
            22.65262
          ],
          [
            120.56909,
            22.65272
          ],
          [
            120.56887,
            22.65279
          ],
          [
            120.56877,
            22.65282
          ],
          [
            120.56862,
            22.65286
          ],
          [
            120.56848,
            22.65289
          ],
          [
            120.56818,
            22.65293
          ],
          [
            120.5661,
            22.65324
          ],
          [
            120.56325,
            22.65366
          ],
          [
            120.56103,
            22.65399
          ],
          [
            120.56103,
            22.65399
          ],
          [
            120.56114,
            22.65411
          ],
          [
            120.56155,
            22.65453
          ],
          [
            120.56169,
            22.65467
          ],
          [
            120.5618,
            22.65479
          ],
          [
            120.56191,
            22.6549
          ],
          [
            120.56206,
            22.65501
          ],
          [
            120.56215,
            22.65513
          ],
          [
            120.56223,
            22.65523
          ],
          [
            120.56236,
            22.65544
          ],
          [
            120.56241,
            22.65549
          ],
          [
            120.56246,
            22.65554
          ],
          [
            120.56257,
            22.6556
          ],
          [
            120.56295,
            22.65576
          ],
          [
            120.56322,
            22.65587
          ],
          [
            120.56392,
            22.65617
          ],
          [
            120.56402,
            22.65621
          ],
          [
            120.56458,
            22.65645
          ],
          [
            120.56501,
            22.65664
          ],
          [
            120.56525,
            22.65678
          ],
          [
            120.56547,
            22.65691
          ],
          [
            120.56553,
            22.65695
          ],
          [
            120.56592,
            22.65722
          ],
          [
            120.56628,
            22.65746
          ],
          [
            120.56641,
            22.65755
          ],
          [
            120.56654,
            22.65765
          ],
          [
            120.56661,
            22.65773
          ],
          [
            120.56664,
            22.65778
          ],
          [
            120.56667,
            22.65782
          ],
          [
            120.5667,
            22.65787
          ],
          [
            120.56672,
            22.65793
          ],
          [
            120.56679,
            22.65818
          ],
          [
            120.56686,
            22.65826
          ],
          [
            120.56692,
            22.65834
          ],
          [
            120.56704,
            22.65846
          ],
          [
            120.56725,
            22.65867
          ],
          [
            120.56739,
            22.65879
          ],
          [
            120.56744,
            22.65883
          ],
          [
            120.56751,
            22.65892
          ],
          [
            120.56757,
            22.659
          ],
          [
            120.56766,
            22.65915
          ],
          [
            120.5677,
            22.6592
          ],
          [
            120.56772,
            22.65925
          ],
          [
            120.56776,
            22.65936
          ],
          [
            120.56776,
            22.65936
          ],
          [
            120.56793,
            22.65933
          ],
          [
            120.56806,
            22.65933
          ],
          [
            120.56811,
            22.65932
          ],
          [
            120.56812,
            22.65932
          ],
          [
            120.56815,
            22.65932
          ],
          [
            120.56827,
            22.65932
          ],
          [
            120.56847,
            22.65932
          ],
          [
            120.56858,
            22.65932
          ],
          [
            120.56864,
            22.65932
          ],
          [
            120.56864,
            22.65932
          ],
          [
            120.56904,
            22.65933
          ],
          [
            120.56937,
            22.65939
          ],
          [
            120.56948,
            22.65943
          ],
          [
            120.57136,
            22.66003
          ],
          [
            120.57233,
            22.66034
          ],
          [
            120.57364,
            22.66076
          ],
          [
            120.57479,
            22.66113
          ],
          [
            120.57526,
            22.66129
          ],
          [
            120.5758,
            22.66146
          ],
          [
            120.57596,
            22.66151
          ],
          [
            120.57619,
            22.6616
          ],
          [
            120.57628,
            22.66165
          ],
          [
            120.57634,
            22.66169
          ],
          [
            120.57634,
            22.66169
          ],
          [
            120.57641,
            22.6618
          ],
          [
            120.57684,
            22.66236
          ],
          [
            120.57695,
            22.66251
          ],
          [
            120.57773,
            22.66354
          ],
          [
            120.57899,
            22.66525
          ],
          [
            120.57923,
            22.66556
          ],
          [
            120.57928,
            22.66561
          ],
          [
            120.57937,
            22.66572
          ],
          [
            120.57937,
            22.66572
          ],
          [
            120.57948,
            22.66586
          ],
          [
            120.57972,
            22.66613
          ],
          [
            120.57974,
            22.66616
          ],
          [
            120.57984,
            22.66623
          ],
          [
            120.57992,
            22.66629
          ],
          [
            120.57999,
            22.66631
          ],
          [
            120.58012,
            22.66634
          ],
          [
            120.58023,
            22.66635
          ],
          [
            120.58032,
            22.66634
          ],
          [
            120.5807,
            22.6663
          ],
          [
            120.58225,
            22.66612
          ],
          [
            120.58236,
            22.66611
          ],
          [
            120.58239,
            22.66611
          ],
          [
            120.58242,
            22.66612
          ],
          [
            120.58244,
            22.66613
          ],
          [
            120.58246,
            22.66616
          ],
          [
            120.58265,
            22.66649
          ],
          [
            120.58278,
            22.66668
          ],
          [
            120.58285,
            22.66678
          ],
          [
            120.58293,
            22.6669
          ],
          [
            120.58303,
            22.66705
          ],
          [
            120.58313,
            22.66721
          ],
          [
            120.58334,
            22.66752
          ],
          [
            120.58339,
            22.66759
          ],
          [
            120.58345,
            22.66767
          ],
          [
            120.5839,
            22.66836
          ],
          [
            120.58394,
            22.6684
          ],
          [
            120.58403,
            22.66849
          ],
          [
            120.58411,
            22.66855
          ],
          [
            120.58418,
            22.66858
          ],
          [
            120.5845,
            22.66871
          ],
          [
            120.58495,
            22.66889
          ],
          [
            120.58506,
            22.66894
          ],
          [
            120.58512,
            22.66896
          ],
          [
            120.58515,
            22.66898
          ],
          [
            120.58518,
            22.66901
          ],
          [
            120.58519,
            22.66905
          ],
          [
            120.58519,
            22.6691
          ],
          [
            120.58519,
            22.6691
          ],
          [
            120.58519,
            22.66905
          ],
          [
            120.58492,
            22.66908
          ],
          [
            120.58487,
            22.66909
          ],
          [
            120.58456,
            22.6691
          ],
          [
            120.58419,
            22.66912
          ],
          [
            120.58368,
            22.66915
          ],
          [
            120.57875,
            22.6695
          ],
          [
            120.57863,
            22.66953
          ],
          [
            120.57858,
            22.66956
          ],
          [
            120.57855,
            22.6696
          ],
          [
            120.57851,
            22.66967
          ],
          [
            120.57849,
            22.66972
          ],
          [
            120.57848,
            22.66978
          ],
          [
            120.57831,
            22.67064
          ],
          [
            120.57826,
            22.67076
          ],
          [
            120.57822,
            22.67084
          ],
          [
            120.57812,
            22.67096
          ],
          [
            120.5781,
            22.67098
          ],
          [
            120.57796,
            22.67112
          ],
          [
            120.57716,
            22.67192
          ],
          [
            120.57675,
            22.67233
          ],
          [
            120.57557,
            22.67352
          ],
          [
            120.57436,
            22.67474
          ],
          [
            120.57302,
            22.6736
          ],
          [
            120.5727,
            22.67335
          ],
          [
            120.57253,
            22.67322
          ],
          [
            120.57243,
            22.67314
          ],
          [
            120.57176,
            22.67255
          ],
          [
            120.5712,
            22.67205
          ],
          [
            120.57098,
            22.67185
          ],
          [
            120.57044,
            22.67139
          ],
          [
            120.57017,
            22.67116
          ],
          [
            120.56917,
            22.67029
          ],
          [
            120.5685,
            22.66972
          ],
          [
            120.56842,
            22.66965
          ],
          [
            120.56822,
            22.66948
          ],
          [
            120.5681,
            22.6696
          ],
          [
            120.56809,
            22.66961
          ],
          [
            120.56808,
            22.66962
          ],
          [
            120.56807,
            22.66964
          ],
          [
            120.56807,
            22.66966
          ],
          [
            120.56807,
            22.66967
          ],
          [
            120.56808,
            22.66968
          ],
          [
            120.56818,
            22.66976
          ],
          [
            120.56818,
            22.66976
          ],
          [
            120.56808,
            22.66968
          ],
          [
            120.56807,
            22.66967
          ],
          [
            120.56807,
            22.66966
          ],
          [
            120.56807,
            22.66964
          ],
          [
            120.56808,
            22.66962
          ],
          [
            120.56809,
            22.66961
          ],
          [
            120.5681,
            22.6696
          ],
          [
            120.56822,
            22.66948
          ],
          [
            120.56822,
            22.66948
          ],
          [
            120.56784,
            22.66916
          ],
          [
            120.5675,
            22.66887
          ],
          [
            120.56729,
            22.66868
          ],
          [
            120.56686,
            22.66832
          ],
          [
            120.56654,
            22.66806
          ],
          [
            120.56654,
            22.66806
          ],
          [
            120.56676,
            22.66784
          ],
          [
            120.5669,
            22.66771
          ],
          [
            120.56775,
            22.66684
          ],
          [
            120.56775,
            22.66684
          ],
          [
            120.56787,
            22.66672
          ],
          [
            120.56891,
            22.66564
          ],
          [
            120.56891,
            22.66564
          ],
          [
            120.56872,
            22.66548
          ],
          [
            120.56872,
            22.66548
          ],
          [
            120.56818,
            22.66603
          ],
          [
            120.56818,
            22.66603
          ],
          [
            120.56772,
            22.66563
          ],
          [
            120.56772,
            22.66563
          ],
          [
            120.56818,
            22.66603
          ],
          [
            120.56872,
            22.66548
          ],
          [
            120.56633,
            22.66344
          ],
          [
            120.56502,
            22.66231
          ],
          [
            120.5646,
            22.66195
          ],
          [
            120.56431,
            22.66171
          ],
          [
            120.56417,
            22.66158
          ],
          [
            120.56403,
            22.66146
          ],
          [
            120.56374,
            22.66122
          ],
          [
            120.56134,
            22.66365
          ],
          [
            120.55876,
            22.66144
          ],
          [
            120.55741,
            22.66028
          ],
          [
            120.55692,
            22.65986
          ],
          [
            120.55707,
            22.6597
          ],
          [
            120.55719,
            22.65958
          ],
          [
            120.55732,
            22.65945
          ],
          [
            120.55744,
            22.65933
          ],
          [
            120.55744,
            22.65933
          ],
          [
            120.55732,
            22.65945
          ],
          [
            120.55719,
            22.65958
          ],
          [
            120.55707,
            22.6597
          ],
          [
            120.55692,
            22.65986
          ],
          [
            120.55642,
            22.66036
          ],
          [
            120.5559,
            22.66088
          ],
          [
            120.55536,
            22.66142
          ],
          [
            120.55536,
            22.66142
          ],
          [
            120.55605,
            22.66229
          ],
          [
            120.55605,
            22.66229
          ],
          [
            120.55589,
            22.66245
          ],
          [
            120.55578,
            22.66255
          ],
          [
            120.5557,
            22.6626
          ],
          [
            120.55562,
            22.66264
          ],
          [
            120.55549,
            22.66268
          ],
          [
            120.55525,
            22.66274
          ],
          [
            120.5546,
            22.66291
          ],
          [
            120.55381,
            22.66313
          ],
          [
            120.55309,
            22.66337
          ],
          [
            120.55276,
            22.66348
          ],
          [
            120.55232,
            22.66365
          ],
          [
            120.55222,
            22.66369
          ],
          [
            120.55206,
            22.66375
          ],
          [
            120.55197,
            22.66378
          ],
          [
            120.55191,
            22.6638
          ],
          [
            120.5518,
            22.66382
          ],
          [
            120.55165,
            22.66383
          ],
          [
            120.55151,
            22.66384
          ],
          [
            120.55136,
            22.66386
          ],
          [
            120.55112,
            22.66394
          ],
          [
            120.55093,
            22.66402
          ],
          [
            120.55084,
            22.66405
          ],
          [
            120.55072,
            22.6641
          ],
          [
            120.55057,
            22.66416
          ],
          [
            120.55048,
            22.66419
          ],
          [
            120.55043,
            22.6642
          ],
          [
            120.55041,
            22.66421
          ],
          [
            120.55038,
            22.66421
          ],
          [
            120.55034,
            22.66421
          ],
          [
            120.5503,
            22.66421
          ],
          [
            120.55018,
            22.66421
          ],
          [
            120.55012,
            22.6642
          ],
          [
            120.55001,
            22.66419
          ],
          [
            120.54992,
            22.66418
          ],
          [
            120.54985,
            22.66418
          ],
          [
            120.54978,
            22.66419
          ],
          [
            120.54968,
            22.66421
          ],
          [
            120.54948,
            22.66426
          ],
          [
            120.54931,
            22.66429
          ],
          [
            120.54914,
            22.66432
          ],
          [
            120.54895,
            22.66433
          ],
          [
            120.54875,
            22.66437
          ],
          [
            120.54867,
            22.66439
          ],
          [
            120.54863,
            22.6644
          ],
          [
            120.54859,
            22.66441
          ],
          [
            120.54856,
            22.66442
          ],
          [
            120.54853,
            22.66444
          ],
          [
            120.5485,
            22.66446
          ],
          [
            120.54846,
            22.66449
          ],
          [
            120.54843,
            22.66452
          ],
          [
            120.54837,
            22.66459
          ],
          [
            120.54833,
            22.66463
          ],
          [
            120.54822,
            22.66474
          ],
          [
            120.54785,
            22.66512
          ],
          [
            120.54764,
            22.66534
          ],
          [
            120.54763,
            22.66535
          ],
          [
            120.54759,
            22.66539
          ],
          [
            120.54719,
            22.6658
          ],
          [
            120.54696,
            22.66601
          ],
          [
            120.54641,
            22.66658
          ],
          [
            120.54641,
            22.66658
          ],
          [
            120.5466,
            22.66673
          ],
          [
            120.5467,
            22.66682
          ],
          [
            120.54685,
            22.66694
          ],
          [
            120.54709,
            22.66714
          ],
          [
            120.5475,
            22.66749
          ],
          [
            120.54764,
            22.66761
          ],
          [
            120.54771,
            22.66767
          ],
          [
            120.54771,
            22.66767
          ],
          [
            120.54766,
            22.66772
          ],
          [
            120.54761,
            22.66778
          ],
          [
            120.54756,
            22.66784
          ],
          [
            120.5475,
            22.6679
          ],
          [
            120.5474,
            22.668
          ],
          [
            120.54734,
            22.66806
          ],
          [
            120.54728,
            22.66812
          ],
          [
            120.54719,
            22.66821
          ],
          [
            120.54705,
            22.66833
          ],
          [
            120.54698,
            22.66841
          ],
          [
            120.54691,
            22.66848
          ],
          [
            120.54685,
            22.66854
          ],
          [
            120.54672,
            22.66866
          ],
          [
            120.54635,
            22.66905
          ],
          [
            120.54626,
            22.66914
          ],
          [
            120.54596,
            22.66945
          ],
          [
            120.54575,
            22.66968
          ],
          [
            120.54557,
            22.66986
          ],
          [
            120.54536,
            22.67009
          ],
          [
            120.54515,
            22.67028
          ],
          [
            120.54504,
            22.67039
          ],
          [
            120.54494,
            22.67049
          ],
          [
            120.54485,
            22.67058
          ],
          [
            120.54462,
            22.67079
          ],
          [
            120.54433,
            22.67107
          ],
          [
            120.5441,
            22.67134
          ],
          [
            120.54399,
            22.67145
          ],
          [
            120.54399,
            22.67145
          ],
          [
            120.54389,
            22.67156
          ],
          [
            120.54365,
            22.67179
          ],
          [
            120.54223,
            22.6732
          ],
          [
            120.54184,
            22.67362
          ],
          [
            120.54177,
            22.67369
          ],
          [
            120.54161,
            22.67387
          ],
          [
            120.54143,
            22.67404
          ],
          [
            120.54142,
            22.67406
          ],
          [
            120.54139,
            22.67409
          ],
          [
            120.54132,
            22.67416
          ],
          [
            120.54114,
            22.67432
          ],
          [
            120.54131,
            22.67472
          ],
          [
            120.54143,
            22.67511
          ],
          [
            120.54154,
            22.67552
          ],
          [
            120.5416,
            22.67548
          ],
          [
            120.5416,
            22.67548
          ],
          [
            120.54154,
            22.67552
          ],
          [
            120.54154,
            22.67552
          ],
          [
            120.54164,
            22.67586
          ],
          [
            120.54176,
            22.6763
          ],
          [
            120.54177,
            22.67635
          ],
          [
            120.54178,
            22.67637
          ],
          [
            120.54178,
            22.6764
          ],
          [
            120.54177,
            22.67641
          ],
          [
            120.54177,
            22.67643
          ],
          [
            120.54177,
            22.67643
          ],
          [
            120.54182,
            22.67649
          ],
          [
            120.54197,
            22.67668
          ],
          [
            120.54197,
            22.67668
          ],
          [
            120.54194,
            22.6767
          ],
          [
            120.54192,
            22.67672
          ],
          [
            120.5419,
            22.67676
          ],
          [
            120.54189,
            22.67682
          ],
          [
            120.54189,
            22.677
          ],
          [
            120.54189,
            22.67718
          ],
          [
            120.54188,
            22.67725
          ],
          [
            120.54186,
            22.67731
          ],
          [
            120.54184,
            22.67736
          ],
          [
            120.5418,
            22.67743
          ],
          [
            120.5417,
            22.67755
          ],
          [
            120.54166,
            22.6776
          ],
          [
            120.5416,
            22.67769
          ],
          [
            120.54156,
            22.67775
          ],
          [
            120.54154,
            22.67781
          ],
          [
            120.54152,
            22.67784
          ],
          [
            120.54152,
            22.67789
          ],
          [
            120.54152,
            22.67792
          ],
          [
            120.54152,
            22.67796
          ],
          [
            120.54154,
            22.67805
          ],
          [
            120.54157,
            22.67811
          ],
          [
            120.54163,
            22.67823
          ],
          [
            120.54166,
            22.67833
          ],
          [
            120.5417,
            22.67838
          ],
          [
            120.54175,
            22.67847
          ],
          [
            120.54177,
            22.67849
          ],
          [
            120.54192,
            22.67867
          ],
          [
            120.54192,
            22.67869
          ],
          [
            120.54192,
            22.67871
          ],
          [
            120.54192,
            22.67873
          ],
          [
            120.5419,
            22.67877
          ],
          [
            120.54189,
            22.67878
          ],
          [
            120.54186,
            22.6788
          ],
          [
            120.54182,
            22.67882
          ],
          [
            120.5418,
            22.67883
          ],
          [
            120.54174,
            22.67885
          ],
          [
            120.5417,
            22.67886
          ],
          [
            120.54167,
            22.67887
          ],
          [
            120.54166,
            22.67888
          ],
          [
            120.54164,
            22.6789
          ],
          [
            120.54163,
            22.67892
          ],
          [
            120.54162,
            22.67895
          ],
          [
            120.54162,
            22.67899
          ],
          [
            120.54162,
            22.67903
          ],
          [
            120.54162,
            22.67909
          ],
          [
            120.54161,
            22.67913
          ],
          [
            120.54161,
            22.67916
          ],
          [
            120.54161,
            22.67918
          ],
          [
            120.5416,
            22.67919
          ],
          [
            120.54158,
            22.67927
          ],
          [
            120.54157,
            22.67929
          ],
          [
            120.54157,
            22.67931
          ],
          [
            120.54157,
            22.67933
          ],
          [
            120.54157,
            22.67935
          ],
          [
            120.54158,
            22.67937
          ],
          [
            120.5416,
            22.67942
          ],
          [
            120.5417,
            22.67967
          ],
          [
            120.54179,
            22.67992
          ],
          [
            120.54199,
            22.68056
          ],
          [
            120.54206,
            22.68075
          ],
          [
            120.54226,
            22.68138
          ],
          [
            120.54228,
            22.68146
          ],
          [
            120.5423,
            22.68162
          ],
          [
            120.54235,
            22.68181
          ],
          [
            120.54235,
            22.68181
          ],
          [
            120.54225,
            22.68186
          ],
          [
            120.54225,
            22.68186
          ],
          [
            120.54229,
            22.68189
          ],
          [
            120.54234,
            22.68196
          ],
          [
            120.54236,
            22.68199
          ],
          [
            120.54236,
            22.68199
          ],
          [
            120.54234,
            22.68196
          ],
          [
            120.54229,
            22.68189
          ],
          [
            120.54225,
            22.68186
          ],
          [
            120.54203,
            22.68171
          ],
          [
            120.5417,
            22.68153
          ],
          [
            120.54139,
            22.68138
          ],
          [
            120.54131,
            22.68134
          ],
          [
            120.54102,
            22.68119
          ],
          [
            120.54043,
            22.68087
          ],
          [
            120.53978,
            22.68053
          ],
          [
            120.53905,
            22.68015
          ],
          [
            120.53769,
            22.67943
          ],
          [
            120.53663,
            22.67888
          ],
          [
            120.53593,
            22.67851
          ],
          [
            120.53564,
            22.67838
          ],
          [
            120.53504,
            22.67815
          ],
          [
            120.53427,
            22.67786
          ],
          [
            120.53412,
            22.67779
          ],
          [
            120.53317,
            22.67745
          ],
          [
            120.53188,
            22.67698
          ],
          [
            120.53171,
            22.67694
          ],
          [
            120.53157,
            22.67693
          ],
          [
            120.53141,
            22.67692
          ],
          [
            120.53115,
            22.67693
          ],
          [
            120.53047,
            22.67695
          ],
          [
            120.52994,
            22.67696
          ],
          [
            120.52955,
            22.67699
          ],
          [
            120.52868,
            22.67702
          ],
          [
            120.52851,
            22.67703
          ],
          [
            120.52822,
            22.67705
          ],
          [
            120.52808,
            22.67711
          ],
          [
            120.52808,
            22.67711
          ],
          [
            120.52809,
            22.67711
          ],
          [
            120.52809,
            22.67712
          ],
          [
            120.52809,
            22.67713
          ],
          [
            120.5281,
            22.67714
          ],
          [
            120.5281,
            22.67715
          ],
          [
            120.5281,
            22.67716
          ],
          [
            120.52811,
            22.67717
          ],
          [
            120.52811,
            22.67718
          ],
          [
            120.52811,
            22.67719
          ],
          [
            120.52811,
            22.6772
          ],
          [
            120.5281,
            22.67721
          ],
          [
            120.5281,
            22.67722
          ],
          [
            120.5281,
            22.67723
          ],
          [
            120.5281,
            22.67724
          ],
          [
            120.52809,
            22.67724
          ],
          [
            120.52809,
            22.67725
          ],
          [
            120.52809,
            22.67726
          ],
          [
            120.52808,
            22.67726
          ],
          [
            120.52808,
            22.67727
          ],
          [
            120.52807,
            22.67728
          ],
          [
            120.52806,
            22.67728
          ],
          [
            120.52805,
            22.67729
          ],
          [
            120.52804,
            22.6773
          ],
          [
            120.52803,
            22.6773
          ],
          [
            120.52802,
            22.67731
          ],
          [
            120.52801,
            22.67731
          ],
          [
            120.528,
            22.67731
          ],
          [
            120.52799,
            22.67732
          ],
          [
            120.52798,
            22.67732
          ],
          [
            120.52797,
            22.67732
          ],
          [
            120.52796,
            22.67732
          ],
          [
            120.52795,
            22.67732
          ],
          [
            120.52794,
            22.67732
          ],
          [
            120.52793,
            22.67732
          ],
          [
            120.52793,
            22.67731
          ],
          [
            120.52792,
            22.67731
          ],
          [
            120.52791,
            22.67731
          ],
          [
            120.5279,
            22.67731
          ],
          [
            120.52789,
            22.6773
          ],
          [
            120.52788,
            22.67729
          ],
          [
            120.52787,
            22.67729
          ],
          [
            120.52787,
            22.67728
          ],
          [
            120.52786,
            22.67728
          ],
          [
            120.52785,
            22.67727
          ],
          [
            120.52784,
            22.67726
          ],
          [
            120.52784,
            22.67725
          ],
          [
            120.52783,
            22.67724
          ],
          [
            120.52783,
            22.67723
          ],
          [
            120.52783,
            22.67722
          ],
          [
            120.52782,
            22.67722
          ],
          [
            120.52782,
            22.67721
          ],
          [
            120.52782,
            22.6772
          ],
          [
            120.52782,
            22.67719
          ],
          [
            120.52782,
            22.67718
          ],
          [
            120.52782,
            22.67717
          ],
          [
            120.52782,
            22.67716
          ],
          [
            120.52783,
            22.67715
          ],
          [
            120.52783,
            22.67714
          ],
          [
            120.52783,
            22.67713
          ],
          [
            120.52784,
            22.67713
          ],
          [
            120.52784,
            22.67712
          ],
          [
            120.52784,
            22.67711
          ],
          [
            120.52785,
            22.67711
          ],
          [
            120.52785,
            22.6771
          ],
          [
            120.52779,
            22.67708
          ],
          [
            120.52776,
            22.67706
          ],
          [
            120.52772,
            22.67702
          ],
          [
            120.52766,
            22.6769
          ],
          [
            120.5276,
            22.6768
          ],
          [
            120.52755,
            22.67676
          ],
          [
            120.52749,
            22.67673
          ],
          [
            120.52743,
            22.67671
          ],
          [
            120.52737,
            22.67671
          ],
          [
            120.52724,
            22.67672
          ],
          [
            120.52704,
            22.67674
          ],
          [
            120.52678,
            22.67675
          ],
          [
            120.52678,
            22.67675
          ],
          [
            120.52625,
            22.67679
          ],
          [
            120.52596,
            22.67629
          ],
          [
            120.52594,
            22.67625
          ],
          [
            120.52583,
            22.67592
          ],
          [
            120.5257,
            22.67567
          ],
          [
            120.52548,
            22.67528
          ],
          [
            120.52539,
            22.67509
          ],
          [
            120.52517,
            22.67466
          ],
          [
            120.52511,
            22.67453
          ],
          [
            120.52506,
            22.67446
          ],
          [
            120.52502,
            22.6744
          ],
          [
            120.52486,
            22.67424
          ],
          [
            120.52477,
            22.67418
          ],
          [
            120.52467,
            22.67413
          ],
          [
            120.52438,
            22.67399
          ],
          [
            120.52392,
            22.67373
          ],
          [
            120.52337,
            22.67344
          ],
          [
            120.52324,
            22.67338
          ],
          [
            120.52292,
            22.67318
          ],
          [
            120.52276,
            22.6731
          ],
          [
            120.5228,
            22.67299
          ],
          [
            120.52286,
            22.67285
          ],
          [
            120.52293,
            22.67269
          ],
          [
            120.52302,
            22.67258
          ],
          [
            120.52313,
            22.67247
          ],
          [
            120.52322,
            22.67237
          ],
          [
            120.52324,
            22.67235
          ],
          [
            120.52325,
            22.67233
          ],
          [
            120.52326,
            22.67231
          ],
          [
            120.52326,
            22.6723
          ],
          [
            120.52325,
            22.67228
          ],
          [
            120.52325,
            22.67226
          ],
          [
            120.52324,
            22.67224
          ],
          [
            120.52322,
            22.6722
          ],
          [
            120.52319,
            22.67216
          ],
          [
            120.52307,
            22.67203
          ],
          [
            120.5228,
            22.67173
          ],
          [
            120.52275,
            22.67168
          ],
          [
            120.52263,
            22.67151
          ],
          [
            120.52262,
            22.6715
          ],
          [
            120.52254,
            22.67136
          ],
          [
            120.52252,
            22.67131
          ],
          [
            120.52246,
            22.67122
          ],
          [
            120.52236,
            22.67105
          ],
          [
            120.52217,
            22.67076
          ],
          [
            120.5221,
            22.67067
          ],
          [
            120.52196,
            22.6705
          ],
          [
            120.52181,
            22.67032
          ],
          [
            120.52174,
            22.67019
          ],
          [
            120.52173,
            22.67016
          ],
          [
            120.52173,
            22.67016
          ],
          [
            120.5217,
            22.67009
          ],
          [
            120.52165,
            22.66993
          ],
          [
            120.52164,
            22.66989
          ],
          [
            120.52151,
            22.6694
          ],
          [
            120.52048,
            22.66967
          ],
          [
            120.52048,
            22.66967
          ],
          [
            120.5202,
            22.66974
          ],
          [
            120.5202,
            22.66974
          ],
          [
            120.52019,
            22.66967
          ],
          [
            120.52014,
            22.66941
          ],
          [
            120.5201,
            22.66918
          ],
          [
            120.52,
            22.66858
          ],
          [
            120.51993,
            22.66809
          ],
          [
            120.51992,
            22.66799
          ],
          [
            120.51987,
            22.66738
          ],
          [
            120.5198,
            22.66684
          ],
          [
            120.51977,
            22.66666
          ],
          [
            120.51966,
            22.66579
          ],
          [
            120.51966,
            22.66579
          ],
          [
            120.51858,
            22.66607
          ],
          [
            120.51812,
            22.66619
          ],
          [
            120.51801,
            22.66622
          ],
          [
            120.51785,
            22.66629
          ],
          [
            120.51779,
            22.66631
          ],
          [
            120.51761,
            22.66637
          ],
          [
            120.51745,
            22.66643
          ],
          [
            120.51737,
            22.66644
          ],
          [
            120.51728,
            22.66646
          ],
          [
            120.51711,
            22.6665
          ],
          [
            120.51691,
            22.66653
          ],
          [
            120.51678,
            22.66655
          ],
          [
            120.51672,
            22.66656
          ],
          [
            120.51656,
            22.66658
          ],
          [
            120.5163,
            22.6666
          ],
          [
            120.51615,
            22.66661
          ],
          [
            120.51591,
            22.66661
          ],
          [
            120.51537,
            22.66659
          ],
          [
            120.51516,
            22.66658
          ],
          [
            120.51509,
            22.66656
          ],
          [
            120.51504,
            22.66656
          ],
          [
            120.515,
            22.66654
          ],
          [
            120.51496,
            22.66652
          ],
          [
            120.51491,
            22.66649
          ],
          [
            120.51449,
            22.6662
          ],
          [
            120.51368,
            22.66564
          ],
          [
            120.51323,
            22.66534
          ],
          [
            120.51309,
            22.66525
          ],
          [
            120.51309,
            22.66525
          ],
          [
            120.51313,
            22.66519
          ],
          [
            120.51363,
            22.66443
          ],
          [
            120.51373,
            22.66427
          ],
          [
            120.51392,
            22.66399
          ],
          [
            120.51402,
            22.66381
          ],
          [
            120.5145,
            22.66302
          ],
          [
            120.51467,
            22.66274
          ],
          [
            120.51521,
            22.66187
          ],
          [
            120.51536,
            22.66166
          ],
          [
            120.51539,
            22.66162
          ],
          [
            120.51542,
            22.66157
          ],
          [
            120.51544,
            22.66153
          ],
          [
            120.51545,
            22.6615
          ],
          [
            120.51546,
            22.66148
          ],
          [
            120.51546,
            22.66145
          ],
          [
            120.51546,
            22.66142
          ],
          [
            120.51546,
            22.66137
          ],
          [
            120.51545,
            22.66129
          ],
          [
            120.51531,
            22.66045
          ],
          [
            120.51525,
            22.66019
          ],
          [
            120.51515,
            22.65944
          ],
          [
            120.51514,
            22.65938
          ],
          [
            120.51511,
            22.65925
          ],
          [
            120.51506,
            22.65893
          ],
          [
            120.51502,
            22.65865
          ],
          [
            120.515,
            22.65858
          ],
          [
            120.51497,
            22.65852
          ],
          [
            120.51492,
            22.65845
          ],
          [
            120.51481,
            22.6583
          ],
          [
            120.51464,
            22.658080000000002
          ],
          [
            120.51464,
            22.658080000000002
          ],
          [
            120.51456,
            22.65812
          ],
          [
            120.51444,
            22.65819
          ],
          [
            120.51444,
            22.65819
          ],
          [
            120.51431,
            22.65826
          ],
          [
            120.51377,
            22.65857
          ],
          [
            120.51212,
            22.65951
          ],
          [
            120.51199,
            22.65958
          ],
          [
            120.51156,
            22.65981
          ],
          [
            120.51137,
            22.65991
          ],
          [
            120.5113,
            22.65993
          ],
          [
            120.51114,
            22.65998
          ],
          [
            120.51106,
            22.66003
          ],
          [
            120.5109,
            22.66015
          ],
          [
            120.51088,
            22.66017
          ],
          [
            120.51048,
            22.66038
          ],
          [
            120.51027,
            22.66051
          ],
          [
            120.51019,
            22.66056
          ],
          [
            120.50978,
            22.66078
          ],
          [
            120.50956,
            22.66091
          ],
          [
            120.50941,
            22.66099
          ],
          [
            120.50891,
            22.66128
          ],
          [
            120.50884,
            22.6613
          ],
          [
            120.50871,
            22.66139
          ],
          [
            120.50862,
            22.66145
          ],
          [
            120.50839,
            22.66158
          ],
          [
            120.50811,
            22.66174
          ],
          [
            120.50804,
            22.66178
          ],
          [
            120.50797,
            22.66182
          ],
          [
            120.50727,
            22.66223
          ],
          [
            120.50703,
            22.66233
          ],
          [
            120.50628,
            22.66274
          ],
          [
            120.50617,
            22.6628
          ],
          [
            120.50531,
            22.66327
          ],
          [
            120.50518,
            22.66334
          ],
          [
            120.50475,
            22.66365
          ],
          [
            120.50463,
            22.66372
          ],
          [
            120.50449,
            22.66379
          ],
          [
            120.50449,
            22.66379
          ],
          [
            120.50377,
            22.66418
          ],
          [
            120.5037,
            22.66421
          ],
          [
            120.50307,
            22.66456
          ],
          [
            120.50287,
            22.66468
          ],
          [
            120.50251,
            22.66488
          ],
          [
            120.50217,
            22.66507
          ],
          [
            120.50189,
            22.66523
          ],
          [
            120.50184,
            22.66526
          ],
          [
            120.50173,
            22.66532
          ],
          [
            120.5017,
            22.66534
          ],
          [
            120.50139,
            22.66551
          ],
          [
            120.50104,
            22.66571
          ],
          [
            120.50069,
            22.6659
          ],
          [
            120.50062,
            22.66594
          ],
          [
            120.50037,
            22.66609
          ],
          [
            120.50024,
            22.66616
          ],
          [
            120.49987,
            22.66635
          ],
          [
            120.49936,
            22.66664
          ],
          [
            120.49867,
            22.66705
          ],
          [
            120.49821,
            22.66731
          ],
          [
            120.498,
            22.66742
          ],
          [
            120.49783,
            22.66752
          ],
          [
            120.49808,
            22.66828
          ],
          [
            120.49835,
            22.66915
          ],
          [
            120.49855,
            22.66975
          ],
          [
            120.49872,
            22.67031
          ],
          [
            120.49892,
            22.67092
          ],
          [
            120.49896,
            22.67103
          ],
          [
            120.49923,
            22.67187
          ],
          [
            120.49942,
            22.67246
          ],
          [
            120.49947,
            22.67261
          ],
          [
            120.49951,
            22.67275
          ],
          [
            120.49964,
            22.67314
          ],
          [
            120.49972,
            22.67338
          ],
          [
            120.49974,
            22.67349
          ],
          [
            120.49977,
            22.67354
          ],
          [
            120.49985,
            22.67381
          ],
          [
            120.49996,
            22.67416
          ],
          [
            120.50011,
            22.67463
          ],
          [
            120.5002,
            22.6749
          ],
          [
            120.50025,
            22.67503
          ],
          [
            120.50037,
            22.67538
          ],
          [
            120.50047,
            22.67567
          ],
          [
            120.50053,
            22.67587
          ],
          [
            120.50059,
            22.67601
          ],
          [
            120.50064,
            22.67618
          ],
          [
            120.50073,
            22.67646
          ],
          [
            120.50077,
            22.67658
          ],
          [
            120.5008,
            22.6767
          ],
          [
            120.50092,
            22.6771
          ],
          [
            120.50095,
            22.6772
          ],
          [
            120.50102,
            22.67743
          ],
          [
            120.5012,
            22.67798
          ],
          [
            120.50125,
            22.67815
          ],
          [
            120.50128,
            22.67824
          ],
          [
            120.50141,
            22.67864
          ],
          [
            120.50156,
            22.67919
          ],
          [
            120.50171,
            22.67972
          ],
          [
            120.50172,
            22.67989
          ],
          [
            120.50173,
            22.67994
          ],
          [
            120.50173,
            22.68002
          ],
          [
            120.50173,
            22.68021
          ],
          [
            120.50172,
            22.68029
          ],
          [
            120.5017,
            22.68038
          ],
          [
            120.50166,
            22.6805
          ],
          [
            120.50161,
            22.6806
          ],
          [
            120.50147,
            22.68076
          ],
          [
            120.50124,
            22.68096
          ],
          [
            120.50114,
            22.68105
          ],
          [
            120.50104,
            22.68114
          ],
          [
            120.50111,
            22.68118
          ],
          [
            120.50112,
            22.68119
          ],
          [
            120.50156,
            22.68143
          ],
          [
            120.50157,
            22.68144
          ],
          [
            120.50159,
            22.68145
          ],
          [
            120.50174,
            22.68153
          ],
          [
            120.50193,
            22.68162
          ],
          [
            120.50198,
            22.68164
          ],
          [
            120.50219,
            22.68172
          ],
          [
            120.50233,
            22.68177
          ],
          [
            120.50242,
            22.6818
          ],
          [
            120.50244000000001,
            22.6818
          ],
          [
            120.50249,
            22.68182
          ],
          [
            120.50256,
            22.68185
          ],
          [
            120.50257,
            22.68186
          ],
          [
            120.50272,
            22.6819
          ],
          [
            120.50278,
            22.68224
          ],
          [
            120.50286,
            22.68268
          ],
          [
            120.50291,
            22.68291
          ],
          [
            120.50293,
            22.68296
          ],
          [
            120.50294,
            22.68297
          ],
          [
            120.50294,
            22.68298
          ],
          [
            120.50295,
            22.68299
          ],
          [
            120.50296,
            22.683
          ],
          [
            120.50297,
            22.683
          ],
          [
            120.50297,
            22.683
          ],
          [
            120.50296,
            22.683
          ],
          [
            120.50295,
            22.68299
          ],
          [
            120.50294,
            22.68298
          ],
          [
            120.50294,
            22.68297
          ],
          [
            120.50293,
            22.68296
          ],
          [
            120.50291,
            22.68291
          ],
          [
            120.50286,
            22.68268
          ],
          [
            120.50278,
            22.68224
          ],
          [
            120.50272,
            22.6819
          ],
          [
            120.50272,
            22.6819
          ],
          [
            120.50257,
            22.68186
          ],
          [
            120.50256,
            22.68185
          ],
          [
            120.50249,
            22.68182
          ],
          [
            120.50244000000001,
            22.6818
          ],
          [
            120.50242,
            22.6818
          ],
          [
            120.50233,
            22.68177
          ],
          [
            120.50219,
            22.68172
          ],
          [
            120.50198,
            22.68164
          ],
          [
            120.50193,
            22.68162
          ],
          [
            120.50174,
            22.68153
          ],
          [
            120.50159,
            22.68145
          ],
          [
            120.50157,
            22.68144
          ],
          [
            120.50156,
            22.68143
          ],
          [
            120.50112,
            22.68119
          ],
          [
            120.50111,
            22.68118
          ],
          [
            120.50104,
            22.68114
          ],
          [
            120.50094,
            22.68109
          ],
          [
            120.49955,
            22.68025
          ],
          [
            120.49949,
            22.68022
          ],
          [
            120.49938,
            22.68015
          ],
          [
            120.49918,
            22.68005
          ],
          [
            120.49906,
            22.67998
          ],
          [
            120.49895,
            22.67992
          ],
          [
            120.4989,
            22.67989
          ],
          [
            120.49825,
            22.67951
          ],
          [
            120.49825,
            22.67951
          ],
          [
            120.49813,
            22.67944
          ],
          [
            120.49798,
            22.67935
          ],
          [
            120.49789,
            22.67929
          ],
          [
            120.49785,
            22.67926
          ],
          [
            120.49783,
            22.67924
          ],
          [
            120.49778,
            22.67917
          ],
          [
            120.49777,
            22.67917
          ],
          [
            120.49774,
            22.67909
          ],
          [
            120.49773,
            22.67907
          ],
          [
            120.49771,
            22.67899
          ],
          [
            120.49765,
            22.67883
          ],
          [
            120.49753,
            22.67849
          ],
          [
            120.49734,
            22.67795
          ],
          [
            120.49723,
            22.6776
          ],
          [
            120.49718,
            22.67743
          ],
          [
            120.49706,
            22.67707
          ],
          [
            120.49702,
            22.67693
          ],
          [
            120.49701,
            22.67689
          ],
          [
            120.49699,
            22.67678
          ],
          [
            120.49698,
            22.67667
          ],
          [
            120.49698,
            22.67654
          ],
          [
            120.49697,
            22.67633
          ],
          [
            120.49699,
            22.67611
          ],
          [
            120.49701,
            22.67597
          ],
          [
            120.49702,
            22.67591
          ],
          [
            120.49702,
            22.67588
          ],
          [
            120.49703,
            22.67573
          ],
          [
            120.49701,
            22.6756
          ],
          [
            120.49696,
            22.67542
          ],
          [
            120.49691,
            22.67526
          ],
          [
            120.49683,
            22.67501
          ],
          [
            120.49679,
            22.67487
          ],
          [
            120.49673,
            22.67469
          ],
          [
            120.49667,
            22.6745
          ],
          [
            120.49656,
            22.67414
          ],
          [
            120.49646,
            22.67381
          ],
          [
            120.49645,
            22.67378
          ],
          [
            120.49643,
            22.67372
          ],
          [
            120.49641,
            22.67367
          ],
          [
            120.49641,
            22.67367
          ],
          [
            120.49638,
            22.67361
          ],
          [
            120.49634,
            22.67353
          ],
          [
            120.4963,
            22.67347
          ],
          [
            120.49624,
            22.6734
          ],
          [
            120.49617,
            22.67331
          ],
          [
            120.49595,
            22.6731
          ],
          [
            120.49591,
            22.67305
          ],
          [
            120.49584,
            22.67295
          ],
          [
            120.49576,
            22.67285
          ],
          [
            120.49574,
            22.67281
          ],
          [
            120.49566,
            22.67268
          ],
          [
            120.49555,
            22.67242
          ],
          [
            120.49552,
            22.67235
          ],
          [
            120.49545,
            22.67214
          ],
          [
            120.4954,
            22.67199
          ],
          [
            120.49509,
            22.671
          ],
          [
            120.49494,
            22.67052
          ],
          [
            120.49484,
            22.6702
          ],
          [
            120.49479,
            22.67008
          ],
          [
            120.49452,
            22.66921
          ],
          [
            120.49419,
            22.66934
          ],
          [
            120.49378,
            22.6695
          ],
          [
            120.49356,
            22.66958
          ],
          [
            120.49308,
            22.66977
          ],
          [
            120.49271,
            22.66989
          ],
          [
            120.4925,
            22.66996
          ],
          [
            120.4921,
            22.67009
          ],
          [
            120.49122,
            22.67039
          ],
          [
            120.49109,
            22.67044
          ],
          [
            120.49075,
            22.67057
          ],
          [
            120.49026,
            22.67075
          ],
          [
            120.49022,
            22.67076
          ],
          [
            120.48993,
            22.67086
          ],
          [
            120.4898,
            22.67091
          ],
          [
            120.48971,
            22.67094
          ],
          [
            120.48962,
            22.671
          ],
          [
            120.4892,
            22.67118
          ],
          [
            120.48891,
            22.67112
          ],
          [
            120.48812,
            22.67086
          ],
          [
            120.48751,
            22.67064
          ],
          [
            120.48662,
            22.67035
          ],
          [
            120.48647,
            22.67033
          ],
          [
            120.48638,
            22.67034
          ],
          [
            120.48636,
            22.67025
          ],
          [
            120.4863,
            22.66996
          ],
          [
            120.48626,
            22.6699
          ],
          [
            120.48622,
            22.66986
          ],
          [
            120.48618,
            22.66983
          ],
          [
            120.48615,
            22.66981
          ],
          [
            120.48612,
            22.66978
          ],
          [
            120.4861,
            22.66976
          ],
          [
            120.48608,
            22.66972
          ],
          [
            120.48601,
            22.66962
          ],
          [
            120.48569,
            22.66964
          ],
          [
            120.48553,
            22.66966
          ],
          [
            120.48553,
            22.66966
          ],
          [
            120.48463,
            22.6698
          ],
          [
            120.48432,
            22.66984
          ],
          [
            120.48356,
            22.66994
          ],
          [
            120.48295,
            22.67001
          ],
          [
            120.48216,
            22.67013
          ],
          [
            120.48185,
            22.67018
          ],
          [
            120.48162,
            22.67022
          ],
          [
            120.48159,
            22.67029
          ],
          [
            120.48022,
            22.67005
          ],
          [
            120.47993,
            22.66999
          ],
          [
            120.47982,
            22.66997
          ],
          [
            120.47945,
            22.6699
          ],
          [
            120.47909,
            22.66982
          ],
          [
            120.47906,
            22.66981
          ],
          [
            120.47887,
            22.66977
          ],
          [
            120.47863,
            22.66973
          ],
          [
            120.4785,
            22.66969
          ],
          [
            120.4785,
            22.66969
          ],
          [
            120.47849,
            22.6698
          ],
          [
            120.47845,
            22.67041
          ],
          [
            120.47842,
            22.67084
          ],
          [
            120.47841,
            22.67091
          ],
          [
            120.47841,
            22.67092
          ],
          [
            120.47841,
            22.67098
          ],
          [
            120.47838,
            22.67132
          ],
          [
            120.47838,
            22.67141
          ],
          [
            120.47837,
            22.67148
          ],
          [
            120.47837,
            22.67156
          ],
          [
            120.47834,
            22.67204
          ],
          [
            120.47832,
            22.67217
          ],
          [
            120.47828,
            22.67258
          ],
          [
            120.47826,
            22.67283
          ],
          [
            120.47822,
            22.6734
          ],
          [
            120.4782,
            22.67367
          ],
          [
            120.4782,
            22.67367
          ],
          [
            120.47819,
            22.67397
          ],
          [
            120.47815,
            22.67454
          ],
          [
            120.47806,
            22.67454
          ],
          [
            120.47808,
            22.67396
          ],
          [
            120.47813,
            22.67337
          ],
          [
            120.47819,
            22.67257
          ],
          [
            120.47822,
            22.67217
          ],
          [
            120.47822,
            22.67203
          ],
          [
            120.47827,
            22.67155
          ],
          [
            120.47827,
            22.67148
          ],
          [
            120.47828,
            22.67141
          ],
          [
            120.47828,
            22.67131
          ],
          [
            120.47829,
            22.67118
          ],
          [
            120.47831,
            22.671
          ],
          [
            120.47831,
            22.67093
          ],
          [
            120.47831,
            22.67092
          ],
          [
            120.47832,
            22.67086
          ],
          [
            120.47832,
            22.67078
          ],
          [
            120.47838,
            22.67004
          ],
          [
            120.47839,
            22.66986
          ],
          [
            120.4784,
            22.6698
          ],
          [
            120.47841,
            22.66968
          ],
          [
            120.47841,
            22.66967
          ],
          [
            120.47841,
            22.66962
          ],
          [
            120.47842,
            22.66953
          ],
          [
            120.47843,
            22.66945
          ],
          [
            120.47843,
            22.66934
          ],
          [
            120.47844,
            22.66926
          ],
          [
            120.47845,
            22.66903
          ],
          [
            120.47846,
            22.66897
          ],
          [
            120.47846,
            22.66894
          ],
          [
            120.47847,
            22.66885
          ],
          [
            120.4785,
            22.66834
          ],
          [
            120.47851,
            22.66816
          ],
          [
            120.47853,
            22.66798
          ],
          [
            120.47856,
            22.66754
          ],
          [
            120.47857,
            22.66742
          ],
          [
            120.47857,
            22.66729
          ],
          [
            120.47858,
            22.66713
          ],
          [
            120.47849,
            22.6671
          ],
          [
            120.47772,
            22.66707
          ],
          [
            120.47719,
            22.66705
          ],
          [
            120.4768,
            22.66703
          ],
          [
            120.47606,
            22.66699
          ],
          [
            120.47586,
            22.66697
          ],
          [
            120.47589,
            22.66656
          ],
          [
            120.47592,
            22.66607
          ],
          [
            120.47595,
            22.66566
          ],
          [
            120.47598,
            22.66541
          ],
          [
            120.47601,
            22.66531
          ],
          [
            120.47604,
            22.66518
          ],
          [
            120.47609,
            22.66464
          ],
          [
            120.47612,
            22.66409
          ],
          [
            120.47613,
            22.66386
          ],
          [
            120.47614,
            22.66373
          ],
          [
            120.47615,
            22.66342
          ],
          [
            120.47616,
            22.66336
          ],
          [
            120.47617,
            22.66329
          ],
          [
            120.47618,
            22.66322
          ],
          [
            120.47622,
            22.66268
          ]
        ]
      }
    },
    {
      "type": "Feature",
      "properties": {
        "feature_type": "route",
        "ref": "小黃公車705",
        "name": "小黃公車705",
        "name_en": "小黃公車705",
        "color": "#86198f",
        "direction": 0
      },
      "geometry": {
        "type": "LineString",
        "coordinates": [
          [
            120.59347,
            22.62382
          ],
          [
            120.59354,
            22.6238
          ],
          [
            120.5936,
            22.62379
          ],
          [
            120.59365,
            22.6238
          ],
          [
            120.59366,
            22.6238
          ],
          [
            120.59369,
            22.6238
          ],
          [
            120.59374,
            22.62381
          ],
          [
            120.59378,
            22.62383
          ],
          [
            120.59402,
            22.62394
          ],
          [
            120.59408,
            22.62397
          ],
          [
            120.59418,
            22.62402
          ],
          [
            120.59419,
            22.62402
          ],
          [
            120.59425,
            22.62406
          ],
          [
            120.59438,
            22.62417
          ],
          [
            120.59454,
            22.6243
          ],
          [
            120.59461,
            22.62437
          ],
          [
            120.5947,
            22.62449
          ],
          [
            120.59473,
            22.62453
          ],
          [
            120.5948,
            22.62464
          ],
          [
            120.59484,
            22.62469
          ],
          [
            120.59487,
            22.62474
          ],
          [
            120.59489,
            22.62478
          ],
          [
            120.59491,
            22.6248
          ],
          [
            120.59494,
            22.62483
          ],
          [
            120.59496,
            22.62485
          ],
          [
            120.59499,
            22.62487
          ],
          [
            120.5951,
            22.62493
          ],
          [
            120.59522,
            22.62503
          ],
          [
            120.59527,
            22.62506
          ],
          [
            120.59529,
            22.62508
          ],
          [
            120.59532,
            22.62511
          ],
          [
            120.59534,
            22.62514
          ],
          [
            120.59535,
            22.62516
          ],
          [
            120.59536,
            22.62519
          ],
          [
            120.59541,
            22.6254
          ],
          [
            120.59545,
            22.62569
          ],
          [
            120.59549,
            22.62597
          ],
          [
            120.59551,
            22.62614
          ],
          [
            120.59551,
            22.62623
          ],
          [
            120.59551,
            22.6263
          ],
          [
            120.59551,
            22.62635
          ],
          [
            120.59551,
            22.62638
          ],
          [
            120.59552,
            22.62642
          ],
          [
            120.59553,
            22.62649
          ],
          [
            120.59564,
            22.62681
          ],
          [
            120.5958,
            22.62726
          ],
          [
            120.59584,
            22.62731
          ],
          [
            120.59587,
            22.62736
          ],
          [
            120.59588,
            22.62738
          ],
          [
            120.59589,
            22.6274
          ],
          [
            120.5959,
            22.62744
          ],
          [
            120.59596,
            22.62769
          ],
          [
            120.59604,
            22.62801
          ],
          [
            120.59607,
            22.62812
          ],
          [
            120.5961,
            22.62821
          ],
          [
            120.59614,
            22.62833
          ],
          [
            120.5962,
            22.62849
          ],
          [
            120.59622,
            22.62856
          ],
          [
            120.59624,
            22.6286
          ],
          [
            120.59626,
            22.62867
          ],
          [
            120.59627,
            22.62874
          ],
          [
            120.59628,
            22.62882
          ],
          [
            120.59634,
            22.62934
          ],
          [
            120.59634,
            22.6294
          ],
          [
            120.59635,
            22.62955
          ],
          [
            120.59636,
            22.62971
          ],
          [
            120.59637,
            22.62983
          ],
          [
            120.59637,
            22.62988
          ],
          [
            120.59637,
            22.62992
          ],
          [
            120.59636,
            22.62997
          ],
          [
            120.59636,
            22.63002
          ],
          [
            120.59636,
            22.63006
          ],
          [
            120.59636,
            22.6301
          ],
          [
            120.59637,
            22.63013
          ],
          [
            120.59638,
            22.63018
          ],
          [
            120.59639,
            22.63022
          ],
          [
            120.59641,
            22.63027
          ],
          [
            120.59642,
            22.63031
          ],
          [
            120.59644,
            22.63034
          ],
          [
            120.59645,
            22.63036
          ],
          [
            120.59648,
            22.63039
          ],
          [
            120.59651,
            22.63043
          ],
          [
            120.59671,
            22.63063
          ],
          [
            120.59671,
            22.63063
          ],
          [
            120.59668,
            22.63069
          ],
          [
            120.59668,
            22.63069
          ],
          [
            120.59683,
            22.6308
          ],
          [
            120.59704,
            22.63095
          ],
          [
            120.59714,
            22.63103
          ],
          [
            120.59743,
            22.63122
          ],
          [
            120.59756,
            22.63131
          ],
          [
            120.59762,
            22.63135
          ],
          [
            120.59768,
            22.63138
          ],
          [
            120.59768,
            22.63138
          ],
          [
            120.59767,
            22.6315
          ],
          [
            120.59766,
            22.63157
          ],
          [
            120.59765,
            22.63163
          ],
          [
            120.59764,
            22.63174
          ],
          [
            120.59762,
            22.63196
          ],
          [
            120.59761,
            22.63208
          ],
          [
            120.59761,
            22.63208
          ],
          [
            120.59761,
            22.6321
          ],
          [
            120.5976,
            22.63216
          ],
          [
            120.59759,
            22.63222
          ],
          [
            120.59758,
            22.63228
          ],
          [
            120.59757,
            22.63232
          ],
          [
            120.59753,
            22.63242
          ],
          [
            120.59758,
            22.63249
          ],
          [
            120.59767,
            22.63264
          ],
          [
            120.59797,
            22.63312
          ],
          [
            120.59799,
            22.63319
          ],
          [
            120.598,
            22.63325
          ],
          [
            120.59801,
            22.63333
          ],
          [
            120.598,
            22.63339
          ],
          [
            120.598,
            22.63344
          ],
          [
            120.59799,
            22.63348
          ],
          [
            120.59799,
            22.6335
          ],
          [
            120.59798,
            22.63352
          ],
          [
            120.59797,
            22.63355
          ],
          [
            120.59796,
            22.63358
          ],
          [
            120.59792,
            22.63364
          ],
          [
            120.59781,
            22.63381
          ],
          [
            120.59745,
            22.63425
          ],
          [
            120.5974,
            22.63432
          ],
          [
            120.59736,
            22.63437
          ],
          [
            120.5973,
            22.63449
          ],
          [
            120.59696,
            22.63521
          ],
          [
            120.59681,
            22.6356
          ],
          [
            120.59673,
            22.6358
          ],
          [
            120.59656,
            22.63634
          ],
          [
            120.59651,
            22.63649
          ],
          [
            120.59643,
            22.63674
          ],
          [
            120.59633,
            22.63706
          ],
          [
            120.59628,
            22.63728
          ],
          [
            120.59609,
            22.63788
          ],
          [
            120.59592,
            22.63841
          ],
          [
            120.59577,
            22.63889
          ],
          [
            120.59576,
            22.63891
          ],
          [
            120.59561,
            22.63941
          ],
          [
            120.59559,
            22.63948
          ],
          [
            120.59549,
            22.63991
          ],
          [
            120.59547,
            22.63998
          ],
          [
            120.59546,
            22.64001
          ],
          [
            120.59546,
            22.64004
          ],
          [
            120.59545,
            22.64009
          ],
          [
            120.59545,
            22.64028
          ],
          [
            120.59545,
            22.64032
          ],
          [
            120.59547,
            22.64053
          ],
          [
            120.59548,
            22.64057
          ],
          [
            120.5955,
            22.64077
          ],
          [
            120.5955,
            22.64081
          ],
          [
            120.59551,
            22.64088
          ],
          [
            120.59551,
            22.64091
          ],
          [
            120.59554,
            22.64115
          ],
          [
            120.59554,
            22.64115
          ],
          [
            120.59557,
            22.64144
          ],
          [
            120.59559,
            22.64154
          ],
          [
            120.59579,
            22.64259
          ],
          [
            120.59589,
            22.64318
          ],
          [
            120.596,
            22.64396
          ],
          [
            120.596,
            22.64396
          ],
          [
            120.59493,
            22.64411
          ],
          [
            120.59484,
            22.64414
          ],
          [
            120.59266,
            22.64443
          ],
          [
            120.59146,
            22.64458
          ],
          [
            120.58896,
            22.64491
          ],
          [
            120.58877,
            22.64493
          ],
          [
            120.58699,
            22.64521
          ],
          [
            120.58659,
            22.64529
          ],
          [
            120.58654,
            22.6453
          ],
          [
            120.58647,
            22.64529
          ],
          [
            120.58642,
            22.64529
          ],
          [
            120.58637,
            22.64527
          ],
          [
            120.58622,
            22.64523
          ],
          [
            120.58609,
            22.64522
          ],
          [
            120.586,
            22.64524
          ],
          [
            120.58595,
            22.64525
          ],
          [
            120.58591,
            22.64528
          ],
          [
            120.58588,
            22.64531
          ],
          [
            120.58588,
            22.64534
          ],
          [
            120.58588,
            22.6454
          ],
          [
            120.58593,
            22.64618
          ],
          [
            120.58593,
            22.64618
          ],
          [
            120.58507,
            22.64633
          ],
          [
            120.58468,
            22.6464
          ],
          [
            120.58468,
            22.6464
          ],
          [
            120.58326,
            22.64666
          ],
          [
            120.58281,
            22.64678
          ],
          [
            120.58266,
            22.64682
          ],
          [
            120.58255,
            22.64685
          ],
          [
            120.58199,
            22.64693
          ],
          [
            120.58105,
            22.64705
          ],
          [
            120.58098,
            22.64707
          ],
          [
            120.58093,
            22.64708
          ],
          [
            120.58089,
            22.64709
          ],
          [
            120.58087,
            22.6471
          ],
          [
            120.58084,
            22.64714
          ],
          [
            120.58079,
            22.64723
          ],
          [
            120.58076,
            22.64728
          ],
          [
            120.58066,
            22.64744
          ],
          [
            120.58063,
            22.6475
          ],
          [
            120.58057,
            22.64755
          ],
          [
            120.58055,
            22.64757
          ],
          [
            120.58053,
            22.64759
          ],
          [
            120.5805,
            22.6476
          ],
          [
            120.58048,
            22.64761
          ],
          [
            120.58045,
            22.64763
          ],
          [
            120.58041,
            22.64765
          ],
          [
            120.58032,
            22.64772
          ],
          [
            120.58018,
            22.64783
          ],
          [
            120.58003,
            22.64797
          ],
          [
            120.57983,
            22.64819
          ],
          [
            120.57967,
            22.64831
          ],
          [
            120.57955,
            22.6484
          ],
          [
            120.57933,
            22.6486
          ],
          [
            120.57929,
            22.64864
          ],
          [
            120.57897,
            22.64894
          ],
          [
            120.57886,
            22.64903
          ],
          [
            120.57884,
            22.64904
          ],
          [
            120.57881,
            22.64905
          ],
          [
            120.57875,
            22.64907
          ],
          [
            120.57864,
            22.64909
          ],
          [
            120.57826,
            22.64917
          ],
          [
            120.5782,
            22.64919
          ],
          [
            120.57816,
            22.64922
          ],
          [
            120.5781,
            22.64926
          ],
          [
            120.57798,
            22.64936
          ],
          [
            120.5777,
            22.64952
          ],
          [
            120.57759,
            22.64961
          ],
          [
            120.57696,
            22.65023
          ],
          [
            120.5764,
            22.6508
          ],
          [
            120.57578,
            22.65141
          ],
          [
            120.57538,
            22.65183
          ],
          [
            120.5751,
            22.65211
          ],
          [
            120.57497,
            22.65225
          ],
          [
            120.57497,
            22.65225
          ],
          [
            120.57329,
            22.65082
          ],
          [
            120.57298,
            22.65056
          ],
          [
            120.57298,
            22.65056
          ],
          [
            120.57293,
            22.65052
          ],
          [
            120.57255,
            22.6502
          ],
          [
            120.57239,
            22.65009
          ],
          [
            120.57233,
            22.65007
          ],
          [
            120.57233,
            22.65007
          ],
          [
            120.57186,
            22.65057
          ],
          [
            120.5711,
            22.65134
          ],
          [
            120.57068,
            22.65174
          ],
          [
            120.57041,
            22.65198
          ],
          [
            120.57022,
            22.65214
          ],
          [
            120.57005,
            22.65225
          ],
          [
            120.56981,
            22.6524
          ],
          [
            120.56955,
            22.65254
          ],
          [
            120.56938,
            22.65262
          ],
          [
            120.56909,
            22.65272
          ],
          [
            120.56887,
            22.65279
          ],
          [
            120.56877,
            22.65282
          ],
          [
            120.56862,
            22.65286
          ],
          [
            120.56848,
            22.65289
          ],
          [
            120.56818,
            22.65293
          ],
          [
            120.5661,
            22.65324
          ],
          [
            120.56325,
            22.65366
          ],
          [
            120.56103,
            22.65399
          ],
          [
            120.56103,
            22.65399
          ],
          [
            120.56114,
            22.65411
          ],
          [
            120.56155,
            22.65453
          ],
          [
            120.56169,
            22.65467
          ],
          [
            120.5618,
            22.65479
          ],
          [
            120.56191,
            22.6549
          ],
          [
            120.56206,
            22.65501
          ],
          [
            120.56215,
            22.65513
          ],
          [
            120.56223,
            22.65523
          ],
          [
            120.56236,
            22.65544
          ],
          [
            120.56241,
            22.65549
          ],
          [
            120.56246,
            22.65554
          ],
          [
            120.56257,
            22.6556
          ],
          [
            120.56295,
            22.65576
          ],
          [
            120.56322,
            22.65587
          ],
          [
            120.56392,
            22.65617
          ],
          [
            120.56402,
            22.65621
          ],
          [
            120.56458,
            22.65645
          ],
          [
            120.56501,
            22.65664
          ],
          [
            120.56525,
            22.65678
          ],
          [
            120.56547,
            22.65691
          ],
          [
            120.56553,
            22.65695
          ],
          [
            120.56592,
            22.65722
          ],
          [
            120.56628,
            22.65746
          ],
          [
            120.56641,
            22.65755
          ],
          [
            120.56654,
            22.65765
          ],
          [
            120.56661,
            22.65773
          ],
          [
            120.56664,
            22.65778
          ],
          [
            120.56667,
            22.65782
          ],
          [
            120.5667,
            22.65787
          ],
          [
            120.56672,
            22.65793
          ],
          [
            120.56679,
            22.65818
          ],
          [
            120.56686,
            22.65826
          ],
          [
            120.56692,
            22.65834
          ],
          [
            120.56704,
            22.65846
          ],
          [
            120.56725,
            22.65867
          ],
          [
            120.56739,
            22.65879
          ],
          [
            120.56744,
            22.65883
          ],
          [
            120.56751,
            22.65892
          ],
          [
            120.56757,
            22.659
          ],
          [
            120.56766,
            22.65915
          ],
          [
            120.5677,
            22.6592
          ],
          [
            120.56772,
            22.65925
          ],
          [
            120.56776,
            22.65936
          ],
          [
            120.56776,
            22.65936
          ],
          [
            120.56793,
            22.65933
          ],
          [
            120.56806,
            22.65933
          ],
          [
            120.56811,
            22.65932
          ],
          [
            120.56812,
            22.65932
          ],
          [
            120.56815,
            22.65932
          ],
          [
            120.56827,
            22.65932
          ],
          [
            120.56847,
            22.65932
          ],
          [
            120.56858,
            22.65932
          ],
          [
            120.56864,
            22.65932
          ],
          [
            120.56864,
            22.65932
          ],
          [
            120.56904,
            22.65933
          ],
          [
            120.56937,
            22.65939
          ],
          [
            120.56948,
            22.65943
          ],
          [
            120.57136,
            22.66003
          ],
          [
            120.57233,
            22.66034
          ],
          [
            120.57364,
            22.66076
          ],
          [
            120.57479,
            22.66113
          ],
          [
            120.57526,
            22.66129
          ],
          [
            120.5758,
            22.66146
          ],
          [
            120.57596,
            22.66151
          ],
          [
            120.57619,
            22.6616
          ],
          [
            120.57628,
            22.66165
          ],
          [
            120.57634,
            22.66169
          ],
          [
            120.57634,
            22.66169
          ],
          [
            120.57641,
            22.6618
          ],
          [
            120.57684,
            22.66236
          ],
          [
            120.57695,
            22.66251
          ],
          [
            120.57773,
            22.66354
          ],
          [
            120.57899,
            22.66525
          ],
          [
            120.57923,
            22.66556
          ],
          [
            120.57928,
            22.66561
          ],
          [
            120.57937,
            22.66572
          ],
          [
            120.57937,
            22.66572
          ],
          [
            120.57948,
            22.66586
          ],
          [
            120.57972,
            22.66613
          ],
          [
            120.57974,
            22.66616
          ],
          [
            120.57984,
            22.66623
          ],
          [
            120.57992,
            22.66629
          ],
          [
            120.57999,
            22.66631
          ],
          [
            120.58012,
            22.66634
          ],
          [
            120.58023,
            22.66635
          ],
          [
            120.58032,
            22.66634
          ],
          [
            120.5807,
            22.6663
          ],
          [
            120.58225,
            22.66612
          ],
          [
            120.58236,
            22.66611
          ],
          [
            120.58239,
            22.66611
          ],
          [
            120.58242,
            22.66612
          ],
          [
            120.58244,
            22.66613
          ],
          [
            120.58246,
            22.66616
          ],
          [
            120.58265,
            22.66649
          ],
          [
            120.58278,
            22.66668
          ],
          [
            120.58285,
            22.66678
          ],
          [
            120.58293,
            22.6669
          ],
          [
            120.58303,
            22.66705
          ],
          [
            120.58313,
            22.66721
          ],
          [
            120.58334,
            22.66752
          ],
          [
            120.58339,
            22.66759
          ],
          [
            120.58345,
            22.66767
          ],
          [
            120.5839,
            22.66836
          ],
          [
            120.58394,
            22.6684
          ],
          [
            120.58403,
            22.66849
          ],
          [
            120.58411,
            22.66855
          ],
          [
            120.58418,
            22.66858
          ],
          [
            120.5845,
            22.66871
          ],
          [
            120.58495,
            22.66889
          ],
          [
            120.58506,
            22.66894
          ],
          [
            120.58512,
            22.66896
          ],
          [
            120.58515,
            22.66898
          ],
          [
            120.58518,
            22.66901
          ],
          [
            120.58519,
            22.66905
          ],
          [
            120.58519,
            22.6691
          ],
          [
            120.58519,
            22.6691
          ],
          [
            120.58519,
            22.66905
          ],
          [
            120.58492,
            22.66908
          ],
          [
            120.58487,
            22.66909
          ],
          [
            120.58456,
            22.6691
          ],
          [
            120.58419,
            22.66912
          ],
          [
            120.58368,
            22.66915
          ],
          [
            120.57875,
            22.6695
          ],
          [
            120.57863,
            22.66953
          ],
          [
            120.57858,
            22.66956
          ],
          [
            120.57855,
            22.6696
          ],
          [
            120.57851,
            22.66967
          ],
          [
            120.57849,
            22.66972
          ],
          [
            120.57848,
            22.66978
          ],
          [
            120.57831,
            22.67064
          ],
          [
            120.57826,
            22.67076
          ],
          [
            120.57822,
            22.67084
          ],
          [
            120.57812,
            22.67096
          ],
          [
            120.5781,
            22.67098
          ],
          [
            120.57796,
            22.67112
          ],
          [
            120.57716,
            22.67192
          ],
          [
            120.57675,
            22.67233
          ],
          [
            120.57557,
            22.67352
          ],
          [
            120.57436,
            22.67474
          ],
          [
            120.57302,
            22.6736
          ],
          [
            120.5727,
            22.67335
          ],
          [
            120.57253,
            22.67322
          ],
          [
            120.57243,
            22.67314
          ],
          [
            120.57176,
            22.67255
          ],
          [
            120.5712,
            22.67205
          ],
          [
            120.57098,
            22.67185
          ],
          [
            120.57044,
            22.67139
          ],
          [
            120.57017,
            22.67116
          ],
          [
            120.56917,
            22.67029
          ],
          [
            120.5685,
            22.66972
          ],
          [
            120.56842,
            22.66965
          ],
          [
            120.56822,
            22.66948
          ],
          [
            120.5681,
            22.6696
          ],
          [
            120.56809,
            22.66961
          ],
          [
            120.56808,
            22.66962
          ],
          [
            120.56807,
            22.66964
          ],
          [
            120.56807,
            22.66966
          ],
          [
            120.56807,
            22.66967
          ],
          [
            120.56808,
            22.66968
          ],
          [
            120.56818,
            22.66976
          ],
          [
            120.56818,
            22.66976
          ],
          [
            120.56808,
            22.66968
          ],
          [
            120.56807,
            22.66967
          ],
          [
            120.56807,
            22.66966
          ],
          [
            120.56807,
            22.66964
          ],
          [
            120.56808,
            22.66962
          ],
          [
            120.56809,
            22.66961
          ],
          [
            120.5681,
            22.6696
          ],
          [
            120.56822,
            22.66948
          ],
          [
            120.56822,
            22.66948
          ],
          [
            120.56784,
            22.66916
          ],
          [
            120.5675,
            22.66887
          ],
          [
            120.56729,
            22.66868
          ],
          [
            120.56686,
            22.66832
          ],
          [
            120.56654,
            22.66806
          ],
          [
            120.56654,
            22.66806
          ],
          [
            120.56676,
            22.66784
          ],
          [
            120.5669,
            22.66771
          ],
          [
            120.56775,
            22.66684
          ],
          [
            120.56775,
            22.66684
          ],
          [
            120.56787,
            22.66672
          ],
          [
            120.56891,
            22.66564
          ],
          [
            120.56891,
            22.66564
          ],
          [
            120.56872,
            22.66548
          ],
          [
            120.56872,
            22.66548
          ],
          [
            120.56818,
            22.66603
          ],
          [
            120.56818,
            22.66603
          ],
          [
            120.56772,
            22.66563
          ],
          [
            120.56772,
            22.66563
          ],
          [
            120.56818,
            22.66603
          ],
          [
            120.56872,
            22.66548
          ],
          [
            120.56633,
            22.66344
          ],
          [
            120.56502,
            22.66231
          ],
          [
            120.5646,
            22.66195
          ],
          [
            120.56431,
            22.66171
          ],
          [
            120.56417,
            22.66158
          ],
          [
            120.56403,
            22.66146
          ],
          [
            120.56374,
            22.66122
          ],
          [
            120.56134,
            22.66365
          ],
          [
            120.55876,
            22.66144
          ],
          [
            120.55741,
            22.66028
          ],
          [
            120.55692,
            22.65986
          ],
          [
            120.55707,
            22.6597
          ],
          [
            120.55719,
            22.65958
          ],
          [
            120.55732,
            22.65945
          ],
          [
            120.55744,
            22.65933
          ],
          [
            120.55744,
            22.65933
          ],
          [
            120.55732,
            22.65945
          ],
          [
            120.55719,
            22.65958
          ],
          [
            120.55707,
            22.6597
          ],
          [
            120.55692,
            22.65986
          ],
          [
            120.55642,
            22.66036
          ],
          [
            120.5559,
            22.66088
          ],
          [
            120.55536,
            22.66142
          ],
          [
            120.55536,
            22.66142
          ],
          [
            120.55605,
            22.66229
          ],
          [
            120.55605,
            22.66229
          ],
          [
            120.55589,
            22.66245
          ],
          [
            120.55578,
            22.66255
          ],
          [
            120.5557,
            22.6626
          ],
          [
            120.55562,
            22.66264
          ],
          [
            120.55549,
            22.66268
          ],
          [
            120.55525,
            22.66274
          ],
          [
            120.5546,
            22.66291
          ],
          [
            120.55381,
            22.66313
          ],
          [
            120.55309,
            22.66337
          ],
          [
            120.55276,
            22.66348
          ],
          [
            120.55232,
            22.66365
          ],
          [
            120.55222,
            22.66369
          ],
          [
            120.55206,
            22.66375
          ],
          [
            120.55197,
            22.66378
          ],
          [
            120.55191,
            22.6638
          ],
          [
            120.5518,
            22.66382
          ],
          [
            120.55165,
            22.66383
          ],
          [
            120.55151,
            22.66384
          ],
          [
            120.55136,
            22.66386
          ],
          [
            120.55112,
            22.66394
          ],
          [
            120.55093,
            22.66402
          ],
          [
            120.55084,
            22.66405
          ],
          [
            120.55072,
            22.6641
          ],
          [
            120.55057,
            22.66416
          ],
          [
            120.55048,
            22.66419
          ],
          [
            120.55043,
            22.6642
          ],
          [
            120.55041,
            22.66421
          ],
          [
            120.55038,
            22.66421
          ],
          [
            120.55034,
            22.66421
          ],
          [
            120.5503,
            22.66421
          ],
          [
            120.55018,
            22.66421
          ],
          [
            120.55012,
            22.6642
          ],
          [
            120.55001,
            22.66419
          ],
          [
            120.54992,
            22.66418
          ],
          [
            120.54985,
            22.66418
          ],
          [
            120.54978,
            22.66419
          ],
          [
            120.54968,
            22.66421
          ],
          [
            120.54948,
            22.66426
          ],
          [
            120.54931,
            22.66429
          ],
          [
            120.54914,
            22.66432
          ],
          [
            120.54895,
            22.66433
          ],
          [
            120.54875,
            22.66437
          ],
          [
            120.54867,
            22.66439
          ],
          [
            120.54863,
            22.6644
          ],
          [
            120.54859,
            22.66441
          ],
          [
            120.54856,
            22.66442
          ],
          [
            120.54853,
            22.66444
          ],
          [
            120.5485,
            22.66446
          ],
          [
            120.54846,
            22.66449
          ],
          [
            120.54843,
            22.66452
          ],
          [
            120.54837,
            22.66459
          ],
          [
            120.54833,
            22.66463
          ],
          [
            120.54822,
            22.66474
          ],
          [
            120.54785,
            22.66512
          ],
          [
            120.54764,
            22.66534
          ],
          [
            120.54763,
            22.66535
          ],
          [
            120.54759,
            22.66539
          ],
          [
            120.54719,
            22.6658
          ],
          [
            120.54696,
            22.66601
          ],
          [
            120.54641,
            22.66658
          ],
          [
            120.54641,
            22.66658
          ],
          [
            120.5466,
            22.66673
          ],
          [
            120.5467,
            22.66682
          ],
          [
            120.54685,
            22.66694
          ],
          [
            120.54709,
            22.66714
          ],
          [
            120.5475,
            22.66749
          ],
          [
            120.54764,
            22.66761
          ],
          [
            120.54771,
            22.66767
          ],
          [
            120.54771,
            22.66767
          ],
          [
            120.54766,
            22.66772
          ],
          [
            120.54761,
            22.66778
          ],
          [
            120.54756,
            22.66784
          ],
          [
            120.5475,
            22.6679
          ],
          [
            120.5474,
            22.668
          ],
          [
            120.54734,
            22.66806
          ],
          [
            120.54728,
            22.66812
          ],
          [
            120.54719,
            22.66821
          ],
          [
            120.54705,
            22.66833
          ],
          [
            120.54698,
            22.66841
          ],
          [
            120.54691,
            22.66848
          ],
          [
            120.54685,
            22.66854
          ],
          [
            120.54672,
            22.66866
          ],
          [
            120.54635,
            22.66905
          ],
          [
            120.54626,
            22.66914
          ],
          [
            120.54596,
            22.66945
          ],
          [
            120.54575,
            22.66968
          ],
          [
            120.54557,
            22.66986
          ],
          [
            120.54536,
            22.67009
          ],
          [
            120.54515,
            22.67028
          ],
          [
            120.54504,
            22.67039
          ],
          [
            120.54494,
            22.67049
          ],
          [
            120.54485,
            22.67058
          ],
          [
            120.54462,
            22.67079
          ],
          [
            120.54433,
            22.67107
          ],
          [
            120.5441,
            22.67134
          ],
          [
            120.54399,
            22.67145
          ],
          [
            120.54399,
            22.67145
          ],
          [
            120.54389,
            22.67156
          ],
          [
            120.54365,
            22.67179
          ],
          [
            120.54223,
            22.6732
          ],
          [
            120.54184,
            22.67362
          ],
          [
            120.54177,
            22.67369
          ],
          [
            120.54161,
            22.67387
          ],
          [
            120.54143,
            22.67404
          ],
          [
            120.54142,
            22.67406
          ],
          [
            120.54139,
            22.67409
          ],
          [
            120.54132,
            22.67416
          ],
          [
            120.54114,
            22.67432
          ],
          [
            120.54131,
            22.67472
          ],
          [
            120.54143,
            22.67511
          ],
          [
            120.54154,
            22.67552
          ],
          [
            120.5416,
            22.67548
          ],
          [
            120.5416,
            22.67548
          ],
          [
            120.54154,
            22.67552
          ],
          [
            120.54154,
            22.67552
          ],
          [
            120.54164,
            22.67586
          ],
          [
            120.54176,
            22.6763
          ],
          [
            120.54177,
            22.67635
          ],
          [
            120.54178,
            22.67637
          ],
          [
            120.54178,
            22.6764
          ],
          [
            120.54177,
            22.67641
          ],
          [
            120.54177,
            22.67643
          ],
          [
            120.54177,
            22.67643
          ],
          [
            120.54182,
            22.67649
          ],
          [
            120.54197,
            22.67668
          ],
          [
            120.54197,
            22.67668
          ],
          [
            120.54194,
            22.6767
          ],
          [
            120.54192,
            22.67672
          ],
          [
            120.5419,
            22.67676
          ],
          [
            120.54189,
            22.67682
          ],
          [
            120.54189,
            22.677
          ],
          [
            120.54189,
            22.67718
          ],
          [
            120.54188,
            22.67725
          ],
          [
            120.54186,
            22.67731
          ],
          [
            120.54184,
            22.67736
          ],
          [
            120.5418,
            22.67743
          ],
          [
            120.5417,
            22.67755
          ],
          [
            120.54166,
            22.6776
          ],
          [
            120.5416,
            22.67769
          ],
          [
            120.54156,
            22.67775
          ],
          [
            120.54154,
            22.67781
          ],
          [
            120.54152,
            22.67784
          ],
          [
            120.54152,
            22.67789
          ],
          [
            120.54152,
            22.67792
          ],
          [
            120.54152,
            22.67796
          ],
          [
            120.54154,
            22.67805
          ],
          [
            120.54157,
            22.67811
          ],
          [
            120.54163,
            22.67823
          ],
          [
            120.54166,
            22.67833
          ],
          [
            120.5417,
            22.67838
          ],
          [
            120.54175,
            22.67847
          ],
          [
            120.54177,
            22.67849
          ],
          [
            120.54192,
            22.67867
          ],
          [
            120.54192,
            22.67869
          ],
          [
            120.54192,
            22.67871
          ],
          [
            120.54192,
            22.67873
          ],
          [
            120.5419,
            22.67877
          ],
          [
            120.54189,
            22.67878
          ],
          [
            120.54186,
            22.6788
          ],
          [
            120.54182,
            22.67882
          ],
          [
            120.5418,
            22.67883
          ],
          [
            120.54174,
            22.67885
          ],
          [
            120.5417,
            22.67886
          ],
          [
            120.54167,
            22.67887
          ],
          [
            120.54166,
            22.67888
          ],
          [
            120.54164,
            22.6789
          ],
          [
            120.54163,
            22.67892
          ],
          [
            120.54162,
            22.67895
          ],
          [
            120.54162,
            22.67899
          ],
          [
            120.54162,
            22.67903
          ],
          [
            120.54162,
            22.67909
          ],
          [
            120.54161,
            22.67913
          ],
          [
            120.54161,
            22.67916
          ],
          [
            120.54161,
            22.67918
          ],
          [
            120.5416,
            22.67919
          ],
          [
            120.54158,
            22.67927
          ],
          [
            120.54157,
            22.67929
          ],
          [
            120.54157,
            22.67931
          ],
          [
            120.54157,
            22.67933
          ],
          [
            120.54157,
            22.67935
          ],
          [
            120.54158,
            22.67937
          ],
          [
            120.5416,
            22.67942
          ],
          [
            120.5417,
            22.67967
          ],
          [
            120.54179,
            22.67992
          ],
          [
            120.54199,
            22.68056
          ],
          [
            120.54206,
            22.68075
          ],
          [
            120.54226,
            22.68138
          ],
          [
            120.54228,
            22.68146
          ],
          [
            120.5423,
            22.68162
          ],
          [
            120.54235,
            22.68181
          ],
          [
            120.54235,
            22.68181
          ],
          [
            120.54225,
            22.68186
          ],
          [
            120.54225,
            22.68186
          ],
          [
            120.54229,
            22.68189
          ],
          [
            120.54234,
            22.68196
          ],
          [
            120.54236,
            22.68199
          ],
          [
            120.54236,
            22.68199
          ],
          [
            120.54234,
            22.68196
          ],
          [
            120.54229,
            22.68189
          ],
          [
            120.54225,
            22.68186
          ],
          [
            120.54203,
            22.68171
          ],
          [
            120.5417,
            22.68153
          ],
          [
            120.54139,
            22.68138
          ],
          [
            120.54131,
            22.68134
          ],
          [
            120.54102,
            22.68119
          ],
          [
            120.54043,
            22.68087
          ],
          [
            120.53978,
            22.68053
          ],
          [
            120.53905,
            22.68015
          ],
          [
            120.53769,
            22.67943
          ],
          [
            120.53663,
            22.67888
          ],
          [
            120.53593,
            22.67851
          ],
          [
            120.53564,
            22.67838
          ],
          [
            120.53504,
            22.67815
          ],
          [
            120.53427,
            22.67786
          ],
          [
            120.53412,
            22.67779
          ],
          [
            120.53317,
            22.67745
          ],
          [
            120.53188,
            22.67698
          ],
          [
            120.53171,
            22.67694
          ],
          [
            120.53157,
            22.67693
          ],
          [
            120.53141,
            22.67692
          ],
          [
            120.53115,
            22.67693
          ],
          [
            120.53047,
            22.67695
          ],
          [
            120.52994,
            22.67696
          ],
          [
            120.52955,
            22.67699
          ],
          [
            120.52868,
            22.67702
          ],
          [
            120.52851,
            22.67703
          ],
          [
            120.52822,
            22.67705
          ],
          [
            120.52808,
            22.67711
          ],
          [
            120.52808,
            22.67711
          ],
          [
            120.52809,
            22.67711
          ],
          [
            120.52809,
            22.67712
          ],
          [
            120.52809,
            22.67713
          ],
          [
            120.5281,
            22.67714
          ],
          [
            120.5281,
            22.67715
          ],
          [
            120.5281,
            22.67716
          ],
          [
            120.52811,
            22.67717
          ],
          [
            120.52811,
            22.67718
          ],
          [
            120.52811,
            22.67719
          ],
          [
            120.52811,
            22.6772
          ],
          [
            120.5281,
            22.67721
          ],
          [
            120.5281,
            22.67722
          ],
          [
            120.5281,
            22.67723
          ],
          [
            120.5281,
            22.67724
          ],
          [
            120.52809,
            22.67724
          ],
          [
            120.52809,
            22.67725
          ],
          [
            120.52809,
            22.67726
          ],
          [
            120.52808,
            22.67726
          ],
          [
            120.52808,
            22.67727
          ],
          [
            120.52807,
            22.67728
          ],
          [
            120.52806,
            22.67728
          ],
          [
            120.52805,
            22.67729
          ],
          [
            120.52804,
            22.6773
          ],
          [
            120.52803,
            22.6773
          ],
          [
            120.52802,
            22.67731
          ],
          [
            120.52801,
            22.67731
          ],
          [
            120.528,
            22.67731
          ],
          [
            120.52799,
            22.67732
          ],
          [
            120.52798,
            22.67732
          ],
          [
            120.52797,
            22.67732
          ],
          [
            120.52796,
            22.67732
          ],
          [
            120.52795,
            22.67732
          ],
          [
            120.52794,
            22.67732
          ],
          [
            120.52793,
            22.67732
          ],
          [
            120.52793,
            22.67731
          ],
          [
            120.52792,
            22.67731
          ],
          [
            120.52791,
            22.67731
          ],
          [
            120.5279,
            22.67731
          ],
          [
            120.52789,
            22.6773
          ],
          [
            120.52788,
            22.67729
          ],
          [
            120.52787,
            22.67729
          ],
          [
            120.52787,
            22.67728
          ],
          [
            120.52786,
            22.67728
          ],
          [
            120.52785,
            22.67727
          ],
          [
            120.52784,
            22.67726
          ],
          [
            120.52784,
            22.67725
          ],
          [
            120.52783,
            22.67724
          ],
          [
            120.52783,
            22.67723
          ],
          [
            120.52783,
            22.67722
          ],
          [
            120.52782,
            22.67722
          ],
          [
            120.52782,
            22.67721
          ],
          [
            120.52782,
            22.6772
          ],
          [
            120.52782,
            22.67719
          ],
          [
            120.52782,
            22.67718
          ],
          [
            120.52782,
            22.67717
          ],
          [
            120.52782,
            22.67716
          ],
          [
            120.52783,
            22.67715
          ],
          [
            120.52783,
            22.67714
          ],
          [
            120.52783,
            22.67713
          ],
          [
            120.52784,
            22.67713
          ],
          [
            120.52784,
            22.67712
          ],
          [
            120.52784,
            22.67711
          ],
          [
            120.52785,
            22.67711
          ],
          [
            120.52785,
            22.6771
          ],
          [
            120.52779,
            22.67708
          ],
          [
            120.52776,
            22.67706
          ],
          [
            120.52772,
            22.67702
          ],
          [
            120.52766,
            22.6769
          ],
          [
            120.5276,
            22.6768
          ],
          [
            120.52755,
            22.67676
          ],
          [
            120.52749,
            22.67673
          ],
          [
            120.52743,
            22.67671
          ],
          [
            120.52737,
            22.67671
          ],
          [
            120.52724,
            22.67672
          ],
          [
            120.52704,
            22.67674
          ],
          [
            120.52678,
            22.67675
          ],
          [
            120.52678,
            22.67675
          ],
          [
            120.52625,
            22.67679
          ],
          [
            120.52596,
            22.67629
          ],
          [
            120.52594,
            22.67625
          ],
          [
            120.52583,
            22.67592
          ],
          [
            120.5257,
            22.67567
          ],
          [
            120.52548,
            22.67528
          ],
          [
            120.52539,
            22.67509
          ],
          [
            120.52517,
            22.67466
          ],
          [
            120.52511,
            22.67453
          ],
          [
            120.52506,
            22.67446
          ],
          [
            120.52502,
            22.6744
          ],
          [
            120.52486,
            22.67424
          ],
          [
            120.52477,
            22.67418
          ],
          [
            120.52467,
            22.67413
          ],
          [
            120.52438,
            22.67399
          ],
          [
            120.52392,
            22.67373
          ],
          [
            120.52337,
            22.67344
          ],
          [
            120.52324,
            22.67338
          ],
          [
            120.52292,
            22.67318
          ],
          [
            120.52276,
            22.6731
          ],
          [
            120.5228,
            22.67299
          ],
          [
            120.52286,
            22.67285
          ],
          [
            120.52293,
            22.67269
          ],
          [
            120.52302,
            22.67258
          ],
          [
            120.52313,
            22.67247
          ],
          [
            120.52322,
            22.67237
          ],
          [
            120.52324,
            22.67235
          ],
          [
            120.52325,
            22.67233
          ],
          [
            120.52326,
            22.67231
          ],
          [
            120.52326,
            22.6723
          ],
          [
            120.52325,
            22.67228
          ],
          [
            120.52325,
            22.67226
          ],
          [
            120.52324,
            22.67224
          ],
          [
            120.52322,
            22.6722
          ],
          [
            120.52319,
            22.67216
          ],
          [
            120.52307,
            22.67203
          ],
          [
            120.5228,
            22.67173
          ],
          [
            120.52275,
            22.67168
          ],
          [
            120.52263,
            22.67151
          ],
          [
            120.52262,
            22.6715
          ],
          [
            120.52254,
            22.67136
          ],
          [
            120.52252,
            22.67131
          ],
          [
            120.52246,
            22.67122
          ],
          [
            120.52236,
            22.67105
          ],
          [
            120.52217,
            22.67076
          ],
          [
            120.5221,
            22.67067
          ],
          [
            120.52196,
            22.6705
          ],
          [
            120.52181,
            22.67032
          ],
          [
            120.52174,
            22.67019
          ],
          [
            120.52173,
            22.67016
          ],
          [
            120.52173,
            22.67016
          ],
          [
            120.5217,
            22.67009
          ],
          [
            120.52165,
            22.66993
          ],
          [
            120.52164,
            22.66989
          ],
          [
            120.52151,
            22.6694
          ],
          [
            120.52048,
            22.66967
          ],
          [
            120.52048,
            22.66967
          ],
          [
            120.5202,
            22.66974
          ],
          [
            120.5202,
            22.66974
          ],
          [
            120.52019,
            22.66967
          ],
          [
            120.52014,
            22.66941
          ],
          [
            120.5201,
            22.66918
          ],
          [
            120.52,
            22.66858
          ],
          [
            120.51993,
            22.66809
          ],
          [
            120.51992,
            22.66799
          ],
          [
            120.51987,
            22.66738
          ],
          [
            120.5198,
            22.66684
          ],
          [
            120.51977,
            22.66666
          ],
          [
            120.51966,
            22.66579
          ],
          [
            120.51966,
            22.66579
          ],
          [
            120.51858,
            22.66607
          ],
          [
            120.51812,
            22.66619
          ],
          [
            120.51801,
            22.66622
          ],
          [
            120.51785,
            22.66629
          ],
          [
            120.51779,
            22.66631
          ],
          [
            120.51761,
            22.66637
          ],
          [
            120.51745,
            22.66643
          ],
          [
            120.51737,
            22.66644
          ],
          [
            120.51728,
            22.66646
          ],
          [
            120.51711,
            22.6665
          ],
          [
            120.51691,
            22.66653
          ],
          [
            120.51678,
            22.66655
          ],
          [
            120.51672,
            22.66656
          ],
          [
            120.51656,
            22.66658
          ],
          [
            120.5163,
            22.6666
          ],
          [
            120.51615,
            22.66661
          ],
          [
            120.51591,
            22.66661
          ],
          [
            120.51537,
            22.66659
          ],
          [
            120.51516,
            22.66658
          ],
          [
            120.51509,
            22.66656
          ],
          [
            120.51504,
            22.66656
          ],
          [
            120.515,
            22.66654
          ],
          [
            120.51496,
            22.66652
          ],
          [
            120.51491,
            22.66649
          ],
          [
            120.51449,
            22.6662
          ],
          [
            120.51368,
            22.66564
          ],
          [
            120.51323,
            22.66534
          ],
          [
            120.51309,
            22.66525
          ],
          [
            120.51309,
            22.66525
          ],
          [
            120.51313,
            22.66519
          ],
          [
            120.51363,
            22.66443
          ],
          [
            120.51373,
            22.66427
          ],
          [
            120.51392,
            22.66399
          ],
          [
            120.51402,
            22.66381
          ],
          [
            120.5145,
            22.66302
          ],
          [
            120.51467,
            22.66274
          ],
          [
            120.51521,
            22.66187
          ],
          [
            120.51536,
            22.66166
          ],
          [
            120.51539,
            22.66162
          ],
          [
            120.51542,
            22.66157
          ],
          [
            120.51544,
            22.66153
          ],
          [
            120.51545,
            22.6615
          ],
          [
            120.51546,
            22.66148
          ],
          [
            120.51546,
            22.66145
          ],
          [
            120.51546,
            22.66142
          ],
          [
            120.51546,
            22.66137
          ],
          [
            120.51545,
            22.66129
          ],
          [
            120.51531,
            22.66045
          ],
          [
            120.51525,
            22.66019
          ],
          [
            120.51515,
            22.65944
          ],
          [
            120.51514,
            22.65938
          ],
          [
            120.51511,
            22.65925
          ],
          [
            120.51506,
            22.65893
          ],
          [
            120.51502,
            22.65865
          ],
          [
            120.515,
            22.65858
          ],
          [
            120.51497,
            22.65852
          ],
          [
            120.51492,
            22.65845
          ],
          [
            120.51481,
            22.6583
          ],
          [
            120.51464,
            22.658080000000002
          ],
          [
            120.51464,
            22.658080000000002
          ],
          [
            120.51456,
            22.65812
          ],
          [
            120.51444,
            22.65819
          ],
          [
            120.51444,
            22.65819
          ],
          [
            120.51431,
            22.65826
          ],
          [
            120.51377,
            22.65857
          ],
          [
            120.51212,
            22.65951
          ],
          [
            120.51199,
            22.65958
          ],
          [
            120.51156,
            22.65981
          ],
          [
            120.51137,
            22.65991
          ],
          [
            120.5113,
            22.65993
          ],
          [
            120.51114,
            22.65998
          ],
          [
            120.51106,
            22.66003
          ],
          [
            120.5109,
            22.66015
          ],
          [
            120.51088,
            22.66017
          ],
          [
            120.51048,
            22.66038
          ],
          [
            120.51027,
            22.66051
          ],
          [
            120.51019,
            22.66056
          ],
          [
            120.50978,
            22.66078
          ],
          [
            120.50956,
            22.66091
          ],
          [
            120.50941,
            22.66099
          ],
          [
            120.50891,
            22.66128
          ],
          [
            120.50884,
            22.6613
          ],
          [
            120.50871,
            22.66139
          ],
          [
            120.50862,
            22.66145
          ],
          [
            120.50839,
            22.66158
          ],
          [
            120.50811,
            22.66174
          ],
          [
            120.50804,
            22.66178
          ],
          [
            120.50797,
            22.66182
          ],
          [
            120.50727,
            22.66223
          ],
          [
            120.50703,
            22.66233
          ],
          [
            120.50628,
            22.66274
          ],
          [
            120.50617,
            22.6628
          ],
          [
            120.50531,
            22.66327
          ],
          [
            120.50518,
            22.66334
          ],
          [
            120.50475,
            22.66365
          ],
          [
            120.50463,
            22.66372
          ],
          [
            120.50454,
            22.66377
          ],
          [
            120.50454,
            22.66377
          ],
          [
            120.50377,
            22.66418
          ],
          [
            120.5037,
            22.66421
          ],
          [
            120.50307,
            22.66456
          ],
          [
            120.50287,
            22.66468
          ],
          [
            120.50251,
            22.66488
          ],
          [
            120.50217,
            22.66507
          ],
          [
            120.50189,
            22.66523
          ],
          [
            120.50184,
            22.66526
          ],
          [
            120.50173,
            22.66532
          ],
          [
            120.5017,
            22.66534
          ],
          [
            120.50139,
            22.66551
          ],
          [
            120.50104,
            22.66571
          ],
          [
            120.50069,
            22.6659
          ],
          [
            120.50062,
            22.66594
          ],
          [
            120.50037,
            22.66609
          ],
          [
            120.50024,
            22.66616
          ],
          [
            120.49987,
            22.66635
          ],
          [
            120.49936,
            22.66664
          ],
          [
            120.49867,
            22.66705
          ],
          [
            120.49821,
            22.66731
          ],
          [
            120.498,
            22.66742
          ],
          [
            120.49783,
            22.66752
          ],
          [
            120.49783,
            22.66752
          ],
          [
            120.49808,
            22.66828
          ],
          [
            120.49835,
            22.66915
          ],
          [
            120.49855,
            22.66975
          ],
          [
            120.49872,
            22.67031
          ],
          [
            120.49892,
            22.67092
          ],
          [
            120.49896,
            22.67103
          ],
          [
            120.49923,
            22.67187
          ],
          [
            120.49942,
            22.67246
          ],
          [
            120.49947,
            22.67261
          ],
          [
            120.49951,
            22.67275
          ],
          [
            120.49964,
            22.67314
          ],
          [
            120.49972,
            22.67338
          ],
          [
            120.49974,
            22.67349
          ],
          [
            120.49977,
            22.67354
          ],
          [
            120.49985,
            22.67381
          ],
          [
            120.49996,
            22.67416
          ],
          [
            120.50011,
            22.67463
          ],
          [
            120.5002,
            22.6749
          ],
          [
            120.50025,
            22.67503
          ],
          [
            120.50037,
            22.67538
          ],
          [
            120.50047,
            22.67567
          ],
          [
            120.50053,
            22.67587
          ],
          [
            120.50059,
            22.67601
          ],
          [
            120.50064,
            22.67618
          ],
          [
            120.50073,
            22.67646
          ],
          [
            120.50077,
            22.67658
          ],
          [
            120.5008,
            22.6767
          ],
          [
            120.50092,
            22.6771
          ],
          [
            120.50095,
            22.6772
          ],
          [
            120.50102,
            22.67743
          ],
          [
            120.5012,
            22.67798
          ],
          [
            120.50125,
            22.67815
          ],
          [
            120.50128,
            22.67824
          ],
          [
            120.50141,
            22.67864
          ],
          [
            120.50156,
            22.67919
          ],
          [
            120.50171,
            22.67972
          ],
          [
            120.50172,
            22.67989
          ],
          [
            120.50173,
            22.67994
          ],
          [
            120.50173,
            22.68002
          ],
          [
            120.50173,
            22.68021
          ],
          [
            120.50172,
            22.68029
          ],
          [
            120.5017,
            22.68038
          ],
          [
            120.50166,
            22.6805
          ],
          [
            120.50161,
            22.6806
          ],
          [
            120.50147,
            22.68076
          ],
          [
            120.50124,
            22.68096
          ],
          [
            120.50114,
            22.68105
          ],
          [
            120.50104,
            22.68114
          ],
          [
            120.50104,
            22.68114
          ],
          [
            120.50111,
            22.68118
          ],
          [
            120.50112,
            22.68119
          ],
          [
            120.50156,
            22.68143
          ],
          [
            120.50157,
            22.68144
          ],
          [
            120.50159,
            22.68145
          ],
          [
            120.50174,
            22.68153
          ],
          [
            120.50193,
            22.68162
          ],
          [
            120.50198,
            22.68164
          ],
          [
            120.50219,
            22.68172
          ],
          [
            120.50233,
            22.68177
          ],
          [
            120.50242,
            22.6818
          ],
          [
            120.50244000000001,
            22.6818
          ],
          [
            120.50249,
            22.68182
          ],
          [
            120.50256,
            22.68185
          ],
          [
            120.50257,
            22.68186
          ],
          [
            120.50272,
            22.6819
          ],
          [
            120.50272,
            22.6819
          ],
          [
            120.50278,
            22.68224
          ],
          [
            120.50286,
            22.68268
          ],
          [
            120.50291,
            22.68291
          ],
          [
            120.50293,
            22.68296
          ],
          [
            120.50294,
            22.68297
          ],
          [
            120.50294,
            22.68298
          ],
          [
            120.50295,
            22.68299
          ],
          [
            120.50296,
            22.683
          ],
          [
            120.50297,
            22.683
          ],
          [
            120.50297,
            22.683
          ],
          [
            120.50296,
            22.683
          ],
          [
            120.50295,
            22.68299
          ],
          [
            120.50294,
            22.68298
          ],
          [
            120.50294,
            22.68297
          ],
          [
            120.50293,
            22.68296
          ],
          [
            120.50291,
            22.68291
          ],
          [
            120.50286,
            22.68268
          ],
          [
            120.50278,
            22.68224
          ],
          [
            120.50272,
            22.6819
          ],
          [
            120.50272,
            22.6819
          ],
          [
            120.50257,
            22.68186
          ],
          [
            120.50256,
            22.68185
          ],
          [
            120.50249,
            22.68182
          ],
          [
            120.50244000000001,
            22.6818
          ],
          [
            120.50242,
            22.6818
          ],
          [
            120.50233,
            22.68177
          ],
          [
            120.50219,
            22.68172
          ],
          [
            120.50198,
            22.68164
          ],
          [
            120.50193,
            22.68162
          ],
          [
            120.50174,
            22.68153
          ],
          [
            120.50159,
            22.68145
          ],
          [
            120.50157,
            22.68144
          ],
          [
            120.50156,
            22.68143
          ],
          [
            120.50112,
            22.68119
          ],
          [
            120.50111,
            22.68118
          ],
          [
            120.50104,
            22.68114
          ],
          [
            120.50094,
            22.68109
          ],
          [
            120.49955,
            22.68025
          ],
          [
            120.49949,
            22.68022
          ],
          [
            120.49938,
            22.68015
          ],
          [
            120.49918,
            22.68005
          ],
          [
            120.49906,
            22.67998
          ],
          [
            120.49895,
            22.67992
          ],
          [
            120.4989,
            22.67989
          ],
          [
            120.49825,
            22.67951
          ],
          [
            120.49825,
            22.67951
          ],
          [
            120.49813,
            22.67944
          ],
          [
            120.49798,
            22.67935
          ],
          [
            120.49789,
            22.67929
          ],
          [
            120.49785,
            22.67926
          ],
          [
            120.49783,
            22.67924
          ],
          [
            120.49778,
            22.67917
          ],
          [
            120.49777,
            22.67917
          ],
          [
            120.49774,
            22.67909
          ],
          [
            120.49773,
            22.67907
          ],
          [
            120.49771,
            22.67899
          ],
          [
            120.49765,
            22.67883
          ],
          [
            120.49753,
            22.67849
          ],
          [
            120.49734,
            22.67795
          ],
          [
            120.49723,
            22.6776
          ],
          [
            120.49718,
            22.67743
          ],
          [
            120.49706,
            22.67707
          ],
          [
            120.49702,
            22.67693
          ],
          [
            120.49701,
            22.67689
          ],
          [
            120.49699,
            22.67678
          ],
          [
            120.49698,
            22.67667
          ],
          [
            120.49698,
            22.67654
          ],
          [
            120.49697,
            22.67633
          ],
          [
            120.49699,
            22.67611
          ],
          [
            120.49701,
            22.67597
          ],
          [
            120.49702,
            22.67591
          ],
          [
            120.49702,
            22.67588
          ],
          [
            120.49703,
            22.67573
          ],
          [
            120.49701,
            22.6756
          ],
          [
            120.49696,
            22.67542
          ],
          [
            120.49691,
            22.67526
          ],
          [
            120.49683,
            22.67501
          ],
          [
            120.49679,
            22.67487
          ],
          [
            120.49673,
            22.67469
          ],
          [
            120.49667,
            22.6745
          ],
          [
            120.49656,
            22.67414
          ],
          [
            120.49646,
            22.67381
          ],
          [
            120.49645,
            22.67378
          ],
          [
            120.49643,
            22.67372
          ],
          [
            120.49641,
            22.67367
          ],
          [
            120.49641,
            22.67367
          ],
          [
            120.49638,
            22.67361
          ],
          [
            120.49634,
            22.67353
          ],
          [
            120.4963,
            22.67347
          ],
          [
            120.49624,
            22.6734
          ],
          [
            120.49617,
            22.67331
          ],
          [
            120.49595,
            22.6731
          ],
          [
            120.49591,
            22.67305
          ],
          [
            120.49584,
            22.67295
          ],
          [
            120.49576,
            22.67285
          ],
          [
            120.49574,
            22.67281
          ],
          [
            120.49566,
            22.67268
          ],
          [
            120.49555,
            22.67242
          ],
          [
            120.49552,
            22.67235
          ],
          [
            120.49545,
            22.67214
          ],
          [
            120.4954,
            22.67199
          ],
          [
            120.49509,
            22.671
          ],
          [
            120.49494,
            22.67052
          ],
          [
            120.49484,
            22.6702
          ],
          [
            120.49479,
            22.67008
          ],
          [
            120.49452,
            22.66921
          ],
          [
            120.49452,
            22.66921
          ],
          [
            120.49419,
            22.66934
          ],
          [
            120.49378,
            22.6695
          ],
          [
            120.49356,
            22.66958
          ],
          [
            120.49308,
            22.66977
          ],
          [
            120.49271,
            22.66989
          ],
          [
            120.4925,
            22.66996
          ],
          [
            120.4921,
            22.67009
          ],
          [
            120.49122,
            22.67039
          ],
          [
            120.49109,
            22.67044
          ],
          [
            120.49075,
            22.67057
          ],
          [
            120.49026,
            22.67075
          ],
          [
            120.49022,
            22.67076
          ],
          [
            120.48993,
            22.67086
          ],
          [
            120.4898,
            22.67091
          ],
          [
            120.48971,
            22.67094
          ],
          [
            120.48962,
            22.671
          ],
          [
            120.4892,
            22.67118
          ],
          [
            120.4892,
            22.67118
          ],
          [
            120.48891,
            22.67112
          ],
          [
            120.48812,
            22.67086
          ],
          [
            120.48751,
            22.67064
          ],
          [
            120.48662,
            22.67035
          ],
          [
            120.48647,
            22.67033
          ],
          [
            120.48638,
            22.67034
          ],
          [
            120.4857,
            22.67044
          ],
          [
            120.48472,
            22.67058
          ],
          [
            120.48472,
            22.67058
          ],
          [
            120.48476,
            22.67045
          ],
          [
            120.48463,
            22.6698
          ],
          [
            120.48463,
            22.6698
          ],
          [
            120.48553,
            22.66966
          ],
          [
            120.48553,
            22.66966
          ],
          [
            120.48463,
            22.6698
          ],
          [
            120.48432,
            22.66984
          ],
          [
            120.48356,
            22.66994
          ],
          [
            120.48295,
            22.67001
          ],
          [
            120.48216,
            22.67013
          ],
          [
            120.48185,
            22.67018
          ],
          [
            120.48162,
            22.67022
          ],
          [
            120.48159,
            22.67029
          ],
          [
            120.48022,
            22.67005
          ],
          [
            120.47993,
            22.66999
          ],
          [
            120.47982,
            22.66997
          ],
          [
            120.47945,
            22.6699
          ],
          [
            120.47909,
            22.66982
          ],
          [
            120.47906,
            22.66981
          ],
          [
            120.47887,
            22.66977
          ],
          [
            120.47863,
            22.66973
          ],
          [
            120.4785,
            22.66969
          ],
          [
            120.4785,
            22.66969
          ],
          [
            120.47849,
            22.6698
          ],
          [
            120.47845,
            22.67041
          ],
          [
            120.47842,
            22.67084
          ],
          [
            120.47841,
            22.67091
          ],
          [
            120.47841,
            22.67092
          ],
          [
            120.47841,
            22.67098
          ],
          [
            120.47838,
            22.67132
          ],
          [
            120.47838,
            22.67141
          ],
          [
            120.47837,
            22.67148
          ],
          [
            120.47837,
            22.67156
          ],
          [
            120.47834,
            22.67204
          ],
          [
            120.47832,
            22.67217
          ],
          [
            120.47828,
            22.67258
          ],
          [
            120.47826,
            22.67283
          ],
          [
            120.47822,
            22.6734
          ],
          [
            120.4782,
            22.67367
          ],
          [
            120.4782,
            22.67367
          ],
          [
            120.47819,
            22.67397
          ],
          [
            120.47815,
            22.67454
          ],
          [
            120.47815,
            22.67454
          ],
          [
            120.47806,
            22.67454
          ],
          [
            120.47808,
            22.67396
          ],
          [
            120.47813,
            22.67337
          ],
          [
            120.47819,
            22.67257
          ],
          [
            120.47822,
            22.67217
          ],
          [
            120.47822,
            22.67203
          ],
          [
            120.47827,
            22.67155
          ],
          [
            120.47827,
            22.67148
          ],
          [
            120.47828,
            22.67141
          ],
          [
            120.47828,
            22.67131
          ],
          [
            120.47829,
            22.67118
          ],
          [
            120.47831,
            22.671
          ],
          [
            120.47831,
            22.67093
          ],
          [
            120.47831,
            22.67092
          ],
          [
            120.47832,
            22.67086
          ],
          [
            120.47832,
            22.67078
          ],
          [
            120.47838,
            22.67004
          ],
          [
            120.47839,
            22.66986
          ],
          [
            120.4784,
            22.6698
          ],
          [
            120.47841,
            22.66968
          ],
          [
            120.47841,
            22.66967
          ],
          [
            120.47841,
            22.66962
          ],
          [
            120.47842,
            22.66953
          ],
          [
            120.47843,
            22.66945
          ],
          [
            120.47843,
            22.66934
          ],
          [
            120.47844,
            22.66926
          ],
          [
            120.47845,
            22.66903
          ],
          [
            120.47846,
            22.66897
          ],
          [
            120.47846,
            22.66894
          ],
          [
            120.47847,
            22.66885
          ],
          [
            120.4785,
            22.66834
          ],
          [
            120.47851,
            22.66816
          ],
          [
            120.47853,
            22.66798
          ],
          [
            120.47856,
            22.66754
          ],
          [
            120.47857,
            22.66742
          ],
          [
            120.47857,
            22.66729
          ],
          [
            120.47858,
            22.66713
          ],
          [
            120.47858,
            22.66713
          ],
          [
            120.47849,
            22.6671
          ],
          [
            120.47772,
            22.66707
          ],
          [
            120.47719,
            22.66705
          ],
          [
            120.4768,
            22.66703
          ],
          [
            120.47606,
            22.66699
          ],
          [
            120.47586,
            22.66697
          ],
          [
            120.47586,
            22.66697
          ],
          [
            120.47589,
            22.66656
          ],
          [
            120.47592,
            22.66607
          ],
          [
            120.47595,
            22.66566
          ],
          [
            120.47598,
            22.66541
          ],
          [
            120.47601,
            22.66531
          ],
          [
            120.47604,
            22.66518
          ],
          [
            120.47604,
            22.66518
          ],
          [
            120.47609,
            22.66464
          ],
          [
            120.47612,
            22.66409
          ],
          [
            120.47613,
            22.66386
          ],
          [
            120.47614,
            22.66373
          ],
          [
            120.47615,
            22.66342
          ],
          [
            120.47616,
            22.66336
          ],
          [
            120.47617,
            22.66329
          ],
          [
            120.47618,
            22.66322
          ],
          [
            120.47622,
            22.66268
          ],
          [
            120.47622,
            22.66268
          ],
          [
            120.47618,
            22.66322
          ],
          [
            120.47617,
            22.66329
          ],
          [
            120.47616,
            22.66336
          ],
          [
            120.47615,
            22.66342
          ],
          [
            120.47614,
            22.66373
          ],
          [
            120.47613,
            22.66386
          ],
          [
            120.47612,
            22.66409
          ],
          [
            120.47609,
            22.66464
          ],
          [
            120.47604,
            22.66518
          ],
          [
            120.47604,
            22.66518
          ],
          [
            120.47663,
            22.66523
          ],
          [
            120.47766,
            22.6653
          ],
          [
            120.47816,
            22.66532
          ],
          [
            120.47872,
            22.66535
          ],
          [
            120.47872,
            22.66535
          ],
          [
            120.47965,
            22.66524
          ],
          [
            120.48006,
            22.66519
          ],
          [
            120.4802,
            22.66517
          ],
          [
            120.48077,
            22.66511
          ],
          [
            120.48092,
            22.66509
          ],
          [
            120.4813,
            22.66504
          ],
          [
            120.48141,
            22.66503
          ],
          [
            120.48166,
            22.665
          ],
          [
            120.48184,
            22.66497
          ],
          [
            120.4819,
            22.66497
          ],
          [
            120.48216,
            22.66493
          ],
          [
            120.48267,
            22.66487
          ],
          [
            120.48284,
            22.66486
          ],
          [
            120.48303,
            22.66484
          ],
          [
            120.48303,
            22.66484
          ],
          [
            120.48323,
            22.66473
          ],
          [
            120.48344,
            22.6646
          ],
          [
            120.48349,
            22.66457
          ],
          [
            120.48355,
            22.66453
          ],
          [
            120.48365,
            22.66446
          ],
          [
            120.48368,
            22.66443
          ],
          [
            120.48381,
            22.66436
          ],
          [
            120.48411,
            22.66419
          ],
          [
            120.48428,
            22.66406
          ],
          [
            120.48439,
            22.66398
          ],
          [
            120.48459,
            22.66386
          ],
          [
            120.48547,
            22.66368
          ],
          [
            120.48551,
            22.66367
          ],
          [
            120.48636,
            22.66351
          ],
          [
            120.48659,
            22.66346
          ],
          [
            120.48668,
            22.66344
          ],
          [
            120.48672,
            22.66343
          ],
          [
            120.48689,
            22.6634
          ],
          [
            120.48726,
            22.66332
          ],
          [
            120.48793,
            22.66318
          ],
          [
            120.48793,
            22.66318
          ],
          [
            120.48789,
            22.66301
          ],
          [
            120.48786,
            22.66287
          ],
          [
            120.48752,
            22.66125
          ],
          [
            120.48748,
            22.66107
          ],
          [
            120.48745,
            22.66089
          ],
          [
            120.48741,
            22.66072
          ],
          [
            120.48725,
            22.65997
          ],
          [
            120.48721,
            22.65978
          ],
          [
            120.48714,
            22.65942
          ],
          [
            120.48709,
            22.65915
          ],
          [
            120.48679,
            22.65773
          ],
          [
            120.48664,
            22.65704
          ],
          [
            120.48648,
            22.65626
          ],
          [
            120.4864,
            22.65588
          ],
          [
            120.48633,
            22.6556
          ],
          [
            120.48625,
            22.65517
          ],
          [
            120.48616,
            22.65474
          ],
          [
            120.48607,
            22.65435
          ],
          [
            120.48605,
            22.65429
          ],
          [
            120.48603,
            22.65418
          ],
          [
            120.486,
            22.65394
          ],
          [
            120.48599,
            22.65383
          ],
          [
            120.48598,
            22.65372
          ],
          [
            120.48598,
            22.65347
          ],
          [
            120.48597,
            22.65334
          ],
          [
            120.48594,
            22.65227
          ],
          [
            120.48592,
            22.65181
          ],
          [
            120.48591,
            22.65171
          ],
          [
            120.48589,
            22.65077
          ],
          [
            120.48587,
            22.65038
          ],
          [
            120.48586,
            22.65024
          ],
          [
            120.48585,
            22.64995
          ],
          [
            120.48585,
            22.64981
          ],
          [
            120.48585,
            22.64976
          ],
          [
            120.48584,
            22.64957
          ],
          [
            120.48581,
            22.64873
          ],
          [
            120.48579,
            22.64816
          ],
          [
            120.48576,
            22.64738
          ],
          [
            120.48576,
            22.64727
          ],
          [
            120.48572,
            22.64622
          ],
          [
            120.48571,
            22.646
          ],
          [
            120.48568,
            22.64487
          ],
          [
            120.48566,
            22.64454
          ],
          [
            120.48565,
            22.64387
          ],
          [
            120.48562,
            22.64327
          ],
          [
            120.48558,
            22.64214
          ],
          [
            120.48557,
            22.64197
          ],
          [
            120.48557,
            22.64194
          ],
          [
            120.48557,
            22.64176
          ],
          [
            120.48555,
            22.64101
          ],
          [
            120.48554,
            22.64044
          ],
          [
            120.48549,
            22.63902
          ],
          [
            120.48547,
            22.63852
          ],
          [
            120.48545,
            22.63817
          ],
          [
            120.48545,
            22.63765
          ],
          [
            120.48544,
            22.63729
          ],
          [
            120.48542,
            22.6368
          ],
          [
            120.4854,
            22.63652
          ],
          [
            120.48537,
            22.63599
          ],
          [
            120.48536,
            22.63588
          ],
          [
            120.48526,
            22.63504
          ],
          [
            120.48522,
            22.63484
          ],
          [
            120.48518,
            22.63457
          ],
          [
            120.48518,
            22.63457
          ],
          [
            120.48527,
            22.63456
          ],
          [
            120.48715,
            22.63438
          ],
          [
            120.48935,
            22.63416
          ],
          [
            120.49059,
            22.63407
          ],
          [
            120.49085,
            22.63405
          ],
          [
            120.49096,
            22.63403
          ],
          [
            120.49103,
            22.63402
          ],
          [
            120.49109,
            22.634
          ],
          [
            120.49112,
            22.63399
          ],
          [
            120.49116,
            22.63397
          ],
          [
            120.49124,
            22.63392
          ],
          [
            120.49143,
            22.63381
          ],
          [
            120.49152,
            22.63376
          ],
          [
            120.49157,
            22.63373
          ],
          [
            120.49163,
            22.63368
          ],
          [
            120.49167,
            22.63365
          ],
          [
            120.49182,
            22.63351
          ],
          [
            120.49198,
            22.63338
          ],
          [
            120.49201,
            22.63335
          ],
          [
            120.49208,
            22.63328
          ],
          [
            120.49219,
            22.63314
          ],
          [
            120.49228,
            22.63302
          ],
          [
            120.49488,
            22.62918
          ],
          [
            120.495,
            22.62897
          ],
          [
            120.49505,
            22.62887
          ],
          [
            120.49523,
            22.62843
          ],
          [
            120.49523,
            22.62843
          ],
          [
            120.49524,
            22.62833
          ],
          [
            120.49524,
            22.6283
          ],
          [
            120.49524,
            22.62825
          ],
          [
            120.49522,
            22.62817
          ],
          [
            120.49512,
            22.62787
          ],
          [
            120.49495,
            22.62746
          ],
          [
            120.49485,
            22.62716
          ],
          [
            120.49481,
            22.62699
          ],
          [
            120.49485,
            22.6267
          ],
          [
            120.49497,
            22.62634
          ],
          [
            120.49515,
            22.62599
          ],
          [
            120.49523,
            22.62581
          ],
          [
            120.49525,
            22.62575
          ],
          [
            120.49529,
            22.62568
          ],
          [
            120.49532,
            22.62563
          ],
          [
            120.49537,
            22.62556
          ],
          [
            120.49546,
            22.62543
          ],
          [
            120.49549,
            22.62539
          ],
          [
            120.49551,
            22.62536
          ],
          [
            120.49559,
            22.62518
          ],
          [
            120.49571,
            22.62495
          ],
          [
            120.49573,
            22.62492
          ],
          [
            120.49576,
            22.62488
          ],
          [
            120.49578,
            22.62485
          ],
          [
            120.49584,
            22.62478
          ],
          [
            120.4959,
            22.62472
          ],
          [
            120.49605,
            22.62457
          ],
          [
            120.49607,
            22.62454
          ],
          [
            120.49609,
            22.62452
          ],
          [
            120.4961,
            22.6245
          ],
          [
            120.49611,
            22.62448
          ],
          [
            120.49613,
            22.62445
          ],
          [
            120.49615,
            22.62442
          ],
          [
            120.49615,
            22.624389999999998
          ],
          [
            120.49616,
            22.62437
          ],
          [
            120.49617,
            22.62434
          ],
          [
            120.49617,
            22.6243
          ],
          [
            120.49618,
            22.62406
          ],
          [
            120.49618,
            22.62403
          ],
          [
            120.49619,
            22.62399
          ],
          [
            120.4962,
            22.62395
          ],
          [
            120.49621,
            22.62392
          ],
          [
            120.49623,
            22.62387
          ],
          [
            120.49625,
            22.62384
          ],
          [
            120.49627,
            22.62381
          ],
          [
            120.49631,
            22.62376
          ],
          [
            120.49631,
            22.62376
          ],
          [
            120.49639,
            22.6238
          ],
          [
            120.49642,
            22.62382
          ],
          [
            120.49645,
            22.62383
          ],
          [
            120.49662,
            22.62387
          ],
          [
            120.49683,
            22.62393
          ],
          [
            120.49701,
            22.62397
          ],
          [
            120.49721,
            22.62402
          ],
          [
            120.49745,
            22.62407
          ],
          [
            120.49758,
            22.6241
          ],
          [
            120.49867,
            22.62436
          ],
          [
            120.50012,
            22.6247
          ],
          [
            120.50138,
            22.625
          ],
          [
            120.5014,
            22.625
          ],
          [
            120.50365,
            22.62552
          ],
          [
            120.50392,
            22.62558
          ],
          [
            120.50396,
            22.62558
          ],
          [
            120.50398,
            22.62558
          ],
          [
            120.50401,
            22.62558
          ],
          [
            120.50404,
            22.62557
          ],
          [
            120.50407,
            22.62556
          ],
          [
            120.50423,
            22.62551
          ],
          [
            120.5049,
            22.62526
          ],
          [
            120.50507,
            22.62521
          ],
          [
            120.50517,
            22.62519
          ],
          [
            120.5053,
            22.62517
          ],
          [
            120.50541,
            22.62517
          ],
          [
            120.50551,
            22.62516
          ],
          [
            120.5056,
            22.62516
          ],
          [
            120.50564,
            22.62516
          ],
          [
            120.50567,
            22.62516
          ],
          [
            120.5057,
            22.62515
          ],
          [
            120.50572,
            22.62514
          ],
          [
            120.50575,
            22.62513
          ],
          [
            120.50581,
            22.62508
          ],
          [
            120.50585,
            22.62501
          ],
          [
            120.50587,
            22.62498
          ],
          [
            120.50589,
            22.62495
          ],
          [
            120.50592,
            22.62493
          ],
          [
            120.50595,
            22.62491
          ],
          [
            120.50599,
            22.62489
          ],
          [
            120.50613,
            22.62483
          ],
          [
            120.50643,
            22.6247
          ],
          [
            120.50674,
            22.62459
          ],
          [
            120.50685,
            22.62453
          ],
          [
            120.50691,
            22.6245
          ],
          [
            120.50696,
            22.62446
          ],
          [
            120.50703,
            22.62441
          ],
          [
            120.50709,
            22.62435
          ],
          [
            120.50714,
            22.62429
          ],
          [
            120.5073,
            22.62406
          ],
          [
            120.50772,
            22.62346
          ],
          [
            120.50778,
            22.62337
          ],
          [
            120.50787,
            22.62322
          ],
          [
            120.50791,
            22.62315
          ],
          [
            120.50792,
            22.62311
          ],
          [
            120.50793,
            22.62308
          ],
          [
            120.50794,
            22.62304
          ],
          [
            120.50794,
            22.62302
          ],
          [
            120.50794,
            22.62297
          ],
          [
            120.50794,
            22.62289
          ],
          [
            120.50792,
            22.62272
          ],
          [
            120.50791,
            22.62263
          ],
          [
            120.50791,
            22.6226
          ],
          [
            120.50792,
            22.62257
          ],
          [
            120.50792,
            22.62255
          ],
          [
            120.50793,
            22.62253
          ],
          [
            120.50793,
            22.62252
          ],
          [
            120.50795,
            22.6225
          ],
          [
            120.50797,
            22.6225
          ],
          [
            120.50799,
            22.62248
          ],
          [
            120.50802,
            22.62247
          ],
          [
            120.50803,
            22.62247
          ],
          [
            120.50807,
            22.62245
          ],
          [
            120.50821,
            22.62241
          ],
          [
            120.50823,
            22.6224
          ],
          [
            120.50839,
            22.62236
          ],
          [
            120.50846,
            22.62234
          ],
          [
            120.50882,
            22.62226
          ],
          [
            120.50905,
            22.62221
          ],
          [
            120.50938,
            22.62213
          ],
          [
            120.51,
            22.62199
          ],
          [
            120.51025,
            22.62192
          ],
          [
            120.51034,
            22.62189
          ],
          [
            120.51034,
            22.62189
          ],
          [
            120.51064,
            22.62193
          ],
          [
            120.51074,
            22.62194
          ],
          [
            120.51083,
            22.62193
          ],
          [
            120.51091,
            22.62191
          ],
          [
            120.51117,
            22.62178
          ],
          [
            120.51142,
            22.62162
          ],
          [
            120.51142,
            22.62162
          ],
          [
            120.51225,
            22.62165
          ],
          [
            120.51241,
            22.62165
          ],
          [
            120.51244,
            22.62165
          ],
          [
            120.51266,
            22.62165
          ],
          [
            120.51273,
            22.62166
          ],
          [
            120.51318,
            22.62167
          ],
          [
            120.51357,
            22.6217
          ],
          [
            120.514,
            22.62171
          ],
          [
            120.51414,
            22.62172
          ],
          [
            120.51431,
            22.62172
          ],
          [
            120.5145,
            22.62172
          ],
          [
            120.51476,
            22.62171
          ],
          [
            120.51518,
            22.62169
          ],
          [
            120.51521,
            22.62169
          ],
          [
            120.51547,
            22.62167
          ],
          [
            120.5155,
            22.62167
          ],
          [
            120.51564,
            22.62165
          ],
          [
            120.51594,
            22.62161
          ],
          [
            120.51609,
            22.62159
          ],
          [
            120.51633,
            22.62156
          ],
          [
            120.51651,
            22.62153
          ],
          [
            120.51672,
            22.6215
          ],
          [
            120.51692,
            22.62147
          ],
          [
            120.5173,
            22.62141
          ],
          [
            120.51802,
            22.62136
          ],
          [
            120.51805,
            22.62135
          ],
          [
            120.51876,
            22.6213
          ],
          [
            120.51878,
            22.6213
          ],
          [
            120.51897,
            22.62128
          ],
          [
            120.51904,
            22.62127
          ],
          [
            120.51912,
            22.62125
          ],
          [
            120.51921,
            22.62124
          ],
          [
            120.51952,
            22.62117
          ],
          [
            120.52001,
            22.62107
          ],
          [
            120.52038,
            22.62099
          ],
          [
            120.52051,
            22.62096
          ],
          [
            120.52062,
            22.62094
          ],
          [
            120.52068,
            22.62093
          ],
          [
            120.52072,
            22.62093
          ],
          [
            120.52085,
            22.62092
          ],
          [
            120.52112,
            22.62091
          ],
          [
            120.52124,
            22.6209
          ],
          [
            120.52132,
            22.6209
          ],
          [
            120.52143,
            22.6209
          ],
          [
            120.52157,
            22.6209
          ],
          [
            120.52158,
            22.6209
          ],
          [
            120.52168,
            22.62091
          ],
          [
            120.52174,
            22.62092
          ],
          [
            120.52182,
            22.62093
          ],
          [
            120.52194,
            22.62095
          ],
          [
            120.52198,
            22.62096
          ],
          [
            120.52226,
            22.62103
          ],
          [
            120.52248,
            22.62108
          ],
          [
            120.52321,
            22.6212
          ],
          [
            120.52332,
            22.62121
          ],
          [
            120.5234,
            22.62123
          ],
          [
            120.52356,
            22.62123
          ],
          [
            120.52374,
            22.62122
          ],
          [
            120.52385,
            22.6212
          ],
          [
            120.52392999999999,
            22.62119
          ],
          [
            120.52402,
            22.62118
          ],
          [
            120.52418,
            22.62115
          ],
          [
            120.5244,
            22.62111
          ],
          [
            120.52475,
            22.62102
          ],
          [
            120.52506,
            22.62094
          ],
          [
            120.52524,
            22.62089
          ],
          [
            120.52559,
            22.62082
          ],
          [
            120.52568,
            22.6208
          ],
          [
            120.52618,
            22.6207
          ],
          [
            120.52625,
            22.62068
          ],
          [
            120.52666,
            22.62058
          ],
          [
            120.52692,
            22.62052
          ],
          [
            120.52709,
            22.62048
          ],
          [
            120.52789,
            22.6203
          ],
          [
            120.52926,
            22.61999
          ],
          [
            120.53114,
            22.61954
          ],
          [
            120.53114,
            22.61954
          ],
          [
            120.53239,
            22.6204
          ],
          [
            120.53255,
            22.62051
          ],
          [
            120.53306,
            22.62087
          ],
          [
            120.53363,
            22.62127
          ],
          [
            120.53366,
            22.62129
          ],
          [
            120.53615,
            22.623
          ],
          [
            120.53656,
            22.6233
          ],
          [
            120.53677,
            22.62345
          ],
          [
            120.53704,
            22.62365
          ],
          [
            120.53785,
            22.6242
          ],
          [
            120.53914,
            22.62505
          ],
          [
            120.54032,
            22.6259
          ],
          [
            120.54103,
            22.62638
          ],
          [
            120.54151,
            22.62671
          ],
          [
            120.54191,
            22.62697
          ],
          [
            120.54195,
            22.627
          ],
          [
            120.54201,
            22.62705
          ],
          [
            120.54219,
            22.62728
          ],
          [
            120.5423,
            22.62745
          ],
          [
            120.54246,
            22.6275
          ],
          [
            120.54256,
            22.62754
          ],
          [
            120.54274,
            22.62767
          ],
          [
            120.54288,
            22.62781
          ],
          [
            120.54292,
            22.62794
          ],
          [
            120.54293,
            22.62804
          ],
          [
            120.54298,
            22.62833
          ],
          [
            120.54302,
            22.62861
          ],
          [
            120.54304,
            22.6287
          ],
          [
            120.54308,
            22.62895
          ],
          [
            120.54314,
            22.62935
          ],
          [
            120.54319,
            22.62971
          ],
          [
            120.54322,
            22.62987
          ],
          [
            120.54323,
            22.63011
          ],
          [
            120.54323,
            22.63011
          ],
          [
            120.54339,
            22.63012
          ],
          [
            120.54352,
            22.63015
          ],
          [
            120.5437,
            22.63018
          ],
          [
            120.54385,
            22.63023
          ],
          [
            120.54386,
            22.63023
          ],
          [
            120.54398,
            22.63028
          ],
          [
            120.54431,
            22.63044
          ],
          [
            120.54457,
            22.63058
          ],
          [
            120.54482,
            22.63071
          ],
          [
            120.54482,
            22.63071
          ],
          [
            120.54493,
            22.63075
          ],
          [
            120.54502,
            22.6308
          ],
          [
            120.54521,
            22.63081
          ],
          [
            120.54554,
            22.63085
          ],
          [
            120.54574,
            22.63088
          ],
          [
            120.54606,
            22.63093
          ],
          [
            120.54708,
            22.63109
          ],
          [
            120.54716,
            22.6311
          ],
          [
            120.54844,
            22.63133
          ],
          [
            120.54884,
            22.6314
          ],
          [
            120.54954,
            22.63151
          ],
          [
            120.55044,
            22.63166
          ],
          [
            120.55091,
            22.63174
          ],
          [
            120.55102,
            22.63176
          ],
          [
            120.55264,
            22.63203
          ],
          [
            120.55283,
            22.63206
          ],
          [
            120.554,
            22.63226
          ],
          [
            120.55467,
            22.63237
          ],
          [
            120.55593,
            22.63258
          ],
          [
            120.55607,
            22.63261
          ],
          [
            120.55748,
            22.63286
          ],
          [
            120.55758,
            22.63288
          ],
          [
            120.55805,
            22.63296
          ],
          [
            120.55921,
            22.63315
          ],
          [
            120.5595,
            22.63322
          ],
          [
            120.55977,
            22.63326
          ],
          [
            120.56022,
            22.63333
          ],
          [
            120.56067,
            22.63341
          ],
          [
            120.5612,
            22.63348
          ],
          [
            120.56197,
            22.63358
          ],
          [
            120.56346,
            22.63375
          ],
          [
            120.56379,
            22.63378
          ],
          [
            120.56431,
            22.63384
          ],
          [
            120.56455,
            22.63387
          ],
          [
            120.56713,
            22.63416
          ],
          [
            120.56718,
            22.63417
          ],
          [
            120.56764,
            22.63422
          ],
          [
            120.56817,
            22.6343
          ],
          [
            120.56876,
            22.63434
          ],
          [
            120.56882,
            22.63436
          ],
          [
            120.56886,
            22.63438
          ],
          [
            120.56897,
            22.63446
          ],
          [
            120.56935,
            22.63477
          ],
          [
            120.56935,
            22.63477
          ],
          [
            120.56985,
            22.63432
          ],
          [
            120.56995,
            22.63424
          ],
          [
            120.57003,
            22.63419
          ],
          [
            120.57011,
            22.63415
          ],
          [
            120.5702,
            22.63412
          ],
          [
            120.57026,
            22.63411
          ],
          [
            120.57057,
            22.63405
          ],
          [
            120.57085,
            22.63403
          ],
          [
            120.57096,
            22.63398
          ],
          [
            120.57096,
            22.63398
          ],
          [
            120.57145,
            22.63403
          ],
          [
            120.5719,
            22.63404
          ],
          [
            120.57228,
            22.63405
          ],
          [
            120.57241,
            22.63405
          ],
          [
            120.57246,
            22.63405
          ],
          [
            120.57288,
            22.63405
          ],
          [
            120.573,
            22.63404
          ],
          [
            120.5731,
            22.63402
          ],
          [
            120.57319,
            22.63401
          ],
          [
            120.57339,
            22.63399
          ],
          [
            120.57391,
            22.63404
          ],
          [
            120.57397,
            22.63405
          ],
          [
            120.57404,
            22.63406
          ],
          [
            120.57422,
            22.63411
          ],
          [
            120.57438,
            22.63415
          ],
          [
            120.57455,
            22.6342
          ],
          [
            120.57473,
            22.63425
          ],
          [
            120.57485,
            22.63428
          ],
          [
            120.5749,
            22.63429
          ],
          [
            120.57493,
            22.6343
          ],
          [
            120.57496,
            22.6343
          ],
          [
            120.57499,
            22.6343
          ],
          [
            120.57501,
            22.6343
          ],
          [
            120.57507,
            22.6343
          ],
          [
            120.57515,
            22.63429
          ],
          [
            120.57537,
            22.63429
          ],
          [
            120.57554,
            22.63431
          ],
          [
            120.57564,
            22.63432
          ],
          [
            120.57606,
            22.63439
          ],
          [
            120.57622,
            22.63442
          ],
          [
            120.57632,
            22.63443
          ],
          [
            120.5764,
            22.63443
          ],
          [
            120.57658,
            22.63444
          ],
          [
            120.57668,
            22.63445
          ],
          [
            120.57672,
            22.63446
          ],
          [
            120.57677,
            22.63448
          ],
          [
            120.57684,
            22.6345
          ],
          [
            120.57699,
            22.63456
          ],
          [
            120.5771,
            22.63462
          ],
          [
            120.57715,
            22.63463
          ],
          [
            120.57719,
            22.63464
          ],
          [
            120.57723,
            22.63465
          ],
          [
            120.57727,
            22.63465
          ],
          [
            120.57731,
            22.63465
          ],
          [
            120.57741,
            22.63464
          ],
          [
            120.57772,
            22.6346
          ],
          [
            120.57789,
            22.63458
          ],
          [
            120.57802,
            22.63457
          ],
          [
            120.57809,
            22.63455
          ],
          [
            120.57814,
            22.63454
          ],
          [
            120.57819,
            22.63453
          ],
          [
            120.57855,
            22.6344
          ],
          [
            120.57884,
            22.6343
          ],
          [
            120.57905,
            22.63423
          ],
          [
            120.57917,
            22.6342
          ],
          [
            120.57929,
            22.63418
          ],
          [
            120.5796,
            22.63411
          ],
          [
            120.57987,
            22.63405
          ],
          [
            120.58014,
            22.63398
          ],
          [
            120.58034,
            22.63392
          ],
          [
            120.58065,
            22.63382
          ],
          [
            120.58094,
            22.63372
          ],
          [
            120.58108,
            22.63369
          ],
          [
            120.58132,
            22.63363
          ],
          [
            120.58168,
            22.63355
          ],
          [
            120.58218,
            22.63343
          ],
          [
            120.58245,
            22.63336
          ],
          [
            120.58262,
            22.63332
          ],
          [
            120.58305,
            22.63319
          ],
          [
            120.58314,
            22.63316
          ],
          [
            120.58318,
            22.63314
          ],
          [
            120.5832,
            22.63314
          ],
          [
            120.58322,
            22.63314
          ],
          [
            120.58325,
            22.63313
          ],
          [
            120.58327,
            22.63313
          ],
          [
            120.5833,
            22.63314
          ],
          [
            120.58334,
            22.63314
          ],
          [
            120.58338,
            22.63315
          ],
          [
            120.58362,
            22.63322
          ],
          [
            120.58388,
            22.63329
          ],
          [
            120.58479,
            22.63355
          ],
          [
            120.58491,
            22.63358
          ],
          [
            120.58497,
            22.6336
          ],
          [
            120.5851,
            22.63363
          ],
          [
            120.58522,
            22.63365
          ],
          [
            120.5855,
            22.63371
          ],
          [
            120.58558,
            22.63373
          ],
          [
            120.58566,
            22.63375
          ],
          [
            120.58573,
            22.63375
          ],
          [
            120.5858,
            22.63375
          ],
          [
            120.58593,
            22.63374
          ],
          [
            120.58606,
            22.63373
          ],
          [
            120.58608,
            22.63373
          ],
          [
            120.5865,
            22.63371
          ],
          [
            120.58678,
            22.63369
          ],
          [
            120.5869,
            22.63368
          ],
          [
            120.58713,
            22.63368
          ],
          [
            120.58737,
            22.63368
          ],
          [
            120.5877,
            22.63368
          ],
          [
            120.5881,
            22.63369
          ],
          [
            120.58821,
            22.63368
          ],
          [
            120.58824,
            22.63368
          ],
          [
            120.58834,
            22.63369
          ],
          [
            120.5884,
            22.63369
          ],
          [
            120.58842,
            22.63369
          ],
          [
            120.58849,
            22.63371
          ],
          [
            120.58859,
            22.63374
          ],
          [
            120.58872,
            22.63376
          ],
          [
            120.58878,
            22.63377
          ],
          [
            120.58885,
            22.63379
          ],
          [
            120.58897,
            22.63382
          ],
          [
            120.58908,
            22.63385
          ],
          [
            120.5892,
            22.63387
          ],
          [
            120.58933,
            22.63389
          ],
          [
            120.58945,
            22.6339
          ],
          [
            120.58993,
            22.63391
          ],
          [
            120.58999,
            22.63391
          ],
          [
            120.59002,
            22.6339
          ],
          [
            120.59005,
            22.63389
          ],
          [
            120.59008,
            22.63388
          ],
          [
            120.59011,
            22.63386
          ],
          [
            120.59014,
            22.63384
          ],
          [
            120.59017,
            22.63382
          ],
          [
            120.59019,
            22.63379
          ],
          [
            120.59022,
            22.63376
          ],
          [
            120.59025,
            22.63374
          ],
          [
            120.59027,
            22.63373
          ],
          [
            120.59031,
            22.63371
          ],
          [
            120.59035,
            22.6337
          ],
          [
            120.5904,
            22.63369
          ],
          [
            120.59048,
            22.63368
          ],
          [
            120.59125,
            22.63363
          ],
          [
            120.59130999999999,
            22.63362
          ],
          [
            120.59134,
            22.63361
          ],
          [
            120.59139,
            22.6336
          ],
          [
            120.59143,
            22.63357
          ],
          [
            120.59146,
            22.63355
          ],
          [
            120.59152,
            22.63352
          ],
          [
            120.59181,
            22.63332
          ],
          [
            120.59195,
            22.63325
          ],
          [
            120.59203,
            22.63322
          ],
          [
            120.59226,
            22.63314
          ],
          [
            120.59245,
            22.63306
          ],
          [
            120.59252,
            22.63303
          ],
          [
            120.59257,
            22.63301
          ],
          [
            120.59264,
            22.63298
          ],
          [
            120.59268,
            22.63295
          ],
          [
            120.59297,
            22.63267
          ],
          [
            120.59306,
            22.63261
          ],
          [
            120.59312,
            22.63256
          ],
          [
            120.59321,
            22.6325
          ],
          [
            120.59352,
            22.63234
          ],
          [
            120.59458,
            22.6318
          ],
          [
            120.59485,
            22.63165
          ],
          [
            120.59485,
            22.63165
          ],
          [
            120.59495,
            22.63177
          ],
          [
            120.59503,
            22.63184
          ],
          [
            120.59524,
            22.63197
          ],
          [
            120.59531,
            22.63201
          ],
          [
            120.59533,
            22.63202
          ],
          [
            120.59536,
            22.63203
          ],
          [
            120.59549,
            22.63207
          ],
          [
            120.59569,
            22.63214
          ],
          [
            120.59581,
            22.63218
          ],
          [
            120.59608,
            22.63228
          ],
          [
            120.59615,
            22.6323
          ],
          [
            120.5962,
            22.63231
          ],
          [
            120.59624,
            22.63231
          ],
          [
            120.59629,
            22.6323
          ],
          [
            120.59635,
            22.6323
          ],
          [
            120.59642,
            22.63229
          ],
          [
            120.59652,
            22.63227
          ],
          [
            120.5968,
            22.63222
          ],
          [
            120.59691,
            22.6322
          ],
          [
            120.59697,
            22.63219
          ],
          [
            120.59704,
            22.63219
          ],
          [
            120.59708,
            22.63219
          ],
          [
            120.59712,
            22.6322
          ],
          [
            120.59717,
            22.63221
          ],
          [
            120.59733,
            22.63228
          ],
          [
            120.59738,
            22.63231
          ],
          [
            120.59743,
            22.63234
          ],
          [
            120.59746,
            22.63237
          ],
          [
            120.59749,
            22.63239
          ],
          [
            120.59753,
            22.63242
          ],
          [
            120.59753,
            22.63242
          ],
          [
            120.59757,
            22.63232
          ],
          [
            120.59758,
            22.63228
          ],
          [
            120.59759,
            22.63222
          ],
          [
            120.5976,
            22.63216
          ],
          [
            120.59761,
            22.6321
          ],
          [
            120.59762,
            22.63197
          ]
        ]
      }
    },
    {
      "type": "Feature",
      "properties": {
        "feature_type": "route",
        "ref": "小黃公車705",
        "name": "小黃公車705",
        "name_en": "小黃公車705",
        "color": "#86198f",
        "direction": 1
      },
      "geometry": {
        "type": "LineString",
        "coordinates": [
          [
            120.47581,
            22.66782
          ],
          [
            120.47578,
            22.66807
          ],
          [
            120.47578,
            22.66815
          ],
          [
            120.47574,
            22.6685
          ],
          [
            120.47573,
            22.66855
          ],
          [
            120.47571,
            22.66869
          ],
          [
            120.47571,
            22.66872
          ],
          [
            120.47569,
            22.66913
          ],
          [
            120.47569,
            22.66913
          ],
          [
            120.47616,
            22.66923
          ],
          [
            120.47648,
            22.6693
          ],
          [
            120.47703,
            22.66941
          ],
          [
            120.47706,
            22.66941
          ],
          [
            120.47756,
            22.6695
          ]
        ]
      }
    },
    {
      "type": "Feature",
      "properties": {
        "feature_type": "route",
        "ref": "小黃公車705",
        "name": "小黃公車705",
        "name_en": "小黃公車705",
        "color": "#86198f",
        "direction": 1
      },
      "geometry": {
        "type": "LineString",
        "coordinates": [
          [
            120.51258,
            22.66006
          ],
          [
            120.51268,
            22.66014
          ],
          [
            120.51295,
            22.66031
          ],
          [
            120.5132,
            22.66048
          ],
          [
            120.51332,
            22.66063
          ],
          [
            120.51339,
            22.66072
          ],
          [
            120.51343,
            22.66078
          ],
          [
            120.51347,
            22.66085
          ],
          [
            120.51353,
            22.66096
          ],
          [
            120.51364,
            22.66124
          ],
          [
            120.5137,
            22.66143
          ],
          [
            120.51371,
            22.66147
          ],
          [
            120.51373,
            22.66156
          ],
          [
            120.51376,
            22.66172
          ],
          [
            120.51377,
            22.66188
          ],
          [
            120.51375,
            22.662
          ],
          [
            120.51374,
            22.66207
          ],
          [
            120.51373,
            22.66214
          ],
          [
            120.51367,
            22.66232
          ],
          [
            120.51397,
            22.66237
          ]
        ]
      }
    },
    {
      "type": "Feature",
      "properties": {
        "feature_type": "route",
        "ref": "小黃公車705",
        "name": "小黃公車705",
        "name_en": "小黃公車705",
        "color": "#86198f",
        "direction": 1
      },
      "geometry": {
        "type": "LineString",
        "coordinates": [
          [
            120.5433,
            22.67131
          ],
          [
            120.5433,
            22.67131
          ]
        ]
      }
    },
    {
      "type": "Feature",
      "properties": {
        "feature_type": "route",
        "ref": "小黃公車705",
        "name": "小黃公車705",
        "name_en": "小黃公車705",
        "color": "#86198f",
        "direction": 1
      },
      "geometry": {
        "type": "LineString",
        "coordinates": [
          [
            120.57314,
            22.64918
          ],
          [
            120.57314,
            22.64918
          ],
          [
            120.5732,
            22.64923
          ],
          [
            120.57374,
            22.64969
          ],
          [
            120.57374,
            22.64969
          ],
          [
            120.57333,
            22.65011
          ]
        ]
      }
    },
    {
      "type": "Feature",
      "properties": {
        "feature_type": "route",
        "ref": "小黃公車705",
        "name": "小黃公車705",
        "name_en": "小黃公車705",
        "color": "#86198f",
        "direction": 1
      },
      "geometry": {
        "type": "LineString",
        "coordinates": [
          [
            120.48507,
            22.65185
          ],
          [
            120.48458,
            22.65188
          ],
          [
            120.48363,
            22.65194
          ],
          [
            120.48288,
            22.65198
          ],
          [
            120.48274,
            22.652
          ],
          [
            120.48231,
            22.65209
          ],
          [
            120.48167,
            22.65226
          ],
          [
            120.4813,
            22.65231
          ],
          [
            120.48111,
            22.65236
          ],
          [
            120.48092,
            22.6524
          ],
          [
            120.48074,
            22.65245
          ],
          [
            120.48003,
            22.65262
          ],
          [
            120.47911,
            22.65285
          ],
          [
            120.47897,
            22.65289
          ],
          [
            120.47856,
            22.65299
          ],
          [
            120.47845,
            22.65302
          ],
          [
            120.47845,
            22.65302
          ],
          [
            120.47848,
            22.65314
          ],
          [
            120.47854,
            22.65369
          ],
          [
            120.47858,
            22.65392
          ],
          [
            120.47862,
            22.6544
          ],
          [
            120.47863,
            22.654419999999998
          ],
          [
            120.47871,
            22.65492
          ],
          [
            120.47878,
            22.65525
          ],
          [
            120.47881,
            22.6554
          ],
          [
            120.47884,
            22.65556
          ],
          [
            120.47893,
            22.65586
          ],
          [
            120.47893,
            22.65586
          ],
          [
            120.47877,
            22.65595
          ],
          [
            120.47871,
            22.65598
          ],
          [
            120.47786,
            22.65643
          ],
          [
            120.47709,
            22.65684
          ],
          [
            120.4762,
            22.65729
          ],
          [
            120.47592,
            22.65743
          ],
          [
            120.47545,
            22.65767
          ],
          [
            120.47473,
            22.65803
          ],
          [
            120.47396,
            22.65842
          ],
          [
            120.47382,
            22.6585
          ],
          [
            120.47364,
            22.65858
          ],
          [
            120.4736,
            22.6586
          ],
          [
            120.47349,
            22.65866
          ],
          [
            120.47341,
            22.65871
          ],
          [
            120.47333,
            22.65875
          ],
          [
            120.47327,
            22.65879
          ],
          [
            120.47324,
            22.65883
          ],
          [
            120.47321,
            22.65887
          ],
          [
            120.47317,
            22.65894
          ],
          [
            120.47313,
            22.65906
          ],
          [
            120.4731,
            22.6593
          ],
          [
            120.47306,
            22.65958
          ],
          [
            120.47305,
            22.65971
          ],
          [
            120.47305,
            22.66014
          ],
          [
            120.47299,
            22.66105
          ],
          [
            120.47299,
            22.66105
          ],
          [
            120.47357,
            22.66109
          ],
          [
            120.47399,
            22.66113
          ],
          [
            120.47402,
            22.66113
          ],
          [
            120.47435,
            22.66116
          ],
          [
            120.47535,
            22.66124
          ],
          [
            120.47571,
            22.66126
          ],
          [
            120.47606,
            22.66128
          ],
          [
            120.47632,
            22.6613
          ],
          [
            120.47632,
            22.6613
          ],
          [
            120.47628,
            22.66188
          ]
        ]
      }
    },
    {
      "type": "Feature",
      "properties": {
        "feature_type": "route",
        "ref": "小黃公車705",
        "name": "小黃公車705",
        "name_en": "小黃公車705",
        "color": "#86198f",
        "direction": 1
      },
      "geometry": {
        "type": "LineString",
        "coordinates": [
          [
            120.47581,
            22.66782
          ],
          [
            120.47578,
            22.66807
          ],
          [
            120.47578,
            22.66815
          ],
          [
            120.47574,
            22.6685
          ],
          [
            120.47573,
            22.66855
          ],
          [
            120.47571,
            22.66869
          ],
          [
            120.47571,
            22.66872
          ],
          [
            120.47569,
            22.66913
          ],
          [
            120.47569,
            22.66913
          ],
          [
            120.47616,
            22.66923
          ],
          [
            120.47648,
            22.6693
          ],
          [
            120.47703,
            22.66941
          ],
          [
            120.47706,
            22.66941
          ],
          [
            120.47756,
            22.6695
          ]
        ]
      }
    },
    {
      "type": "Feature",
      "properties": {
        "feature_type": "route",
        "ref": "小黃公車705",
        "name": "小黃公車705",
        "name_en": "小黃公車705",
        "color": "#86198f",
        "direction": 1
      },
      "geometry": {
        "type": "LineString",
        "coordinates": [
          [
            120.51258,
            22.66006
          ],
          [
            120.51268,
            22.66014
          ],
          [
            120.51295,
            22.66031
          ],
          [
            120.5132,
            22.66048
          ],
          [
            120.51332,
            22.66063
          ],
          [
            120.51339,
            22.66072
          ],
          [
            120.51343,
            22.66078
          ],
          [
            120.51347,
            22.66085
          ],
          [
            120.51353,
            22.66096
          ],
          [
            120.51364,
            22.66124
          ],
          [
            120.5137,
            22.66143
          ],
          [
            120.51371,
            22.66147
          ],
          [
            120.51373,
            22.66156
          ],
          [
            120.51376,
            22.66172
          ],
          [
            120.51377,
            22.66188
          ],
          [
            120.51375,
            22.662
          ],
          [
            120.51374,
            22.66207
          ],
          [
            120.51373,
            22.66214
          ],
          [
            120.51367,
            22.66232
          ],
          [
            120.51397,
            22.66237
          ]
        ]
      }
    },
    {
      "type": "Feature",
      "properties": {
        "feature_type": "route",
        "ref": "小黃公車705",
        "name": "小黃公車705",
        "name_en": "小黃公車705",
        "color": "#86198f",
        "direction": 1
      },
      "geometry": {
        "type": "LineString",
        "coordinates": [
          [
            120.5433,
            22.67131
          ],
          [
            120.5433,
            22.67131
          ]
        ]
      }
    },
    {
      "type": "Feature",
      "properties": {
        "feature_type": "route",
        "ref": "小黃公車705",
        "name": "小黃公車705",
        "name_en": "小黃公車705",
        "color": "#86198f",
        "direction": 1
      },
      "geometry": {
        "type": "LineString",
        "coordinates": [
          [
            120.55455,
            22.66082
          ],
          [
            120.5545,
            22.66076
          ],
          [
            120.55434,
            22.66057
          ],
          [
            120.55361,
            22.65978
          ],
          [
            120.55358,
            22.65975
          ],
          [
            120.553,
            22.65912
          ],
          [
            120.5529,
            22.65901
          ],
          [
            120.55282,
            22.65892
          ],
          [
            120.55226,
            22.6583
          ],
          [
            120.55218,
            22.65821
          ],
          [
            120.55153,
            22.65752
          ],
          [
            120.55106,
            22.65702
          ],
          [
            120.55044,
            22.65635
          ],
          [
            120.55044,
            22.65635
          ],
          [
            120.55038,
            22.6563
          ],
          [
            120.55053,
            22.65618
          ],
          [
            120.55058,
            22.65614
          ],
          [
            120.55155,
            22.6554
          ],
          [
            120.55155,
            22.6554
          ],
          [
            120.55163,
            22.65535
          ],
          [
            120.5517,
            22.65539
          ],
          [
            120.55173,
            22.65542
          ],
          [
            120.55176,
            22.65544
          ],
          [
            120.55178,
            22.65546
          ],
          [
            120.5518,
            22.65548
          ],
          [
            120.5518,
            22.65549
          ],
          [
            120.55181,
            22.6555
          ],
          [
            120.55182,
            22.65552
          ],
          [
            120.55217,
            22.65584
          ],
          [
            120.55274,
            22.65632
          ],
          [
            120.55289,
            22.65644
          ],
          [
            120.55361,
            22.65705
          ],
          [
            120.55375,
            22.65717
          ],
          [
            120.5559,
            22.659
          ],
          [
            120.55611,
            22.65917
          ],
          [
            120.55622,
            22.65927
          ]
        ]
      }
    },
    {
      "type": "Feature",
      "properties": {
        "feature_type": "station",
        "ref": "PIF311651",
        "name": "江山美景福德正神廟(預約站)",
        "name_en": "Beautiful scenery of Jiangshan Temple(Reservation station)",
        "line": "小黃公車705",
        "color": "#86198f",
        "direction": 0
      },
      "geometry": {
        "type": "Point",
        "coordinates": [
          120.59343,
          22.6237
        ]
      }
    },
    {
      "type": "Feature",
      "properties": {
        "feature_type": "station",
        "ref": "PIF307816",
        "name": "老埤五穀宮",
        "name_en": "Lao Pi Wu Gu Temple",
        "line": "小黃公車705",
        "color": "#86198f",
        "direction": 0
      },
      "geometry": {
        "type": "Point",
        "coordinates": [
          120.59763,
          22.63208
        ]
      }
    },
    {
      "type": "Feature",
      "properties": {
        "feature_type": "station",
        "ref": "PIF307818",
        "name": "屏東科技大學",
        "name_en": "National Pingtung University of Science and Technology",
        "line": "小黃公車705",
        "color": "#86198f",
        "direction": 0
      },
      "geometry": {
        "type": "Point",
        "coordinates": [
          120.59556,
          22.64115
        ]
      }
    },
    {
      "type": "Feature",
      "properties": {
        "feature_type": "station",
        "ref": "PIF307820",
        "name": "內埔東片社區",
        "name_en": "Neipu Dong Pian Community",
        "line": "小黃公車705",
        "color": "#86198f",
        "direction": 0
      },
      "geometry": {
        "type": "Point",
        "coordinates": [
          120.58468,
          22.6464
        ]
      }
    },
    {
      "type": "Feature",
      "properties": {
        "feature_type": "station",
        "ref": "PIF307822",
        "name": "元帥宮",
        "name_en": "Yuan Shuai Temple",
        "line": "小黃公車705",
        "color": "#86198f",
        "direction": 0
      },
      "geometry": {
        "type": "Point",
        "coordinates": [
          120.57297,
          22.65057
        ]
      }
    },
    {
      "type": "Feature",
      "properties": {
        "feature_type": "station",
        "ref": "PIF307824",
        "name": "內埔建興社區",
        "name_en": "Neipu Jianxing Community",
        "line": "小黃公車705",
        "color": "#86198f",
        "direction": 0
      },
      "geometry": {
        "type": "Point",
        "coordinates": [
          120.56864,
          22.6593
        ]
      }
    },
    {
      "type": "Feature",
      "properties": {
        "feature_type": "station",
        "ref": "PIF311653",
        "name": "大新青龍宮",
        "name_en": "Daxin Qinglong Palace",
        "line": "小黃公車705",
        "color": "#86198f",
        "direction": 0
      },
      "geometry": {
        "type": "Point",
        "coordinates": [
          120.57946,
          22.66566
        ]
      }
    },
    {
      "type": "Feature",
      "properties": {
        "feature_type": "station",
        "ref": "PIF311656",
        "name": "頂大新(榕樹下)(預約站)",
        "name_en": "Ding Daxin rong shusia(Reservation station)",
        "line": "小黃公車705",
        "color": "#86198f",
        "direction": 0
      },
      "geometry": {
        "type": "Point",
        "coordinates": [
          120.58519,
          22.6691
        ]
      }
    },
    {
      "type": "Feature",
      "properties": {
        "feature_type": "station",
        "ref": "PIF311657",
        "name": "屏安醫院",
        "name_en": "Ping&#39;an Hospital",
        "line": "小黃公車705",
        "color": "#86198f",
        "direction": 0
      },
      "geometry": {
        "type": "Point",
        "coordinates": [
          120.56809,
          22.66985
        ]
      }
    },
    {
      "type": "Feature",
      "properties": {
        "feature_type": "station",
        "ref": "PIF311658",
        "name": "佑青醫院(預約站)",
        "name_en": "U Ching Hospital(Reservation station)",
        "line": "小黃公車705",
        "color": "#86198f",
        "direction": 0
      },
      "geometry": {
        "type": "Point",
        "coordinates": [
          120.56761,
          22.66573
        ]
      }
    },
    {
      "type": "Feature",
      "properties": {
        "feature_type": "station",
        "ref": "PIF311662",
        "name": "六堆客家文化園區",
        "name_en": "Liudui Hakka Cultural Park",
        "line": "小黃公車705",
        "color": "#86198f",
        "direction": 0
      },
      "geometry": {
        "type": "Point",
        "coordinates": [
          120.55749,
          22.65937
        ]
      }
    },
    {
      "type": "Feature",
      "properties": {
        "feature_type": "station",
        "ref": "PIF311666",
        "name": "進興日間照顧服務中心",
        "name_en": "Chin Hing Day Care Service Centre",
        "line": "小黃公車705",
        "color": "#86198f",
        "direction": 0
      },
      "geometry": {
        "type": "Point",
        "coordinates": [
          120.54402,
          22.67148
        ]
      }
    },
    {
      "type": "Feature",
      "properties": {
        "feature_type": "station",
        "ref": "PIF311669",
        "name": "上寮三太子宮",
        "name_en": "Shangliao San Taizi Palace",
        "line": "小黃公車705",
        "color": "#86198f",
        "direction": 0
      },
      "geometry": {
        "type": "Point",
        "coordinates": [
          120.54163,
          22.67553
        ]
      }
    },
    {
      "type": "Feature",
      "properties": {
        "feature_type": "station",
        "ref": "PIF307826",
        "name": "長治復興社區",
        "name_en": "changjhih Fuxing Community",
        "line": "小黃公車705",
        "color": "#86198f",
        "direction": 0
      },
      "geometry": {
        "type": "Point",
        "coordinates": [
          120.54233,
          22.68201
        ]
      }
    },
    {
      "type": "Feature",
      "properties": {
        "feature_type": "station",
        "ref": "PIF311815",
        "name": "長治衛生所",
        "name_en": "Changzhi Health Center)",
        "line": "小黃公車705",
        "color": "#86198f",
        "direction": 0
      },
      "geometry": {
        "type": "Point",
        "coordinates": [
          120.52679,
          22.67684
        ]
      }
    },
    {
      "type": "Feature",
      "properties": {
        "feature_type": "station",
        "ref": "PIF311816",
        "name": "香潭托兒所",
        "name_en": "Xiang-Tan Kindergarten",
        "line": "小黃公車705",
        "color": "#86198f",
        "direction": 0
      },
      "geometry": {
        "type": "Point",
        "coordinates": [
          120.52165,
          22.67019
        ]
      }
    },
    {
      "type": "Feature",
      "properties": {
        "feature_type": "station",
        "ref": "PIF307828",
        "name": "太子宮站",
        "name_en": "Tai-Zi Temple  Station",
        "line": "小黃公車705",
        "color": "#86198f",
        "direction": 0
      },
      "geometry": {
        "type": "Point",
        "coordinates": [
          120.5205,
          22.66972
        ]
      }
    },
    {
      "type": "Feature",
      "properties": {
        "feature_type": "station",
        "ref": "PIF312009",
        "name": "國仁醫院(預約站)",
        "name_en": "Golden Hospital",
        "line": "小黃公車705",
        "color": "#86198f",
        "direction": 0
      },
      "geometry": {
        "type": "Point",
        "coordinates": [
          120.51448,
          22.65825
        ]
      }
    },
    {
      "type": "Feature",
      "properties": {
        "feature_type": "station",
        "ref": "PIF307814",
        "name": "屏東大學民生校區(預約站)",
        "name_en": "National Pingtung University Minsheng Campus(Reservation station)",
        "line": "小黃公車705",
        "color": "#86198f",
        "direction": 0
      },
      "geometry": {
        "type": "Point",
        "coordinates": [
          120.50455,
          22.66389
        ]
      }
    },
    {
      "type": "Feature",
      "properties": {
        "feature_type": "station",
        "ref": "PIF305785",
        "name": "屏東基督教醫院",
        "name_en": "Pingtung Christian Hospital",
        "line": "小黃公車705",
        "color": "#86198f",
        "direction": 0
      },
      "geometry": {
        "type": "Point",
        "coordinates": [
          120.5028,
          22.6828
        ]
      }
    },
    {
      "type": "Feature",
      "properties": {
        "feature_type": "station",
        "ref": "PIF305786",
        "name": "屏東總圖",
        "name_en": "Pingtung County Library",
        "line": "小黃公車705",
        "color": "#86198f",
        "direction": 0
      },
      "geometry": {
        "type": "Point",
        "coordinates": [
          120.49816,
          22.679644
        ]
      }
    },
    {
      "type": "Feature",
      "properties": {
        "feature_type": "station",
        "ref": "PIF305788",
        "name": "屏東醫院",
        "name_en": "Pingtung Hospital",
        "line": "小黃公車705",
        "color": "#86198f",
        "direction": 0
      },
      "geometry": {
        "type": "Point",
        "coordinates": [
          120.496545,
          22.67362
        ]
      }
    },
    {
      "type": "Feature",
      "properties": {
        "feature_type": "station",
        "ref": "PIF305777",
        "name": "屏東轉運站",
        "name_en": "Pingtung Bus Station",
        "line": "小黃公車705",
        "color": "#86198f",
        "direction": 0
      },
      "geometry": {
        "type": "Point",
        "coordinates": [
          120.48548,
          22.66965
        ]
      }
    },
    {
      "type": "Feature",
      "properties": {
        "feature_type": "station",
        "ref": "PIF311613",
        "name": "屏東西市場(預約站)",
        "name_en": "Pingtung West Market",
        "line": "小黃公車705",
        "color": "#86198f",
        "direction": 0
      },
      "geometry": {
        "type": "Point",
        "coordinates": [
          120.47829,
          22.67367
        ]
      }
    },
    {
      "type": "Feature",
      "properties": {
        "feature_type": "station",
        "ref": "PIF308262",
        "name": "屏東榮民總醫院",
        "name_en": "Pingtung Veterans General Hospital",
        "line": "小黃公車705",
        "color": "#86198f",
        "direction": 0
      },
      "geometry": {
        "type": "Point",
        "coordinates": [
          120.476091,
          22.662677
        ]
      }
    },
    {
      "type": "Feature",
      "properties": {
        "feature_type": "station",
        "ref": "PIF308262",
        "name": "屏東榮民總醫院",
        "name_en": "Pingtung Veterans General Hospital",
        "line": "小黃公車705",
        "color": "#86198f",
        "direction": 1
      },
      "geometry": {
        "type": "Point",
        "coordinates": [
          120.476091,
          22.662677
        ]
      }
    },
    {
      "type": "Feature",
      "properties": {
        "feature_type": "station",
        "ref": "PIF311635",
        "name": "屏東西市場(預約站)",
        "name_en": "Pingtung West Market(Reservation station)",
        "line": "小黃公車705",
        "color": "#86198f",
        "direction": 1
      },
      "geometry": {
        "type": "Point",
        "coordinates": [
          120.47801,
          22.67443
        ]
      }
    },
    {
      "type": "Feature",
      "properties": {
        "feature_type": "station",
        "ref": "PIF305777",
        "name": "屏東轉運站",
        "name_en": "Pingtung Bus Station",
        "line": "小黃公車705",
        "color": "#86198f",
        "direction": 1
      },
      "geometry": {
        "type": "Point",
        "coordinates": [
          120.48548,
          22.66965
        ]
      }
    },
    {
      "type": "Feature",
      "properties": {
        "feature_type": "station",
        "ref": "PIF305789",
        "name": "屏東醫院",
        "name_en": "Pingtung Hospital",
        "line": "小黃公車705",
        "color": "#86198f",
        "direction": 1
      },
      "geometry": {
        "type": "Point",
        "coordinates": [
          120.49627,
          22.67365
        ]
      }
    },
    {
      "type": "Feature",
      "properties": {
        "feature_type": "station",
        "ref": "PIF305787",
        "name": "屏東總圖",
        "name_en": "Pingtung County Library",
        "line": "小黃公車705",
        "color": "#86198f",
        "direction": 1
      },
      "geometry": {
        "type": "Point",
        "coordinates": [
          120.49837,
          22.67941
        ]
      }
    },
    {
      "type": "Feature",
      "properties": {
        "feature_type": "station",
        "ref": "PIF305785",
        "name": "屏東基督教醫院",
        "name_en": "Pingtung Christian Hospital",
        "line": "小黃公車705",
        "color": "#86198f",
        "direction": 1
      },
      "geometry": {
        "type": "Point",
        "coordinates": [
          120.5028,
          22.6828
        ]
      }
    },
    {
      "type": "Feature",
      "properties": {
        "feature_type": "station",
        "ref": "PIF307815",
        "name": "屏東大學民生校區(預約站)",
        "name_en": "National Pingtung University Minsheng Campus(Reservation station)",
        "line": "小黃公車705",
        "color": "#86198f",
        "direction": 1
      },
      "geometry": {
        "type": "Point",
        "coordinates": [
          120.50406,
          22.66389
        ]
      }
    },
    {
      "type": "Feature",
      "properties": {
        "feature_type": "station",
        "ref": "PIF312009",
        "name": "國仁醫院(預約站)",
        "name_en": "Golden Hospital",
        "line": "小黃公車705",
        "color": "#86198f",
        "direction": 1
      },
      "geometry": {
        "type": "Point",
        "coordinates": [
          120.51448,
          22.65825
        ]
      }
    },
    {
      "type": "Feature",
      "properties": {
        "feature_type": "station",
        "ref": "PIF305820",
        "name": "太子宮站",
        "name_en": "Tai-Zi Temple  Station",
        "line": "小黃公車705",
        "color": "#86198f",
        "direction": 1
      },
      "geometry": {
        "type": "Point",
        "coordinates": [
          120.52048,
          22.66965
        ]
      }
    },
    {
      "type": "Feature",
      "properties": {
        "feature_type": "station",
        "ref": "PIF305821",
        "name": "香潭托兒所",
        "name_en": "Xiang-Tan Kindergarten",
        "line": "小黃公車705",
        "color": "#86198f",
        "direction": 1
      },
      "geometry": {
        "type": "Point",
        "coordinates": [
          120.5218,
          22.67027
        ]
      }
    },
    {
      "type": "Feature",
      "properties": {
        "feature_type": "station",
        "ref": "PIF305822",
        "name": "長治衛生所",
        "name_en": "Changzhi Health Center",
        "line": "小黃公車705",
        "color": "#86198f",
        "direction": 1
      },
      "geometry": {
        "type": "Point",
        "coordinates": [
          120.52681,
          22.67663
        ]
      }
    },
    {
      "type": "Feature",
      "properties": {
        "feature_type": "station",
        "ref": "PIF307827",
        "name": "長治復興社區",
        "name_en": "changjhih Fuxing Community",
        "line": "小黃公車705",
        "color": "#86198f",
        "direction": 1
      },
      "geometry": {
        "type": "Point",
        "coordinates": [
          120.54233,
          22.68201
        ]
      }
    },
    {
      "type": "Feature",
      "properties": {
        "feature_type": "station",
        "ref": "PIF311671",
        "name": "上寮三太子宮",
        "name_en": "Shangliao San Taizi Palace",
        "line": "小黃公車705",
        "color": "#86198f",
        "direction": 1
      },
      "geometry": {
        "type": "Point",
        "coordinates": [
          120.54154,
          22.67565
        ]
      }
    },
    {
      "type": "Feature",
      "properties": {
        "feature_type": "station",
        "ref": "PIF311667",
        "name": "進興日間照顧服務中心",
        "name_en": "Chin Hing Day Care Service Centre",
        "line": "小黃公車705",
        "color": "#86198f",
        "direction": 1
      },
      "geometry": {
        "type": "Point",
        "coordinates": [
          120.54358,
          22.6711
        ]
      }
    },
    {
      "type": "Feature",
      "properties": {
        "feature_type": "station",
        "ref": "PIF311662",
        "name": "六堆客家文化園區",
        "name_en": "Liudui Hakka Cultural Park",
        "line": "小黃公車705",
        "color": "#86198f",
        "direction": 1
      },
      "geometry": {
        "type": "Point",
        "coordinates": [
          120.55749,
          22.65937
        ]
      }
    },
    {
      "type": "Feature",
      "properties": {
        "feature_type": "station",
        "ref": "PIF311658",
        "name": "佑青醫院(預約站)",
        "name_en": "U Ching Hospital(Reservation station)",
        "line": "小黃公車705",
        "color": "#86198f",
        "direction": 1
      },
      "geometry": {
        "type": "Point",
        "coordinates": [
          120.56761,
          22.66573
        ]
      }
    },
    {
      "type": "Feature",
      "properties": {
        "feature_type": "station",
        "ref": "PIF311657",
        "name": "屏安醫院",
        "name_en": "Ping&#39;an Hospital",
        "line": "小黃公車705",
        "color": "#86198f",
        "direction": 1
      },
      "geometry": {
        "type": "Point",
        "coordinates": [
          120.56809,
          22.66985
        ]
      }
    },
    {
      "type": "Feature",
      "properties": {
        "feature_type": "station",
        "ref": "PIF311656",
        "name": "頂大新(榕樹下)(預約站)",
        "name_en": "Ding Daxin rong shusia(Reservation station)",
        "line": "小黃公車705",
        "color": "#86198f",
        "direction": 1
      },
      "geometry": {
        "type": "Point",
        "coordinates": [
          120.58519,
          22.6691
        ]
      }
    },
    {
      "type": "Feature",
      "properties": {
        "feature_type": "station",
        "ref": "PIF311654",
        "name": "大新青龍宮",
        "name_en": "Daxin Qinglong Palace",
        "line": "小黃公車705",
        "color": "#86198f",
        "direction": 1
      },
      "geometry": {
        "type": "Point",
        "coordinates": [
          120.57937,
          22.66578
        ]
      }
    },
    {
      "type": "Feature",
      "properties": {
        "feature_type": "station",
        "ref": "PIF307825",
        "name": "內埔建興社區",
        "name_en": "Neipu Jianxing Community",
        "line": "小黃公車705",
        "color": "#86198f",
        "direction": 1
      },
      "geometry": {
        "type": "Point",
        "coordinates": [
          120.56864,
          22.65936
        ]
      }
    },
    {
      "type": "Feature",
      "properties": {
        "feature_type": "station",
        "ref": "PIF307823",
        "name": "元帥宮",
        "name_en": "Yuan Shuai Temple",
        "line": "小黃公車705",
        "color": "#86198f",
        "direction": 1
      },
      "geometry": {
        "type": "Point",
        "coordinates": [
          120.57304,
          22.65058
        ]
      }
    },
    {
      "type": "Feature",
      "properties": {
        "feature_type": "station",
        "ref": "PIF307821",
        "name": "內埔東片社區",
        "name_en": "Neipu Dong Pian Community",
        "line": "小黃公車705",
        "color": "#86198f",
        "direction": 1
      },
      "geometry": {
        "type": "Point",
        "coordinates": [
          120.58467,
          22.64632
        ]
      }
    },
    {
      "type": "Feature",
      "properties": {
        "feature_type": "station",
        "ref": "PIF307819",
        "name": "屏東科技大學",
        "name_en": "National Pingtung University of Science and Technology",
        "line": "小黃公車705",
        "color": "#86198f",
        "direction": 1
      },
      "geometry": {
        "type": "Point",
        "coordinates": [
          120.59545,
          22.64124
        ]
      }
    },
    {
      "type": "Feature",
      "properties": {
        "feature_type": "station",
        "ref": "PIF307817",
        "name": "老埤五穀宮",
        "name_en": "Lao Pi Wu Gu Temple",
        "line": "小黃公車705",
        "color": "#86198f",
        "direction": 1
      },
      "geometry": {
        "type": "Point",
        "coordinates": [
          120.59761,
          22.63197
        ]
      }
    },
    {
      "type": "Feature",
      "properties": {
        "feature_type": "station",
        "ref": "PIF311652",
        "name": "江山美景福德正神廟(預約站)",
        "name_en": "Beautiful scenery of Jiangshan Temple(Reservation station)",
        "line": "小黃公車705",
        "color": "#86198f",
        "direction": 1
      },
      "geometry": {
        "type": "Point",
        "coordinates": [
          120.59347,
          22.62386
        ]
      }
    }
  ]
}
