{
  "type": "FeatureCollection",
  "name": "南環幹線",
  "properties": {
    "id": "taipei_ganxian_13523c0d64",
    "name": "南環幹線",
    "name_en": "南環幹線",
    "ref": "南環幹線",
    "color": "#0891b2",
    "city_id": "Taipei",
    "source": "TDX Bus Shape / StopOfRoute",
    "official_map_url": "https://ebus.gov.taipei/File/Get/fe353423-1fa9-42e4-8a65-5717ccc31542?v=639234358265069499",
    "operator_id": "100",
    "operator": "臺北客運",
    "operator_en": "Taipei Bus Co., Ltd."
  },
  "features": [
    {
      "type": "Feature",
      "properties": {
        "feature_type": "route",
        "ref": "南環幹線",
        "name": "南環幹線",
        "name_en": "南環幹線",
        "color": "#0891b2",
        "direction": 0
      },
      "geometry": {
        "type": "LineString",
        "coordinates": [
          [
            121.48343200055535,
            24.96030889296116
          ],
          [
            121.48344475661564,
            24.960215549691263
          ],
          [
            121.483455108903,
            24.960152131677226
          ],
          [
            121.48349622441307,
            24.960091200748227
          ],
          [
            121.48354485141054,
            24.960079372976164
          ],
          [
            121.48368005818399,
            24.960149622757218
          ],
          [
            121.48391251895241,
            24.960282237030547
          ],
          [
            121.48410584091792,
            24.960379367934692
          ],
          [
            121.48431181380967,
            24.960413775911874
          ],
          [
            121.48446046219217,
            24.96041986899016
          ],
          [
            121.48459132020976,
            24.960399797672306
          ],
          [
            121.48484868748903,
            24.960339225282496
          ],
          [
            121.48594457396864,
            24.960012348912993
          ],
          [
            121.48614224469003,
            24.959927045507076
          ],
          [
            121.48625214961115,
            24.959804466559785
          ],
          [
            121.486287730341,
            24.959729915561386
          ],
          [
            121.48629642785272,
            24.959617372141732
          ],
          [
            121.48628298624368,
            24.959383682928976
          ],
          [
            121.48623159185613,
            24.959155011153303
          ],
          [
            121.4861272217152,
            24.958769350581857
          ],
          [
            121.48609164098534,
            24.958595157771512
          ],
          [
            121.4860884782538,
            24.958431000535352
          ],
          [
            121.48611931488635,
            24.958320606463037
          ],
          [
            121.4861991738578,
            24.958257524091554
          ],
          [
            121.48631303219335,
            24.958206628063728
          ],
          [
            121.4864751221849,
            24.95820232698999
          ],
          [
            121.48664274695668,
            24.9582790294491
          ],
          [
            121.48684120836099,
            24.9584689932776
          ],
          [
            121.48696297352537,
            24.958668275771302
          ],
          [
            121.48725789824177,
            24.959236014056593
          ],
          [
            121.487304548532,
            24.959329920010507
          ],
          [
            121.48733064106723,
            24.959481172961237
          ],
          [
            121.48730850194643,
            24.959721313520202
          ],
          [
            121.48730059511755,
            24.95983242317254
          ],
          [
            121.48734250131048,
            24.95996790512905
          ],
          [
            121.48748561491277,
            24.96001664992349
          ],
          [
            121.48757021798156,
            24.959986542846853
          ],
          [
            121.4877378427533,
            24.959595150180466
          ],
          [
            121.48789123523316,
            24.95917723319403
          ],
          [
            121.48807309229689,
            24.958772217951164
          ],
          [
            121.48832927355183,
            24.958268993616052
          ],
          [
            121.48843443437562,
            24.958048205081866
          ],
          [
            121.48868270880173,
            24.957488346666537
          ],
          [
            121.4889610291775,
            24.956988701346894
          ],
          [
            121.48914604897276,
            24.956739236353723
          ],
          [
            121.48939748613041,
            24.956552854132358
          ],
          [
            121.48957934319412,
            24.956476150597762
          ],
          [
            121.4897469679659,
            24.956486903432594
          ],
          [
            121.49008221750942,
            24.95662740705476
          ],
          [
            121.49023323794059,
            24.956617371087066
          ],
          [
            121.49052737197405,
            24.956554287842827
          ],
          [
            121.49081676191021,
            24.956428838113347
          ],
          [
            121.4910508040444,
            24.956239587993846
          ],
          [
            121.49151493489828,
            24.955737787026283
          ],
          [
            121.49180116210294,
            24.955398711786017
          ],
          [
            121.4920628781381,
            24.955162147111885
          ],
          [
            121.49224868861623,
            24.955081858391903
          ],
          [
            121.49247956801885,
            24.955010171990523
          ],
          [
            121.49301169760092,
            24.954765004182363
          ],
          [
            121.49350271167296,
            24.954413739512876
          ],
          [
            121.49384586804534,
            24.95421445013238
          ],
          [
            121.4940538176443,
            24.95410691975713
          ],
          [
            121.49416925734559,
            24.954078961844182
          ],
          [
            121.49424358153685,
            24.954072510017216
          ],
          [
            121.4944902745972,
            24.954241691145867
          ],
          [
            121.49476701360717,
            24.954445998554927
          ],
          [
            121.4949749632061,
            24.95455567923467
          ],
          [
            121.49579648272434,
            24.954867515927624
          ],
          [
            121.49670260531134,
            24.95521232753529
          ],
          [
            121.49759607697217,
            24.955547102122367
          ],
          [
            121.4979463494905,
            24.95568402251561
          ],
          [
            121.49832350522699,
            24.955929905352633
          ],
          [
            121.49869512618329,
            24.956145679682628
          ],
          [
            121.49909679308921,
            24.95639801330312
          ],
          [
            121.49965343384073,
            24.956734935228724
          ],
          [
            121.49984715114772,
            24.956812355455817
          ],
          [
            121.50042514033717,
            24.956935654235497
          ],
          [
            121.50074694827164,
            24.9570245439768
          ],
          [
            121.50140005233523,
            24.95720519067267
          ],
          [
            121.50179064968079,
            24.9573012487284
          ],
          [
            121.50210850420083,
            24.95736433158989
          ],
          [
            121.50229510536187,
            24.957423113318104
          ],
          [
            121.5027655616788,
            24.957551429432172
          ],
          [
            121.50313006648909,
            24.95764533667112
          ],
          [
            121.50349140856785,
            24.957701967719533
          ],
          [
            121.50456357456089,
            24.957909136775918
          ],
          [
            121.50521114384426,
            24.95804318715604
          ],
          [
            121.50564760079718,
            24.958086197942265
          ],
          [
            121.50629121666611,
            24.958053223007504
          ],
          [
            121.50652604948317,
            24.958076878939856
          ],
          [
            121.50730882554001,
            24.95827401153268
          ],
          [
            121.50781486258684,
            24.958417380492826
          ],
          [
            121.50825052885685,
            24.958606627264555
          ],
          [
            121.50875735658659,
            24.95883816742666
          ],
          [
            121.50947687801259,
            24.959152143792917
          ],
          [
            121.50977496546045,
            24.95927544022917
          ],
          [
            121.51014816778248,
            24.959443897369777
          ],
          [
            121.51056960176057,
            24.959647479308657
          ],
          [
            121.51096257115474,
            24.959815219103895
          ],
          [
            121.51140930698517,
            24.960109121612824
          ],
          [
            121.51182046208574,
            24.960445316549166
          ],
          [
            121.51226008177015,
            24.960841724324325
          ],
          [
            121.51234863825336,
            24.961046737609543
          ],
          [
            121.5124348226879,
            24.961271821732236
          ],
          [
            121.51249491458721,
            24.96150479053404
          ],
          [
            121.51255421580366,
            24.96174564397016
          ],
          [
            121.51265621389591,
            24.962107640063554
          ],
          [
            121.51277876974315,
            24.962400820277704
          ],
          [
            121.5129147671995,
            24.962587193644897
          ],
          [
            121.51310453109205,
            24.96275851352964
          ],
          [
            121.51338443283359,
            24.962889691355507
          ],
          [
            121.5136935898419,
            24.963048108106374
          ],
          [
            121.51430004361522,
            24.963393613615914
          ],
          [
            121.5147436167141,
            24.963568516450135
          ],
          [
            121.51522830532303,
            24.96368392351202
          ],
          [
            121.51576122558797,
            24.963703277480743
          ],
          [
            121.51615419498218,
            24.96372979958109
          ],
          [
            121.51658432647199,
            24.96375488804913
          ],
          [
            121.51693301762458,
            24.963795029587367
          ],
          [
            121.51734575409087,
            24.963882480750314
          ],
          [
            121.51788658118467,
            24.963982117655323
          ],
          [
            121.51821313321646,
            24.963982834467302
          ],
          [
            121.51861400943955,
            24.96396993185113
          ],
          [
            121.51939125071618,
            24.963918321372915
          ],
          [
            121.52027523418238,
            24.96385739230828
          ],
          [
            121.52128335486161,
            24.96377782607258
          ],
          [
            121.52167237084137,
            24.963762056181917
          ],
          [
            121.52219501222879,
            24.963703994294338
          ],
          [
            121.52300229945509,
            24.96363159609985
          ],
          [
            121.52348461601535,
            24.963567082821356
          ],
          [
            121.5251624450988,
            24.9631893210563
          ],
          [
            121.52608279997774,
            24.962980727250834
          ],
          [
            121.52643070044745,
            24.962883239990283
          ],
          [
            121.52675725247921,
            24.96274346032756
          ],
          [
            121.52709803680295,
            24.962529131203066
          ],
          [
            121.52756691175418,
            24.962197959714956
          ],
          [
            121.52776221042694,
            24.96202018763951
          ],
          [
            121.52805713514329,
            24.96188972571111
          ],
          [
            121.5286533100391,
            24.961666793194745
          ],
          [
            121.52921311352218,
            24.96146464824886
          ],
          [
            121.52982905549013,
            24.961230962543084
          ],
          [
            121.53025207083398,
            24.96106967613769
          ],
          [
            121.53080080475665,
            24.960984373464505
          ],
          [
            121.53116056546962,
            24.960939930031525
          ],
          [
            121.53182078567919,
            24.960682587902497
          ],
          [
            121.53204771166737,
            24.960579364167522
          ],
          [
            121.53209594332343,
            24.960524168107046
          ],
          [
            121.5323331481891,
            24.960317720284845
          ],
          [
            121.53244542515888,
            24.960266108275192
          ],
          [
            121.5325434698367,
            24.960257506271482
          ],
          [
            121.5329475087913,
            24.96033779161609
          ],
          [
            121.53334838501429,
            24.960428112566177
          ],
          [
            121.53415488155771,
            24.960629542382833
          ],
          [
            121.53521914072185,
            24.960903371711716
          ],
          [
            121.53626679554539,
            24.961163580692755
          ],
          [
            121.53674436800834,
            24.961285441458934
          ],
          [
            121.53737296090247,
            24.961422355469956
          ],
          [
            121.5379636010181,
            24.96157217219757
          ],
          [
            121.53850363742902,
            24.96170406811305
          ],
          [
            121.5389124204809,
            24.961800122658204
          ],
          [
            121.53901204652452,
            24.961815892800246
          ],
          [
            121.53904999930303,
            24.96181015820337
          ],
          [
            121.53904446452285,
            24.961766431893437
          ],
          [
            121.53895590803963,
            24.96157790680553
          ],
          [
            121.53879460873095,
            24.96119225382506
          ],
          [
            121.53863093737361,
            24.960762156139126
          ],
          [
            121.53847359147932,
            24.960384385765284
          ],
          [
            121.53830280397601,
            24.96000589739695
          ],
          [
            121.53794225258011,
            24.959149276432438
          ],
          [
            121.53788216068078,
            24.958962897859788
          ],
          [
            121.53778629038086,
            24.958944080776682
          ],
          [
            121.53751370245607,
            24.958724906349115
          ],
          [
            121.53734449631851,
            24.95861594622683
          ],
          [
            121.5372685907615,
            24.958472577497933
          ],
          [
            121.53724803300645,
            24.958261825163337
          ],
          [
            121.53725277710377,
            24.958141395095858
          ],
          [
            121.53735872861046,
            24.958141395095858
          ],
          [
            121.53747416831176,
            24.958223115511636
          ],
          [
            121.53753742294263,
            24.95834712972318
          ],
          [
            121.53755610216362,
            24.958403829465386
          ],
          [
            121.53751508615112,
            24.958488885699257
          ],
          [
            121.53743206444811,
            24.958546233203254
          ],
          [
            121.53745815698332,
            24.95861074911332
          ],
          [
            121.53761787492623,
            24.958737630304473
          ],
          [
            121.53775387238258,
            24.958859493472296
          ],
          [
            121.53789619530201,
            24.958906088181052
          ],
          [
            121.5380124256862,
            24.95896917022019
          ],
          [
            121.53806777348821,
            24.9590888826374
          ],
          [
            121.538138144265,
            24.95928386309166
          ],
          [
            121.53849948634377,
            24.96013044743829
          ],
          [
            121.53892487373629,
            24.96115695002995
          ],
          [
            121.53931230835028,
            24.962100292628666
          ],
          [
            121.53969499886696,
            24.962971946232358
          ],
          [
            121.54009508440713,
            24.96397261989626
          ],
          [
            121.54038447434328,
            24.964676527298128
          ],
          [
            121.54063274876938,
            24.965244237870554
          ],
          [
            121.54076242076263,
            24.96549081841453
          ],
          [
            121.54099330016525,
            24.96609866601744
          ],
          [
            121.54126213234642,
            24.96684556898428
          ],
          [
            121.54147561672553,
            24.967483515145602
          ],
          [
            121.54183142402411,
            24.96847555069575
          ],
          [
            121.54200695562466,
            24.968975149386132
          ],
          [
            121.54216351083606,
            24.969436756703086
          ],
          [
            121.54235248404572,
            24.969962872247667
          ],
          [
            121.5424932255994,
            24.97035709904235
          ],
          [
            121.5426300137386,
            24.970771394203524
          ],
          [
            121.54274861617148,
            24.971108276783685
          ],
          [
            121.54283480060603,
            24.971387100178955
          ],
          [
            121.54297158874523,
            24.971937577417695
          ],
          [
            121.54300321606068,
            24.97229739323999
          ],
          [
            121.54300400674356,
            24.97271383215081
          ],
          [
            121.54299689059758,
            24.973171841648714
          ],
          [
            121.54298678362295,
            24.974157052348772
          ],
          [
            121.54297835233903,
            24.97527482792633
          ],
          [
            121.54296465150267,
            24.975844220811464
          ],
          [
            121.54295938195021,
            24.97639928080174
          ],
          [
            121.54293724982993,
            24.97706802445118
          ],
          [
            121.54285609872227,
            24.97762307891892
          ],
          [
            121.54278970236143,
            24.97792878771096
          ],
          [
            121.54265796355031,
            24.978352957401352
          ],
          [
            121.54253149429161,
            24.978740823000003
          ],
          [
            121.54255889596432,
            24.9788382668744
          ],
          [
            121.5434810676423,
            24.97904175236318
          ],
          [
            121.54455394852022,
            24.979353189595464
          ],
          [
            121.54474892196073,
            24.979297780575
          ],
          [
            121.54521053475494,
            24.97861376371447
          ],
          [
            121.54571325005827,
            24.977931653727296
          ],
          [
            121.54593667908196,
            24.977560026386048
          ],
          [
            121.54625917569163,
            24.97713203258126
          ],
          [
            121.54675240580053,
            24.976427941318438
          ],
          [
            121.54698637392912,
            24.976113630620436
          ],
          [
            121.54703274599065,
            24.97605535408057
          ],
          [
            121.54714973005495,
            24.97607159508626
          ],
          [
            121.54816569976644,
            24.97673842982121
          ],
          [
            121.5513148745551,
            24.978722293810076
          ],
          [
            121.55207709285692,
            24.979193898680695
          ],
          [
            121.55244713244743,
            24.9794433181547
          ],
          [
            121.55290256578958,
            24.97962966570745
          ],
          [
            121.55356357668201,
            24.97983894800699
          ],
          [
            121.55415342611474,
            24.979990175748366
          ],
          [
            121.55470216003741,
            24.98013710299672
          ],
          [
            121.5555434466278,
            24.980357135181833
          ],
          [
            121.55664803061907,
            24.980646688336943
          ],
          [
            121.55730113468269,
            24.980837334349044
          ],
          [
            121.55824046595086,
            24.98107384966757
          ],
          [
            121.55872278251115,
            24.981197840849788
          ],
          [
            121.55972062431289,
            24.981442239287972
          ],
          [
            121.56032549672047,
            24.98159346505779
          ],
          [
            121.56115255101888,
            24.981774075686122
          ],
          [
            121.56193848980725,
            24.981958986292693
          ],
          [
            121.56249671192454,
            24.982068642451306
          ],
          [
            121.5631909314982,
            24.982229901330456
          ],
          [
            121.5641848198855,
            24.982451363179862
          ],
          [
            121.56480076185345,
            24.982601871005215
          ],
          [
            121.56527991568218,
            24.98273661118783
          ],
          [
            121.56568869873406,
            24.98287995164556
          ],
          [
            121.56626905997219,
            24.983083494808433
          ],
          [
            121.5668589094049,
            24.983282737437325
          ],
          [
            121.56754996624699,
            24.983514231165444
          ],
          [
            121.56845767019976,
            24.983820260904928
          ],
          [
            121.56906728670465,
            24.984055337096244
          ],
          [
            121.56971485598805,
            24.984301879936
          ],
          [
            121.56994336334203,
            24.984470302812685
          ],
          [
            121.57017977752483,
            24.984724011731846
          ],
          [
            121.57044465629153,
            24.985059422719747
          ],
          [
            121.57053795687204,
            24.985233578064125
          ],
          [
            121.57064865247602,
            24.98563420608863
          ],
          [
            121.57073641827638,
            24.986033399440746
          ],
          [
            121.57073483691059,
            24.9863301060477
          ],
          [
            121.57072613939884,
            24.98682174875256
          ],
          [
            121.5707119071069,
            24.987114870071117
          ],
          [
            121.57068739593744,
            24.98765596015594
          ],
          [
            121.57071823257,
            24.9876874938093
          ],
          [
            121.57079097539547,
            24.98769322719995
          ],
          [
            121.57131915156312,
            24.987621559797592
          ],
          [
            121.57159351852447,
            24.9875964761969
          ],
          [
            121.57182044451265,
            24.98764951008948
          ],
          [
            121.57212881083805,
            24.987767761254077
          ],
          [
            121.57295270240495,
            24.9880938472096
          ],
          [
            121.57319227931933,
            24.988136130819612
          ],
          [
            121.57347376242663,
            24.98812609742194
          ],
          [
            121.57365482880745,
            24.988055863615333
          ],
          [
            121.57397900879057,
            24.987964846275656
          ],
          [
            121.5744636973995,
            24.987870962177514
          ],
          [
            121.57559279256026,
            24.987664560244024
          ],
          [
            121.57567818631193,
            24.987686777135448
          ],
          [
            121.57580627693942,
            24.98776059452007
          ],
          [
            121.5759470184931,
            24.98789819574008
          ],
          [
            121.57613124760543,
            24.988069480376893
          ],
          [
            121.57643328846777,
            24.988342531961376
          ],
          [
            121.57663965670095,
            24.988502349274082
          ],
          [
            121.57688951249278,
            24.98860769958633
          ],
          [
            121.57701997516894,
            24.988644966341834
          ],
          [
            121.57705002111861,
            24.98872379982587
          ],
          [
            121.57694881370922,
            24.989178883040907
          ],
          [
            121.57689188454145,
            24.989414665650415
          ],
          [
            121.57689030317567,
            24.98982961327831
          ],
          [
            121.57688239634683,
            24.990298308914365
          ],
          [
            121.57688397771257,
            24.99063012141117
          ],
          [
            121.57687211746928,
            24.99092323364924
          ],
          [
            121.57677328210856,
            24.991181945826337
          ],
          [
            121.57662463372608,
            24.991411991376875
          ],
          [
            121.57634868539895,
            24.991630570083647
          ],
          [
            121.57583790425483,
            24.991897880563922
          ],
          [
            121.57546628329852,
            24.991975278664164
          ],
          [
            121.57523856662749,
            24.991965245579838
          ],
          [
            121.57479815626014,
            24.991870647887428
          ],
          [
            121.57424309687438,
            24.991730901163155
          ],
          [
            121.57381454675034,
            24.991693635343186
          ],
          [
            121.57377105919161,
            24.99172875121231
          ],
          [
            121.57372361821852,
            24.991832665460144
          ],
          [
            121.5737236182185,
            24.992183106655144
          ],
          [
            121.5738287790423,
            24.992921968150142
          ],
          [
            121.57389282435605,
            24.99338420222945
          ],
          [
            121.57391733552552,
            24.99389158275237
          ],
          [
            121.57395766035268,
            24.994320131336345
          ],
          [
            121.57399877586273,
            24.994749395058705
          ],
          [
            121.57408575098017,
            24.99499090003311
          ],
          [
            121.5743055608224,
            24.995227388123812
          ],
          [
            121.57466136812094,
            24.99537214727602
          ],
          [
            121.57552163110056,
            24.995909617883978
          ],
          [
            121.57570665089584,
            24.996048643231923
          ],
          [
            121.57622533886884,
            24.99636252462468
          ],
          [
            121.57726824959508,
            24.996948004440934
          ],
          [
            121.57795851575428,
            24.997354327226986
          ],
          [
            121.57992573477391,
            24.998573287524074
          ],
          [
            121.58236024737894,
            25.000017965551294
          ],
          [
            121.58257926653827,
            25.000041613413423
          ],
          [
            121.58280461116071,
            25.00002584817251
          ],
          [
            121.58295958500631,
            25.000053795643648
          ],
          [
            121.58317386006834,
            25.000128322202283
          ],
          [
            121.58343320405483,
            25.00024799456244
          ],
          [
            121.58347590093065,
            25.00036408380642
          ],
          [
            121.58348855185685,
            25.000524602086557
          ],
          [
            121.58351780712361,
            25.000657172829442
          ],
          [
            121.5836008288266,
            25.00079332641649
          ],
          [
            121.58384752188692,
            25.000978208414203
          ],
          [
            121.58404598329123,
            25.001124393982888
          ],
          [
            121.58428872293716,
            25.001400999533992
          ],
          [
            121.58436700054281,
            25.001590896766853
          ],
          [
            121.58440337195556,
            25.00191264650277
          ],
          [
            121.58417170187008,
            25.00256689225354
          ],
          [
            121.58412900499421,
            25.002784017948485
          ],
          [
            121.5840262162191,
            25.002875740899036
          ],
          [
            121.58390128832316,
            25.002928768198593
          ],
          [
            121.58364589775108,
            25.00289508870018
          ],
          [
            121.58326636996594,
            25.002804082349765
          ],
          [
            121.58272000809193,
            25.002655032433392
          ],
          [
            121.58212620524478,
            25.00246155390685
          ],
          [
            121.581495240302,
            25.002250160353604
          ],
          [
            121.58119240875679,
            25.00213837242927
          ],
          [
            121.58099078462095,
            25.00203016735435
          ],
          [
            121.58031237870503,
            25.001656106692316
          ],
          [
            121.57950271943011,
            25.001216118172465
          ],
          [
            121.57885277809805,
            25.00089938279028
          ],
          [
            121.57819018583984,
            25.00059841176105
          ],
          [
            121.57765884694066,
            25.00041066279323
          ],
          [
            121.577220808622,
            25.00032037120273
          ],
          [
            121.57700732424289,
            25.00027450878214
          ],
          [
            121.5769409068805,
            25.000261609973272
          ],
          [
            121.57691007024793,
            25.000292423792224
          ],
          [
            121.57691007024793,
            25.000504537313002
          ],
          [
            121.57696462736708,
            25.00072954922871
          ],
          [
            121.57718364652641,
            25.001052017816207
          ],
          [
            121.5776588469407,
            25.001424647129927
          ],
          [
            121.57830957895563,
            25.00190906354821
          ],
          [
            121.57880612780785,
            25.002285273206287
          ],
          [
            121.57928211890504,
            25.002689428584002
          ],
          [
            121.57960155479087,
            25.00299326082937
          ],
          [
            121.5798490385341,
            25.003258396844632
          ],
          [
            121.58022461290479,
            25.003748538674305
          ],
          [
            121.580479212794,
            25.004125459277507
          ],
          [
            121.58060018727551,
            25.004369095553965
          ],
          [
            121.58074488224356,
            25.004649276674538
          ],
          [
            121.58097655232908,
            25.005206770711897
          ],
          [
            121.58110938705386,
            25.005615215894327
          ],
          [
            121.58123036153538,
            25.006044440157652
          ],
          [
            121.5813078484582,
            25.006489427334678
          ],
          [
            121.58139403289272,
            25.006958059430485
          ],
          [
            121.58157668063933,
            25.00808305578759
          ],
          [
            121.58165891165945,
            25.00918081300053
          ],
          [
            121.58156402971316,
            25.010046400542407
          ],
          [
            121.58139007947828,
            25.011694439427355
          ],
          [
            121.58116236280723,
            25.012617331542636
          ],
          [
            121.58062786117652,
            25.01472677318969
          ],
          [
            121.5800332676465,
            25.016199921544736
          ],
          [
            121.57938490768021,
            25.017833547884848
          ],
          [
            121.57861320118377,
            25.01975374754523
          ],
          [
            121.57811348960004,
            25.02103768518924
          ],
          [
            121.57763591713709,
            25.02177995551364
          ],
          [
            121.57697806897619,
            25.02285466328013
          ],
          [
            121.57666179582192,
            25.02331893412471
          ],
          [
            121.57601976131872,
            25.02433631162498
          ],
          [
            121.5751436846814,
            25.02565172524408
          ],
          [
            121.57417272609776,
            25.027144802921743
          ],
          [
            121.57323972029263,
            25.02856621891836
          ],
          [
            121.57232569087678,
            25.030013409821997
          ],
          [
            121.57209797420569,
            25.03038595125259
          ],
          [
            121.57197146494399,
            25.030976283818642
          ],
          [
            121.57190188485004,
            25.03165831499458
          ],
          [
            121.57176746875948,
            25.032348939338906
          ],
          [
            121.57165044769239,
            25.03260254937742
          ],
          [
            121.5714448701421,
            25.03275729422814
          ],
          [
            121.57122031620258,
            25.03283609940119
          ],
          [
            121.57093567036372,
            25.032889113761847
          ],
          [
            121.57035056502833,
            25.032903441963494
          ],
          [
            121.56891310354214,
            25.032910606063695
          ],
          [
            121.56788047169344,
            25.03293209836178
          ],
          [
            121.56648254435156,
            25.03292636708266
          ],
          [
            121.56557642176459,
            25.032969351669543
          ],
          [
            121.56389859268114,
            25.03301520187895
          ],
          [
            121.56361078411074,
            25.033036694158714
          ],
          [
            121.56357915679531,
            25.033095439704184
          ],
          [
            121.56355227357722,
            25.033300332484096
          ],
          [
            121.56357599406375,
            25.034334820874793
          ],
          [
            121.56359338908726,
            25.035055518850154
          ],
          [
            121.5636076213792,
            25.035827792895777
          ],
          [
            121.56364399279195,
            25.03704995320336
          ],
          [
            121.56365506235232,
            25.037837975080752
          ],
          [
            121.56367087601005,
            25.038913974959268
          ],
          [
            121.56370882878856,
            25.039060115359838
          ],
          [
            121.56382268712407,
            25.039100232302076
          ],
          [
            121.56460704454669,
            25.03909736680664
          ],
          [
            121.56592906633156,
            25.039085904824216
          ],
          [
            121.56607455198254,
            25.0391403492312
          ],
          [
            121.56614255071071,
            25.039223448542646
          ],
          [
            121.56617575939187,
            25.040305167201538
          ],
          [
            121.56620106124421,
            25.04099717559128
          ],
          [
            121.56626431587506,
            25.041054484599623
          ],
          [
            121.56674514129813,
            25.041048295938573
          ],
          [
            121.56699501576148,
            25.041044442812982
          ]
        ]
      }
    },
    {
      "type": "Feature",
      "properties": {
        "feature_type": "route",
        "ref": "南環幹線",
        "name": "南環幹線",
        "name_en": "南環幹線",
        "color": "#0891b2",
        "direction": 0
      },
      "geometry": {
        "type": "LineString",
        "coordinates": [
          [
            121.48343200055535,
            24.96030889296116
          ],
          [
            121.48344475661564,
            24.960215549691263
          ],
          [
            121.483455108903,
            24.960152131677226
          ],
          [
            121.48349622441307,
            24.960091200748227
          ],
          [
            121.48354485141054,
            24.960079372976164
          ],
          [
            121.48368005818399,
            24.960149622757218
          ],
          [
            121.48391251895241,
            24.960282237030547
          ],
          [
            121.48410584091792,
            24.960379367934692
          ],
          [
            121.48431181380967,
            24.960413775911874
          ],
          [
            121.48446046219217,
            24.96041986899016
          ],
          [
            121.48459132020976,
            24.960399797672306
          ],
          [
            121.48484868748903,
            24.960339225282496
          ],
          [
            121.48594457396864,
            24.960012348912993
          ],
          [
            121.48614224469003,
            24.959927045507076
          ],
          [
            121.48625214961115,
            24.959804466559785
          ],
          [
            121.486287730341,
            24.959729915561386
          ],
          [
            121.48629642785272,
            24.959617372141732
          ],
          [
            121.48628298624368,
            24.959383682928976
          ],
          [
            121.48623159185613,
            24.959155011153303
          ],
          [
            121.4861272217152,
            24.958769350581857
          ],
          [
            121.48609164098534,
            24.958595157771512
          ],
          [
            121.4860884782538,
            24.958431000535352
          ],
          [
            121.48611931488635,
            24.958320606463037
          ],
          [
            121.4861991738578,
            24.958257524091554
          ],
          [
            121.48631303219335,
            24.958206628063728
          ],
          [
            121.4864751221849,
            24.95820232698999
          ],
          [
            121.48664274695668,
            24.9582790294491
          ],
          [
            121.48684120836099,
            24.9584689932776
          ],
          [
            121.48696297352537,
            24.958668275771302
          ],
          [
            121.48725789824177,
            24.959236014056593
          ],
          [
            121.487304548532,
            24.959329920010507
          ],
          [
            121.48733064106723,
            24.959481172961237
          ],
          [
            121.48730850194643,
            24.959721313520202
          ],
          [
            121.48730059511755,
            24.95983242317254
          ],
          [
            121.48734250131048,
            24.95996790512905
          ],
          [
            121.48748561491277,
            24.96001664992349
          ],
          [
            121.48757021798156,
            24.959986542846853
          ],
          [
            121.4877378427533,
            24.959595150180466
          ],
          [
            121.48789123523316,
            24.95917723319403
          ],
          [
            121.48807309229689,
            24.958772217951164
          ],
          [
            121.48832927355183,
            24.958268993616052
          ],
          [
            121.48843443437562,
            24.958048205081866
          ],
          [
            121.48868270880173,
            24.957488346666537
          ],
          [
            121.4889610291775,
            24.956988701346894
          ],
          [
            121.48914604897276,
            24.956739236353723
          ],
          [
            121.48939748613041,
            24.956552854132358
          ],
          [
            121.48957934319412,
            24.956476150597762
          ],
          [
            121.4897469679659,
            24.956486903432594
          ],
          [
            121.49008221750942,
            24.95662740705476
          ],
          [
            121.49023323794059,
            24.956617371087066
          ],
          [
            121.49052737197405,
            24.956554287842827
          ],
          [
            121.49081676191021,
            24.956428838113347
          ],
          [
            121.4910508040444,
            24.956239587993846
          ],
          [
            121.49151493489828,
            24.955737787026283
          ],
          [
            121.49180116210294,
            24.955398711786017
          ],
          [
            121.4920628781381,
            24.955162147111885
          ],
          [
            121.49224868861623,
            24.955081858391903
          ],
          [
            121.49247956801885,
            24.955010171990523
          ],
          [
            121.49301169760092,
            24.954765004182363
          ],
          [
            121.49350271167296,
            24.954413739512876
          ],
          [
            121.49384586804534,
            24.95421445013238
          ],
          [
            121.4940538176443,
            24.95410691975713
          ],
          [
            121.49416925734559,
            24.954078961844182
          ],
          [
            121.49424358153685,
            24.954072510017216
          ],
          [
            121.4944902745972,
            24.954241691145867
          ],
          [
            121.49476701360717,
            24.954445998554927
          ],
          [
            121.4949749632061,
            24.95455567923467
          ],
          [
            121.49579648272434,
            24.954867515927624
          ],
          [
            121.49670260531134,
            24.95521232753529
          ],
          [
            121.49759607697217,
            24.955547102122367
          ],
          [
            121.4979463494905,
            24.95568402251561
          ],
          [
            121.49832350522699,
            24.955929905352633
          ],
          [
            121.49869512618329,
            24.956145679682628
          ],
          [
            121.49909679308921,
            24.95639801330312
          ],
          [
            121.49965343384073,
            24.956734935228724
          ],
          [
            121.49984715114772,
            24.956812355455817
          ],
          [
            121.50042514033717,
            24.956935654235497
          ],
          [
            121.50074694827164,
            24.9570245439768
          ],
          [
            121.50140005233523,
            24.95720519067267
          ],
          [
            121.50179064968079,
            24.9573012487284
          ],
          [
            121.50210850420083,
            24.95736433158989
          ],
          [
            121.50229510536187,
            24.957423113318104
          ],
          [
            121.5027655616788,
            24.957551429432172
          ],
          [
            121.50313006648909,
            24.95764533667112
          ],
          [
            121.50349140856785,
            24.957701967719533
          ],
          [
            121.50456357456089,
            24.957909136775918
          ],
          [
            121.50521114384426,
            24.95804318715604
          ],
          [
            121.50564760079718,
            24.958086197942265
          ],
          [
            121.50629121666611,
            24.958053223007504
          ],
          [
            121.50652604948317,
            24.958076878939856
          ],
          [
            121.50730882554001,
            24.95827401153268
          ],
          [
            121.50781486258684,
            24.958417380492826
          ],
          [
            121.50825052885685,
            24.958606627264555
          ],
          [
            121.50875735658659,
            24.95883816742666
          ],
          [
            121.50947687801259,
            24.959152143792917
          ],
          [
            121.50977496546045,
            24.95927544022917
          ],
          [
            121.51014816778248,
            24.959443897369777
          ],
          [
            121.51056960176057,
            24.959647479308657
          ],
          [
            121.51096257115474,
            24.959815219103895
          ],
          [
            121.51140930698517,
            24.960109121612824
          ],
          [
            121.51182046208574,
            24.960445316549166
          ],
          [
            121.51226008177015,
            24.960841724324325
          ],
          [
            121.51234863825336,
            24.961046737609543
          ],
          [
            121.5124348226879,
            24.961271821732236
          ],
          [
            121.51249491458721,
            24.96150479053404
          ],
          [
            121.51255421580366,
            24.96174564397016
          ],
          [
            121.51265621389591,
            24.962107640063554
          ],
          [
            121.51277876974315,
            24.962400820277704
          ],
          [
            121.5129147671995,
            24.962587193644897
          ],
          [
            121.51310453109205,
            24.96275851352964
          ],
          [
            121.51338443283359,
            24.962889691355507
          ],
          [
            121.5136935898419,
            24.963048108106374
          ],
          [
            121.51430004361522,
            24.963393613615914
          ],
          [
            121.5147436167141,
            24.963568516450135
          ],
          [
            121.51522830532303,
            24.96368392351202
          ],
          [
            121.51576122558797,
            24.963703277480743
          ],
          [
            121.51615419498218,
            24.96372979958109
          ],
          [
            121.51658432647199,
            24.96375488804913
          ],
          [
            121.51693301762458,
            24.963795029587367
          ],
          [
            121.51734575409087,
            24.963882480750314
          ],
          [
            121.51788658118467,
            24.963982117655323
          ],
          [
            121.51821313321646,
            24.963982834467302
          ],
          [
            121.51861400943955,
            24.96396993185113
          ],
          [
            121.51939125071618,
            24.963918321372915
          ],
          [
            121.52027523418238,
            24.96385739230828
          ],
          [
            121.52128335486161,
            24.96377782607258
          ],
          [
            121.52167237084137,
            24.963762056181917
          ],
          [
            121.52219501222879,
            24.963703994294338
          ],
          [
            121.52300229945509,
            24.96363159609985
          ],
          [
            121.52348461601535,
            24.963567082821356
          ],
          [
            121.5251624450988,
            24.9631893210563
          ],
          [
            121.52608279997774,
            24.962980727250834
          ],
          [
            121.52643070044745,
            24.962883239990283
          ],
          [
            121.52675725247921,
            24.96274346032756
          ],
          [
            121.52709803680295,
            24.962529131203066
          ],
          [
            121.52756691175418,
            24.962197959714956
          ],
          [
            121.52776221042694,
            24.96202018763951
          ],
          [
            121.52805713514329,
            24.96188972571111
          ],
          [
            121.5286533100391,
            24.961666793194745
          ],
          [
            121.52921311352218,
            24.96146464824886
          ],
          [
            121.52982905549013,
            24.961230962543084
          ],
          [
            121.53025207083398,
            24.96106967613769
          ],
          [
            121.53080080475665,
            24.960984373464505
          ],
          [
            121.53116056546962,
            24.960939930031525
          ],
          [
            121.53182078567919,
            24.960682587902497
          ],
          [
            121.53204771166737,
            24.960579364167522
          ],
          [
            121.53209594332343,
            24.960524168107046
          ],
          [
            121.5323331481891,
            24.960317720284845
          ],
          [
            121.53244542515888,
            24.960266108275192
          ],
          [
            121.5325434698367,
            24.960257506271482
          ],
          [
            121.5329475087913,
            24.96033779161609
          ],
          [
            121.53334838501429,
            24.960428112566177
          ],
          [
            121.53415488155771,
            24.960629542382833
          ],
          [
            121.53521914072185,
            24.960903371711716
          ],
          [
            121.53626679554539,
            24.961163580692755
          ],
          [
            121.53674436800834,
            24.961285441458934
          ],
          [
            121.53737296090247,
            24.961422355469956
          ],
          [
            121.5379636010181,
            24.96157217219757
          ],
          [
            121.53850363742902,
            24.96170406811305
          ],
          [
            121.5389124204809,
            24.961800122658204
          ],
          [
            121.53901204652452,
            24.961815892800246
          ],
          [
            121.53904999930303,
            24.96181015820337
          ],
          [
            121.53904446452285,
            24.961766431893437
          ],
          [
            121.53895590803963,
            24.96157790680553
          ],
          [
            121.53879460873095,
            24.96119225382506
          ],
          [
            121.53863093737361,
            24.960762156139126
          ],
          [
            121.53847359147932,
            24.960384385765284
          ],
          [
            121.53830280397601,
            24.96000589739695
          ],
          [
            121.53794225258011,
            24.959149276432438
          ],
          [
            121.53788216068078,
            24.958962897859788
          ],
          [
            121.53778629038086,
            24.958944080776682
          ],
          [
            121.53751370245607,
            24.958724906349115
          ],
          [
            121.53734449631851,
            24.95861594622683
          ],
          [
            121.5372685907615,
            24.958472577497933
          ],
          [
            121.53724803300645,
            24.958261825163337
          ],
          [
            121.53725277710377,
            24.958141395095858
          ],
          [
            121.53735872861046,
            24.958141395095858
          ],
          [
            121.53747416831176,
            24.958223115511636
          ],
          [
            121.53753742294263,
            24.95834712972318
          ],
          [
            121.53755610216362,
            24.958403829465386
          ],
          [
            121.53751508615112,
            24.958488885699257
          ],
          [
            121.53743206444811,
            24.958546233203254
          ],
          [
            121.53745815698332,
            24.95861074911332
          ],
          [
            121.53761787492623,
            24.958737630304473
          ],
          [
            121.53775387238258,
            24.958859493472296
          ],
          [
            121.53789619530201,
            24.958906088181052
          ],
          [
            121.5380124256862,
            24.95896917022019
          ],
          [
            121.53806777348821,
            24.9590888826374
          ],
          [
            121.538138144265,
            24.95928386309166
          ],
          [
            121.53849948634377,
            24.96013044743829
          ],
          [
            121.53892487373629,
            24.96115695002995
          ],
          [
            121.53931230835028,
            24.962100292628666
          ],
          [
            121.53969499886696,
            24.962971946232358
          ],
          [
            121.54009508440713,
            24.96397261989626
          ],
          [
            121.54038447434328,
            24.964676527298128
          ],
          [
            121.54063274876938,
            24.965244237870554
          ],
          [
            121.54076242076263,
            24.96549081841453
          ],
          [
            121.54099330016525,
            24.96609866601744
          ],
          [
            121.54126213234642,
            24.96684556898428
          ],
          [
            121.54147561672553,
            24.967483515145602
          ],
          [
            121.54183142402411,
            24.96847555069575
          ],
          [
            121.54200695562466,
            24.968975149386132
          ],
          [
            121.54216351083606,
            24.969436756703086
          ],
          [
            121.54235248404572,
            24.969962872247667
          ],
          [
            121.5424932255994,
            24.97035709904235
          ],
          [
            121.5426300137386,
            24.970771394203524
          ],
          [
            121.54274861617148,
            24.971108276783685
          ],
          [
            121.54283480060603,
            24.971387100178955
          ],
          [
            121.54297158874523,
            24.971937577417695
          ],
          [
            121.54300321606068,
            24.97229739323999
          ],
          [
            121.54300400674356,
            24.97271383215081
          ],
          [
            121.54299689059758,
            24.973171841648714
          ],
          [
            121.54298678362295,
            24.974157052348772
          ],
          [
            121.54297835233903,
            24.97527482792633
          ],
          [
            121.54296465150267,
            24.975844220811464
          ],
          [
            121.54295938195021,
            24.97639928080174
          ],
          [
            121.54293724982993,
            24.97706802445118
          ],
          [
            121.54285609872227,
            24.97762307891892
          ],
          [
            121.54278970236143,
            24.97792878771096
          ],
          [
            121.54265796355031,
            24.978352957401352
          ],
          [
            121.54253149429161,
            24.978740823000003
          ],
          [
            121.54255889596432,
            24.9788382668744
          ],
          [
            121.5434810676423,
            24.97904175236318
          ],
          [
            121.54455394852022,
            24.979353189595464
          ],
          [
            121.54474892196073,
            24.979297780575
          ],
          [
            121.54521053475494,
            24.97861376371447
          ],
          [
            121.54571325005827,
            24.977931653727296
          ],
          [
            121.54593667908196,
            24.977560026386048
          ],
          [
            121.54625917569163,
            24.97713203258126
          ],
          [
            121.54675240580053,
            24.976427941318438
          ],
          [
            121.54698637392912,
            24.976113630620436
          ],
          [
            121.54703274599065,
            24.97605535408057
          ],
          [
            121.54714973005495,
            24.97607159508626
          ],
          [
            121.54816569976644,
            24.97673842982121
          ],
          [
            121.5513148745551,
            24.978722293810076
          ],
          [
            121.55207709285692,
            24.979193898680695
          ],
          [
            121.55244713244743,
            24.9794433181547
          ],
          [
            121.55290256578958,
            24.97962966570745
          ],
          [
            121.55356357668201,
            24.97983894800699
          ],
          [
            121.55415342611474,
            24.979990175748366
          ],
          [
            121.55470216003741,
            24.98013710299672
          ],
          [
            121.5555434466278,
            24.980357135181833
          ],
          [
            121.55664803061907,
            24.980646688336943
          ],
          [
            121.55730113468269,
            24.980837334349044
          ],
          [
            121.55824046595086,
            24.98107384966757
          ],
          [
            121.55872278251115,
            24.981197840849788
          ],
          [
            121.55972062431289,
            24.981442239287972
          ],
          [
            121.56032549672047,
            24.98159346505779
          ],
          [
            121.56115255101888,
            24.981774075686122
          ],
          [
            121.56193848980725,
            24.981958986292693
          ],
          [
            121.56249671192454,
            24.982068642451306
          ],
          [
            121.5631909314982,
            24.982229901330456
          ],
          [
            121.5641848198855,
            24.982451363179862
          ],
          [
            121.56480076185345,
            24.982601871005215
          ],
          [
            121.56527991568218,
            24.98273661118783
          ],
          [
            121.56568869873406,
            24.98287995164556
          ],
          [
            121.56626905997219,
            24.983083494808433
          ],
          [
            121.5668589094049,
            24.983282737437325
          ],
          [
            121.56754996624699,
            24.983514231165444
          ],
          [
            121.56845767019976,
            24.983820260904928
          ],
          [
            121.56906728670465,
            24.984055337096244
          ],
          [
            121.56971485598805,
            24.984301879936
          ],
          [
            121.56994336334203,
            24.984470302812685
          ],
          [
            121.57017977752483,
            24.984724011731846
          ],
          [
            121.57044465629153,
            24.985059422719747
          ],
          [
            121.57053795687204,
            24.985233578064125
          ],
          [
            121.57064865247602,
            24.98563420608863
          ],
          [
            121.57073641827638,
            24.986033399440746
          ],
          [
            121.57073483691059,
            24.9863301060477
          ],
          [
            121.57072613939884,
            24.98682174875256
          ],
          [
            121.5707119071069,
            24.987114870071117
          ],
          [
            121.57068739593744,
            24.98765596015594
          ],
          [
            121.57071823257,
            24.9876874938093
          ],
          [
            121.57079097539547,
            24.98769322719995
          ],
          [
            121.57131915156312,
            24.987621559797592
          ],
          [
            121.57159351852447,
            24.9875964761969
          ],
          [
            121.57182044451265,
            24.98764951008948
          ],
          [
            121.57212881083805,
            24.987767761254077
          ],
          [
            121.57295270240495,
            24.9880938472096
          ],
          [
            121.57319227931933,
            24.988136130819612
          ],
          [
            121.57347376242663,
            24.98812609742194
          ],
          [
            121.57365482880745,
            24.988055863615333
          ],
          [
            121.57397900879057,
            24.987964846275656
          ],
          [
            121.5744636973995,
            24.987870962177514
          ],
          [
            121.57559279256026,
            24.987664560244024
          ],
          [
            121.57567818631193,
            24.987686777135448
          ],
          [
            121.57580627693942,
            24.98776059452007
          ],
          [
            121.5759470184931,
            24.98789819574008
          ],
          [
            121.57613124760543,
            24.988069480376893
          ],
          [
            121.57643328846777,
            24.988342531961376
          ],
          [
            121.57663965670095,
            24.988502349274082
          ],
          [
            121.57688951249278,
            24.98860769958633
          ],
          [
            121.57701997516894,
            24.988644966341834
          ],
          [
            121.57705002111861,
            24.98872379982587
          ],
          [
            121.57694881370922,
            24.989178883040907
          ],
          [
            121.57689188454145,
            24.989414665650415
          ],
          [
            121.57689030317567,
            24.98982961327831
          ],
          [
            121.57688239634683,
            24.990298308914365
          ],
          [
            121.57688397771257,
            24.99063012141117
          ],
          [
            121.57687211746928,
            24.99092323364924
          ],
          [
            121.57677328210856,
            24.991181945826337
          ],
          [
            121.57662463372608,
            24.991411991376875
          ],
          [
            121.57634868539895,
            24.991630570083647
          ],
          [
            121.57583790425483,
            24.991897880563922
          ],
          [
            121.57546628329852,
            24.991975278664164
          ],
          [
            121.57523856662749,
            24.991965245579838
          ],
          [
            121.57479815626014,
            24.991870647887428
          ],
          [
            121.57424309687438,
            24.991730901163155
          ],
          [
            121.57381454675034,
            24.991693635343186
          ],
          [
            121.57377105919161,
            24.99172875121231
          ],
          [
            121.57372361821852,
            24.991832665460144
          ],
          [
            121.5737236182185,
            24.992183106655144
          ],
          [
            121.5738287790423,
            24.992921968150142
          ],
          [
            121.57389282435605,
            24.99338420222945
          ],
          [
            121.57391733552552,
            24.99389158275237
          ],
          [
            121.57395766035268,
            24.994320131336345
          ],
          [
            121.57399877586273,
            24.994749395058705
          ],
          [
            121.57408575098017,
            24.99499090003311
          ],
          [
            121.5743055608224,
            24.995227388123812
          ],
          [
            121.57466136812094,
            24.99537214727602
          ],
          [
            121.57552163110056,
            24.995909617883978
          ],
          [
            121.57570665089584,
            24.996048643231923
          ],
          [
            121.57622533886884,
            24.99636252462468
          ],
          [
            121.57726824959508,
            24.996948004440934
          ],
          [
            121.57795851575428,
            24.997354327226986
          ],
          [
            121.57992573477391,
            24.998573287524074
          ],
          [
            121.58236024737894,
            25.000017965551294
          ],
          [
            121.58257926653827,
            25.000041613413423
          ],
          [
            121.58280461116071,
            25.00002584817251
          ],
          [
            121.58295958500631,
            25.000053795643648
          ],
          [
            121.58317386006834,
            25.000128322202283
          ],
          [
            121.58343320405483,
            25.00024799456244
          ],
          [
            121.58347590093065,
            25.00036408380642
          ],
          [
            121.58348855185685,
            25.000524602086557
          ],
          [
            121.58351780712361,
            25.000657172829442
          ],
          [
            121.5836008288266,
            25.00079332641649
          ],
          [
            121.58384752188692,
            25.000978208414203
          ],
          [
            121.58404598329123,
            25.001124393982888
          ],
          [
            121.58428872293716,
            25.001400999533992
          ],
          [
            121.58436700054281,
            25.001590896766853
          ],
          [
            121.58440337195556,
            25.00191264650277
          ],
          [
            121.58417170187008,
            25.00256689225354
          ],
          [
            121.58412900499421,
            25.002784017948485
          ],
          [
            121.5840262162191,
            25.002875740899036
          ],
          [
            121.58390128832316,
            25.002928768198593
          ],
          [
            121.58364589775108,
            25.00289508870018
          ],
          [
            121.58326636996594,
            25.002804082349765
          ],
          [
            121.58272000809193,
            25.002655032433392
          ],
          [
            121.58212620524478,
            25.00246155390685
          ],
          [
            121.581495240302,
            25.002250160353604
          ],
          [
            121.58119240875679,
            25.00213837242927
          ],
          [
            121.58099078462095,
            25.00203016735435
          ],
          [
            121.58031237870503,
            25.001656106692316
          ],
          [
            121.57950271943011,
            25.001216118172465
          ],
          [
            121.57885277809805,
            25.00089938279028
          ],
          [
            121.57819018583984,
            25.00059841176105
          ],
          [
            121.57765884694066,
            25.00041066279323
          ],
          [
            121.577220808622,
            25.00032037120273
          ],
          [
            121.57700732424289,
            25.00027450878214
          ],
          [
            121.5769409068805,
            25.000261609973272
          ],
          [
            121.57691007024793,
            25.000292423792224
          ],
          [
            121.57691007024793,
            25.000504537313002
          ],
          [
            121.57696462736708,
            25.00072954922871
          ],
          [
            121.57718364652641,
            25.001052017816207
          ],
          [
            121.5776588469407,
            25.001424647129927
          ],
          [
            121.57830957895563,
            25.00190906354821
          ],
          [
            121.57880612780785,
            25.002285273206287
          ],
          [
            121.57928211890504,
            25.002689428584002
          ],
          [
            121.57960155479087,
            25.00299326082937
          ],
          [
            121.5798490385341,
            25.003258396844632
          ],
          [
            121.58022461290479,
            25.003748538674305
          ],
          [
            121.580479212794,
            25.004125459277507
          ],
          [
            121.58060018727551,
            25.004369095553965
          ],
          [
            121.58074488224356,
            25.004649276674538
          ],
          [
            121.58097655232908,
            25.005206770711897
          ],
          [
            121.58110938705386,
            25.005615215894327
          ],
          [
            121.58123036153538,
            25.006044440157652
          ],
          [
            121.5813078484582,
            25.006489427334678
          ],
          [
            121.58139403289272,
            25.006958059430485
          ],
          [
            121.58157668063933,
            25.00808305578759
          ],
          [
            121.58165891165945,
            25.00918081300053
          ],
          [
            121.58156402971316,
            25.010046400542407
          ],
          [
            121.58139007947828,
            25.011694439427355
          ],
          [
            121.58116236280723,
            25.012617331542636
          ],
          [
            121.58062786117652,
            25.01472677318969
          ],
          [
            121.5800332676465,
            25.016199921544736
          ],
          [
            121.57938490768021,
            25.017833547884848
          ],
          [
            121.57861320118377,
            25.01975374754523
          ],
          [
            121.57811348960004,
            25.02103768518924
          ],
          [
            121.57763591713709,
            25.02177995551364
          ],
          [
            121.57697806897619,
            25.02285466328013
          ],
          [
            121.57666179582192,
            25.02331893412471
          ],
          [
            121.57601976131872,
            25.02433631162498
          ],
          [
            121.5751436846814,
            25.02565172524408
          ],
          [
            121.57417272609776,
            25.027144802921743
          ],
          [
            121.57323972029263,
            25.02856621891836
          ],
          [
            121.57232569087678,
            25.030013409821997
          ],
          [
            121.57209797420569,
            25.03038595125259
          ],
          [
            121.57197146494399,
            25.030976283818642
          ],
          [
            121.57190188485004,
            25.03165831499458
          ],
          [
            121.57176746875948,
            25.032348939338906
          ],
          [
            121.57165044769239,
            25.03260254937742
          ],
          [
            121.5714448701421,
            25.03275729422814
          ],
          [
            121.57122031620258,
            25.03283609940119
          ],
          [
            121.57093567036372,
            25.032889113761847
          ],
          [
            121.57035056502833,
            25.032903441963494
          ],
          [
            121.56891310354214,
            25.032910606063695
          ],
          [
            121.56788047169344,
            25.03293209836178
          ],
          [
            121.56648254435156,
            25.03292636708266
          ],
          [
            121.56557642176459,
            25.032969351669543
          ],
          [
            121.56389859268114,
            25.03301520187895
          ],
          [
            121.56361078411074,
            25.033036694158714
          ],
          [
            121.56357915679531,
            25.033095439704184
          ],
          [
            121.56355227357722,
            25.033300332484096
          ],
          [
            121.56357599406375,
            25.034334820874793
          ],
          [
            121.56359338908726,
            25.035055518850154
          ],
          [
            121.5636076213792,
            25.035827792895777
          ],
          [
            121.56364399279195,
            25.03704995320336
          ],
          [
            121.56365506235232,
            25.037837975080752
          ],
          [
            121.56367087601005,
            25.038913974959268
          ],
          [
            121.56370882878856,
            25.039060115359838
          ],
          [
            121.56382268712407,
            25.039100232302076
          ],
          [
            121.56460704454669,
            25.03909736680664
          ],
          [
            121.56592906633156,
            25.039085904824216
          ],
          [
            121.56607455198254,
            25.0391403492312
          ],
          [
            121.56614255071071,
            25.039223448542646
          ],
          [
            121.56617575939187,
            25.040305167201538
          ],
          [
            121.56620106124421,
            25.04099717559128
          ],
          [
            121.56626431587506,
            25.041054484599623
          ],
          [
            121.56674514129813,
            25.041048295938573
          ],
          [
            121.56699501576148,
            25.041044442812982
          ]
        ]
      }
    },
    {
      "type": "Feature",
      "properties": {
        "feature_type": "route",
        "ref": "南環幹線",
        "name": "南環幹線",
        "name_en": "南環幹線",
        "color": "#0891b2",
        "direction": 0
      },
      "geometry": {
        "type": "LineString",
        "coordinates": [
          [
            121.53755610216362,
            24.958403829465386
          ],
          [
            121.53751508615112,
            24.958488885699257
          ],
          [
            121.53743206444811,
            24.958546233203254
          ],
          [
            121.53745815698332,
            24.95861074911332
          ],
          [
            121.53761787492623,
            24.958737630304473
          ],
          [
            121.53775387238258,
            24.958859493472296
          ],
          [
            121.53789619530201,
            24.958906088181052
          ],
          [
            121.5380124256862,
            24.95896917022019
          ],
          [
            121.53806777348821,
            24.9590888826374
          ],
          [
            121.538138144265,
            24.95928386309166
          ],
          [
            121.53849948634377,
            24.96013044743829
          ],
          [
            121.53892487373629,
            24.96115695002995
          ],
          [
            121.53931230835028,
            24.962100292628666
          ],
          [
            121.53969499886696,
            24.962971946232358
          ],
          [
            121.54009508440713,
            24.96397261989626
          ],
          [
            121.54038447434328,
            24.964676527298128
          ],
          [
            121.54063274876938,
            24.965244237870554
          ],
          [
            121.54076242076263,
            24.96549081841453
          ],
          [
            121.54099330016525,
            24.96609866601744
          ],
          [
            121.54126213234642,
            24.96684556898428
          ],
          [
            121.54147561672553,
            24.967483515145602
          ],
          [
            121.54183142402411,
            24.96847555069575
          ],
          [
            121.54200695562466,
            24.968975149386132
          ],
          [
            121.54216351083606,
            24.969436756703086
          ],
          [
            121.54235248404572,
            24.969962872247667
          ],
          [
            121.5424932255994,
            24.97035709904235
          ],
          [
            121.5426300137386,
            24.970771394203524
          ],
          [
            121.54274861617148,
            24.971108276783685
          ],
          [
            121.54283480060603,
            24.971387100178955
          ],
          [
            121.54297158874523,
            24.971937577417695
          ],
          [
            121.54300321606068,
            24.97229739323999
          ],
          [
            121.54300400674356,
            24.97271383215081
          ],
          [
            121.54299689059758,
            24.973171841648714
          ],
          [
            121.54298678362295,
            24.974157052348772
          ],
          [
            121.54297835233903,
            24.97527482792633
          ],
          [
            121.54296465150267,
            24.975844220811464
          ],
          [
            121.54295938195021,
            24.97639928080174
          ],
          [
            121.54293724982993,
            24.97706802445118
          ],
          [
            121.54285609872227,
            24.97762307891892
          ],
          [
            121.54278970236143,
            24.97792878771096
          ],
          [
            121.54265796355031,
            24.978352957401352
          ],
          [
            121.54253149429161,
            24.978740823000003
          ],
          [
            121.54255889596432,
            24.9788382668744
          ],
          [
            121.5434810676423,
            24.97904175236318
          ],
          [
            121.54455394852022,
            24.979353189595464
          ],
          [
            121.54474892196073,
            24.979297780575
          ],
          [
            121.54521053475494,
            24.97861376371447
          ],
          [
            121.54571325005827,
            24.977931653727296
          ],
          [
            121.54593667908196,
            24.977560026386048
          ],
          [
            121.54625917569163,
            24.97713203258126
          ],
          [
            121.54675240580053,
            24.976427941318438
          ],
          [
            121.54698637392912,
            24.976113630620436
          ],
          [
            121.54703274599065,
            24.97605535408057
          ],
          [
            121.54714973005495,
            24.97607159508626
          ],
          [
            121.54816569976644,
            24.97673842982121
          ],
          [
            121.5513148745551,
            24.978722293810076
          ],
          [
            121.55207709285692,
            24.979193898680695
          ],
          [
            121.55244713244743,
            24.9794433181547
          ],
          [
            121.55290256578958,
            24.97962966570745
          ],
          [
            121.55356357668201,
            24.97983894800699
          ],
          [
            121.55415342611474,
            24.979990175748366
          ],
          [
            121.55470216003741,
            24.98013710299672
          ],
          [
            121.5555434466278,
            24.980357135181833
          ],
          [
            121.55664803061907,
            24.980646688336943
          ],
          [
            121.55730113468269,
            24.980837334349044
          ],
          [
            121.55824046595086,
            24.98107384966757
          ],
          [
            121.55872278251115,
            24.981197840849788
          ],
          [
            121.55972062431289,
            24.981442239287972
          ],
          [
            121.56032549672047,
            24.98159346505779
          ],
          [
            121.56115255101888,
            24.981774075686122
          ],
          [
            121.56193848980725,
            24.981958986292693
          ],
          [
            121.56249671192454,
            24.982068642451306
          ],
          [
            121.5631909314982,
            24.982229901330456
          ],
          [
            121.5641848198855,
            24.982451363179862
          ],
          [
            121.56480076185345,
            24.982601871005215
          ],
          [
            121.56527991568218,
            24.98273661118783
          ],
          [
            121.56568869873406,
            24.98287995164556
          ],
          [
            121.56626905997219,
            24.983083494808433
          ],
          [
            121.5668589094049,
            24.983282737437325
          ],
          [
            121.56754996624699,
            24.983514231165444
          ],
          [
            121.56845767019976,
            24.983820260904928
          ],
          [
            121.56906728670465,
            24.984055337096244
          ],
          [
            121.56971485598805,
            24.984301879936
          ],
          [
            121.56994336334203,
            24.984470302812685
          ],
          [
            121.57017977752483,
            24.984724011731846
          ],
          [
            121.57044465629153,
            24.985059422719747
          ],
          [
            121.57053795687204,
            24.985233578064125
          ],
          [
            121.57064865247602,
            24.98563420608863
          ],
          [
            121.57073641827638,
            24.986033399440746
          ],
          [
            121.57073483691059,
            24.9863301060477
          ],
          [
            121.57072613939884,
            24.98682174875256
          ],
          [
            121.5707119071069,
            24.987114870071117
          ],
          [
            121.57068739593744,
            24.98765596015594
          ],
          [
            121.57071823257,
            24.9876874938093
          ],
          [
            121.57079097539547,
            24.98769322719995
          ],
          [
            121.57131915156312,
            24.987621559797592
          ],
          [
            121.57159351852447,
            24.9875964761969
          ],
          [
            121.57182044451265,
            24.98764951008948
          ],
          [
            121.57212881083805,
            24.987767761254077
          ],
          [
            121.57295270240495,
            24.9880938472096
          ],
          [
            121.57319227931933,
            24.988136130819612
          ],
          [
            121.57347376242663,
            24.98812609742194
          ],
          [
            121.57365482880745,
            24.988055863615333
          ],
          [
            121.57397900879057,
            24.987964846275656
          ],
          [
            121.5744636973995,
            24.987870962177514
          ],
          [
            121.57559279256026,
            24.987664560244024
          ],
          [
            121.57567818631193,
            24.987686777135448
          ],
          [
            121.57580627693942,
            24.98776059452007
          ],
          [
            121.5759470184931,
            24.98789819574008
          ],
          [
            121.57613124760543,
            24.988069480376893
          ],
          [
            121.57643328846777,
            24.988342531961376
          ],
          [
            121.57663965670095,
            24.988502349274082
          ],
          [
            121.57688951249278,
            24.98860769958633
          ],
          [
            121.57701997516894,
            24.988644966341834
          ],
          [
            121.57705002111861,
            24.98872379982587
          ],
          [
            121.57694881370922,
            24.989178883040907
          ],
          [
            121.57689188454145,
            24.989414665650415
          ],
          [
            121.57689030317567,
            24.98982961327831
          ],
          [
            121.57688239634683,
            24.990298308914365
          ],
          [
            121.57688397771257,
            24.99063012141117
          ],
          [
            121.57687211746928,
            24.99092323364924
          ],
          [
            121.57677328210856,
            24.991181945826337
          ],
          [
            121.57662463372608,
            24.991411991376875
          ],
          [
            121.57634868539895,
            24.991630570083647
          ],
          [
            121.57583790425483,
            24.991897880563922
          ],
          [
            121.57546628329852,
            24.991975278664164
          ],
          [
            121.57523856662749,
            24.991965245579838
          ],
          [
            121.57479815626014,
            24.991870647887428
          ],
          [
            121.57424309687438,
            24.991730901163155
          ],
          [
            121.57381454675034,
            24.991693635343186
          ],
          [
            121.57377105919161,
            24.99172875121231
          ],
          [
            121.57372361821852,
            24.991832665460144
          ],
          [
            121.5737236182185,
            24.992183106655144
          ],
          [
            121.5738287790423,
            24.992921968150142
          ],
          [
            121.57389282435605,
            24.99338420222945
          ],
          [
            121.57391733552552,
            24.99389158275237
          ],
          [
            121.57395766035268,
            24.994320131336345
          ],
          [
            121.57399877586273,
            24.994749395058705
          ],
          [
            121.57408575098017,
            24.99499090003311
          ],
          [
            121.5743055608224,
            24.995227388123812
          ],
          [
            121.57466136812094,
            24.99537214727602
          ],
          [
            121.57552163110056,
            24.995909617883978
          ],
          [
            121.57570665089584,
            24.996048643231923
          ],
          [
            121.57622533886884,
            24.99636252462468
          ],
          [
            121.57726824959508,
            24.996948004440934
          ],
          [
            121.57795851575428,
            24.997354327226986
          ],
          [
            121.57992573477391,
            24.998573287524074
          ],
          [
            121.58236024737894,
            25.000017965551294
          ],
          [
            121.58257926653827,
            25.000041613413423
          ],
          [
            121.58280461116071,
            25.00002584817251
          ],
          [
            121.58295958500631,
            25.000053795643648
          ],
          [
            121.58317386006834,
            25.000128322202283
          ],
          [
            121.58343320405483,
            25.00024799456244
          ],
          [
            121.58347590093065,
            25.00036408380642
          ],
          [
            121.58348855185685,
            25.000524602086557
          ],
          [
            121.58351780712361,
            25.000657172829442
          ],
          [
            121.5836008288266,
            25.00079332641649
          ],
          [
            121.58384752188692,
            25.000978208414203
          ],
          [
            121.58404598329123,
            25.001124393982888
          ],
          [
            121.58428872293716,
            25.001400999533992
          ],
          [
            121.58436700054281,
            25.001590896766853
          ],
          [
            121.58440337195556,
            25.00191264650277
          ],
          [
            121.58417170187008,
            25.00256689225354
          ],
          [
            121.58412900499421,
            25.002784017948485
          ],
          [
            121.5840262162191,
            25.002875740899036
          ],
          [
            121.58390128832316,
            25.002928768198593
          ],
          [
            121.58364589775108,
            25.00289508870018
          ],
          [
            121.58326636996594,
            25.002804082349765
          ],
          [
            121.58272000809193,
            25.002655032433392
          ],
          [
            121.58212620524478,
            25.00246155390685
          ],
          [
            121.581495240302,
            25.002250160353604
          ],
          [
            121.58119240875679,
            25.00213837242927
          ],
          [
            121.58099078462095,
            25.00203016735435
          ],
          [
            121.58031237870503,
            25.001656106692316
          ],
          [
            121.57950271943011,
            25.001216118172465
          ],
          [
            121.57885277809805,
            25.00089938279028
          ],
          [
            121.57819018583984,
            25.00059841176105
          ],
          [
            121.57765884694066,
            25.00041066279323
          ],
          [
            121.577220808622,
            25.00032037120273
          ],
          [
            121.57700732424289,
            25.00027450878214
          ],
          [
            121.5769409068805,
            25.000261609973272
          ],
          [
            121.57691007024793,
            25.000292423792224
          ],
          [
            121.57691007024793,
            25.000504537313002
          ],
          [
            121.57696462736708,
            25.00072954922871
          ],
          [
            121.57718364652641,
            25.001052017816207
          ],
          [
            121.5776588469407,
            25.001424647129927
          ],
          [
            121.57830957895563,
            25.00190906354821
          ],
          [
            121.57880612780785,
            25.002285273206287
          ],
          [
            121.57928211890504,
            25.002689428584002
          ],
          [
            121.57960155479087,
            25.00299326082937
          ],
          [
            121.5798490385341,
            25.003258396844632
          ],
          [
            121.58022461290479,
            25.003748538674305
          ],
          [
            121.580479212794,
            25.004125459277507
          ],
          [
            121.58060018727551,
            25.004369095553965
          ],
          [
            121.58074488224356,
            25.004649276674538
          ],
          [
            121.58097655232908,
            25.005206770711897
          ],
          [
            121.58110938705386,
            25.005615215894327
          ],
          [
            121.58123036153538,
            25.006044440157652
          ],
          [
            121.5813078484582,
            25.006489427334678
          ],
          [
            121.58139403289272,
            25.006958059430485
          ],
          [
            121.58157668063933,
            25.00808305578759
          ],
          [
            121.58165891165945,
            25.00918081300053
          ],
          [
            121.58156402971316,
            25.010046400542407
          ],
          [
            121.58139007947828,
            25.011694439427355
          ],
          [
            121.58116236280723,
            25.012617331542636
          ],
          [
            121.58062786117652,
            25.01472677318969
          ],
          [
            121.5800332676465,
            25.016199921544736
          ],
          [
            121.57938490768021,
            25.017833547884848
          ],
          [
            121.57861320118377,
            25.01975374754523
          ],
          [
            121.57811348960004,
            25.02103768518924
          ],
          [
            121.57763591713709,
            25.02177995551364
          ],
          [
            121.57697806897619,
            25.02285466328013
          ],
          [
            121.57666179582192,
            25.02331893412471
          ],
          [
            121.57601976131872,
            25.02433631162498
          ],
          [
            121.5751436846814,
            25.02565172524408
          ],
          [
            121.57417272609776,
            25.027144802921743
          ],
          [
            121.57323972029263,
            25.02856621891836
          ],
          [
            121.57232569087678,
            25.030013409821997
          ],
          [
            121.57209797420569,
            25.03038595125259
          ],
          [
            121.57197146494399,
            25.030976283818642
          ],
          [
            121.57190188485004,
            25.03165831499458
          ],
          [
            121.57176746875948,
            25.032348939338906
          ],
          [
            121.57165044769239,
            25.03260254937742
          ],
          [
            121.5714448701421,
            25.03275729422814
          ],
          [
            121.57122031620258,
            25.03283609940119
          ],
          [
            121.57093567036372,
            25.032889113761847
          ],
          [
            121.57035056502833,
            25.032903441963494
          ],
          [
            121.56891310354214,
            25.032910606063695
          ],
          [
            121.56788047169344,
            25.03293209836178
          ],
          [
            121.56648254435156,
            25.03292636708266
          ],
          [
            121.56557642176459,
            25.032969351669543
          ],
          [
            121.56389859268114,
            25.03301520187895
          ],
          [
            121.56361078411074,
            25.033036694158714
          ],
          [
            121.56357915679531,
            25.033095439704184
          ],
          [
            121.56355227357722,
            25.033300332484096
          ],
          [
            121.56357599406375,
            25.034334820874793
          ],
          [
            121.56359338908726,
            25.035055518850154
          ],
          [
            121.5636076213792,
            25.035827792895777
          ],
          [
            121.56364399279195,
            25.03704995320336
          ],
          [
            121.56365506235232,
            25.037837975080752
          ],
          [
            121.56367087601005,
            25.038913974959268
          ],
          [
            121.56370882878856,
            25.039060115359838
          ],
          [
            121.56382268712407,
            25.039100232302076
          ],
          [
            121.56460704454669,
            25.03909736680664
          ],
          [
            121.56592906633156,
            25.039085904824216
          ],
          [
            121.56607455198254,
            25.0391403492312
          ],
          [
            121.56614255071071,
            25.039223448542646
          ],
          [
            121.56617575939187,
            25.040305167201538
          ],
          [
            121.56620106124421,
            25.04099717559128
          ],
          [
            121.56626431587506,
            25.041054484599623
          ],
          [
            121.56674514129813,
            25.041048295938573
          ],
          [
            121.56699501576148,
            25.041044442812982
          ]
        ]
      }
    },
    {
      "type": "Feature",
      "properties": {
        "feature_type": "route",
        "ref": "南環幹線",
        "name": "南環幹線",
        "name_en": "南環幹線",
        "color": "#0891b2",
        "direction": 1
      },
      "geometry": {
        "type": "LineString",
        "coordinates": [
          [
            121.56828055723359,
            25.040995742865725
          ],
          [
            121.5683691137168,
            25.040941299282366
          ],
          [
            121.56840390376377,
            25.04082095022284
          ],
          [
            121.56839915966648,
            25.04019054845779
          ],
          [
            121.56838176464298,
            25.039421167367667
          ],
          [
            121.56835646279066,
            25.038350902964496
          ],
          [
            121.56834064913294,
            25.0371430833254
          ],
          [
            121.56832325410946,
            25.036432427066938
          ],
          [
            121.56829953362283,
            25.035706006031532
          ],
          [
            121.56828055723359,
            25.034796182690624
          ],
          [
            121.56826632494167,
            25.033990947585398
          ]
        ]
      }
    },
    {
      "type": "Feature",
      "properties": {
        "feature_type": "route",
        "ref": "南環幹線",
        "name": "南環幹線",
        "name_en": "南環幹線",
        "color": "#0891b2",
        "direction": 1
      },
      "geometry": {
        "type": "LineString",
        "coordinates": [
          [
            121.57778930961693,
            25.020453036677328
          ],
          [
            121.57817041876781,
            25.019510141789123
          ],
          [
            121.57844399504627,
            25.018845238912057
          ]
        ]
      }
    },
    {
      "type": "Feature",
      "properties": {
        "feature_type": "route",
        "ref": "南環幹線",
        "name": "南環幹線",
        "name_en": "南環幹線",
        "color": "#0891b2",
        "direction": 1
      },
      "geometry": {
        "type": "LineString",
        "coordinates": [
          [
            121.54987830431129,
            24.979179319826823
          ],
          [
            121.54939455939679,
            24.979752515935715
          ],
          [
            121.54894664743892,
            24.980298960405456
          ],
          [
            121.54867052289075,
            24.980602751910183
          ],
          [
            121.54835118801255,
            24.980705926212778
          ],
          [
            121.54787271265053,
            24.980687775184332
          ],
          [
            121.54744271717094,
            24.980535879630793
          ],
          [
            121.54712654402421,
            24.980357234934655
          ],
          [
            121.54595248773933,
            24.979643608945945
          ]
        ]
      }
    },
    {
      "type": "Feature",
      "properties": {
        "feature_type": "route",
        "ref": "南環幹線",
        "name": "南環幹線",
        "name_en": "南環幹線",
        "color": "#0891b2",
        "direction": 1
      },
      "geometry": {
        "type": "LineString",
        "coordinates": [
          [
            121.56828055723359,
            25.040995742865725
          ],
          [
            121.5683691137168,
            25.040941299282366
          ],
          [
            121.56840390376377,
            25.04082095022284
          ],
          [
            121.56839915966648,
            25.04019054845779
          ],
          [
            121.56838176464298,
            25.039421167367667
          ],
          [
            121.56835646279066,
            25.038350902964496
          ],
          [
            121.56834064913294,
            25.0371430833254
          ],
          [
            121.56832325410946,
            25.036432427066938
          ],
          [
            121.56829953362283,
            25.035706006031532
          ],
          [
            121.56828055723359,
            25.034796182690624
          ],
          [
            121.56826632494167,
            25.033990947585398
          ]
        ]
      }
    },
    {
      "type": "Feature",
      "properties": {
        "feature_type": "route",
        "ref": "南環幹線",
        "name": "南環幹線",
        "name_en": "南環幹線",
        "color": "#0891b2",
        "direction": 1
      },
      "geometry": {
        "type": "LineString",
        "coordinates": [
          [
            121.57778930961693,
            25.020453036677328
          ],
          [
            121.57817041876781,
            25.019510141789123
          ],
          [
            121.57844399504627,
            25.018845238912057
          ]
        ]
      }
    },
    {
      "type": "Feature",
      "properties": {
        "feature_type": "route",
        "ref": "南環幹線",
        "name": "南環幹線",
        "name_en": "南環幹線",
        "color": "#0891b2",
        "direction": 1
      },
      "geometry": {
        "type": "LineString",
        "coordinates": [
          [
            121.54987830431129,
            24.979179319826823
          ],
          [
            121.54939455939679,
            24.979752515935715
          ],
          [
            121.54894664743892,
            24.980298960405456
          ],
          [
            121.54867052289075,
            24.980602751910183
          ],
          [
            121.54835118801255,
            24.980705926212778
          ],
          [
            121.54787271265053,
            24.980687775184332
          ],
          [
            121.54744271717094,
            24.980535879630793
          ],
          [
            121.54712654402421,
            24.980357234934655
          ],
          [
            121.54595248773933,
            24.979643608945945
          ]
        ]
      }
    },
    {
      "type": "Feature",
      "properties": {
        "feature_type": "route",
        "ref": "南環幹線",
        "name": "南環幹線",
        "name_en": "南環幹線",
        "color": "#0891b2",
        "direction": 1
      },
      "geometry": {
        "type": "LineString",
        "coordinates": [
          [
            121.56828055723359,
            25.040995742865725
          ],
          [
            121.5683691137168,
            25.040941299282366
          ],
          [
            121.56840390376377,
            25.04082095022284
          ],
          [
            121.56839915966648,
            25.04019054845779
          ],
          [
            121.56838176464298,
            25.039421167367667
          ],
          [
            121.56835646279066,
            25.038350902964496
          ],
          [
            121.56834064913294,
            25.0371430833254
          ],
          [
            121.56832325410946,
            25.036432427066938
          ],
          [
            121.56829953362283,
            25.035706006031532
          ],
          [
            121.56828055723359,
            25.034796182690624
          ],
          [
            121.56826632494167,
            25.033990947585398
          ]
        ]
      }
    },
    {
      "type": "Feature",
      "properties": {
        "feature_type": "route",
        "ref": "南環幹線",
        "name": "南環幹線",
        "name_en": "南環幹線",
        "color": "#0891b2",
        "direction": 1
      },
      "geometry": {
        "type": "LineString",
        "coordinates": [
          [
            121.57778930961693,
            25.020453036677328
          ],
          [
            121.57817041876781,
            25.019510141789123
          ],
          [
            121.57844399504627,
            25.018845238912057
          ]
        ]
      }
    },
    {
      "type": "Feature",
      "properties": {
        "feature_type": "route",
        "ref": "南環幹線",
        "name": "南環幹線",
        "name_en": "南環幹線",
        "color": "#0891b2",
        "direction": 1
      },
      "geometry": {
        "type": "LineString",
        "coordinates": [
          [
            121.54987830431129,
            24.979179319826823
          ],
          [
            121.54939455939679,
            24.979752515935715
          ],
          [
            121.54894664743892,
            24.980298960405456
          ],
          [
            121.54867052289075,
            24.980602751910183
          ],
          [
            121.54835118801255,
            24.980705926212778
          ],
          [
            121.54787271265053,
            24.980687775184332
          ],
          [
            121.54744271717094,
            24.980535879630793
          ],
          [
            121.54712654402421,
            24.980357234934655
          ],
          [
            121.54595248773933,
            24.979643608945945
          ]
        ]
      }
    },
    {
      "type": "Feature",
      "properties": {
        "feature_type": "station",
        "ref": "TPE191081",
        "name": "新店站",
        "name_en": "Xindian Station",
        "line": "南環幹線",
        "color": "#0891b2",
        "direction": 0
      },
      "geometry": {
        "type": "Point",
        "coordinates": [
          121.4834142,
          24.96030896
        ]
      }
    },
    {
      "type": "Feature",
      "properties": {
        "feature_type": "station",
        "ref": "TPE56987",
        "name": "安祥路口",
        "name_en": "Anxiang Rd. Entrance",
        "line": "南環幹線",
        "color": "#0891b2",
        "direction": 0
      },
      "geometry": {
        "type": "Point",
        "coordinates": [
          121.491777,
          24.9554
        ]
      }
    },
    {
      "type": "Feature",
      "properties": {
        "feature_type": "station",
        "ref": "TPE16823",
        "name": "大茅埔",
        "name_en": "Damaopu",
        "line": "南環幹線",
        "color": "#0891b2",
        "direction": 0
      },
      "geometry": {
        "type": "Point",
        "coordinates": [
          121.4946626,
          24.95431753
        ]
      }
    },
    {
      "type": "Feature",
      "properties": {
        "feature_type": "station",
        "ref": "TPE16825",
        "name": "康樂新村",
        "name_en": "Kangle New Village",
        "line": "南環幹線",
        "color": "#0891b2",
        "direction": 0
      },
      "geometry": {
        "type": "Point",
        "coordinates": [
          121.496698,
          24.955162
        ]
      }
    },
    {
      "type": "Feature",
      "properties": {
        "feature_type": "station",
        "ref": "TPE16827",
        "name": "仁康醫院",
        "name_en": "Jen-Kang Hospital",
        "line": "南環幹線",
        "color": "#0891b2",
        "direction": 0
      },
      "geometry": {
        "type": "Point",
        "coordinates": [
          121.499054,
          24.956348
        ]
      }
    },
    {
      "type": "Feature",
      "properties": {
        "feature_type": "station",
        "ref": "TPE16829",
        "name": "薏仁坑",
        "name_en": "Yirenkeng",
        "line": "南環幹線",
        "color": "#0891b2",
        "direction": 0
      },
      "geometry": {
        "type": "Point",
        "coordinates": [
          121.502106,
          24.95733611
        ]
      }
    },
    {
      "type": "Feature",
      "properties": {
        "feature_type": "station",
        "ref": "TPE16831",
        "name": "安康車子路口",
        "name_en": "Ankang Chezi Rd. Intersection",
        "line": "南環幹線",
        "color": "#0891b2",
        "direction": 0
      },
      "geometry": {
        "type": "Point",
        "coordinates": [
          121.505929,
          24.958027
        ]
      }
    },
    {
      "type": "Feature",
      "properties": {
        "feature_type": "station",
        "ref": "TPE16833",
        "name": "台北菸廠",
        "name_en": "Taipei Tobacco Factory",
        "line": "南環幹線",
        "color": "#0891b2",
        "direction": 0
      },
      "geometry": {
        "type": "Point",
        "coordinates": [
          121.509284,
          24.959017
        ]
      }
    },
    {
      "type": "Feature",
      "properties": {
        "feature_type": "station",
        "ref": "TPE16835",
        "name": "浪漫貴族",
        "name_en": "Langmanguizu",
        "line": "南環幹線",
        "color": "#0891b2",
        "direction": 0
      },
      "geometry": {
        "type": "Point",
        "coordinates": [
          121.511483,
          24.960016
        ]
      }
    },
    {
      "type": "Feature",
      "properties": {
        "feature_type": "station",
        "ref": "TPE16837",
        "name": "公崙新村(豐榮醫院)",
        "name_en": "Gonglun New Village(Feng Rong Hospital)",
        "line": "南環幹線",
        "color": "#0891b2",
        "direction": 0
      },
      "geometry": {
        "type": "Point",
        "coordinates": [
          121.512648,
          24.962041
        ]
      }
    },
    {
      "type": "Feature",
      "properties": {
        "feature_type": "station",
        "ref": "TPE16839",
        "name": "安康派出所",
        "name_en": "Ankang Police Station",
        "line": "南環幹線",
        "color": "#0891b2",
        "direction": 0
      },
      "geometry": {
        "type": "Point",
        "coordinates": [
          121.515311,
          24.963642
        ]
      }
    },
    {
      "type": "Feature",
      "properties": {
        "feature_type": "station",
        "ref": "TPE16841",
        "name": "光華新村(安康路)",
        "name_en": "Guanghua New Village(Ankang Rd.)",
        "line": "南環幹線",
        "color": "#0891b2",
        "direction": 0
      },
      "geometry": {
        "type": "Point",
        "coordinates": [
          121.517942,
          24.963936
        ]
      }
    },
    {
      "type": "Feature",
      "properties": {
        "feature_type": "station",
        "ref": "TPE156418",
        "name": "安華路口",
        "name_en": "Anwar Rd. Entrance",
        "line": "南環幹線",
        "color": "#0891b2",
        "direction": 0
      },
      "geometry": {
        "type": "Point",
        "coordinates": [
          121.521365324681,
          24.9637050292789
        ]
      }
    },
    {
      "type": "Feature",
      "properties": {
        "feature_type": "station",
        "ref": "TPE16843",
        "name": "下城社區",
        "name_en": "Xiacheng Community",
        "line": "南環幹線",
        "color": "#0891b2",
        "direction": 0
      },
      "geometry": {
        "type": "Point",
        "coordinates": [
          121.5235251,
          24.96347353
        ]
      }
    },
    {
      "type": "Feature",
      "properties": {
        "feature_type": "station",
        "ref": "TPE16845",
        "name": "胡璉故居紀念館",
        "name_en": "The HU-LIAN House Memorial Hall",
        "line": "南環幹線",
        "color": "#0891b2",
        "direction": 0
      },
      "geometry": {
        "type": "Point",
        "coordinates": [
          121.52598,
          24.962917
        ]
      }
    },
    {
      "type": "Feature",
      "properties": {
        "feature_type": "station",
        "ref": "TPE16847",
        "name": "頂城",
        "name_en": "Dingcheng",
        "line": "南環幹線",
        "color": "#0891b2",
        "direction": 0
      },
      "geometry": {
        "type": "Point",
        "coordinates": [
          121.528339,
          24.961725
        ]
      }
    },
    {
      "type": "Feature",
      "properties": {
        "feature_type": "station",
        "ref": "TPE16849",
        "name": "大坪頂",
        "name_en": "Dapingding",
        "line": "南環幹線",
        "color": "#0891b2",
        "direction": 0
      },
      "geometry": {
        "type": "Point",
        "coordinates": [
          121.530152,
          24.961041
        ]
      }
    },
    {
      "type": "Feature",
      "properties": {
        "feature_type": "station",
        "ref": "TPE16851",
        "name": "溪頭",
        "name_en": "Xitou",
        "line": "南環幹線",
        "color": "#0891b2",
        "direction": 0
      },
      "geometry": {
        "type": "Point",
        "coordinates": [
          121.532361,
          24.960256
        ]
      }
    },
    {
      "type": "Feature",
      "properties": {
        "feature_type": "station",
        "ref": "TPE16853",
        "name": "捷運新店站(新店路)",
        "name_en": "MRT Xindian Sta.(Xindian Rd.)",
        "line": "南環幹線",
        "color": "#0891b2",
        "direction": 0
      },
      "geometry": {
        "type": "Point",
        "coordinates": [
          121.53755,
          24.958392
        ]
      }
    },
    {
      "type": "Feature",
      "properties": {
        "feature_type": "station",
        "ref": "TPE16855",
        "name": "碧潭橋頭",
        "name_en": "Bitan Bridge",
        "line": "南環幹線",
        "color": "#0891b2",
        "direction": 0
      },
      "geometry": {
        "type": "Point",
        "coordinates": [
          121.53982,
          24.963158
        ]
      }
    },
    {
      "type": "Feature",
      "properties": {
        "feature_type": "station",
        "ref": "TPE16857",
        "name": "檳榔路",
        "name_en": "Binlang Rd.",
        "line": "南環幹線",
        "color": "#0891b2",
        "direction": 0
      },
      "geometry": {
        "type": "Point",
        "coordinates": [
          121.5405875,
          24.96500149
        ]
      }
    },
    {
      "type": "Feature",
      "properties": {
        "feature_type": "station",
        "ref": "TPE16859",
        "name": "捷運新店區公所站(北新)",
        "name_en": "MRT Xindian City Hall Sta.(Beixin)",
        "line": "南環幹線",
        "color": "#0891b2",
        "direction": 0
      },
      "geometry": {
        "type": "Point",
        "coordinates": [
          121.54161613426882,
          24.96763873691205
        ]
      }
    },
    {
      "type": "Feature",
      "properties": {
        "feature_type": "station",
        "ref": "TPE16861",
        "name": "七張(北新路)",
        "name_en": "Qizhang(Beixin Rd.)",
        "line": "南環幹線",
        "color": "#0891b2",
        "direction": 0
      },
      "geometry": {
        "type": "Point",
        "coordinates": [
          121.542921,
          24.971513
        ]
      }
    },
    {
      "type": "Feature",
      "properties": {
        "feature_type": "station",
        "ref": "TPE16863",
        "name": "捷運七張站",
        "name_en": "MRT Qizhang Sta.",
        "line": "南環幹線",
        "color": "#0891b2",
        "direction": 0
      },
      "geometry": {
        "type": "Point",
        "coordinates": [
          121.5430453,
          24.9753
        ]
      }
    },
    {
      "type": "Feature",
      "properties": {
        "feature_type": "station",
        "ref": "TPE16865",
        "name": "新店郵局",
        "name_en": "Xindian Post Office",
        "line": "南環幹線",
        "color": "#0891b2",
        "direction": 0
      },
      "geometry": {
        "type": "Point",
        "coordinates": [
          121.542795,
          24.978161
        ]
      }
    },
    {
      "type": "Feature",
      "properties": {
        "feature_type": "station",
        "ref": "TPE56984",
        "name": "寶強路口",
        "name_en": "Baoqiang Rd.",
        "line": "南環幹線",
        "color": "#0891b2",
        "direction": 0
      },
      "geometry": {
        "type": "Point",
        "coordinates": [
          121.54378,
          24.979007
        ]
      }
    },
    {
      "type": "Feature",
      "properties": {
        "feature_type": "station",
        "ref": "TPE57410",
        "name": "寶橋路口",
        "name_en": "Baoqiao Rd. Entrance",
        "line": "南環幹線",
        "color": "#0891b2",
        "direction": 0
      },
      "geometry": {
        "type": "Point",
        "coordinates": [
          121.546288,
          24.976868
        ]
      }
    },
    {
      "type": "Feature",
      "properties": {
        "feature_type": "station",
        "ref": "TPE56985",
        "name": "寶橋中興路口一",
        "name_en": "Baoqiao and Zhongxing Intersection 1",
        "line": "南環幹線",
        "color": "#0891b2",
        "direction": 0
      },
      "geometry": {
        "type": "Point",
        "coordinates": [
          121.547757,
          24.97650499
        ]
      }
    },
    {
      "type": "Feature",
      "properties": {
        "feature_type": "station",
        "ref": "TPE16871",
        "name": "加油站",
        "name_en": "Gas Sta.",
        "line": "南環幹線",
        "color": "#0891b2",
        "direction": 0
      },
      "geometry": {
        "type": "Point",
        "coordinates": [
          121.548731,
          24.977046
        ]
      }
    },
    {
      "type": "Feature",
      "properties": {
        "feature_type": "station",
        "ref": "TPE16873",
        "name": "寶高產業園區",
        "name_en": "Baogao Science and Intellectual Park",
        "line": "南環幹線",
        "color": "#0891b2",
        "direction": 0
      },
      "geometry": {
        "type": "Point",
        "coordinates": [
          121.551231544066,
          24.9786235157248
        ]
      }
    },
    {
      "type": "Feature",
      "properties": {
        "feature_type": "station",
        "ref": "TPE16875",
        "name": "景美女中",
        "name_en": "Jingmei Girls High School",
        "line": "南環幹線",
        "color": "#0891b2",
        "direction": 0
      },
      "geometry": {
        "type": "Point",
        "coordinates": [
          121.55568,
          24.980335
        ]
      }
    },
    {
      "type": "Feature",
      "properties": {
        "feature_type": "station",
        "ref": "TPE16877",
        "name": "木新市場",
        "name_en": "Muxin Market",
        "line": "南環幹線",
        "color": "#0891b2",
        "direction": 0
      },
      "geometry": {
        "type": "Point",
        "coordinates": [
          121.5583622,
          24.98100977
        ]
      }
    },
    {
      "type": "Feature",
      "properties": {
        "feature_type": "station",
        "ref": "TPE16879",
        "name": "力行國小",
        "name_en": "Lixing Elementary School",
        "line": "南環幹線",
        "color": "#0891b2",
        "direction": 0
      },
      "geometry": {
        "type": "Point",
        "coordinates": [
          121.559783932422,
          24.9813802657801
        ]
      }
    },
    {
      "type": "Feature",
      "properties": {
        "feature_type": "station",
        "ref": "TPE16883",
        "name": "國泰新村(木新)",
        "name_en": "GuoTai New Village (Muxin)",
        "line": "南環幹線",
        "color": "#0891b2",
        "direction": 0
      },
      "geometry": {
        "type": "Point",
        "coordinates": [
          121.561802,
          24.981856
        ]
      }
    },
    {
      "type": "Feature",
      "properties": {
        "feature_type": "station",
        "ref": "TPE57411",
        "name": "忠順廟",
        "name_en": "Zhongshun Temple",
        "line": "南環幹線",
        "color": "#0891b2",
        "direction": 0
      },
      "geometry": {
        "type": "Point",
        "coordinates": [
          121.56456790757427,
          24.982503951501606
        ]
      }
    },
    {
      "type": "Feature",
      "properties": {
        "feature_type": "station",
        "ref": "TPE16885",
        "name": "司法新村",
        "name_en": "Sifa New Village",
        "line": "南環幹線",
        "color": "#0891b2",
        "direction": 0
      },
      "geometry": {
        "type": "Point",
        "coordinates": [
          121.56636,
          24.98305
        ]
      }
    },
    {
      "type": "Feature",
      "properties": {
        "feature_type": "station",
        "ref": "TPE16887",
        "name": "景文中學",
        "name_en": "Jingwen High School",
        "line": "南環幹線",
        "color": "#0891b2",
        "direction": 0
      },
      "geometry": {
        "type": "Point",
        "coordinates": [
          121.568528509552,
          24.9837877068618
        ]
      }
    },
    {
      "type": "Feature",
      "properties": {
        "feature_type": "station",
        "ref": "TPE16889",
        "name": "木南公園",
        "name_en": "Munan Park",
        "line": "南環幹線",
        "color": "#0891b2",
        "direction": 0
      },
      "geometry": {
        "type": "Point",
        "coordinates": [
          121.570615,
          24.985348
        ]
      }
    },
    {
      "type": "Feature",
      "properties": {
        "feature_type": "station",
        "ref": "TPE57412",
        "name": "指南路口",
        "name_en": "Zhinan Rd. Entrance",
        "line": "南環幹線",
        "color": "#0891b2",
        "direction": 0
      },
      "geometry": {
        "type": "Point",
        "coordinates": [
          121.570722800802,
          24.9871941238226
        ]
      }
    },
    {
      "type": "Feature",
      "properties": {
        "feature_type": "station",
        "ref": "TPE16891",
        "name": "政大",
        "name_en": "National Chengchi University",
        "line": "南環幹線",
        "color": "#0891b2",
        "direction": 0
      },
      "geometry": {
        "type": "Point",
        "coordinates": [
          121.574739,
          24.98778
        ]
      }
    },
    {
      "type": "Feature",
      "properties": {
        "feature_type": "station",
        "ref": "TPE124233",
        "name": "政大一",
        "name_en": "National Chengchi U. 1",
        "line": "南環幹線",
        "color": "#0891b2",
        "direction": 0
      },
      "geometry": {
        "type": "Point",
        "coordinates": [
          121.576427,
          24.988319
        ]
      }
    },
    {
      "type": "Feature",
      "properties": {
        "feature_type": "station",
        "ref": "TPE56983",
        "name": "萬興圖書館",
        "name_en": "Wanxing Library",
        "line": "南環幹線",
        "color": "#0891b2",
        "direction": 0
      },
      "geometry": {
        "type": "Point",
        "coordinates": [
          121.57699279565435,
          24.989020423587586
        ]
      }
    },
    {
      "type": "Feature",
      "properties": {
        "feature_type": "station",
        "ref": "TPE16895",
        "name": "大誠高中",
        "name_en": "Tacheng High School",
        "line": "南環幹線",
        "color": "#0891b2",
        "direction": 0
      },
      "geometry": {
        "type": "Point",
        "coordinates": [
          121.576905,
          24.990413
        ]
      }
    },
    {
      "type": "Feature",
      "properties": {
        "feature_type": "station",
        "ref": "TPE16897",
        "name": "萬壽橋頭(秀明)",
        "name_en": "Wanshou Bridge (Xiuming)",
        "line": "南環幹線",
        "color": "#0891b2",
        "direction": 0
      },
      "geometry": {
        "type": "Point",
        "coordinates": [
          121.574627,
          24.991863
        ]
      }
    },
    {
      "type": "Feature",
      "properties": {
        "feature_type": "station",
        "ref": "TPE148692",
        "name": "萬壽橋頭(新光)",
        "name_en": "Wanshou Bridge (Xinguang)",
        "line": "南環幹線",
        "color": "#0891b2",
        "direction": 0
      },
      "geometry": {
        "type": "Point",
        "coordinates": [
          121.573853,
          24.992819
        ]
      }
    },
    {
      "type": "Feature",
      "properties": {
        "feature_type": "station",
        "ref": "TPE16901",
        "name": "貓纜動物園站",
        "name_en": "Maokong Gondola Taipei Zoo Station",
        "line": "南環幹線",
        "color": "#0891b2",
        "direction": 0
      },
      "geometry": {
        "type": "Point",
        "coordinates": [
          121.576314002724,
          24.9963006246947
        ]
      }
    },
    {
      "type": "Feature",
      "properties": {
        "feature_type": "station",
        "ref": "TPE56988",
        "name": "捷運動物園站",
        "name_en": "MRT Taipei Zoo Sta.",
        "line": "南環幹線",
        "color": "#0891b2",
        "direction": 0
      },
      "geometry": {
        "type": "Point",
        "coordinates": [
          121.57996,
          24.99857
        ]
      }
    },
    {
      "type": "Feature",
      "properties": {
        "feature_type": "station",
        "ref": "TPE16905",
        "name": "石壁坑",
        "name_en": "Shibikeng",
        "line": "南環幹線",
        "color": "#0891b2",
        "direction": 0
      },
      "geometry": {
        "type": "Point",
        "coordinates": [
          121.583287778248,
          25.0028393386766
        ]
      }
    },
    {
      "type": "Feature",
      "properties": {
        "feature_type": "station",
        "ref": "TPE57416",
        "name": "風動石",
        "name_en": "Fengdongshi",
        "line": "南環幹線",
        "color": "#0891b2",
        "direction": 0
      },
      "geometry": {
        "type": "Point",
        "coordinates": [
          121.579255519338,
          25.0011783104188
        ]
      }
    },
    {
      "type": "Feature",
      "properties": {
        "feature_type": "station",
        "ref": "TPE16907",
        "name": "信義松仁路口(信義)",
        "name_en": "Xinyi and Songren Intersection (Xinyi)",
        "line": "南環幹線",
        "color": "#0891b2",
        "direction": 0
      },
      "geometry": {
        "type": "Point",
        "coordinates": [
          121.566687674056,
          25.0329497897498
        ]
      }
    },
    {
      "type": "Feature",
      "properties": {
        "feature_type": "station",
        "ref": "TPE16909",
        "name": "捷運台北101/世貿站(市府)",
        "name_en": "MRT Taipei 101 / World Trade Center Sta. (City Hall Rd.)",
        "line": "南環幹線",
        "color": "#0891b2",
        "direction": 0
      },
      "geometry": {
        "type": "Point",
        "coordinates": [
          121.56357599974903,
          25.034512868313872
        ]
      }
    },
    {
      "type": "Feature",
      "properties": {
        "feature_type": "station",
        "ref": "TPE16911",
        "name": "市政府(市府)",
        "name_en": "Taipei City Hall",
        "line": "南環幹線",
        "color": "#0891b2",
        "direction": 0
      },
      "geometry": {
        "type": "Point",
        "coordinates": [
          121.563754,
          25.038332
        ]
      }
    },
    {
      "type": "Feature",
      "properties": {
        "feature_type": "station",
        "ref": "TPE16913",
        "name": "捷運市政府站",
        "name_en": "MRT Taipei City Hall Sta.",
        "line": "南環幹線",
        "color": "#0891b2",
        "direction": 0
      },
      "geometry": {
        "type": "Point",
        "coordinates": [
          121.5668354,
          25.04100991
        ]
      }
    },
    {
      "type": "Feature",
      "properties": {
        "feature_type": "station",
        "ref": "TPE16915",
        "name": "消防局(松仁)",
        "name_en": "City Fire Department (Songren)",
        "line": "南環幹線",
        "color": "#0891b2",
        "direction": 1
      },
      "geometry": {
        "type": "Point",
        "coordinates": [
          121.568284,
          25.038604
        ]
      }
    },
    {
      "type": "Feature",
      "properties": {
        "feature_type": "station",
        "ref": "TPE16917",
        "name": "興雅國中",
        "name_en": "Xingya Junior High School",
        "line": "南環幹線",
        "color": "#0891b2",
        "direction": 1
      },
      "geometry": {
        "type": "Point",
        "coordinates": [
          121.568268559011,
          25.0372323905063
        ]
      }
    },
    {
      "type": "Feature",
      "properties": {
        "feature_type": "station",
        "ref": "TPE16919",
        "name": "信義松仁路口(松仁)",
        "name_en": "Xinyi and Songren Intersection (Songren)",
        "line": "南環幹線",
        "color": "#0891b2",
        "direction": 1
      },
      "geometry": {
        "type": "Point",
        "coordinates": [
          121.568236043782,
          25.0345352489599
        ]
      }
    },
    {
      "type": "Feature",
      "properties": {
        "feature_type": "station",
        "ref": "TPE57417",
        "name": "風動石",
        "name_en": "Fengdongshi",
        "line": "南環幹線",
        "color": "#0891b2",
        "direction": 1
      },
      "geometry": {
        "type": "Point",
        "coordinates": [
          121.57937,
          25.00102
        ]
      }
    },
    {
      "type": "Feature",
      "properties": {
        "feature_type": "station",
        "ref": "TPE16921",
        "name": "石壁坑",
        "name_en": "Shibikeng",
        "line": "南環幹線",
        "color": "#0891b2",
        "direction": 1
      },
      "geometry": {
        "type": "Point",
        "coordinates": [
          121.58301,
          25.00261
        ]
      }
    },
    {
      "type": "Feature",
      "properties": {
        "feature_type": "station",
        "ref": "TPE16923",
        "name": "捷運動物園站",
        "name_en": "MRT Taipei Zoo Sta.",
        "line": "南環幹線",
        "color": "#0891b2",
        "direction": 1
      },
      "geometry": {
        "type": "Point",
        "coordinates": [
          121.58021,
          24.99881
        ]
      }
    },
    {
      "type": "Feature",
      "properties": {
        "feature_type": "station",
        "ref": "TPE58029",
        "name": "貓纜動物園站",
        "name_en": "Maokong Gondola Taipei Zoo Station",
        "line": "南環幹線",
        "color": "#0891b2",
        "direction": 1
      },
      "geometry": {
        "type": "Point",
        "coordinates": [
          121.576778,
          24.9968
        ]
      }
    },
    {
      "type": "Feature",
      "properties": {
        "feature_type": "station",
        "ref": "TPE16929",
        "name": "萬壽橋頭(新光)",
        "name_en": "Wanshou Bridge (Xinguang)",
        "line": "南環幹線",
        "color": "#0891b2",
        "direction": 1
      },
      "geometry": {
        "type": "Point",
        "coordinates": [
          121.57363,
          24.993482
        ]
      }
    },
    {
      "type": "Feature",
      "properties": {
        "feature_type": "station",
        "ref": "TPE148693",
        "name": "萬壽橋頭(秀明)",
        "name_en": "Wanshou Bridge (Xiuming)",
        "line": "南環幹線",
        "color": "#0891b2",
        "direction": 1
      },
      "geometry": {
        "type": "Point",
        "coordinates": [
          121.574153,
          24.99161
        ]
      }
    },
    {
      "type": "Feature",
      "properties": {
        "feature_type": "station",
        "ref": "TPE57419",
        "name": "萬興國小",
        "name_en": "Wanxing Elementary School",
        "line": "南環幹線",
        "color": "#0891b2",
        "direction": 1
      },
      "geometry": {
        "type": "Point",
        "coordinates": [
          121.576757,
          24.989679
        ]
      }
    },
    {
      "type": "Feature",
      "properties": {
        "feature_type": "station",
        "ref": "TPE193234",
        "name": "政大一",
        "name_en": "National Chengchi U. 1",
        "line": "南環幹線",
        "color": "#0891b2",
        "direction": 1
      },
      "geometry": {
        "type": "Point",
        "coordinates": [
          121.57604615193513,
          24.98782160454249
        ]
      }
    },
    {
      "type": "Feature",
      "properties": {
        "feature_type": "station",
        "ref": "TPE16937",
        "name": "新光路口",
        "name_en": "Xinguang Rd. Entrance",
        "line": "南環幹線",
        "color": "#0891b2",
        "direction": 1
      },
      "geometry": {
        "type": "Point",
        "coordinates": [
          121.573881732316,
          24.9880845060964
        ]
      }
    },
    {
      "type": "Feature",
      "properties": {
        "feature_type": "station",
        "ref": "TPE57422",
        "name": "指南路口",
        "name_en": "Zhinan Rd. Entrance",
        "line": "南環幹線",
        "color": "#0891b2",
        "direction": 1
      },
      "geometry": {
        "type": "Point",
        "coordinates": [
          121.570606,
          24.986224
        ]
      }
    },
    {
      "type": "Feature",
      "properties": {
        "feature_type": "station",
        "ref": "TPE16939",
        "name": "木南公園",
        "name_en": "Munan Park",
        "line": "南環幹線",
        "color": "#0891b2",
        "direction": 1
      },
      "geometry": {
        "type": "Point",
        "coordinates": [
          121.57011,
          24.984828
        ]
      }
    },
    {
      "type": "Feature",
      "properties": {
        "feature_type": "station",
        "ref": "TPE16941",
        "name": "景文中學",
        "name_en": "Jingwen High School",
        "line": "南環幹線",
        "color": "#0891b2",
        "direction": 1
      },
      "geometry": {
        "type": "Point",
        "coordinates": [
          121.56895990914902,
          24.984131427903375
        ]
      }
    },
    {
      "type": "Feature",
      "properties": {
        "feature_type": "station",
        "ref": "TPE16943",
        "name": "司法新村",
        "name_en": "Sifa New Village",
        "line": "南環幹線",
        "color": "#0891b2",
        "direction": 1
      },
      "geometry": {
        "type": "Point",
        "coordinates": [
          121.56695,
          24.98347
        ]
      }
    },
    {
      "type": "Feature",
      "properties": {
        "feature_type": "station",
        "ref": "TPE16945",
        "name": "忠順廟",
        "name_en": "Zhongshun Temple",
        "line": "南環幹線",
        "color": "#0891b2",
        "direction": 1
      },
      "geometry": {
        "type": "Point",
        "coordinates": [
          121.56460855354919,
          24.982712452429457
        ]
      }
    },
    {
      "type": "Feature",
      "properties": {
        "feature_type": "station",
        "ref": "TPE57420",
        "name": "國泰新村(木新)",
        "name_en": "GuoTai New Village (Muxin)",
        "line": "南環幹線",
        "color": "#0891b2",
        "direction": 1
      },
      "geometry": {
        "type": "Point",
        "coordinates": [
          121.561849824052,
          24.9820534481377
        ]
      }
    },
    {
      "type": "Feature",
      "properties": {
        "feature_type": "station",
        "ref": "TPE16949",
        "name": "力行國小",
        "name_en": "Lixing Elementary School",
        "line": "南環幹線",
        "color": "#0891b2",
        "direction": 1
      },
      "geometry": {
        "type": "Point",
        "coordinates": [
          121.56033392387744,
          24.981733915823476
        ]
      }
    },
    {
      "type": "Feature",
      "properties": {
        "feature_type": "station",
        "ref": "TPE16951",
        "name": "木新市場",
        "name_en": "Muxin Market",
        "line": "南環幹線",
        "color": "#0891b2",
        "direction": 1
      },
      "geometry": {
        "type": "Point",
        "coordinates": [
          121.558272457788,
          24.9811534735698
        ]
      }
    },
    {
      "type": "Feature",
      "properties": {
        "feature_type": "station",
        "ref": "TPE16953",
        "name": "景美女中",
        "name_en": "Jingmei Girls High School",
        "line": "南環幹線",
        "color": "#0891b2",
        "direction": 1
      },
      "geometry": {
        "type": "Point",
        "coordinates": [
          121.555554,
          24.980465
        ]
      }
    },
    {
      "type": "Feature",
      "properties": {
        "feature_type": "station",
        "ref": "TPE16955",
        "name": "寶高產業園區(寶中路)",
        "name_en": "Baogao Science and Intellectual Park(Baozhong Rd.)",
        "line": "南環幹線",
        "color": "#0891b2",
        "direction": 1
      },
      "geometry": {
        "type": "Point",
        "coordinates": [
          121.55006,
          24.97896
        ]
      }
    },
    {
      "type": "Feature",
      "properties": {
        "feature_type": "station",
        "ref": "TPE16957",
        "name": "寶中路",
        "name_en": "Baozhong Rd.",
        "line": "南環幹線",
        "color": "#0891b2",
        "direction": 1
      },
      "geometry": {
        "type": "Point",
        "coordinates": [
          121.548333,
          24.980666
        ]
      }
    },
    {
      "type": "Feature",
      "properties": {
        "feature_type": "station",
        "ref": "TPE16959",
        "name": "臺灣銀行",
        "name_en": "Bank of Taiwan",
        "line": "南環幹線",
        "color": "#0891b2",
        "direction": 1
      },
      "geometry": {
        "type": "Point",
        "coordinates": [
          121.54538,
          24.9794
        ]
      }
    },
    {
      "type": "Feature",
      "properties": {
        "feature_type": "station",
        "ref": "TPE57421",
        "name": "寶強路口",
        "name_en": "BaoQiang Rd. Entrance",
        "line": "南環幹線",
        "color": "#0891b2",
        "direction": 1
      },
      "geometry": {
        "type": "Point",
        "coordinates": [
          121.5435326,
          24.97919835
        ]
      }
    },
    {
      "type": "Feature",
      "properties": {
        "feature_type": "station",
        "ref": "TPE16963",
        "name": "新店郵局",
        "name_en": "Xindian Post Office",
        "line": "南環幹線",
        "color": "#0891b2",
        "direction": 1
      },
      "geometry": {
        "type": "Point",
        "coordinates": [
          121.542478,
          24.978011
        ]
      }
    },
    {
      "type": "Feature",
      "properties": {
        "feature_type": "station",
        "ref": "TPE16965",
        "name": "捷運七張站",
        "name_en": "MRT Qizhang Sta.",
        "line": "南環幹線",
        "color": "#0891b2",
        "direction": 1
      },
      "geometry": {
        "type": "Point",
        "coordinates": [
          121.54279,
          24.974123
        ]
      }
    },
    {
      "type": "Feature",
      "properties": {
        "feature_type": "station",
        "ref": "TPE16967",
        "name": "七張(北新路)",
        "name_en": "Qizhang(Beixin Rd.)",
        "line": "南環幹線",
        "color": "#0891b2",
        "direction": 1
      },
      "geometry": {
        "type": "Point",
        "coordinates": [
          121.5426501,
          24.97141
        ]
      }
    },
    {
      "type": "Feature",
      "properties": {
        "feature_type": "station",
        "ref": "TPE16969",
        "name": "捷運新店區公所站(北新)",
        "name_en": "MRT Hsintien City Hall Station",
        "line": "南環幹線",
        "color": "#0891b2",
        "direction": 1
      },
      "geometry": {
        "type": "Point",
        "coordinates": [
          121.541385,
          24.967768
        ]
      }
    },
    {
      "type": "Feature",
      "properties": {
        "feature_type": "station",
        "ref": "TPE16971",
        "name": "檳榔路",
        "name_en": "Binlang Rd.",
        "line": "南環幹線",
        "color": "#0891b2",
        "direction": 1
      },
      "geometry": {
        "type": "Point",
        "coordinates": [
          121.5404224,
          24.96516884
        ]
      }
    },
    {
      "type": "Feature",
      "properties": {
        "feature_type": "station",
        "ref": "TPE16973",
        "name": "碧潭橋頭",
        "name_en": "Bitan Bridge",
        "line": "南環幹線",
        "color": "#0891b2",
        "direction": 1
      },
      "geometry": {
        "type": "Point",
        "coordinates": [
          121.539199,
          24.962441
        ]
      }
    },
    {
      "type": "Feature",
      "properties": {
        "feature_type": "station",
        "ref": "TPE16975",
        "name": "捷運新店站(新店路)",
        "name_en": "MRT Xindian Sta.(Xindian Rd.)",
        "line": "南環幹線",
        "color": "#0891b2",
        "direction": 1
      },
      "geometry": {
        "type": "Point",
        "coordinates": [
          121.53755,
          24.958392
        ]
      }
    },
    {
      "type": "Feature",
      "properties": {
        "feature_type": "station",
        "ref": "TPE16977",
        "name": "溪頭",
        "name_en": "Xitou",
        "line": "南環幹線",
        "color": "#0891b2",
        "direction": 1
      },
      "geometry": {
        "type": "Point",
        "coordinates": [
          121.5319036,
          24.96083175
        ]
      }
    },
    {
      "type": "Feature",
      "properties": {
        "feature_type": "station",
        "ref": "TPE16979",
        "name": "大坪頂",
        "name_en": "Dapingding",
        "line": "南環幹線",
        "color": "#0891b2",
        "direction": 1
      },
      "geometry": {
        "type": "Point",
        "coordinates": [
          121.5298939,
          24.96132951
        ]
      }
    },
    {
      "type": "Feature",
      "properties": {
        "feature_type": "station",
        "ref": "TPE16981",
        "name": "頂城",
        "name_en": "Dingcheng",
        "line": "南環幹線",
        "color": "#0891b2",
        "direction": 1
      },
      "geometry": {
        "type": "Point",
        "coordinates": [
          121.528356,
          24.961886
        ]
      }
    },
    {
      "type": "Feature",
      "properties": {
        "feature_type": "station",
        "ref": "TPE16983",
        "name": "胡璉故居紀念館",
        "name_en": "The HU-LIAN House Memorial Hall",
        "line": "南環幹線",
        "color": "#0891b2",
        "direction": 1
      },
      "geometry": {
        "type": "Point",
        "coordinates": [
          121.526281,
          24.963037
        ]
      }
    },
    {
      "type": "Feature",
      "properties": {
        "feature_type": "station",
        "ref": "TPE16985",
        "name": "下城社區",
        "name_en": "Xiacheng Community",
        "line": "南環幹線",
        "color": "#0891b2",
        "direction": 1
      },
      "geometry": {
        "type": "Point",
        "coordinates": [
          121.5239545,
          24.96359615
        ]
      }
    },
    {
      "type": "Feature",
      "properties": {
        "feature_type": "station",
        "ref": "TPE156419",
        "name": "安華路口",
        "name_en": "Anwar Rd. Entrance",
        "line": "南環幹線",
        "color": "#0891b2",
        "direction": 1
      },
      "geometry": {
        "type": "Point",
        "coordinates": [
          121.52120824524,
          24.9639074679223
        ]
      }
    },
    {
      "type": "Feature",
      "properties": {
        "feature_type": "station",
        "ref": "TPE16987",
        "name": "光華新村(安康路)",
        "name_en": "Guanghua New Village(Ankang Rd.)",
        "line": "南環幹線",
        "color": "#0891b2",
        "direction": 1
      },
      "geometry": {
        "type": "Point",
        "coordinates": [
          121.5182441,
          24.96414395
        ]
      }
    },
    {
      "type": "Feature",
      "properties": {
        "feature_type": "station",
        "ref": "TPE16989",
        "name": "安康派出所",
        "name_en": "Ankang Police Station",
        "line": "南環幹線",
        "color": "#0891b2",
        "direction": 1
      },
      "geometry": {
        "type": "Point",
        "coordinates": [
          121.514015,
          24.963346
        ]
      }
    },
    {
      "type": "Feature",
      "properties": {
        "feature_type": "station",
        "ref": "TPE16991",
        "name": "公崙新村(豐榮醫院)",
        "name_en": "Gonglun New Village(Feng Rong Hospital)",
        "line": "南環幹線",
        "color": "#0891b2",
        "direction": 1
      },
      "geometry": {
        "type": "Point",
        "coordinates": [
          121.512518,
          24.961978
        ]
      }
    },
    {
      "type": "Feature",
      "properties": {
        "feature_type": "station",
        "ref": "TPE16993",
        "name": "浪漫貴族",
        "name_en": "Langmanguizu",
        "line": "南環幹線",
        "color": "#0891b2",
        "direction": 1
      },
      "geometry": {
        "type": "Point",
        "coordinates": [
          121.51084,
          24.95991
        ]
      }
    },
    {
      "type": "Feature",
      "properties": {
        "feature_type": "station",
        "ref": "TPE16995",
        "name": "台北菸廠",
        "name_en": "Taipei Tobacco Factory",
        "line": "南環幹線",
        "color": "#0891b2",
        "direction": 1
      },
      "geometry": {
        "type": "Point",
        "coordinates": [
          121.5084746,
          24.95887022
        ]
      }
    },
    {
      "type": "Feature",
      "properties": {
        "feature_type": "station",
        "ref": "TPE16997",
        "name": "安康車子路口",
        "name_en": "Ankang Chezi Rd. Intersection",
        "line": "南環幹線",
        "color": "#0891b2",
        "direction": 1
      },
      "geometry": {
        "type": "Point",
        "coordinates": [
          121.5048646,
          24.95808137
        ]
      }
    },
    {
      "type": "Feature",
      "properties": {
        "feature_type": "station",
        "ref": "TPE16999",
        "name": "薏仁坑",
        "name_en": "Yirenkeng",
        "line": "南環幹線",
        "color": "#0891b2",
        "direction": 1
      },
      "geometry": {
        "type": "Point",
        "coordinates": [
          121.501307,
          24.957301
        ]
      }
    },
    {
      "type": "Feature",
      "properties": {
        "feature_type": "station",
        "ref": "TPE17001",
        "name": "仁康醫院",
        "name_en": "Jen-Kang Hospital",
        "line": "南環幹線",
        "color": "#0891b2",
        "direction": 1
      },
      "geometry": {
        "type": "Point",
        "coordinates": [
          121.499692,
          24.956813
        ]
      }
    },
    {
      "type": "Feature",
      "properties": {
        "feature_type": "station",
        "ref": "TPE17003",
        "name": "康樂新村",
        "name_en": "Kangle New Village",
        "line": "南環幹線",
        "color": "#0891b2",
        "direction": 1
      },
      "geometry": {
        "type": "Point",
        "coordinates": [
          121.4972383,
          24.95549
        ]
      }
    },
    {
      "type": "Feature",
      "properties": {
        "feature_type": "station",
        "ref": "TPE17005",
        "name": "大茅埔",
        "name_en": "Damaopu",
        "line": "南環幹線",
        "color": "#0891b2",
        "direction": 1
      },
      "geometry": {
        "type": "Point",
        "coordinates": [
          121.494847,
          24.954594
        ]
      }
    },
    {
      "type": "Feature",
      "properties": {
        "feature_type": "station",
        "ref": "TPE17007",
        "name": "安祥路口",
        "name_en": "Anxiang Rd. Entrance",
        "line": "南環幹線",
        "color": "#0891b2",
        "direction": 1
      },
      "geometry": {
        "type": "Point",
        "coordinates": [
          121.491647,
          24.955756
        ]
      }
    },
    {
      "type": "Feature",
      "properties": {
        "feature_type": "station",
        "ref": "TPE220019",
        "name": "綠中海一期",
        "name_en": "Green Villa Stage 1",
        "line": "南環幹線",
        "color": "#0891b2",
        "direction": 1
      },
      "geometry": {
        "type": "Point",
        "coordinates": [
          121.483668,
          24.960262
        ]
      }
    },
    {
      "type": "Feature",
      "properties": {
        "feature_type": "station",
        "ref": "TPE191082",
        "name": "新店站",
        "name_en": "Xindian Station",
        "line": "南環幹線",
        "color": "#0891b2",
        "direction": 1
      },
      "geometry": {
        "type": "Point",
        "coordinates": [
          121.4834142,
          24.96030896
        ]
      }
    }
  ]
}
