{
  "type": "FeatureCollection",
  "name": "1132A（繞駛四維高中）",
  "properties": {
    "id": "inter_city_1132a",
    "name": "1132A（繞駛四維高中）",
    "name_en": "1132A (繞駛四維高中)",
    "ref": "1132A",
    "color": "#9a3412",
    "city_id": "InterCity",
    "source": "TDX Bus Shape / StopOfRoute",
    "via": "繞駛四維高中",
    "official_map_url": "https://web.taiwanbus.tw/MISUploadData/Schematic/file/1132.jpg",
    "operator_id": "34",
    "operator": "統聯客運",
    "operator_en": "United Highway Bus Co., Ltd."
  },
  "features": [
    {
      "type": "Feature",
      "properties": {
        "feature_type": "route",
        "ref": "1132A",
        "name": "1132A（繞駛四維高中）",
        "name_en": "1132A (繞駛四維高中)",
        "color": "#9a3412",
        "direction": 0
      },
      "geometry": {
        "type": "LineString",
        "coordinates": [
          [
            121.60339,
            23.99345
          ],
          [
            121.60345,
            23.99343
          ],
          [
            121.6036,
            23.99337
          ],
          [
            121.60369,
            23.99333
          ],
          [
            121.60327,
            23.99249
          ],
          [
            121.60281,
            23.99158
          ],
          [
            121.60216,
            23.99084
          ],
          [
            121.60145,
            23.99007
          ],
          [
            121.60143,
            23.99005
          ],
          [
            121.6014,
            23.99001
          ],
          [
            121.60111,
            23.9897
          ],
          [
            121.60094,
            23.98953
          ],
          [
            121.60063,
            23.98921
          ],
          [
            121.60058,
            23.98915
          ],
          [
            121.60033,
            23.9889
          ],
          [
            121.60018,
            23.98876
          ],
          [
            121.60014,
            23.98882
          ],
          [
            121.59958,
            23.98955
          ],
          [
            121.59935,
            23.98985
          ],
          [
            121.59912,
            23.99015
          ],
          [
            121.59906,
            23.99022
          ],
          [
            121.5983,
            23.99116
          ],
          [
            121.59823,
            23.99126
          ],
          [
            121.59801,
            23.99151
          ],
          [
            121.5976,
            23.99203
          ],
          [
            121.59722,
            23.99251
          ],
          [
            121.597,
            23.99279
          ],
          [
            121.59602,
            23.99404
          ],
          [
            121.59591,
            23.99419
          ],
          [
            121.59545,
            23.99477
          ],
          [
            121.59514,
            23.99517
          ],
          [
            121.59509,
            23.99525
          ],
          [
            121.59472,
            23.99573
          ],
          [
            121.59459,
            23.99592
          ],
          [
            121.59454,
            23.99605
          ],
          [
            121.59445,
            23.99614
          ],
          [
            121.59439,
            23.99621
          ],
          [
            121.59424,
            23.9964
          ],
          [
            121.59383,
            23.99693
          ],
          [
            121.59352,
            23.99733
          ],
          [
            121.59289,
            23.99816
          ],
          [
            121.59278,
            23.99831
          ],
          [
            121.59256,
            23.99859
          ],
          [
            121.59253,
            23.99865
          ],
          [
            121.59236,
            23.99885
          ],
          [
            121.59187,
            23.9995
          ],
          [
            121.59165,
            23.99979
          ],
          [
            121.59132,
            24.00022
          ],
          [
            121.59123,
            24.00033
          ],
          [
            121.59123,
            24.00033
          ],
          [
            121.59132,
            24.00022
          ],
          [
            121.59165,
            23.99979
          ],
          [
            121.59187,
            23.9995
          ],
          [
            121.59236,
            23.99885
          ],
          [
            121.59253,
            23.99865
          ],
          [
            121.59256,
            23.99859
          ],
          [
            121.59278,
            23.99831
          ],
          [
            121.59289,
            23.99816
          ],
          [
            121.59352,
            23.99733
          ],
          [
            121.59383,
            23.99693
          ],
          [
            121.59424,
            23.9964
          ],
          [
            121.59439,
            23.99621
          ],
          [
            121.59445,
            23.99614
          ],
          [
            121.59454,
            23.99605
          ],
          [
            121.59459,
            23.99592
          ],
          [
            121.59472,
            23.99573
          ],
          [
            121.59509,
            23.99525
          ],
          [
            121.59514,
            23.99517
          ],
          [
            121.59545,
            23.99477
          ],
          [
            121.59591,
            23.99419
          ],
          [
            121.59602,
            23.99404
          ],
          [
            121.597,
            23.99279
          ],
          [
            121.59722,
            23.99251
          ],
          [
            121.5976,
            23.99203
          ],
          [
            121.59801,
            23.99151
          ],
          [
            121.59823,
            23.99126
          ],
          [
            121.59823,
            23.99126
          ],
          [
            121.5983,
            23.99116
          ],
          [
            121.59906,
            23.99022
          ],
          [
            121.59912,
            23.99015
          ],
          [
            121.59935,
            23.98985
          ],
          [
            121.59958,
            23.98955
          ],
          [
            121.60014,
            23.98882
          ],
          [
            121.60018,
            23.98876
          ],
          [
            121.60024,
            23.98869
          ],
          [
            121.60037,
            23.98851
          ],
          [
            121.60049,
            23.98834
          ],
          [
            121.60067,
            23.98814
          ],
          [
            121.60074,
            23.98805
          ],
          [
            121.60096,
            23.98776
          ],
          [
            121.60102,
            23.98768
          ],
          [
            121.60115,
            23.9875
          ],
          [
            121.6014,
            23.98718
          ],
          [
            121.60149,
            23.98707
          ],
          [
            121.60156,
            23.98698
          ],
          [
            121.60173,
            23.98677
          ],
          [
            121.60187,
            23.9866
          ],
          [
            121.60187,
            23.9866
          ],
          [
            121.60209,
            23.98635
          ],
          [
            121.60213,
            23.98628
          ],
          [
            121.60234,
            23.98602
          ],
          [
            121.60248,
            23.98583
          ],
          [
            121.60288,
            23.98527
          ],
          [
            121.60341,
            23.9846
          ],
          [
            121.60387,
            23.984
          ],
          [
            121.60396,
            23.98388
          ],
          [
            121.60396,
            23.98388
          ],
          [
            121.6042,
            23.98359
          ],
          [
            121.60432,
            23.98343
          ],
          [
            121.60439,
            23.98334
          ],
          [
            121.60446,
            23.98325
          ],
          [
            121.60448,
            23.98321
          ],
          [
            121.60462,
            23.98303
          ],
          [
            121.60497,
            23.98258
          ],
          [
            121.60502,
            23.98252
          ],
          [
            121.60518,
            23.98232
          ],
          [
            121.60539,
            23.98203
          ],
          [
            121.60571,
            23.98158
          ],
          [
            121.60611,
            23.98117
          ],
          [
            121.60614,
            23.98113
          ],
          [
            121.60614,
            23.98113
          ],
          [
            121.60621,
            23.98104
          ],
          [
            121.60646,
            23.98072
          ],
          [
            121.60658,
            23.98056
          ],
          [
            121.60716,
            23.97984
          ],
          [
            121.60749,
            23.9794
          ],
          [
            121.60767,
            23.97917
          ],
          [
            121.60785,
            23.9789
          ],
          [
            121.60818,
            23.97847
          ],
          [
            121.60818,
            23.97847
          ],
          [
            121.60855,
            23.978
          ],
          [
            121.60855,
            23.978
          ],
          [
            121.6079,
            23.97759
          ],
          [
            121.60763,
            23.97739
          ],
          [
            121.60754,
            23.97734
          ],
          [
            121.60741,
            23.97725
          ],
          [
            121.60729,
            23.97716
          ],
          [
            121.60679,
            23.97684
          ],
          [
            121.60645,
            23.97662
          ],
          [
            121.60601,
            23.97634
          ],
          [
            121.60587,
            23.97626
          ],
          [
            121.60531,
            23.97588
          ],
          [
            121.60516,
            23.97577
          ],
          [
            121.60516,
            23.97577
          ],
          [
            121.60514,
            23.97576
          ],
          [
            121.60485,
            23.97571
          ],
          [
            121.60469,
            23.97569
          ],
          [
            121.60467,
            23.97569
          ],
          [
            121.60452,
            23.97567
          ],
          [
            121.60452,
            23.97567
          ],
          [
            121.60467,
            23.97569
          ],
          [
            121.60469,
            23.97569
          ],
          [
            121.60485,
            23.97571
          ],
          [
            121.60514,
            23.97576
          ],
          [
            121.60514,
            23.97576
          ],
          [
            121.60516,
            23.97577
          ],
          [
            121.60522,
            23.97576
          ],
          [
            121.60524,
            23.97576
          ],
          [
            121.60527,
            23.97576
          ],
          [
            121.6053,
            23.97577
          ],
          [
            121.60533,
            23.97577
          ],
          [
            121.60537,
            23.97578
          ],
          [
            121.60546,
            23.97579
          ],
          [
            121.60561,
            23.97581
          ],
          [
            121.60616,
            23.97588
          ],
          [
            121.60638,
            23.9759
          ],
          [
            121.60742,
            23.97595
          ],
          [
            121.60813,
            23.97604
          ],
          [
            121.60878,
            23.97611
          ],
          [
            121.60894,
            23.97614
          ],
          [
            121.60894,
            23.97614
          ],
          [
            121.60899,
            23.97614
          ],
          [
            121.60908,
            23.97616
          ],
          [
            121.6099,
            23.97626
          ],
          [
            121.6099,
            23.97626
          ],
          [
            121.61038,
            23.97565
          ],
          [
            121.61038,
            23.97565
          ],
          [
            121.61061,
            23.97537
          ],
          [
            121.61126,
            23.97459
          ],
          [
            121.61126,
            23.97459
          ],
          [
            121.6111,
            23.97448
          ],
          [
            121.6111,
            23.97448
          ],
          [
            121.61126,
            23.97459
          ],
          [
            121.61126,
            23.97459
          ],
          [
            121.61148,
            23.97431
          ],
          [
            121.61153,
            23.97425
          ],
          [
            121.61155,
            23.97421
          ],
          [
            121.61155,
            23.97421
          ],
          [
            121.61159,
            23.97441
          ],
          [
            121.61172,
            23.97521
          ],
          [
            121.61173,
            23.97526
          ],
          [
            121.61179,
            23.97593
          ],
          [
            121.61182,
            23.97622
          ],
          [
            121.61184,
            23.97638
          ],
          [
            121.61186,
            23.97657
          ],
          [
            121.61197,
            23.97752
          ],
          [
            121.61198,
            23.97761
          ],
          [
            121.61198,
            23.97762
          ],
          [
            121.61197,
            23.97763
          ],
          [
            121.61196,
            23.97764
          ],
          [
            121.61194,
            23.97766
          ],
          [
            121.61194,
            23.97766
          ],
          [
            121.61203,
            23.97772
          ],
          [
            121.61203,
            23.97772
          ],
          [
            121.61175,
            23.97807
          ],
          [
            121.61128,
            23.97864
          ],
          [
            121.61121,
            23.97873
          ],
          [
            121.61097,
            23.97904
          ],
          [
            121.61067,
            23.97943
          ],
          [
            121.61067,
            23.97943
          ],
          [
            121.61118,
            23.97977
          ],
          [
            121.61137,
            23.9799
          ],
          [
            121.61137,
            23.9799
          ],
          [
            121.61152,
            23.98
          ],
          [
            121.6116,
            23.98005
          ],
          [
            121.61169,
            23.98011
          ],
          [
            121.61174,
            23.98015
          ],
          [
            121.61188,
            23.98025
          ],
          [
            121.61221,
            23.98046
          ],
          [
            121.61237,
            23.98056
          ],
          [
            121.61245,
            23.98061
          ],
          [
            121.61262,
            23.98073
          ],
          [
            121.6127,
            23.9808
          ],
          [
            121.61274,
            23.98084
          ],
          [
            121.61281,
            23.98095
          ],
          [
            121.61307,
            23.98142
          ],
          [
            121.61333,
            23.98192
          ],
          [
            121.61334,
            23.98195
          ],
          [
            121.61338,
            23.98198
          ],
          [
            121.61341,
            23.98201
          ],
          [
            121.61346,
            23.98203
          ],
          [
            121.6135,
            23.98204
          ],
          [
            121.61356,
            23.98206
          ],
          [
            121.61363,
            23.98207
          ],
          [
            121.61376,
            23.98209
          ],
          [
            121.61383,
            23.98209
          ],
          [
            121.61389,
            23.98209
          ],
          [
            121.61413,
            23.98209
          ],
          [
            121.61467,
            23.98208
          ],
          [
            121.61487,
            23.98208
          ],
          [
            121.61521,
            23.98209
          ],
          [
            121.61531,
            23.9821
          ],
          [
            121.61542,
            23.98212
          ],
          [
            121.61563,
            23.98216
          ],
          [
            121.61569,
            23.98217
          ],
          [
            121.61588,
            23.98221
          ],
          [
            121.61602,
            23.98224
          ],
          [
            121.61625,
            23.98228
          ],
          [
            121.61631,
            23.98229
          ],
          [
            121.61635,
            23.98229
          ],
          [
            121.61641,
            23.98229
          ],
          [
            121.61648,
            23.98228
          ],
          [
            121.61659,
            23.98227
          ],
          [
            121.61672,
            23.98225
          ],
          [
            121.61691,
            23.98221
          ],
          [
            121.61725,
            23.98213
          ],
          [
            121.61747,
            23.98208
          ],
          [
            121.61755,
            23.98207
          ],
          [
            121.61764,
            23.98207
          ],
          [
            121.61779,
            23.98208
          ],
          [
            121.61789,
            23.98211
          ],
          [
            121.61792,
            23.98212
          ],
          [
            121.61793,
            23.98213
          ],
          [
            121.61797,
            23.98217
          ],
          [
            121.61843,
            23.98265
          ],
          [
            121.61853,
            23.98277
          ],
          [
            121.61853,
            23.98277
          ],
          [
            121.61891,
            23.98325
          ],
          [
            121.61981,
            23.98427
          ],
          [
            121.62028,
            23.98482
          ],
          [
            121.62051,
            23.98509
          ],
          [
            121.62051,
            23.98509
          ],
          [
            121.62086,
            23.98551
          ],
          [
            121.62113,
            23.98719
          ],
          [
            121.62118,
            23.98752
          ],
          [
            121.62134,
            23.9886
          ],
          [
            121.62142,
            23.98911
          ],
          [
            121.62142,
            23.98911
          ],
          [
            121.62145,
            23.98926
          ],
          [
            121.62155,
            23.98993
          ],
          [
            121.62163,
            23.99045
          ],
          [
            121.6217,
            23.99089
          ],
          [
            121.6217,
            23.99089
          ],
          [
            121.62174,
            23.99113
          ],
          [
            121.62179,
            23.99147
          ],
          [
            121.62189,
            23.9921
          ],
          [
            121.62194,
            23.99246
          ],
          [
            121.62202,
            23.99297
          ],
          [
            121.62213,
            23.9937
          ],
          [
            121.62217,
            23.99393
          ],
          [
            121.62221,
            23.99422
          ],
          [
            121.62222,
            23.99432
          ],
          [
            121.62223,
            23.99442
          ],
          [
            121.62223,
            23.99447
          ],
          [
            121.62222,
            23.99453
          ],
          [
            121.62218,
            23.99465
          ],
          [
            121.62203,
            23.99508
          ],
          [
            121.62141,
            23.99682
          ],
          [
            121.62135,
            23.99706
          ],
          [
            121.62131,
            23.99714
          ],
          [
            121.6211,
            23.99778
          ],
          [
            121.62105,
            23.99796
          ],
          [
            121.62096,
            23.99824
          ],
          [
            121.62096,
            23.99824
          ],
          [
            121.62091,
            23.99839
          ],
          [
            121.62077,
            23.9987
          ],
          [
            121.62037,
            23.99995
          ],
          [
            121.62027,
            24.00024
          ],
          [
            121.61993,
            24.00131
          ],
          [
            121.61967,
            24.00211
          ],
          [
            121.61965,
            24.00216
          ],
          [
            121.61962,
            24.00226
          ],
          [
            121.61942,
            24.00286
          ],
          [
            121.61942,
            24.00286
          ],
          [
            121.61876,
            24.00489
          ],
          [
            121.61866,
            24.00527
          ],
          [
            121.6186,
            24.0054
          ],
          [
            121.6186,
            24.0054
          ],
          [
            121.61831,
            24.00623
          ],
          [
            121.61829,
            24.00627
          ],
          [
            121.61816,
            24.00639
          ],
          [
            121.6178,
            24.00671
          ],
          [
            121.61701,
            24.0073
          ],
          [
            121.61704,
            24.00735
          ],
          [
            121.61702,
            24.00741
          ],
          [
            121.61697,
            24.00746
          ],
          [
            121.61667,
            24.00765
          ],
          [
            121.61655,
            24.00775
          ],
          [
            121.61588,
            24.00834
          ],
          [
            121.61584,
            24.00827
          ],
          [
            121.6158,
            24.00826
          ],
          [
            121.61572,
            24.00821
          ],
          [
            121.61567,
            24.00816
          ],
          [
            121.61567,
            24.00816
          ],
          [
            121.61519,
            24.00765
          ],
          [
            121.61483,
            24.00757
          ],
          [
            121.61436,
            24.00738
          ],
          [
            121.61411,
            24.00726
          ],
          [
            121.61411,
            24.00726
          ],
          [
            121.61339,
            24.00691
          ],
          [
            121.61303,
            24.00679
          ],
          [
            121.6128,
            24.00676
          ],
          [
            121.61208,
            24.00676
          ],
          [
            121.61163,
            24.00682
          ],
          [
            121.61131,
            24.00689
          ],
          [
            121.61092,
            24.00702
          ],
          [
            121.61047,
            24.00722
          ],
          [
            121.6102,
            24.0074
          ],
          [
            121.61004,
            24.00753
          ],
          [
            121.60988,
            24.00766
          ],
          [
            121.6095,
            24.00812
          ],
          [
            121.60927,
            24.00853
          ],
          [
            121.60918,
            24.00875
          ],
          [
            121.60912,
            24.00905
          ],
          [
            121.60913,
            24.00914
          ],
          [
            121.6091,
            24.0094
          ],
          [
            121.60908,
            24.00961
          ],
          [
            121.6091,
            24.01011
          ],
          [
            121.60918,
            24.0106
          ],
          [
            121.60933,
            24.01134
          ],
          [
            121.60948,
            24.01205
          ],
          [
            121.60957,
            24.01232
          ],
          [
            121.60995,
            24.01313
          ],
          [
            121.61049,
            24.01426
          ],
          [
            121.61067,
            24.01466
          ],
          [
            121.61075,
            24.01492
          ],
          [
            121.61082,
            24.0153
          ],
          [
            121.61082,
            24.01567
          ],
          [
            121.61079,
            24.01606
          ],
          [
            121.61071,
            24.0164
          ],
          [
            121.61063,
            24.01664
          ],
          [
            121.61045,
            24.01712
          ],
          [
            121.61045,
            24.01712
          ],
          [
            121.61029,
            24.01754
          ],
          [
            121.61012,
            24.01814
          ],
          [
            121.60988,
            24.01871
          ],
          [
            121.60936,
            24.02003
          ],
          [
            121.60936,
            24.02004
          ],
          [
            121.609,
            24.02086
          ],
          [
            121.60846,
            24.02235
          ],
          [
            121.60837,
            24.02265
          ],
          [
            121.60835,
            24.0228
          ],
          [
            121.60822,
            24.02288
          ],
          [
            121.60811,
            24.02307
          ],
          [
            121.6076,
            24.02443
          ],
          [
            121.6076,
            24.02443
          ],
          [
            121.60623,
            24.02792
          ],
          [
            121.60623,
            24.02792
          ],
          [
            121.60572,
            24.02918
          ],
          [
            121.60559,
            24.02953
          ],
          [
            121.60543,
            24.02987
          ],
          [
            121.60513,
            24.030639999999998
          ],
          [
            121.60513,
            24.030639999999998
          ],
          [
            121.60409,
            24.03333
          ],
          [
            121.60409,
            24.03333
          ],
          [
            121.60374,
            24.03427
          ],
          [
            121.60324,
            24.03554
          ],
          [
            121.60292,
            24.03632
          ],
          [
            121.60285,
            24.03651
          ],
          [
            121.60282,
            24.03674
          ],
          [
            121.60289,
            24.03731
          ],
          [
            121.60309,
            24.03857
          ],
          [
            121.60359,
            24.03874
          ],
          [
            121.60359,
            24.03874
          ],
          [
            121.60408,
            24.03891
          ],
          [
            121.60375,
            24.0399
          ],
          [
            121.60356,
            24.04052
          ],
          [
            121.60354,
            24.04067
          ],
          [
            121.60355,
            24.04107
          ],
          [
            121.6036,
            24.04152
          ],
          [
            121.60392,
            24.0434
          ],
          [
            121.60422,
            24.04522
          ],
          [
            121.6045,
            24.04694
          ],
          [
            121.6045,
            24.04694
          ],
          [
            121.60512,
            24.05115
          ],
          [
            121.60512,
            24.05115
          ],
          [
            121.60578,
            24.05515
          ],
          [
            121.60608,
            24.05713
          ],
          [
            121.60608,
            24.05713
          ],
          [
            121.60636,
            24.05876
          ],
          [
            121.60642,
            24.0592
          ],
          [
            121.60642,
            24.0592
          ],
          [
            121.60717,
            24.06401
          ],
          [
            121.60717,
            24.06401
          ],
          [
            121.60729,
            24.06487
          ],
          [
            121.60737,
            24.06524
          ],
          [
            121.60826,
            24.07091
          ],
          [
            121.60826,
            24.07091
          ],
          [
            121.60871,
            24.07373
          ],
          [
            121.60914,
            24.07654
          ],
          [
            121.60976,
            24.08052
          ],
          [
            121.60994,
            24.08165
          ],
          [
            121.60994,
            24.08165
          ],
          [
            121.60998,
            24.08185
          ],
          [
            121.6103,
            24.08285
          ],
          [
            121.61075,
            24.08418
          ],
          [
            121.61114,
            24.08534
          ],
          [
            121.61191,
            24.08754
          ],
          [
            121.61259,
            24.08952
          ],
          [
            121.61259,
            24.08952
          ],
          [
            121.61395,
            24.09358
          ],
          [
            121.61386,
            24.09361
          ],
          [
            121.61381,
            24.09368
          ],
          [
            121.61379,
            24.09372
          ],
          [
            121.61378,
            24.09397
          ],
          [
            121.61379,
            24.09495
          ],
          [
            121.61379,
            24.09495
          ],
          [
            121.6138,
            24.09823
          ],
          [
            121.61381,
            24.09861
          ],
          [
            121.6138,
            24.09882
          ],
          [
            121.61373,
            24.09916
          ],
          [
            121.6136,
            24.09938
          ],
          [
            121.61355,
            24.09946
          ],
          [
            121.61339,
            24.09962
          ],
          [
            121.61325,
            24.09973
          ],
          [
            121.61305,
            24.09984
          ],
          [
            121.61282,
            24.09994
          ],
          [
            121.61264,
            24.09998
          ],
          [
            121.6122,
            24.10003
          ],
          [
            121.61203,
            24.10001
          ],
          [
            121.61175,
            24.09991
          ],
          [
            121.6114,
            24.09976
          ],
          [
            121.61122,
            24.09968
          ],
          [
            121.61097,
            24.09963
          ],
          [
            121.61067,
            24.0996
          ],
          [
            121.61052,
            24.09961
          ],
          [
            121.61025,
            24.09966
          ],
          [
            121.61005,
            24.09973
          ],
          [
            121.60895,
            24.10013
          ],
          [
            121.60895,
            24.10013
          ],
          [
            121.60865,
            24.10025
          ],
          [
            121.60852,
            24.10034
          ],
          [
            121.60847,
            24.10042
          ],
          [
            121.60846,
            24.10069
          ],
          [
            121.60849,
            24.10118
          ],
          [
            121.60853,
            24.10132
          ],
          [
            121.60858,
            24.10138
          ],
          [
            121.60874,
            24.10146
          ],
          [
            121.60901,
            24.10157
          ],
          [
            121.60903,
            24.10158
          ],
          [
            121.60981,
            24.10184
          ],
          [
            121.61072,
            24.10218
          ],
          [
            121.61367,
            24.10356
          ],
          [
            121.61643,
            24.10488
          ],
          [
            121.61749,
            24.10538
          ],
          [
            121.61789,
            24.10557
          ],
          [
            121.61792,
            24.10554
          ],
          [
            121.61795,
            24.10549
          ],
          [
            121.61797,
            24.10544
          ],
          [
            121.61798,
            24.10541
          ],
          [
            121.61776,
            24.10523
          ],
          [
            121.61717,
            24.10461
          ],
          [
            121.61727,
            24.10456
          ],
          [
            121.61763,
            24.10494
          ],
          [
            121.61794,
            24.10522
          ],
          [
            121.61869,
            24.10581
          ],
          [
            121.61877,
            24.1059
          ],
          [
            121.61949,
            24.10628
          ],
          [
            121.62057,
            24.10677
          ],
          [
            121.62057,
            24.10677
          ],
          [
            121.62252,
            24.10772
          ],
          [
            121.62394,
            24.10845
          ],
          [
            121.62536,
            24.10922
          ],
          [
            121.62719,
            24.11018
          ],
          [
            121.6275,
            24.11035
          ],
          [
            121.6275,
            24.11035
          ],
          [
            121.62831,
            24.11077
          ],
          [
            121.62986,
            24.11158
          ],
          [
            121.63069,
            24.11202
          ],
          [
            121.63201,
            24.11274
          ],
          [
            121.63309,
            24.11341
          ],
          [
            121.63309,
            24.11341
          ],
          [
            121.63719,
            24.11594
          ],
          [
            121.63793,
            24.11638
          ],
          [
            121.63793,
            24.11638
          ],
          [
            121.63849,
            24.1167
          ],
          [
            121.63933,
            24.11729
          ],
          [
            121.63989,
            24.11765
          ],
          [
            121.63993,
            24.11767
          ],
          [
            121.64003,
            24.11773
          ],
          [
            121.64111,
            24.1184
          ],
          [
            121.6412,
            24.11844
          ],
          [
            121.64167,
            24.11875
          ],
          [
            121.64173,
            24.11878
          ],
          [
            121.64219,
            24.11909
          ],
          [
            121.64234,
            24.11918
          ],
          [
            121.64275,
            24.11944
          ],
          [
            121.64298,
            24.11957
          ],
          [
            121.64425,
            24.12035
          ],
          [
            121.64554,
            24.12116
          ],
          [
            121.646,
            24.12145
          ],
          [
            121.64652,
            24.1218
          ],
          [
            121.64676,
            24.12196
          ],
          [
            121.64678,
            24.12198
          ],
          [
            121.64678,
            24.12198
          ],
          [
            121.64701,
            24.12218
          ],
          [
            121.64706,
            24.12218
          ],
          [
            121.64708,
            24.12218
          ],
          [
            121.64711,
            24.12219
          ],
          [
            121.64713,
            24.12219
          ],
          [
            121.64715,
            24.1222
          ],
          [
            121.64718,
            24.12221
          ],
          [
            121.6473,
            24.12227
          ],
          [
            121.64738,
            24.12231
          ],
          [
            121.64739,
            24.12231
          ],
          [
            121.64751,
            24.12239
          ],
          [
            121.6481,
            24.12275
          ],
          [
            121.64879,
            24.12319
          ],
          [
            121.64923,
            24.12346
          ],
          [
            121.64923,
            24.12346
          ],
          [
            121.64935,
            24.12354
          ],
          [
            121.64937,
            24.12355
          ],
          [
            121.64999,
            24.12393
          ],
          [
            121.65043,
            24.12421
          ],
          [
            121.65058,
            24.1243
          ],
          [
            121.65091,
            24.12451
          ],
          [
            121.65115,
            24.12467
          ],
          [
            121.6513,
            24.12478
          ],
          [
            121.65141,
            24.12486
          ],
          [
            121.65147,
            24.12491
          ],
          [
            121.65147,
            24.12491
          ],
          [
            121.65158,
            24.125
          ],
          [
            121.65246,
            24.12575
          ],
          [
            121.6519,
            24.12631
          ],
          [
            121.65172,
            24.12649
          ],
          [
            121.65172,
            24.12649
          ],
          [
            121.65134,
            24.12688
          ],
          [
            121.65085,
            24.1273
          ],
          [
            121.65085,
            24.1273
          ],
          [
            121.65002,
            24.12812
          ],
          [
            121.64985,
            24.12825
          ],
          [
            121.64959,
            24.1284
          ],
          [
            121.64933,
            24.12854
          ],
          [
            121.64933,
            24.12854
          ],
          [
            121.64776,
            24.12943
          ],
          [
            121.64702,
            24.12985
          ],
          [
            121.64685,
            24.12991
          ],
          [
            121.64681,
            24.12991
          ],
          [
            121.64627,
            24.13031
          ],
          [
            121.64587,
            24.13055
          ],
          [
            121.64555,
            24.13072
          ],
          [
            121.64555,
            24.13072
          ],
          [
            121.64228,
            24.13257
          ],
          [
            121.64196,
            24.13278
          ],
          [
            121.64108,
            24.13324
          ],
          [
            121.64091,
            24.13331
          ],
          [
            121.64021,
            24.13368
          ],
          [
            121.63998,
            24.1338
          ],
          [
            121.63998,
            24.1338
          ],
          [
            121.63834,
            24.13473
          ],
          [
            121.63784,
            24.13502
          ],
          [
            121.63763,
            24.13517
          ],
          [
            121.63738,
            24.13543
          ],
          [
            121.63476,
            24.13885
          ],
          [
            121.6331,
            24.14102
          ],
          [
            121.63294,
            24.14126
          ],
          [
            121.63267,
            24.14177
          ],
          [
            121.63253,
            24.14216
          ],
          [
            121.63215,
            24.14327
          ],
          [
            121.63205,
            24.14356
          ],
          [
            121.63199,
            24.14366
          ],
          [
            121.63187,
            24.14385
          ],
          [
            121.63186,
            24.14387
          ],
          [
            121.63186,
            24.14387
          ],
          [
            121.63165,
            24.14416
          ],
          [
            121.63105,
            24.1449
          ],
          [
            121.63089,
            24.1451
          ],
          [
            121.63087,
            24.14516
          ],
          [
            121.63075,
            24.14529
          ],
          [
            121.62957,
            24.14664
          ],
          [
            121.62858,
            24.14777
          ],
          [
            121.62858,
            24.14777
          ],
          [
            121.62659,
            24.15005
          ],
          [
            121.62596,
            24.15077
          ],
          [
            121.62553,
            24.15128
          ],
          [
            121.62355,
            24.15351
          ],
          [
            121.62355,
            24.15351
          ],
          [
            121.62237,
            24.15478
          ],
          [
            121.62178,
            24.15551
          ],
          [
            121.62165,
            24.15565
          ],
          [
            121.62162,
            24.15567
          ],
          [
            121.62168,
            24.15584
          ],
          [
            121.62182,
            24.15618
          ],
          [
            121.62195,
            24.15652
          ],
          [
            121.62208,
            24.156860000000002
          ],
          [
            121.62212,
            24.15694
          ],
          [
            121.62236,
            24.15706
          ],
          [
            121.62261,
            24.15715
          ],
          [
            121.62282,
            24.15719
          ],
          [
            121.62368,
            24.15724
          ],
          [
            121.62388,
            24.15723
          ],
          [
            121.62415,
            24.15718
          ],
          [
            121.6243,
            24.15714
          ],
          [
            121.62438,
            24.15709
          ],
          [
            121.62444,
            24.15702
          ],
          [
            121.62457,
            24.15653
          ],
          [
            121.62471,
            24.15615
          ],
          [
            121.62478,
            24.15603
          ],
          [
            121.62498,
            24.15588
          ],
          [
            121.62517,
            24.15578
          ],
          [
            121.62528,
            24.15574
          ],
          [
            121.62536,
            24.15574
          ],
          [
            121.62583,
            24.15577
          ],
          [
            121.6261,
            24.15577
          ],
          [
            121.62654,
            24.15568
          ],
          [
            121.62664,
            24.15569
          ],
          [
            121.62695,
            24.15579
          ],
          [
            121.62704,
            24.1558
          ],
          [
            121.62711,
            24.15578
          ],
          [
            121.6272,
            24.15569
          ],
          [
            121.62735,
            24.15553
          ],
          [
            121.62741,
            24.15549
          ],
          [
            121.62758,
            24.15543
          ],
          [
            121.62866,
            24.1553
          ],
          [
            121.62904,
            24.15524
          ],
          [
            121.62904,
            24.15524
          ],
          [
            121.62986,
            24.1551
          ],
          [
            121.63034,
            24.155
          ],
          [
            121.63051,
            24.15494
          ],
          [
            121.63076,
            24.15482
          ],
          [
            121.63129,
            24.15447
          ],
          [
            121.63152,
            24.15436
          ],
          [
            121.63195,
            24.15418
          ],
          [
            121.63212,
            24.15404
          ],
          [
            121.63246,
            24.15362
          ],
          [
            121.63265,
            24.15337
          ],
          [
            121.63277,
            24.15326
          ],
          [
            121.63289,
            24.15319
          ],
          [
            121.63304,
            24.1531
          ],
          [
            121.63318,
            24.15298
          ],
          [
            121.63358,
            24.15258
          ],
          [
            121.63411,
            24.15211
          ],
          [
            121.63491,
            24.15143
          ],
          [
            121.63528,
            24.15116
          ],
          [
            121.63562,
            24.15098
          ],
          [
            121.63586,
            24.15089
          ],
          [
            121.63601,
            24.15085
          ],
          [
            121.6372,
            24.15066
          ],
          [
            121.63812,
            24.15052
          ],
          [
            121.63962,
            24.15026
          ],
          [
            121.64079,
            24.15006
          ],
          [
            121.64188,
            24.14987
          ],
          [
            121.64307,
            24.14967
          ],
          [
            121.64332,
            24.14964
          ],
          [
            121.64372,
            24.14965
          ],
          [
            121.6441,
            24.14969
          ],
          [
            121.6442,
            24.1497
          ],
          [
            121.64439,
            24.14964
          ],
          [
            121.64451,
            24.14961
          ],
          [
            121.64468,
            24.14978
          ],
          [
            121.64485,
            24.14988
          ],
          [
            121.64503,
            24.14994
          ],
          [
            121.64532,
            24.14999
          ],
          [
            121.64757,
            24.15023
          ],
          [
            121.64798,
            24.15028
          ],
          [
            121.64823,
            24.15035
          ],
          [
            121.64845,
            24.15048
          ],
          [
            121.64863,
            24.15065
          ],
          [
            121.64877,
            24.15087
          ],
          [
            121.64882,
            24.15105
          ],
          [
            121.64882,
            24.1512
          ],
          [
            121.64879,
            24.15132
          ],
          [
            121.64884,
            24.1525
          ],
          [
            121.64887,
            24.1531
          ],
          [
            121.64889,
            24.1533
          ],
          [
            121.64889,
            24.1533
          ],
          [
            121.64891,
            24.15344
          ],
          [
            121.64909,
            24.15398
          ],
          [
            121.64937,
            24.15473
          ],
          [
            121.65061,
            24.15811
          ],
          [
            121.65062,
            24.15813
          ],
          [
            121.65202,
            24.16191
          ],
          [
            121.65203,
            24.16191
          ],
          [
            121.65208,
            24.16206
          ],
          [
            121.65223,
            24.16249
          ],
          [
            121.65234,
            24.16284
          ],
          [
            121.65238,
            24.16299
          ],
          [
            121.6524,
            24.16306
          ],
          [
            121.65271,
            24.16409
          ],
          [
            121.65272,
            24.16411
          ],
          [
            121.65273,
            24.16418
          ],
          [
            121.65278,
            24.16435
          ],
          [
            121.65288,
            24.1647
          ],
          [
            121.65293,
            24.16487
          ],
          [
            121.65317,
            24.16575
          ],
          [
            121.6532,
            24.16588
          ],
          [
            121.6536,
            24.16727
          ],
          [
            121.65386,
            24.16818
          ],
          [
            121.65401,
            24.16868
          ]
        ]
      }
    },
    {
      "type": "Feature",
      "properties": {
        "feature_type": "route",
        "ref": "1132A",
        "name": "1132A（繞駛四維高中）",
        "name_en": "1132A (繞駛四維高中)",
        "color": "#9a3412",
        "direction": 1
      },
      "geometry": {
        "type": "LineString",
        "coordinates": [
          [
            121.65366,
            24.16747
          ],
          [
            121.65272,
            24.16411
          ],
          [
            121.65214,
            24.16224
          ],
          [
            121.65214,
            24.16224
          ],
          [
            121.65068,
            24.1583
          ],
          [
            121.65068,
            24.1583
          ],
          [
            121.64943,
            24.15488
          ],
          [
            121.64916,
            24.15415
          ],
          [
            121.64895,
            24.15358
          ],
          [
            121.6489,
            24.15335
          ],
          [
            121.64889,
            24.15331
          ],
          [
            121.64889,
            24.15331
          ],
          [
            121.64887,
            24.15308
          ],
          [
            121.64882,
            24.15201
          ],
          [
            121.6488,
            24.1515
          ],
          [
            121.64877,
            24.15122
          ],
          [
            121.6487,
            24.15096
          ],
          [
            121.64865,
            24.15083
          ],
          [
            121.6485,
            24.15063
          ],
          [
            121.64823,
            24.15045
          ],
          [
            121.64803,
            24.15038
          ],
          [
            121.64685,
            24.15022
          ],
          [
            121.64516,
            24.15004
          ],
          [
            121.64501,
            24.15002
          ],
          [
            121.64477,
            24.14996
          ],
          [
            121.64442,
            24.1498
          ],
          [
            121.6442,
            24.1497
          ],
          [
            121.64353,
            24.14964
          ],
          [
            121.64318,
            24.14965
          ],
          [
            121.64266,
            24.14973
          ],
          [
            121.64087,
            24.15005
          ],
          [
            121.63812,
            24.15052
          ],
          [
            121.63611,
            24.15083
          ],
          [
            121.63578,
            24.15092
          ],
          [
            121.63546,
            24.15105
          ],
          [
            121.63516,
            24.15124
          ],
          [
            121.63469,
            24.15161
          ],
          [
            121.63415,
            24.15208
          ],
          [
            121.63343,
            24.15273
          ],
          [
            121.63314,
            24.15301
          ],
          [
            121.63296,
            24.15315
          ],
          [
            121.63271,
            24.1533
          ],
          [
            121.63248,
            24.1536
          ],
          [
            121.63213,
            24.15403
          ],
          [
            121.63199,
            24.15415
          ],
          [
            121.63171,
            24.15429
          ],
          [
            121.63132,
            24.15445
          ],
          [
            121.63085,
            24.15476
          ],
          [
            121.63055,
            24.15493
          ],
          [
            121.63013,
            24.15504
          ],
          [
            121.62905,
            24.15523
          ],
          [
            121.62905,
            24.15523
          ],
          [
            121.62885,
            24.15527
          ],
          [
            121.62863,
            24.15533
          ],
          [
            121.62806,
            24.15547
          ],
          [
            121.62758,
            24.15562
          ],
          [
            121.62739,
            24.15575
          ],
          [
            121.62732,
            24.1558
          ],
          [
            121.62713,
            24.15587
          ],
          [
            121.62697,
            24.15587
          ],
          [
            121.62674,
            24.15582
          ],
          [
            121.62654,
            24.1558
          ],
          [
            121.62623,
            24.15583
          ],
          [
            121.62583,
            24.15586
          ],
          [
            121.62543,
            24.15585
          ],
          [
            121.62523,
            24.15588
          ],
          [
            121.62503,
            24.15593
          ],
          [
            121.62489,
            24.156
          ],
          [
            121.62476,
            24.1561
          ],
          [
            121.62469,
            24.15619
          ],
          [
            121.62464,
            24.15632
          ],
          [
            121.62447,
            24.15694
          ],
          [
            121.62442,
            24.15705
          ],
          [
            121.62433,
            24.15713
          ],
          [
            121.62427,
            24.15715
          ],
          [
            121.62403,
            24.1572
          ],
          [
            121.62367,
            24.15723
          ],
          [
            121.62306,
            24.15721
          ],
          [
            121.62271,
            24.15717
          ],
          [
            121.6225,
            24.15712
          ],
          [
            121.62212,
            24.15694
          ],
          [
            121.62188,
            24.15635
          ],
          [
            121.62162,
            24.15567
          ],
          [
            121.62161,
            24.1556
          ],
          [
            121.62164,
            24.15556
          ],
          [
            121.62171,
            24.15545
          ],
          [
            121.62203,
            24.15507
          ],
          [
            121.62233,
            24.1547
          ],
          [
            121.6228,
            24.15419
          ],
          [
            121.62342,
            24.15351
          ],
          [
            121.62342,
            24.15351
          ],
          [
            121.62389,
            24.153
          ],
          [
            121.62542,
            24.15122
          ],
          [
            121.62605,
            24.15052
          ],
          [
            121.62818,
            24.14809
          ],
          [
            121.62853,
            24.14768
          ],
          [
            121.62853,
            24.14768
          ],
          [
            121.62938,
            24.14671
          ],
          [
            121.63047,
            24.14548
          ],
          [
            121.63077,
            24.14515
          ],
          [
            121.63089,
            24.1451
          ],
          [
            121.63113,
            24.14481
          ],
          [
            121.63174,
            24.14406
          ],
          [
            121.63186,
            24.14387
          ],
          [
            121.63186,
            24.14387
          ],
          [
            121.63205,
            24.14356
          ],
          [
            121.63256,
            24.14208
          ],
          [
            121.63274,
            24.14163
          ],
          [
            121.63302,
            24.14112
          ],
          [
            121.63676,
            24.13623
          ],
          [
            121.63749,
            24.13531
          ],
          [
            121.63771,
            24.13511
          ],
          [
            121.63792,
            24.13497
          ],
          [
            121.63926,
            24.13421
          ],
          [
            121.64036,
            24.13359
          ],
          [
            121.64036,
            24.13359
          ],
          [
            121.64087,
            24.13331
          ],
          [
            121.64089,
            24.13326
          ],
          [
            121.64092,
            24.13323
          ],
          [
            121.64196,
            24.13266
          ],
          [
            121.64544,
            24.13068
          ],
          [
            121.64581,
            24.13047
          ],
          [
            121.64581,
            24.13047
          ],
          [
            121.64635,
            24.13012
          ],
          [
            121.64672,
            24.12985
          ],
          [
            121.64681,
            24.12991
          ],
          [
            121.64685,
            24.12991
          ],
          [
            121.6469,
            24.1299
          ],
          [
            121.64702,
            24.12985
          ],
          [
            121.64776,
            24.12943
          ],
          [
            121.64862,
            24.12893
          ],
          [
            121.64952,
            24.12843
          ],
          [
            121.64952,
            24.12843
          ],
          [
            121.64977,
            24.1283
          ],
          [
            121.64994,
            24.12819
          ],
          [
            121.65064,
            24.1275
          ],
          [
            121.65064,
            24.1275
          ],
          [
            121.65134,
            24.12688
          ],
          [
            121.65178,
            24.12643
          ],
          [
            121.65178,
            24.12643
          ],
          [
            121.65246,
            24.12575
          ],
          [
            121.65154,
            24.12497
          ],
          [
            121.65135,
            24.12481
          ],
          [
            121.65135,
            24.12481
          ],
          [
            121.6513,
            24.12478
          ],
          [
            121.65115,
            24.12467
          ],
          [
            121.65091,
            24.12451
          ],
          [
            121.65058,
            24.1243
          ],
          [
            121.65043,
            24.12421
          ],
          [
            121.64999,
            24.12393
          ],
          [
            121.64937,
            24.12355
          ],
          [
            121.64935,
            24.12354
          ],
          [
            121.64914,
            24.12341
          ],
          [
            121.64914,
            24.12341
          ],
          [
            121.64879,
            24.12319
          ],
          [
            121.6481,
            24.12275
          ],
          [
            121.64751,
            24.12239
          ],
          [
            121.64739,
            24.12231
          ],
          [
            121.64738,
            24.12231
          ],
          [
            121.6473,
            24.12227
          ],
          [
            121.64718,
            24.12221
          ],
          [
            121.64715,
            24.1222
          ],
          [
            121.64713,
            24.12219
          ],
          [
            121.64711,
            24.12219
          ],
          [
            121.64708,
            24.12218
          ],
          [
            121.64706,
            24.12218
          ],
          [
            121.64701,
            24.12218
          ],
          [
            121.64701,
            24.12218
          ],
          [
            121.64687,
            24.12224
          ],
          [
            121.64671,
            24.12209
          ],
          [
            121.64642,
            24.12187
          ],
          [
            121.64592,
            24.12154
          ],
          [
            121.64544,
            24.12123
          ],
          [
            121.64418,
            24.12044
          ],
          [
            121.64292,
            24.11965
          ],
          [
            121.6427,
            24.11952
          ],
          [
            121.64214,
            24.11917
          ],
          [
            121.64165,
            24.11885
          ],
          [
            121.64113,
            24.11853
          ],
          [
            121.64104,
            24.11848
          ],
          [
            121.64097,
            24.11843
          ],
          [
            121.6406,
            24.11821
          ],
          [
            121.64021,
            24.11797
          ],
          [
            121.63995,
            24.11781
          ],
          [
            121.63974,
            24.11767
          ],
          [
            121.63974,
            24.11767
          ],
          [
            121.63954,
            24.11754
          ],
          [
            121.63933,
            24.1174
          ],
          [
            121.6393,
            24.11738
          ],
          [
            121.6391,
            24.11726
          ],
          [
            121.63841,
            24.11681
          ],
          [
            121.63798,
            24.11655
          ],
          [
            121.63764,
            24.11636
          ],
          [
            121.63764,
            24.11636
          ],
          [
            121.63713,
            24.11607
          ],
          [
            121.63678,
            24.11583
          ],
          [
            121.63632,
            24.11556
          ],
          [
            121.63535,
            24.11495
          ],
          [
            121.63525,
            24.11489
          ],
          [
            121.63518,
            24.11485
          ],
          [
            121.63328,
            24.11366
          ],
          [
            121.63303,
            24.1135
          ],
          [
            121.63303,
            24.1135
          ],
          [
            121.63199,
            24.11283
          ],
          [
            121.63159,
            24.11262
          ],
          [
            121.62893,
            24.11121
          ],
          [
            121.62702,
            24.1102
          ],
          [
            121.62702,
            24.1102
          ],
          [
            121.62246,
            24.1078
          ],
          [
            121.62085,
            24.10702
          ],
          [
            121.62082,
            24.107
          ],
          [
            121.61937,
            24.10633
          ],
          [
            121.61898,
            24.10613
          ],
          [
            121.61851,
            24.10584
          ],
          [
            121.61824,
            24.10563
          ],
          [
            121.61819,
            24.10565
          ],
          [
            121.61807,
            24.10564
          ],
          [
            121.61789,
            24.10557
          ],
          [
            121.61706,
            24.10517
          ],
          [
            121.61623,
            24.10479
          ],
          [
            121.61373,
            24.10359
          ],
          [
            121.61201,
            24.10279
          ],
          [
            121.61107,
            24.10235
          ],
          [
            121.61036,
            24.10204
          ],
          [
            121.61,
            24.10191
          ],
          [
            121.60941,
            24.1017
          ],
          [
            121.60885,
            24.10151
          ],
          [
            121.60869,
            24.10144
          ],
          [
            121.60869,
            24.10144
          ],
          [
            121.60858,
            24.10138
          ],
          [
            121.60853,
            24.10132
          ],
          [
            121.60849,
            24.10118
          ],
          [
            121.60846,
            24.10069
          ],
          [
            121.60847,
            24.10042
          ],
          [
            121.60852,
            24.10034
          ],
          [
            121.60861,
            24.10027
          ],
          [
            121.60861,
            24.10027
          ],
          [
            121.60872,
            24.10022
          ],
          [
            121.60979,
            24.09983
          ],
          [
            121.61023,
            24.09966
          ],
          [
            121.61041,
            24.09962
          ],
          [
            121.61078,
            24.09961
          ],
          [
            121.61122,
            24.09968
          ],
          [
            121.61158,
            24.09983
          ],
          [
            121.61194,
            24.09998
          ],
          [
            121.61212,
            24.10003
          ],
          [
            121.61251,
            24.1
          ],
          [
            121.61293,
            24.0999
          ],
          [
            121.61318,
            24.09977
          ],
          [
            121.61332,
            24.09968
          ],
          [
            121.61355,
            24.09945
          ],
          [
            121.6137,
            24.09921
          ],
          [
            121.61379,
            24.09895
          ],
          [
            121.61381,
            24.09872
          ],
          [
            121.61379,
            24.09788
          ],
          [
            121.61379,
            24.09492
          ],
          [
            121.61379,
            24.09492
          ],
          [
            121.61378,
            24.09377
          ],
          [
            121.61381,
            24.09368
          ],
          [
            121.61386,
            24.09361
          ],
          [
            121.61374,
            24.09325
          ],
          [
            121.61316,
            24.09155
          ],
          [
            121.61281,
            24.09052
          ],
          [
            121.61252,
            24.08966
          ],
          [
            121.61252,
            24.08966
          ],
          [
            121.6112,
            24.08583
          ],
          [
            121.61062,
            24.0841
          ],
          [
            121.61044,
            24.08355
          ],
          [
            121.61026,
            24.08305
          ],
          [
            121.60987,
            24.08188
          ],
          [
            121.60984,
            24.08168
          ],
          [
            121.60984,
            24.08168
          ],
          [
            121.60908,
            24.07692
          ],
          [
            121.6086,
            24.07374
          ],
          [
            121.60814,
            24.07091
          ],
          [
            121.60814,
            24.07091
          ],
          [
            121.60727,
            24.06525
          ],
          [
            121.60719,
            24.06489
          ],
          [
            121.60706,
            24.06414
          ],
          [
            121.60706,
            24.06414
          ],
          [
            121.60689,
            24.06287
          ],
          [
            121.60627,
            24.05901
          ],
          [
            121.60627,
            24.05901
          ],
          [
            121.6059,
            24.05665
          ],
          [
            121.6059,
            24.05665
          ],
          [
            121.60506,
            24.05154
          ],
          [
            121.60494,
            24.05073
          ],
          [
            121.60494,
            24.05073
          ],
          [
            121.60439,
            24.04713
          ],
          [
            121.60439,
            24.04713
          ],
          [
            121.60352,
            24.04175
          ],
          [
            121.60345,
            24.04128
          ],
          [
            121.60344,
            24.04089
          ],
          [
            121.60344,
            24.04062
          ],
          [
            121.60346,
            24.04053
          ],
          [
            121.60378,
            24.03956
          ],
          [
            121.60401,
            24.03888
          ],
          [
            121.60348,
            24.03871
          ],
          [
            121.60348,
            24.03871
          ],
          [
            121.60309,
            24.03857
          ],
          [
            121.60306,
            24.03839
          ],
          [
            121.60292,
            24.0375
          ],
          [
            121.60282,
            24.03679
          ],
          [
            121.60282,
            24.03665
          ],
          [
            121.60287,
            24.03646
          ],
          [
            121.60364,
            24.03456
          ],
          [
            121.60408,
            24.03337
          ],
          [
            121.60408,
            24.03337
          ],
          [
            121.60509,
            24.03075
          ],
          [
            121.60509,
            24.03075
          ],
          [
            121.60543,
            24.02987
          ],
          [
            121.60559,
            24.02953
          ],
          [
            121.60572,
            24.02918
          ],
          [
            121.60593,
            24.02866
          ],
          [
            121.60632,
            24.0277
          ],
          [
            121.60632,
            24.0277
          ],
          [
            121.60721,
            24.0254
          ],
          [
            121.60721,
            24.0254
          ],
          [
            121.60804,
            24.02327
          ],
          [
            121.60819,
            24.02291
          ],
          [
            121.60822,
            24.02288
          ],
          [
            121.60825,
            24.02269
          ],
          [
            121.60841,
            24.02217
          ],
          [
            121.60892,
            24.02083
          ],
          [
            121.60926,
            24.02001
          ],
          [
            121.60928,
            24.01997
          ],
          [
            121.61039,
            24.01703
          ],
          [
            121.61039,
            24.01703
          ],
          [
            121.61063,
            24.01637
          ],
          [
            121.61071,
            24.01605
          ],
          [
            121.61073,
            24.01587
          ],
          [
            121.61075,
            24.01561
          ],
          [
            121.61075,
            24.01535
          ],
          [
            121.61072,
            24.01512
          ],
          [
            121.61064,
            24.0148
          ],
          [
            121.61036,
            24.01412
          ],
          [
            121.61001,
            24.01338
          ],
          [
            121.6097,
            24.01277
          ],
          [
            121.60945,
            24.01218
          ],
          [
            121.60929,
            24.0115
          ],
          [
            121.60906,
            24.0106
          ],
          [
            121.60901,
            24.01027
          ],
          [
            121.60899,
            24.00996
          ],
          [
            121.60899,
            24.00959
          ],
          [
            121.60904,
            24.00914
          ],
          [
            121.60912,
            24.00905
          ],
          [
            121.60918,
            24.00875
          ],
          [
            121.60927,
            24.00853
          ],
          [
            121.6095,
            24.00812
          ],
          [
            121.60988,
            24.00766
          ],
          [
            121.61004,
            24.00753
          ],
          [
            121.6102,
            24.0074
          ],
          [
            121.61047,
            24.00722
          ],
          [
            121.61092,
            24.00702
          ],
          [
            121.61131,
            24.00689
          ],
          [
            121.61163,
            24.00682
          ],
          [
            121.61208,
            24.00676
          ],
          [
            121.6128,
            24.00676
          ],
          [
            121.61303,
            24.00679
          ],
          [
            121.61339,
            24.00691
          ],
          [
            121.61372,
            24.00707
          ],
          [
            121.61372,
            24.00707
          ],
          [
            121.61469,
            24.00752
          ],
          [
            121.61494,
            24.0076
          ],
          [
            121.61512,
            24.00764
          ],
          [
            121.61535,
            24.00766
          ],
          [
            121.61564,
            24.00764
          ],
          [
            121.61648,
            24.00748
          ],
          [
            121.61693,
            24.00733
          ],
          [
            121.61719,
            24.00717
          ],
          [
            121.61801,
            24.00652
          ],
          [
            121.61827,
            24.00629
          ],
          [
            121.6183,
            24.00625
          ],
          [
            121.6185,
            24.00566
          ],
          [
            121.6185,
            24.00566
          ],
          [
            121.61868,
            24.0052
          ],
          [
            121.61876,
            24.00489
          ],
          [
            121.61915,
            24.00369
          ],
          [
            121.61924,
            24.0034
          ],
          [
            121.61949,
            24.00263
          ],
          [
            121.61949,
            24.00263
          ],
          [
            121.61993,
            24.00131
          ],
          [
            121.62037,
            23.99995
          ],
          [
            121.62077,
            23.9987
          ],
          [
            121.62091,
            23.99839
          ],
          [
            121.62096,
            23.99825
          ],
          [
            121.62096,
            23.99825
          ],
          [
            121.62142,
            23.99698
          ],
          [
            121.62218,
            23.99465
          ],
          [
            121.62223,
            23.99447
          ],
          [
            121.62223,
            23.99435
          ],
          [
            121.62215,
            23.99395
          ],
          [
            121.6219,
            23.99247
          ],
          [
            121.62177,
            23.99154
          ],
          [
            121.62177,
            23.99154
          ],
          [
            121.6216,
            23.99045
          ],
          [
            121.62154,
            23.98996
          ],
          [
            121.62143,
            23.98898
          ],
          [
            121.62143,
            23.98898
          ],
          [
            121.62135,
            23.98833
          ],
          [
            121.62124,
            23.98754
          ],
          [
            121.62116,
            23.98729
          ],
          [
            121.62113,
            23.98721
          ],
          [
            121.62094,
            23.98598
          ],
          [
            121.62089,
            23.98567
          ],
          [
            121.62084,
            23.98552
          ],
          [
            121.62061,
            23.98521
          ],
          [
            121.62042,
            23.98496
          ],
          [
            121.62042,
            23.98496
          ],
          [
            121.61994,
            23.98426
          ],
          [
            121.61891,
            23.98325
          ],
          [
            121.61843,
            23.98265
          ],
          [
            121.61835,
            23.98256
          ],
          [
            121.61835,
            23.98256
          ],
          [
            121.61793,
            23.98213
          ],
          [
            121.61789,
            23.98211
          ],
          [
            121.61779,
            23.98208
          ],
          [
            121.61764,
            23.98207
          ],
          [
            121.61747,
            23.98208
          ],
          [
            121.61691,
            23.98221
          ],
          [
            121.61659,
            23.98227
          ],
          [
            121.61631,
            23.98229
          ],
          [
            121.61569,
            23.98217
          ],
          [
            121.61542,
            23.98212
          ],
          [
            121.61521,
            23.98209
          ],
          [
            121.61389,
            23.98209
          ],
          [
            121.61356,
            23.98206
          ],
          [
            121.61346,
            23.98203
          ],
          [
            121.61338,
            23.98198
          ],
          [
            121.61334,
            23.98195
          ],
          [
            121.61309,
            23.98141
          ],
          [
            121.61276,
            23.98087
          ],
          [
            121.61262,
            23.98073
          ],
          [
            121.61188,
            23.98025
          ],
          [
            121.6114,
            23.97991
          ],
          [
            121.6114,
            23.97991
          ],
          [
            121.61075,
            23.97947
          ],
          [
            121.61139,
            23.97861
          ],
          [
            121.61209,
            23.97774
          ],
          [
            121.61196,
            23.97766
          ],
          [
            121.611984,
            23.977208
          ],
          [
            121.611936,
            23.976873
          ],
          [
            121.611837,
            23.976155
          ],
          [
            121.611742,
            23.975404
          ],
          [
            121.611589,
            23.974672
          ],
          [
            121.611536,
            23.974388
          ],
          [
            121.61148,
            23.974308
          ],
          [
            121.611542,
            23.974213
          ],
          [
            121.611353,
            23.974058
          ],
          [
            121.611203,
            23.973949
          ],
          [
            121.611171,
            23.97394
          ],
          [
            121.611081,
            23.974049
          ],
          [
            121.611008,
            23.974164
          ],
          [
            121.610973,
            23.974243
          ],
          [
            121.610974,
            23.974307
          ],
          [
            121.61111,
            23.97443
          ],
          [
            121.61111,
            23.97443
          ],
          [
            121.611292,
            23.974572
          ],
          [
            121.61062,
            23.97544
          ],
          [
            121.61037,
            23.97575
          ],
          [
            121.61037,
            23.97575
          ],
          [
            121.60989,
            23.97636
          ],
          [
            121.60924,
            23.97625
          ],
          [
            121.60893,
            23.97621
          ],
          [
            121.60893,
            23.97621
          ],
          [
            121.60809,
            23.97615
          ],
          [
            121.60742,
            23.97603
          ],
          [
            121.60639,
            23.97592
          ],
          [
            121.60562,
            23.97581
          ],
          [
            121.60537,
            23.97578
          ],
          [
            121.60524,
            23.97576
          ],
          [
            121.60516,
            23.97577
          ],
          [
            121.60495,
            23.97563
          ],
          [
            121.60379,
            23.97491
          ],
          [
            121.60307,
            23.97444
          ],
          [
            121.60282,
            23.97474
          ],
          [
            121.6025,
            23.97517
          ],
          [
            121.60229,
            23.97543
          ],
          [
            121.60329,
            23.97555
          ],
          [
            121.60435,
            23.97568
          ],
          [
            121.60449,
            23.9757
          ],
          [
            121.60449,
            23.9757
          ],
          [
            121.60508,
            23.97575
          ],
          [
            121.60516,
            23.97577
          ],
          [
            121.60588,
            23.97625
          ],
          [
            121.60648,
            23.97663
          ],
          [
            121.60729,
            23.97718
          ],
          [
            121.60758,
            23.97738
          ],
          [
            121.60794,
            23.97764
          ],
          [
            121.60859,
            23.97804
          ],
          [
            121.60828,
            23.97842
          ],
          [
            121.60828,
            23.97842
          ],
          [
            121.60786,
            23.97894
          ],
          [
            121.60762,
            23.97927
          ],
          [
            121.60717,
            23.97986
          ],
          [
            121.60655,
            23.98076
          ],
          [
            121.60628,
            23.98109
          ],
          [
            121.60625,
            23.98113
          ],
          [
            121.60625,
            23.98113
          ],
          [
            121.60582,
            23.98168
          ],
          [
            121.60549,
            23.98209
          ],
          [
            121.60521,
            23.98235
          ],
          [
            121.60485,
            23.9828
          ],
          [
            121.60448,
            23.98326
          ],
          [
            121.60441,
            23.98336
          ],
          [
            121.60394,
            23.98406
          ],
          [
            121.60387,
            23.984
          ],
          [
            121.60341,
            23.9846
          ],
          [
            121.60288,
            23.98527
          ],
          [
            121.60248,
            23.98583
          ],
          [
            121.60234,
            23.98602
          ],
          [
            121.60213,
            23.98628
          ],
          [
            121.60209,
            23.98635
          ],
          [
            121.60199,
            23.98646
          ],
          [
            121.60199,
            23.98646
          ],
          [
            121.60173,
            23.98677
          ],
          [
            121.60156,
            23.98698
          ],
          [
            121.60149,
            23.98707
          ],
          [
            121.6014,
            23.98718
          ],
          [
            121.60115,
            23.9875
          ],
          [
            121.60102,
            23.98768
          ],
          [
            121.60096,
            23.98776
          ],
          [
            121.60074,
            23.98805
          ],
          [
            121.60067,
            23.98814
          ],
          [
            121.60049,
            23.98834
          ],
          [
            121.60037,
            23.98851
          ],
          [
            121.60024,
            23.98869
          ],
          [
            121.60018,
            23.98876
          ],
          [
            121.60014,
            23.98882
          ],
          [
            121.59958,
            23.98955
          ],
          [
            121.59935,
            23.98985
          ],
          [
            121.59912,
            23.99015
          ],
          [
            121.59906,
            23.99022
          ],
          [
            121.5983,
            23.99116
          ],
          [
            121.59823,
            23.99126
          ],
          [
            121.59801,
            23.99151
          ],
          [
            121.5976,
            23.99203
          ],
          [
            121.59722,
            23.99251
          ],
          [
            121.597,
            23.99279
          ],
          [
            121.59602,
            23.99404
          ],
          [
            121.59591,
            23.99419
          ],
          [
            121.59545,
            23.99477
          ],
          [
            121.59514,
            23.99517
          ],
          [
            121.59509,
            23.99525
          ],
          [
            121.59472,
            23.99573
          ],
          [
            121.59459,
            23.99592
          ],
          [
            121.59454,
            23.99605
          ],
          [
            121.59445,
            23.99614
          ],
          [
            121.59439,
            23.99621
          ],
          [
            121.59424,
            23.9964
          ],
          [
            121.59383,
            23.99693
          ],
          [
            121.59352,
            23.99733
          ],
          [
            121.59289,
            23.99816
          ],
          [
            121.59278,
            23.99831
          ],
          [
            121.59256,
            23.99859
          ],
          [
            121.59253,
            23.99865
          ],
          [
            121.59236,
            23.99885
          ],
          [
            121.59187,
            23.9995
          ],
          [
            121.59165,
            23.99979
          ],
          [
            121.59132,
            24.00022
          ],
          [
            121.59121,
            24.00035
          ],
          [
            121.59121,
            24.00035
          ],
          [
            121.59132,
            24.00022
          ],
          [
            121.59165,
            23.99979
          ],
          [
            121.59187,
            23.9995
          ],
          [
            121.59236,
            23.99885
          ],
          [
            121.59253,
            23.99865
          ],
          [
            121.59256,
            23.99859
          ],
          [
            121.59278,
            23.99831
          ],
          [
            121.59289,
            23.99816
          ],
          [
            121.59352,
            23.99733
          ],
          [
            121.59383,
            23.99693
          ],
          [
            121.59424,
            23.9964
          ],
          [
            121.59439,
            23.99621
          ],
          [
            121.59445,
            23.99614
          ],
          [
            121.59454,
            23.99605
          ],
          [
            121.59459,
            23.99592
          ],
          [
            121.59472,
            23.99573
          ],
          [
            121.59509,
            23.99525
          ],
          [
            121.59514,
            23.99517
          ],
          [
            121.59545,
            23.99477
          ],
          [
            121.59591,
            23.99419
          ],
          [
            121.59602,
            23.99404
          ],
          [
            121.597,
            23.99279
          ],
          [
            121.59722,
            23.99251
          ],
          [
            121.5976,
            23.99203
          ],
          [
            121.59801,
            23.99151
          ],
          [
            121.59823,
            23.99126
          ],
          [
            121.5983,
            23.99116
          ],
          [
            121.59906,
            23.99022
          ],
          [
            121.59912,
            23.99015
          ],
          [
            121.59935,
            23.98985
          ],
          [
            121.59958,
            23.98955
          ],
          [
            121.60014,
            23.98882
          ],
          [
            121.60018,
            23.98876
          ],
          [
            121.60024,
            23.98869
          ],
          [
            121.60037,
            23.98851
          ],
          [
            121.60049,
            23.98834
          ],
          [
            121.60067,
            23.98814
          ],
          [
            121.60074,
            23.98805
          ],
          [
            121.60096,
            23.98776
          ],
          [
            121.60102,
            23.98768
          ],
          [
            121.60125,
            23.98785
          ],
          [
            121.60139,
            23.98798
          ],
          [
            121.60151,
            23.98808
          ],
          [
            121.60167,
            23.98825
          ],
          [
            121.60162,
            23.9883
          ],
          [
            121.60152,
            23.98839
          ],
          [
            121.60116,
            23.98871
          ],
          [
            121.60058,
            23.98915
          ],
          [
            121.60063,
            23.98921
          ],
          [
            121.60094,
            23.98953
          ],
          [
            121.60111,
            23.9897
          ],
          [
            121.6014,
            23.99001
          ],
          [
            121.6014,
            23.99001
          ],
          [
            121.60145,
            23.99007
          ],
          [
            121.60216,
            23.99084
          ],
          [
            121.60281,
            23.99158
          ],
          [
            121.60327,
            23.99249
          ],
          [
            121.60293,
            23.99265
          ]
        ]
      }
    },
    {
      "type": "Feature",
      "properties": {
        "feature_type": "station",
        "ref": "THB307560",
        "name": "花蓮轉運站",
        "name_en": "Hualien Bus Sation",
        "line": "1132A（繞駛四維高中）",
        "color": "#9a3412",
        "direction": 0
      },
      "geometry": {
        "type": "Point",
        "coordinates": [
          121.603181,
          23.993063
        ]
      }
    },
    {
      "type": "Feature",
      "properties": {
        "feature_type": "station",
        "ref": "THB286975",
        "name": "市立圖書館",
        "name_en": "City Library",
        "line": "1132A（繞駛四維高中）",
        "color": "#9a3412",
        "direction": 0
      },
      "geometry": {
        "type": "Point",
        "coordinates": [
          121.60132,
          23.99008
        ]
      }
    },
    {
      "type": "Feature",
      "properties": {
        "feature_type": "station",
        "ref": "THB302998",
        "name": "四維高中",
        "name_en": "SZU-WEI senior high school",
        "line": "1132A（繞駛四維高中）",
        "color": "#9a3412",
        "direction": 0
      },
      "geometry": {
        "type": "Point",
        "coordinates": [
          121.59116,
          24.000262
        ]
      }
    },
    {
      "type": "Feature",
      "properties": {
        "feature_type": "station",
        "ref": "THB182874",
        "name": "花蓮商校",
        "name_en": "National Hualien Commerical High School",
        "line": "1132A（繞駛四維高中）",
        "color": "#9a3412",
        "direction": 0
      },
      "geometry": {
        "type": "Point",
        "coordinates": [
          121.601820604877,
          23.9865839026486
        ]
      }
    },
    {
      "type": "Feature",
      "properties": {
        "feature_type": "station",
        "ref": "THB241908",
        "name": "郵政總局",
        "name_en": "Chunghwa Post Co., Ltd.",
        "line": "1132A（繞駛四維高中）",
        "color": "#9a3412",
        "direction": 0
      },
      "geometry": {
        "type": "Point",
        "coordinates": [
          121.603871170832,
          23.9839402952397
        ]
      }
    },
    {
      "type": "Feature",
      "properties": {
        "feature_type": "station",
        "ref": "THB182876",
        "name": "大同市場",
        "name_en": "Datong Market",
        "line": "1132A（繞駛四維高中）",
        "color": "#9a3412",
        "direction": 0
      },
      "geometry": {
        "type": "Point",
        "coordinates": [
          121.60612266764,
          23.9810104419753
        ]
      }
    },
    {
      "type": "Feature",
      "properties": {
        "feature_type": "station",
        "ref": "THB237391",
        "name": "臺灣企銀",
        "name_en": "Taiwan Business Bank",
        "line": "1132A（繞駛四維高中）",
        "color": "#9a3412",
        "direction": 0
      },
      "geometry": {
        "type": "Point",
        "coordinates": [
          121.60809,
          23.97852
        ]
      }
    },
    {
      "type": "Feature",
      "properties": {
        "feature_type": "station",
        "ref": "THB237516",
        "name": "花蓮文創園區",
        "name_en": "Hualien Cultural and Creative Industries Park",
        "line": "1132A（繞駛四維高中）",
        "color": "#9a3412",
        "direction": 0
      },
      "geometry": {
        "type": "Point",
        "coordinates": [
          121.60467,
          23.97578
        ]
      }
    },
    {
      "type": "Feature",
      "properties": {
        "feature_type": "station",
        "ref": "THB222367",
        "name": "中華路",
        "name_en": "Zhonghua Station",
        "line": "1132A（繞駛四維高中）",
        "color": "#9a3412",
        "direction": 0
      },
      "geometry": {
        "type": "Point",
        "coordinates": [
          121.60903,
          23.97622
        ]
      }
    },
    {
      "type": "Feature",
      "properties": {
        "feature_type": "station",
        "ref": "THB286983",
        "name": "花蓮旅行社",
        "name_en": "Hualien Travel Service",
        "line": "1132A（繞駛四維高中）",
        "color": "#9a3412",
        "direction": 0
      },
      "geometry": {
        "type": "Point",
        "coordinates": [
          121.61036,
          23.97565
        ]
      }
    },
    {
      "type": "Feature",
      "properties": {
        "feature_type": "station",
        "ref": "THB222369",
        "name": "東大門夜市",
        "name_en": "Dongdaemun Night Market",
        "line": "1132A（繞駛四維高中）",
        "color": "#9a3412",
        "direction": 0
      },
      "geometry": {
        "type": "Point",
        "coordinates": [
          121.61111,
          23.97453
        ]
      }
    },
    {
      "type": "Feature",
      "properties": {
        "feature_type": "station",
        "ref": "THB182389",
        "name": "花蓮醫院(將軍府)",
        "name_en": "Hualien Hospital(Jiang Jun Fu)",
        "line": "1132A（繞駛四維高中）",
        "color": "#9a3412",
        "direction": 0
      },
      "geometry": {
        "type": "Point",
        "coordinates": [
          121.61147,
          23.97987
        ]
      }
    },
    {
      "type": "Feature",
      "properties": {
        "feature_type": "station",
        "ref": "THB247718",
        "name": "松園別館",
        "name_en": "Pine Garden",
        "line": "1132A（繞駛四維高中）",
        "color": "#9a3412",
        "direction": 0
      },
      "geometry": {
        "type": "Point",
        "coordinates": [
          121.6186,
          23.98281
        ]
      }
    },
    {
      "type": "Feature",
      "properties": {
        "feature_type": "station",
        "ref": "THB247719",
        "name": "上美崙",
        "name_en": "Shangmeilun",
        "line": "1132A（繞駛四維高中）",
        "color": "#9a3412",
        "direction": 0
      },
      "geometry": {
        "type": "Point",
        "coordinates": [
          121.62057,
          23.98505
        ]
      }
    },
    {
      "type": "Feature",
      "properties": {
        "feature_type": "station",
        "ref": "THB237521",
        "name": "地方法院",
        "name_en": "District Court",
        "line": "1132A（繞駛四維高中）",
        "color": "#9a3412",
        "direction": 0
      },
      "geometry": {
        "type": "Point",
        "coordinates": [
          121.62154,
          23.98915
        ]
      }
    },
    {
      "type": "Feature",
      "properties": {
        "feature_type": "station",
        "ref": "THB182884",
        "name": "花蓮縣政府",
        "name_en": "Hualien County Hall",
        "line": "1132A（繞駛四維高中）",
        "color": "#9a3412",
        "direction": 0
      },
      "geometry": {
        "type": "Point",
        "coordinates": [
          121.62178,
          23.99087
        ]
      }
    },
    {
      "type": "Feature",
      "properties": {
        "feature_type": "station",
        "ref": "THB182332",
        "name": "國立花蓮高工",
        "name_en": "National Hualien Commercial High School",
        "line": "1132A（繞駛四維高中）",
        "color": "#9a3412",
        "direction": 0
      },
      "geometry": {
        "type": "Point",
        "coordinates": [
          121.62099,
          23.99826
        ]
      }
    },
    {
      "type": "Feature",
      "properties": {
        "feature_type": "station",
        "ref": "THB237397",
        "name": "榮民之家",
        "name_en": "Veterans Home",
        "line": "1132A（繞駛四維高中）",
        "color": "#9a3412",
        "direction": 0
      },
      "geometry": {
        "type": "Point",
        "coordinates": [
          121.61951,
          24.00296
        ]
      }
    },
    {
      "type": "Feature",
      "properties": {
        "feature_type": "station",
        "ref": "THB247675",
        "name": "大陳一村",
        "name_en": "Dachen 1st. Village",
        "line": "1132A（繞駛四維高中）",
        "color": "#9a3412",
        "direction": 0
      },
      "geometry": {
        "type": "Point",
        "coordinates": [
          121.61869,
          24.00545
        ]
      }
    },
    {
      "type": "Feature",
      "properties": {
        "feature_type": "station",
        "ref": "THB276036",
        "name": "東華大學美崙校區",
        "name_en": "Donghua University Meilun Campus",
        "line": "1132A（繞駛四維高中）",
        "color": "#9a3412",
        "direction": 0
      },
      "geometry": {
        "type": "Point",
        "coordinates": [
          121.61565,
          24.00818
        ]
      }
    },
    {
      "type": "Feature",
      "properties": {
        "feature_type": "station",
        "ref": "THB182444",
        "name": "海星中學",
        "name_en": "Stella Maris Ursuline High School",
        "line": "1132A（繞駛四維高中）",
        "color": "#9a3412",
        "direction": 0
      },
      "geometry": {
        "type": "Point",
        "coordinates": [
          121.61407,
          24.00743
        ]
      }
    },
    {
      "type": "Feature",
      "properties": {
        "feature_type": "station",
        "ref": "THB286977",
        "name": "家樂福",
        "name_en": "Carrefour",
        "line": "1132A（繞駛四維高中）",
        "color": "#9a3412",
        "direction": 0
      },
      "geometry": {
        "type": "Point",
        "coordinates": [
          121.61051,
          24.01707
        ]
      }
    },
    {
      "type": "Feature",
      "properties": {
        "feature_type": "station",
        "ref": "THB286978",
        "name": "嘉里村",
        "name_en": "Jiali Village",
        "line": "1132A（繞駛四維高中）",
        "color": "#9a3412",
        "direction": 0
      },
      "geometry": {
        "type": "Point",
        "coordinates": [
          121.60937,
          24.02009
        ]
      }
    },
    {
      "type": "Feature",
      "properties": {
        "feature_type": "station",
        "ref": "THB274203",
        "name": "國軍總醫院",
        "name_en": "Hualien Armed Forces General Hospital",
        "line": "1132A（繞駛四維高中）",
        "color": "#9a3412",
        "direction": 0
      },
      "geometry": {
        "type": "Point",
        "coordinates": [
          121.60764,
          24.02448
        ]
      }
    },
    {
      "type": "Feature",
      "properties": {
        "feature_type": "station",
        "ref": "THB237524",
        "name": "芥菜種會",
        "name_en": "The Mustard Seed Mission",
        "line": "1132A（繞駛四維高中）",
        "color": "#9a3412",
        "direction": 0
      },
      "geometry": {
        "type": "Point",
        "coordinates": [
          121.60627,
          24.02797
        ]
      }
    },
    {
      "type": "Feature",
      "properties": {
        "feature_type": "station",
        "ref": "THB237465",
        "name": "新城國中",
        "name_en": "Xincheng Junior High School",
        "line": "1132A（繞駛四維高中）",
        "color": "#9a3412",
        "direction": 0
      },
      "geometry": {
        "type": "Point",
        "coordinates": [
          121.60519,
          24.03066
        ]
      }
    },
    {
      "type": "Feature",
      "properties": {
        "feature_type": "station",
        "ref": "THB182891",
        "name": "北埔",
        "name_en": "Beipu",
        "line": "1132A（繞駛四維高中）",
        "color": "#9a3412",
        "direction": 0
      },
      "geometry": {
        "type": "Point",
        "coordinates": [
          121.604129954528,
          24.0332900011851
        ]
      }
    },
    {
      "type": "Feature",
      "properties": {
        "feature_type": "station",
        "ref": "THB182201",
        "name": "新秀農會",
        "name_en": "Xinxiu Farmer Assc.",
        "line": "1132A（繞駛四維高中）",
        "color": "#9a3412",
        "direction": 0
      },
      "geometry": {
        "type": "Point",
        "coordinates": [
          121.603811745479,
          24.0387071453057
        ]
      }
    },
    {
      "type": "Feature",
      "properties": {
        "feature_type": "station",
        "ref": "THB237526",
        "name": "南海園",
        "name_en": "Nanhaiyuan",
        "line": "1132A（繞駛四維高中）",
        "color": "#9a3412",
        "direction": 0
      },
      "geometry": {
        "type": "Point",
        "coordinates": [
          121.60455,
          24.04704
        ]
      }
    },
    {
      "type": "Feature",
      "properties": {
        "feature_type": "station",
        "ref": "THB182893",
        "name": "康樂村",
        "name_en": "Kangle Village",
        "line": "1132A（繞駛四維高中）",
        "color": "#9a3412",
        "direction": 0
      },
      "geometry": {
        "type": "Point",
        "coordinates": [
          121.60519,
          24.0512
        ]
      }
    },
    {
      "type": "Feature",
      "properties": {
        "feature_type": "station",
        "ref": "THB182894",
        "name": "紫園",
        "name_en": "Ziyuan",
        "line": "1132A（繞駛四維高中）",
        "color": "#9a3412",
        "direction": 0
      },
      "geometry": {
        "type": "Point",
        "coordinates": [
          121.60608,
          24.05668
        ]
      }
    },
    {
      "type": "Feature",
      "properties": {
        "feature_type": "station",
        "ref": "THB237527",
        "name": "光隆博物館",
        "name_en": "Guanglong Museum",
        "line": "1132A（繞駛四維高中）",
        "color": "#9a3412",
        "direction": 0
      },
      "geometry": {
        "type": "Point",
        "coordinates": [
          121.6065,
          24.05925
        ]
      }
    },
    {
      "type": "Feature",
      "properties": {
        "feature_type": "station",
        "ref": "THB237528",
        "name": "山廣",
        "name_en": "Shanguang",
        "line": "1132A（繞駛四維高中）",
        "color": "#9a3412",
        "direction": 0
      },
      "geometry": {
        "type": "Point",
        "coordinates": [
          121.60725,
          24.06416
        ]
      }
    },
    {
      "type": "Feature",
      "properties": {
        "feature_type": "station",
        "ref": "THB237529",
        "name": "東帥藝品店",
        "name_en": "Tungshuai Article Store",
        "line": "1132A（繞駛四維高中）",
        "color": "#9a3412",
        "direction": 0
      },
      "geometry": {
        "type": "Point",
        "coordinates": [
          121.60836,
          24.07098
        ]
      }
    },
    {
      "type": "Feature",
      "properties": {
        "feature_type": "station",
        "ref": "THB182896",
        "name": "加灣",
        "name_en": "Jiawan",
        "line": "1132A（繞駛四維高中）",
        "color": "#9a3412",
        "direction": 0
      },
      "geometry": {
        "type": "Point",
        "coordinates": [
          121.61002,
          24.08164
        ]
      }
    },
    {
      "type": "Feature",
      "properties": {
        "feature_type": "station",
        "ref": "THB237530",
        "name": "景美",
        "name_en": "Jingmei",
        "line": "1132A（繞駛四維高中）",
        "color": "#9a3412",
        "direction": 0
      },
      "geometry": {
        "type": "Point",
        "coordinates": [
          121.61263,
          24.08945
        ]
      }
    },
    {
      "type": "Feature",
      "properties": {
        "feature_type": "station",
        "ref": "THB237531",
        "name": "南三棧",
        "name_en": "Nansanzhan",
        "line": "1132A（繞駛四維高中）",
        "color": "#9a3412",
        "direction": 0
      },
      "geometry": {
        "type": "Point",
        "coordinates": [
          121.61384,
          24.09495
        ]
      }
    },
    {
      "type": "Feature",
      "properties": {
        "feature_type": "station",
        "ref": "THB237532",
        "name": "三棧橋",
        "name_en": "Sanzhan Bridge",
        "line": "1132A（繞駛四維高中）",
        "color": "#9a3412",
        "direction": 0
      },
      "geometry": {
        "type": "Point",
        "coordinates": [
          121.60898,
          24.10019
        ]
      }
    },
    {
      "type": "Feature",
      "properties": {
        "feature_type": "station",
        "ref": "THB237533",
        "name": "三棧派出所",
        "name_en": "Sanzhan Police Substation",
        "line": "1132A（繞駛四維高中）",
        "color": "#9a3412",
        "direction": 0
      },
      "geometry": {
        "type": "Point",
        "coordinates": [
          121.6088,
          24.10142
        ]
      }
    },
    {
      "type": "Feature",
      "properties": {
        "feature_type": "station",
        "ref": "THB237534",
        "name": "北三棧",
        "name_en": "Beisanzhan",
        "line": "1132A（繞駛四維高中）",
        "color": "#9a3412",
        "direction": 0
      },
      "geometry": {
        "type": "Point",
        "coordinates": [
          121.62061,
          24.1067
        ]
      }
    },
    {
      "type": "Feature",
      "properties": {
        "feature_type": "station",
        "ref": "THB237535",
        "name": "南部",
        "name_en": "Nanbu",
        "line": "1132A（繞駛四維高中）",
        "color": "#9a3412",
        "direction": 0
      },
      "geometry": {
        "type": "Point",
        "coordinates": [
          121.62753,
          24.11035
        ]
      }
    },
    {
      "type": "Feature",
      "properties": {
        "feature_type": "station",
        "ref": "THB182898",
        "name": "外秀林",
        "name_en": "Waixiulin",
        "line": "1132A（繞駛四維高中）",
        "color": "#9a3412",
        "direction": 0
      },
      "geometry": {
        "type": "Point",
        "coordinates": [
          121.63309,
          24.11333
        ]
      }
    },
    {
      "type": "Feature",
      "properties": {
        "feature_type": "station",
        "ref": "THB182899",
        "name": "順安",
        "name_en": "Shun-an",
        "line": "1132A（繞駛四維高中）",
        "color": "#9a3412",
        "direction": 0
      },
      "geometry": {
        "type": "Point",
        "coordinates": [
          121.63795,
          24.11635
        ]
      }
    },
    {
      "type": "Feature",
      "properties": {
        "feature_type": "station",
        "ref": "THB247721",
        "name": "草林",
        "name_en": "Caolin",
        "line": "1132A（繞駛四維高中）",
        "color": "#9a3412",
        "direction": 0
      },
      "geometry": {
        "type": "Point",
        "coordinates": [
          121.639920135095,
          24.1176022348096
        ]
      }
    },
    {
      "type": "Feature",
      "properties": {
        "feature_type": "station",
        "ref": "THB309069",
        "name": "新城中山路一巷口",
        "name_en": "Xincheng, Ln. 1 Zhongshan Rd. Intersection",
        "line": "1132A（繞駛四維高中）",
        "color": "#9a3412",
        "direction": 0
      },
      "geometry": {
        "type": "Point",
        "coordinates": [
          121.649252,
          24.123425
        ]
      }
    },
    {
      "type": "Feature",
      "properties": {
        "feature_type": "station",
        "ref": "THB237537",
        "name": "鎮安宮",
        "name_en": "Zhen-an Temple",
        "line": "1132A（繞駛四維高中）",
        "color": "#9a3412",
        "direction": 0
      },
      "geometry": {
        "type": "Point",
        "coordinates": [
          121.65151,
          24.1249
        ]
      }
    },
    {
      "type": "Feature",
      "properties": {
        "feature_type": "station",
        "ref": "THB182900",
        "name": "新城佳興冰果室",
        "name_en": "Xincheng Jiaxing Ice Fruit Shop",
        "line": "1132A（繞駛四維高中）",
        "color": "#9a3412",
        "direction": 0
      },
      "geometry": {
        "type": "Point",
        "coordinates": [
          121.65173,
          24.1265
        ]
      }
    },
    {
      "type": "Feature",
      "properties": {
        "feature_type": "station",
        "ref": "THB182901",
        "name": "新城國小",
        "name_en": "Xincheng Elementary School",
        "line": "1132A（繞駛四維高中）",
        "color": "#9a3412",
        "direction": 0
      },
      "geometry": {
        "type": "Point",
        "coordinates": [
          121.65098,
          24.12726
        ]
      }
    },
    {
      "type": "Feature",
      "properties": {
        "feature_type": "station",
        "ref": "THB237538",
        "name": "新城公園",
        "name_en": "Xincheng Park",
        "line": "1132A（繞駛四維高中）",
        "color": "#9a3412",
        "direction": 0
      },
      "geometry": {
        "type": "Point",
        "coordinates": [
          121.649580751979,
          24.1285291025031
        ]
      }
    },
    {
      "type": "Feature",
      "properties": {
        "feature_type": "station",
        "ref": "THB237539",
        "name": "興田",
        "name_en": "Xingtian",
        "line": "1132A（繞駛四維高中）",
        "color": "#9a3412",
        "direction": 0
      },
      "geometry": {
        "type": "Point",
        "coordinates": [
          121.64549,
          24.13076
        ]
      }
    },
    {
      "type": "Feature",
      "properties": {
        "feature_type": "station",
        "ref": "THB237540",
        "name": "亞洲水泥廠",
        "name_en": "Asia Cement Factory",
        "line": "1132A（繞駛四維高中）",
        "color": "#9a3412",
        "direction": 0
      },
      "geometry": {
        "type": "Point",
        "coordinates": [
          121.64001,
          24.13388
        ]
      }
    },
    {
      "type": "Feature",
      "properties": {
        "feature_type": "station",
        "ref": "THB237541",
        "name": "可樂",
        "name_en": "Kele",
        "line": "1132A（繞駛四維高中）",
        "color": "#9a3412",
        "direction": 0
      },
      "geometry": {
        "type": "Point",
        "coordinates": [
          121.6319,
          24.14392
        ]
      }
    },
    {
      "type": "Feature",
      "properties": {
        "feature_type": "station",
        "ref": "THB247722",
        "name": "富世國小",
        "name_en": "Fushi Elementary School",
        "line": "1132A（繞駛四維高中）",
        "color": "#9a3412",
        "direction": 0
      },
      "geometry": {
        "type": "Point",
        "coordinates": [
          121.62864,
          24.14782
        ]
      }
    },
    {
      "type": "Feature",
      "properties": {
        "feature_type": "station",
        "ref": "THB182904",
        "name": "太魯閣",
        "name_en": "Tailuge",
        "line": "1132A（繞駛四維高中）",
        "color": "#9a3412",
        "direction": 0
      },
      "geometry": {
        "type": "Point",
        "coordinates": [
          121.6236,
          24.15355
        ]
      }
    },
    {
      "type": "Feature",
      "properties": {
        "feature_type": "station",
        "ref": "THB237483",
        "name": "富世村界",
        "name_en": "Fushi Village Border",
        "line": "1132A（繞駛四維高中）",
        "color": "#9a3412",
        "direction": 0
      },
      "geometry": {
        "type": "Point",
        "coordinates": [
          121.62897,
          24.15523
        ]
      }
    },
    {
      "type": "Feature",
      "properties": {
        "feature_type": "station",
        "ref": "THB182280",
        "name": "崇德社區",
        "name_en": "Chongde Community",
        "line": "1132A（繞駛四維高中）",
        "color": "#9a3412",
        "direction": 0
      },
      "geometry": {
        "type": "Point",
        "coordinates": [
          121.64895,
          24.15305
        ]
      }
    },
    {
      "type": "Feature",
      "properties": {
        "feature_type": "station",
        "ref": "THB237484",
        "name": "崇德教會",
        "name_en": "Chongde Church",
        "line": "1132A（繞駛四維高中）",
        "color": "#9a3412",
        "direction": 0
      },
      "geometry": {
        "type": "Point",
        "coordinates": [
          121.65074,
          24.15816
        ]
      }
    },
    {
      "type": "Feature",
      "properties": {
        "feature_type": "station",
        "ref": "THB182281",
        "name": "崇德國小",
        "name_en": "Chongde Elementary School",
        "line": "1132A（繞駛四維高中）",
        "color": "#9a3412",
        "direction": 0
      },
      "geometry": {
        "type": "Point",
        "coordinates": [
          121.65213,
          24.16194
        ]
      }
    },
    {
      "type": "Feature",
      "properties": {
        "feature_type": "station",
        "ref": "THB182282",
        "name": "崇德",
        "name_en": "Chongde",
        "line": "1132A（繞駛四維高中）",
        "color": "#9a3412",
        "direction": 0
      },
      "geometry": {
        "type": "Point",
        "coordinates": [
          121.65405,
          24.16865
        ]
      }
    },
    {
      "type": "Feature",
      "properties": {
        "feature_type": "station",
        "ref": "THB182283",
        "name": "崇德",
        "name_en": "Chongde",
        "line": "1132A（繞駛四維高中）",
        "color": "#9a3412",
        "direction": 1
      },
      "geometry": {
        "type": "Point",
        "coordinates": [
          121.65358,
          24.16739
        ]
      }
    },
    {
      "type": "Feature",
      "properties": {
        "feature_type": "station",
        "ref": "THB182284",
        "name": "崇德國小",
        "name_en": "Chongde Elementary School",
        "line": "1132A（繞駛四維高中）",
        "color": "#9a3412",
        "direction": 1
      },
      "geometry": {
        "type": "Point",
        "coordinates": [
          121.65205,
          24.16229
        ]
      }
    },
    {
      "type": "Feature",
      "properties": {
        "feature_type": "station",
        "ref": "THB237485",
        "name": "崇德教會",
        "name_en": "Chongde Church",
        "line": "1132A（繞駛四維高中）",
        "color": "#9a3412",
        "direction": 1
      },
      "geometry": {
        "type": "Point",
        "coordinates": [
          121.65062,
          24.15833
        ]
      }
    },
    {
      "type": "Feature",
      "properties": {
        "feature_type": "station",
        "ref": "THB182285",
        "name": "崇德社區",
        "name_en": "Chongde Community",
        "line": "1132A（繞駛四維高中）",
        "color": "#9a3412",
        "direction": 1
      },
      "geometry": {
        "type": "Point",
        "coordinates": [
          121.6488,
          24.15338
        ]
      }
    },
    {
      "type": "Feature",
      "properties": {
        "feature_type": "station",
        "ref": "THB237486",
        "name": "富世村界",
        "name_en": "Fushi Village Border",
        "line": "1132A（繞駛四維高中）",
        "color": "#9a3412",
        "direction": 1
      },
      "geometry": {
        "type": "Point",
        "coordinates": [
          121.6291,
          24.1553
        ]
      }
    },
    {
      "type": "Feature",
      "properties": {
        "feature_type": "station",
        "ref": "THB182286",
        "name": "太魯閣",
        "name_en": "Tailuge",
        "line": "1132A（繞駛四維高中）",
        "color": "#9a3412",
        "direction": 1
      },
      "geometry": {
        "type": "Point",
        "coordinates": [
          121.62335,
          24.1535
        ]
      }
    },
    {
      "type": "Feature",
      "properties": {
        "feature_type": "station",
        "ref": "THB247730",
        "name": "富世國小",
        "name_en": "Fushi Elementary School",
        "line": "1132A（繞駛四維高中）",
        "color": "#9a3412",
        "direction": 1
      },
      "geometry": {
        "type": "Point",
        "coordinates": [
          121.62856,
          24.14764
        ]
      }
    },
    {
      "type": "Feature",
      "properties": {
        "feature_type": "station",
        "ref": "THB237554",
        "name": "可樂",
        "name_en": "Kele",
        "line": "1132A（繞駛四維高中）",
        "color": "#9a3412",
        "direction": 1
      },
      "geometry": {
        "type": "Point",
        "coordinates": [
          121.63181,
          24.14387
        ]
      }
    },
    {
      "type": "Feature",
      "properties": {
        "feature_type": "station",
        "ref": "THB237555",
        "name": "亞洲水泥廠",
        "name_en": "Asia Cement Factory",
        "line": "1132A（繞駛四維高中）",
        "color": "#9a3412",
        "direction": 1
      },
      "geometry": {
        "type": "Point",
        "coordinates": [
          121.64037,
          24.13355
        ]
      }
    },
    {
      "type": "Feature",
      "properties": {
        "feature_type": "station",
        "ref": "THB237556",
        "name": "興田",
        "name_en": "Xingtian",
        "line": "1132A（繞駛四維高中）",
        "color": "#9a3412",
        "direction": 1
      },
      "geometry": {
        "type": "Point",
        "coordinates": [
          121.64566,
          24.13052
        ]
      }
    },
    {
      "type": "Feature",
      "properties": {
        "feature_type": "station",
        "ref": "THB237557",
        "name": "新城公園",
        "name_en": "Xincheng Park",
        "line": "1132A（繞駛四維高中）",
        "color": "#9a3412",
        "direction": 1
      },
      "geometry": {
        "type": "Point",
        "coordinates": [
          121.64950995414,
          24.1284100010512
        ]
      }
    },
    {
      "type": "Feature",
      "properties": {
        "feature_type": "station",
        "ref": "THB237558",
        "name": "新城國小",
        "name_en": "Xincheng Elementary School",
        "line": "1132A（繞駛四維高中）",
        "color": "#9a3412",
        "direction": 1
      },
      "geometry": {
        "type": "Point",
        "coordinates": [
          121.65057,
          24.12754
        ]
      }
    },
    {
      "type": "Feature",
      "properties": {
        "feature_type": "station",
        "ref": "THB182928",
        "name": "新城佳興冰果室",
        "name_en": "Xincheng Jiaxing Ice Fruit Shop",
        "line": "1132A（繞駛四維高中）",
        "color": "#9a3412",
        "direction": 1
      },
      "geometry": {
        "type": "Point",
        "coordinates": [
          121.65166,
          24.12646
        ]
      }
    },
    {
      "type": "Feature",
      "properties": {
        "feature_type": "station",
        "ref": "THB237559",
        "name": "鎮安宮",
        "name_en": "Zhen-an Temple",
        "line": "1132A（繞駛四維高中）",
        "color": "#9a3412",
        "direction": 1
      },
      "geometry": {
        "type": "Point",
        "coordinates": [
          121.65128,
          24.12491
        ]
      }
    },
    {
      "type": "Feature",
      "properties": {
        "feature_type": "station",
        "ref": "THB309070",
        "name": "新城中山路一巷口",
        "name_en": "Xincheng, Ln. 1 Zhongshan Rd. Intersection",
        "line": "1132A（繞駛四維高中）",
        "color": "#9a3412",
        "direction": 1
      },
      "geometry": {
        "type": "Point",
        "coordinates": [
          121.649094,
          24.123474
        ]
      }
    },
    {
      "type": "Feature",
      "properties": {
        "feature_type": "station",
        "ref": "THB247731",
        "name": "草林",
        "name_en": "Caolin",
        "line": "1132A（繞駛四維高中）",
        "color": "#9a3412",
        "direction": 1
      },
      "geometry": {
        "type": "Point",
        "coordinates": [
          121.63971,
          24.1177
        ]
      }
    },
    {
      "type": "Feature",
      "properties": {
        "feature_type": "station",
        "ref": "THB182929",
        "name": "順安",
        "name_en": "Shun-an",
        "line": "1132A（繞駛四維高中）",
        "color": "#9a3412",
        "direction": 1
      },
      "geometry": {
        "type": "Point",
        "coordinates": [
          121.6376,
          24.11641
        ]
      }
    },
    {
      "type": "Feature",
      "properties": {
        "feature_type": "station",
        "ref": "THB182930",
        "name": "外秀林",
        "name_en": "Waixiulin",
        "line": "1132A（繞駛四維高中）",
        "color": "#9a3412",
        "direction": 1
      },
      "geometry": {
        "type": "Point",
        "coordinates": [
          121.63309,
          24.11355
        ]
      }
    },
    {
      "type": "Feature",
      "properties": {
        "feature_type": "station",
        "ref": "THB237561",
        "name": "南部",
        "name_en": "Nanbu",
        "line": "1132A（繞駛四維高中）",
        "color": "#9a3412",
        "direction": 1
      },
      "geometry": {
        "type": "Point",
        "coordinates": [
          121.62695,
          24.11032
        ]
      }
    },
    {
      "type": "Feature",
      "properties": {
        "feature_type": "station",
        "ref": "THB237562",
        "name": "北三棧",
        "name_en": "Beisanzhan",
        "line": "1132A（繞駛四維高中）",
        "color": "#9a3412",
        "direction": 1
      },
      "geometry": {
        "type": "Point",
        "coordinates": [
          121.62083,
          24.10709
        ]
      }
    },
    {
      "type": "Feature",
      "properties": {
        "feature_type": "station",
        "ref": "THB237563",
        "name": "三棧派出所",
        "name_en": "Sanzhan Police Substation",
        "line": "1132A（繞駛四維高中）",
        "color": "#9a3412",
        "direction": 1
      },
      "geometry": {
        "type": "Point",
        "coordinates": [
          121.60869,
          24.10148
        ]
      }
    },
    {
      "type": "Feature",
      "properties": {
        "feature_type": "station",
        "ref": "THB237564",
        "name": "三棧橋",
        "name_en": "Sanzhan Bridge",
        "line": "1132A（繞駛四維高中）",
        "color": "#9a3412",
        "direction": 1
      },
      "geometry": {
        "type": "Point",
        "coordinates": [
          121.60859,
          24.10022
        ]
      }
    },
    {
      "type": "Feature",
      "properties": {
        "feature_type": "station",
        "ref": "THB237565",
        "name": "南三棧",
        "name_en": "Nansanzhan",
        "line": "1132A（繞駛四維高中）",
        "color": "#9a3412",
        "direction": 1
      },
      "geometry": {
        "type": "Point",
        "coordinates": [
          121.61374,
          24.09495
        ]
      }
    },
    {
      "type": "Feature",
      "properties": {
        "feature_type": "station",
        "ref": "THB237566",
        "name": "景美",
        "name_en": "Jingmei",
        "line": "1132A（繞駛四維高中）",
        "color": "#9a3412",
        "direction": 1
      },
      "geometry": {
        "type": "Point",
        "coordinates": [
          121.61243,
          24.08961
        ]
      }
    },
    {
      "type": "Feature",
      "properties": {
        "feature_type": "station",
        "ref": "THB182932",
        "name": "加灣",
        "name_en": "Jiawan",
        "line": "1132A（繞駛四維高中）",
        "color": "#9a3412",
        "direction": 1
      },
      "geometry": {
        "type": "Point",
        "coordinates": [
          121.60978,
          24.08169
        ]
      }
    },
    {
      "type": "Feature",
      "properties": {
        "feature_type": "station",
        "ref": "THB237567",
        "name": "東帥藝品店",
        "name_en": "Tungshuai Article Store",
        "line": "1132A（繞駛四維高中）",
        "color": "#9a3412",
        "direction": 1
      },
      "geometry": {
        "type": "Point",
        "coordinates": [
          121.60806,
          24.07094
        ]
      }
    },
    {
      "type": "Feature",
      "properties": {
        "feature_type": "station",
        "ref": "THB237568",
        "name": "山廣",
        "name_en": "Shanguang",
        "line": "1132A（繞駛四維高中）",
        "color": "#9a3412",
        "direction": 1
      },
      "geometry": {
        "type": "Point",
        "coordinates": [
          121.60699,
          24.06425
        ]
      }
    },
    {
      "type": "Feature",
      "properties": {
        "feature_type": "station",
        "ref": "THB237569",
        "name": "光隆博物館",
        "name_en": "Guanglong Museum",
        "line": "1132A（繞駛四維高中）",
        "color": "#9a3412",
        "direction": 1
      },
      "geometry": {
        "type": "Point",
        "coordinates": [
          121.60622,
          24.05921
        ]
      }
    },
    {
      "type": "Feature",
      "properties": {
        "feature_type": "station",
        "ref": "THB182934",
        "name": "紫園",
        "name_en": "Ziyuan",
        "line": "1132A（繞駛四維高中）",
        "color": "#9a3412",
        "direction": 1
      },
      "geometry": {
        "type": "Point",
        "coordinates": [
          121.60583,
          24.05671
        ]
      }
    },
    {
      "type": "Feature",
      "properties": {
        "feature_type": "station",
        "ref": "THB182935",
        "name": "康樂村",
        "name_en": "Kangle Village",
        "line": "1132A（繞駛四維高中）",
        "color": "#9a3412",
        "direction": 1
      },
      "geometry": {
        "type": "Point",
        "coordinates": [
          121.6049,
          24.05088
        ]
      }
    },
    {
      "type": "Feature",
      "properties": {
        "feature_type": "station",
        "ref": "THB237570",
        "name": "南海園",
        "name_en": "Nanhaiyuan",
        "line": "1132A（繞駛四維高中）",
        "color": "#9a3412",
        "direction": 1
      },
      "geometry": {
        "type": "Point",
        "coordinates": [
          121.60435,
          24.04722
        ]
      }
    },
    {
      "type": "Feature",
      "properties": {
        "feature_type": "station",
        "ref": "THB182226",
        "name": "新秀農會",
        "name_en": "Xinxiu Farmer Assc.",
        "line": "1132A（繞駛四維高中）",
        "color": "#9a3412",
        "direction": 1
      },
      "geometry": {
        "type": "Point",
        "coordinates": [
          121.603769954557,
          24.038830001165
        ]
      }
    },
    {
      "type": "Feature",
      "properties": {
        "feature_type": "station",
        "ref": "THB276035",
        "name": "北埔",
        "name_en": "Beipu",
        "line": "1132A（繞駛四維高中）",
        "color": "#9a3412",
        "direction": 1
      },
      "geometry": {
        "type": "Point",
        "coordinates": [
          121.603998187608,
          24.0332440288313
        ]
      }
    },
    {
      "type": "Feature",
      "properties": {
        "feature_type": "station",
        "ref": "THB182369",
        "name": "新城國中",
        "name_en": "Xincheng Junior High School",
        "line": "1132A（繞駛四維高中）",
        "color": "#9a3412",
        "direction": 1
      },
      "geometry": {
        "type": "Point",
        "coordinates": [
          121.605,
          24.03072
        ]
      }
    },
    {
      "type": "Feature",
      "properties": {
        "feature_type": "station",
        "ref": "THB237571",
        "name": "芥菜種會",
        "name_en": "The Mustard Seed Mission",
        "line": "1132A（繞駛四維高中）",
        "color": "#9a3412",
        "direction": 1
      },
      "geometry": {
        "type": "Point",
        "coordinates": [
          121.60623,
          24.02769
        ]
      }
    },
    {
      "type": "Feature",
      "properties": {
        "feature_type": "station",
        "ref": "THB237572",
        "name": "國軍總醫院",
        "name_en": "Hualien Armed Forces General Hospital",
        "line": "1132A（繞駛四維高中）",
        "color": "#9a3412",
        "direction": 1
      },
      "geometry": {
        "type": "Point",
        "coordinates": [
          121.6071,
          24.02543
        ]
      }
    },
    {
      "type": "Feature",
      "properties": {
        "feature_type": "station",
        "ref": "THB286982",
        "name": "嘉里村",
        "name_en": "Jiali Village",
        "line": "1132A（繞駛四維高中）",
        "color": "#9a3412",
        "direction": 1
      },
      "geometry": {
        "type": "Point",
        "coordinates": [
          121.60922,
          24.01996
        ]
      }
    },
    {
      "type": "Feature",
      "properties": {
        "feature_type": "station",
        "ref": "THB286981",
        "name": "家樂福",
        "name_en": "Carrefour",
        "line": "1132A（繞駛四維高中）",
        "color": "#9a3412",
        "direction": 1
      },
      "geometry": {
        "type": "Point",
        "coordinates": [
          121.61029,
          24.01705
        ]
      }
    },
    {
      "type": "Feature",
      "properties": {
        "feature_type": "station",
        "ref": "THB275459",
        "name": "海星中學",
        "name_en": "Stella Maris Ursuline High School",
        "line": "1132A（繞駛四維高中）",
        "color": "#9a3412",
        "direction": 1
      },
      "geometry": {
        "type": "Point",
        "coordinates": [
          121.61372,
          24.00698
        ]
      }
    },
    {
      "type": "Feature",
      "properties": {
        "feature_type": "station",
        "ref": "THB247732",
        "name": "大陳一村",
        "name_en": "Dachen 1st. Village",
        "line": "1132A（繞駛四維高中）",
        "color": "#9a3412",
        "direction": 1
      },
      "geometry": {
        "type": "Point",
        "coordinates": [
          121.6185,
          24.00543
        ]
      }
    },
    {
      "type": "Feature",
      "properties": {
        "feature_type": "station",
        "ref": "THB182942",
        "name": "榮民之家",
        "name_en": "Veterans Home",
        "line": "1132A（繞駛四維高中）",
        "color": "#9a3412",
        "direction": 1
      },
      "geometry": {
        "type": "Point",
        "coordinates": [
          121.61948,
          24.00263
        ]
      }
    },
    {
      "type": "Feature",
      "properties": {
        "feature_type": "station",
        "ref": "THB182305",
        "name": "國立花蓮高工",
        "name_en": "National Hualien Commercial High School",
        "line": "1132A（繞駛四維高中）",
        "color": "#9a3412",
        "direction": 1
      },
      "geometry": {
        "type": "Point",
        "coordinates": [
          121.62089,
          23.99827
        ]
      }
    },
    {
      "type": "Feature",
      "properties": {
        "feature_type": "station",
        "ref": "THB182944",
        "name": "花蓮縣政府",
        "name_en": "Hualien County Hall",
        "line": "1132A（繞駛四維高中）",
        "color": "#9a3412",
        "direction": 1
      },
      "geometry": {
        "type": "Point",
        "coordinates": [
          121.62164,
          23.9908
        ]
      }
    },
    {
      "type": "Feature",
      "properties": {
        "feature_type": "station",
        "ref": "THB237574",
        "name": "地方法院",
        "name_en": "District Court",
        "line": "1132A（繞駛四維高中）",
        "color": "#9a3412",
        "direction": 1
      },
      "geometry": {
        "type": "Point",
        "coordinates": [
          121.62134,
          23.98904
        ]
      }
    },
    {
      "type": "Feature",
      "properties": {
        "feature_type": "station",
        "ref": "THB247733",
        "name": "上美崙",
        "name_en": "Shangmeilun",
        "line": "1132A（繞駛四維高中）",
        "color": "#9a3412",
        "direction": 1
      },
      "geometry": {
        "type": "Point",
        "coordinates": [
          121.62038,
          23.9851
        ]
      }
    },
    {
      "type": "Feature",
      "properties": {
        "feature_type": "station",
        "ref": "THB247734",
        "name": "松園別館",
        "name_en": "Pine Garden",
        "line": "1132A（繞駛四維高中）",
        "color": "#9a3412",
        "direction": 1
      },
      "geometry": {
        "type": "Point",
        "coordinates": [
          121.61834,
          23.98267
        ]
      }
    },
    {
      "type": "Feature",
      "properties": {
        "feature_type": "station",
        "ref": "THB246303",
        "name": "花蓮醫院(將軍府)",
        "name_en": "Hualien Hospital(Jiang Jun Fu)",
        "line": "1132A（繞駛四維高中）",
        "color": "#9a3412",
        "direction": 1
      },
      "geometry": {
        "type": "Point",
        "coordinates": [
          121.61139,
          23.98002
        ]
      }
    },
    {
      "type": "Feature",
      "properties": {
        "feature_type": "station",
        "ref": "THB222369",
        "name": "東大門夜市",
        "name_en": "Dongdaemun Night Market",
        "line": "1132A（繞駛四維高中）",
        "color": "#9a3412",
        "direction": 1
      },
      "geometry": {
        "type": "Point",
        "coordinates": [
          121.61111,
          23.97453
        ]
      }
    },
    {
      "type": "Feature",
      "properties": {
        "feature_type": "station",
        "ref": "THB286980",
        "name": "花蓮旅行社",
        "name_en": "Hualien Travel Service",
        "line": "1132A（繞駛四維高中）",
        "color": "#9a3412",
        "direction": 1
      },
      "geometry": {
        "type": "Point",
        "coordinates": [
          121.61043,
          23.97574
        ]
      }
    },
    {
      "type": "Feature",
      "properties": {
        "feature_type": "station",
        "ref": "THB151863",
        "name": "中華路",
        "name_en": "Zhonghua Station",
        "line": "1132A（繞駛四維高中）",
        "color": "#9a3412",
        "direction": 1
      },
      "geometry": {
        "type": "Point",
        "coordinates": [
          121.60898,
          23.97621
        ]
      }
    },
    {
      "type": "Feature",
      "properties": {
        "feature_type": "station",
        "ref": "THB237579",
        "name": "花蓮文創園區",
        "name_en": "Hualien Cultural and Creative Industries Park",
        "line": "1132A（繞駛四維高中）",
        "color": "#9a3412",
        "direction": 1
      },
      "geometry": {
        "type": "Point",
        "coordinates": [
          121.60467,
          23.97578
        ]
      }
    },
    {
      "type": "Feature",
      "properties": {
        "feature_type": "station",
        "ref": "THB237703",
        "name": "臺灣企銀",
        "name_en": "Taiwan Business Bank",
        "line": "1132A（繞駛四維高中）",
        "color": "#9a3412",
        "direction": 1
      },
      "geometry": {
        "type": "Point",
        "coordinates": [
          121.60812,
          23.97862
        ]
      }
    },
    {
      "type": "Feature",
      "properties": {
        "feature_type": "station",
        "ref": "THB237704",
        "name": "大同市場",
        "name_en": "Datong Market",
        "line": "1132A（繞駛四維高中）",
        "color": "#9a3412",
        "direction": 1
      },
      "geometry": {
        "type": "Point",
        "coordinates": [
          121.60614,
          23.98111
        ]
      }
    },
    {
      "type": "Feature",
      "properties": {
        "feature_type": "station",
        "ref": "THB182243",
        "name": "郵政總局",
        "name_en": "Chunghwa Post Co., Ltd.",
        "line": "1132A（繞駛四維高中）",
        "color": "#9a3412",
        "direction": 1
      },
      "geometry": {
        "type": "Point",
        "coordinates": [
          121.604059954323,
          23.9840900013491
        ]
      }
    },
    {
      "type": "Feature",
      "properties": {
        "feature_type": "station",
        "ref": "THB275455",
        "name": "花蓮商校",
        "name_en": "National Hualien Commerical High School",
        "line": "1132A（繞駛四維高中）",
        "color": "#9a3412",
        "direction": 1
      },
      "geometry": {
        "type": "Point",
        "coordinates": [
          121.601939954371,
          23.9866700013317
        ]
      }
    },
    {
      "type": "Feature",
      "properties": {
        "feature_type": "station",
        "ref": "THB302998",
        "name": "四維高中",
        "name_en": "SZU-WEI senior high school",
        "line": "1132A（繞駛四維高中）",
        "color": "#9a3412",
        "direction": 1
      },
      "geometry": {
        "type": "Point",
        "coordinates": [
          121.59116,
          24.000262
        ]
      }
    },
    {
      "type": "Feature",
      "properties": {
        "feature_type": "station",
        "ref": "THB286979",
        "name": "市立圖書館",
        "name_en": "City Library",
        "line": "1132A（繞駛四維高中）",
        "color": "#9a3412",
        "direction": 1
      },
      "geometry": {
        "type": "Point",
        "coordinates": [
          121.6015,
          23.990061
        ]
      }
    },
    {
      "type": "Feature",
      "properties": {
        "feature_type": "station",
        "ref": "THB307559",
        "name": "花蓮轉運站",
        "name_en": "Hualien Bus Sation",
        "line": "1132A（繞駛四維高中）",
        "color": "#9a3412",
        "direction": 1
      },
      "geometry": {
        "type": "Point",
        "coordinates": [
          121.603181,
          23.993063
        ]
      }
    }
  ]
}
