{
  "type": "FeatureCollection",
  "name": "幸福大埔美1路",
  "properties": {
    "id": "chiayi_county_1_32c34a800b",
    "name": "幸福大埔美1路",
    "name_en": "幸福大埔美1路",
    "ref": "幸福大埔美1路",
    "color": "#134e4a",
    "city_id": "ChiayiCounty",
    "source": "TDX Bus Shape / StopOfRoute",
    "official_map_url": "https://web.taiwanbus.tw/MISUploadData/Schematic/file/0197.jpg",
    "operator_id": "115",
    "operator": "台一大車隊"
  },
  "features": [
    {
      "type": "Feature",
      "properties": {
        "feature_type": "route",
        "ref": "幸福大埔美1路",
        "name": "幸福大埔美1路",
        "name_en": "幸福大埔美1路",
        "color": "#134e4a",
        "direction": 0
      },
      "geometry": {
        "type": "LineString",
        "coordinates": [
          [
            120.45683,
            23.60059
          ],
          [
            120.45715,
            23.6005
          ],
          [
            120.45802,
            23.60033
          ],
          [
            120.4584,
            23.60029
          ],
          [
            120.45866,
            23.60026
          ],
          [
            120.45923,
            23.60022
          ],
          [
            120.45982,
            23.60018
          ],
          [
            120.46041,
            23.60014
          ],
          [
            120.46098,
            23.6001
          ],
          [
            120.46118,
            23.60008
          ],
          [
            120.46129,
            23.60008
          ],
          [
            120.46129,
            23.60008
          ],
          [
            120.46134,
            23.60007
          ],
          [
            120.4616,
            23.60008
          ],
          [
            120.46185,
            23.60009
          ],
          [
            120.46195,
            23.60011
          ],
          [
            120.46208,
            23.60013
          ],
          [
            120.4622,
            23.60016
          ],
          [
            120.46251,
            23.60024
          ],
          [
            120.46273,
            23.60031
          ],
          [
            120.46293,
            23.6004
          ],
          [
            120.46309,
            23.60048
          ],
          [
            120.46322,
            23.60057
          ],
          [
            120.46358,
            23.60085
          ],
          [
            120.46392,
            23.6011
          ],
          [
            120.46407,
            23.60125
          ],
          [
            120.46447,
            23.60206
          ],
          [
            120.46453,
            23.60215
          ],
          [
            120.4647,
            23.60247
          ],
          [
            120.46646,
            23.60255
          ],
          [
            120.46675,
            23.60257
          ],
          [
            120.46677,
            23.60258
          ],
          [
            120.46699,
            23.6026
          ],
          [
            120.46725,
            23.60264
          ],
          [
            120.4673,
            23.60265
          ],
          [
            120.46794,
            23.60282
          ],
          [
            120.46851,
            23.60298
          ],
          [
            120.46955,
            23.60328
          ],
          [
            120.46956,
            23.60328
          ],
          [
            120.46973,
            23.60332
          ],
          [
            120.46996,
            23.60337
          ],
          [
            120.47052,
            23.60345
          ],
          [
            120.47064,
            23.60347
          ],
          [
            120.47084,
            23.60351
          ],
          [
            120.47108,
            23.60358
          ],
          [
            120.47129,
            23.60365
          ],
          [
            120.47145,
            23.6037
          ],
          [
            120.47153,
            23.60372
          ],
          [
            120.47145,
            23.6037
          ],
          [
            120.47198,
            23.60387
          ],
          [
            120.4721,
            23.6039
          ],
          [
            120.4723,
            23.60395
          ],
          [
            120.4725,
            23.604
          ],
          [
            120.47288,
            23.60409
          ],
          [
            120.47321,
            23.60417
          ],
          [
            120.47343,
            23.60422
          ],
          [
            120.4735,
            23.60424
          ],
          [
            120.47369,
            23.60428
          ],
          [
            120.47407,
            23.60438
          ],
          [
            120.4745,
            23.60447
          ],
          [
            120.47535,
            23.60462
          ],
          [
            120.47562,
            23.60467
          ],
          [
            120.47586,
            23.6047
          ],
          [
            120.47661,
            23.60483
          ],
          [
            120.47667,
            23.60484
          ],
          [
            120.47742,
            23.60497
          ],
          [
            120.47794,
            23.60505
          ],
          [
            120.47836,
            23.60509
          ],
          [
            120.47887,
            23.60512
          ],
          [
            120.47912,
            23.60512
          ],
          [
            120.4794,
            23.60513
          ],
          [
            120.4803,
            23.60511
          ],
          [
            120.48183,
            23.60507
          ],
          [
            120.4822,
            23.60507
          ],
          [
            120.48293,
            23.60506
          ],
          [
            120.48344,
            23.60506
          ],
          [
            120.48394,
            23.60505
          ],
          [
            120.48461,
            23.60504
          ],
          [
            120.48481,
            23.60504
          ],
          [
            120.4849,
            23.60503
          ],
          [
            120.48514,
            23.60502
          ],
          [
            120.48567,
            23.60502
          ],
          [
            120.48612,
            23.60503
          ],
          [
            120.48635,
            23.60504
          ],
          [
            120.48654,
            23.60504
          ],
          [
            120.48671,
            23.60504
          ],
          [
            120.48702,
            23.60503
          ],
          [
            120.48719,
            23.60503
          ],
          [
            120.48737,
            23.60503
          ],
          [
            120.4875,
            23.60503
          ],
          [
            120.48758,
            23.60503
          ],
          [
            120.48772,
            23.60504
          ],
          [
            120.48785,
            23.60505
          ],
          [
            120.48796,
            23.60506
          ],
          [
            120.48808,
            23.60507
          ],
          [
            120.48836,
            23.6051
          ],
          [
            120.48856,
            23.60513
          ],
          [
            120.48864,
            23.60514
          ],
          [
            120.4888,
            23.60515
          ],
          [
            120.4888,
            23.60503
          ],
          [
            120.4888,
            23.60494
          ],
          [
            120.48881,
            23.60477
          ],
          [
            120.48879,
            23.60443
          ],
          [
            120.48879,
            23.60403
          ],
          [
            120.48882,
            23.60314
          ],
          [
            120.48882,
            23.6029
          ],
          [
            120.48884,
            23.6015
          ],
          [
            120.48884,
            23.60108
          ],
          [
            120.48884,
            23.60095
          ],
          [
            120.48884,
            23.60081
          ],
          [
            120.48905,
            23.60069
          ],
          [
            120.48939,
            23.60053
          ],
          [
            120.48949,
            23.60048
          ],
          [
            120.48956,
            23.60046
          ],
          [
            120.48965,
            23.60042
          ],
          [
            120.48969,
            23.60041
          ],
          [
            120.48976,
            23.6004
          ],
          [
            120.48982,
            23.6004
          ],
          [
            120.48994,
            23.60042
          ],
          [
            120.49007,
            23.60043
          ],
          [
            120.49027,
            23.60046
          ],
          [
            120.49048,
            23.6005
          ],
          [
            120.49057,
            23.60051
          ],
          [
            120.49062,
            23.60051
          ],
          [
            120.49065,
            23.60051
          ],
          [
            120.49068,
            23.6005
          ],
          [
            120.4907,
            23.60049
          ],
          [
            120.49071,
            23.60048
          ],
          [
            120.49075,
            23.60046
          ],
          [
            120.49087,
            23.60039
          ],
          [
            120.49097,
            23.60032
          ],
          [
            120.49177,
            23.59964
          ],
          [
            120.49164,
            23.5996
          ],
          [
            120.49158,
            23.59957
          ],
          [
            120.49152,
            23.59954
          ],
          [
            120.49146,
            23.5995
          ],
          [
            120.4914,
            23.59947
          ],
          [
            120.49136,
            23.59943
          ],
          [
            120.49085,
            23.59894
          ],
          [
            120.49092,
            23.59845
          ],
          [
            120.49095,
            23.59823
          ],
          [
            120.49103,
            23.59755
          ],
          [
            120.49107,
            23.5972
          ],
          [
            120.49109,
            23.59702
          ],
          [
            120.49118,
            23.5963
          ],
          [
            120.49119,
            23.59621
          ],
          [
            120.49119,
            23.59617
          ],
          [
            120.49123,
            23.59581
          ],
          [
            120.49131,
            23.5951
          ],
          [
            120.49147,
            23.59383
          ],
          [
            120.49154,
            23.5933
          ],
          [
            120.49154,
            23.59325
          ],
          [
            120.49158,
            23.59312
          ],
          [
            120.49159,
            23.59308
          ],
          [
            120.49171,
            23.59283
          ],
          [
            120.49185,
            23.59264
          ],
          [
            120.49229,
            23.59205
          ],
          [
            120.49233,
            23.591919999999998
          ],
          [
            120.49238,
            23.59176
          ],
          [
            120.49241,
            23.59163
          ],
          [
            120.49243,
            23.59151
          ],
          [
            120.49245,
            23.59136
          ],
          [
            120.49246,
            23.59119
          ],
          [
            120.49249,
            23.59086
          ],
          [
            120.4925,
            23.59063
          ],
          [
            120.49257,
            23.58966
          ],
          [
            120.49264,
            23.58862
          ],
          [
            120.49265,
            23.58859
          ],
          [
            120.49266,
            23.58851
          ],
          [
            120.49267999999999,
            23.58842
          ],
          [
            120.4927,
            23.58834
          ],
          [
            120.49273,
            23.58823
          ],
          [
            120.49278,
            23.58808
          ],
          [
            120.49287,
            23.5879
          ],
          [
            120.49295,
            23.58774
          ],
          [
            120.49333,
            23.58698
          ],
          [
            120.49356,
            23.58654
          ],
          [
            120.49365,
            23.58638
          ],
          [
            120.49381,
            23.58618
          ],
          [
            120.49392,
            23.58603
          ],
          [
            120.49404,
            23.58589
          ],
          [
            120.49416,
            23.58574
          ],
          [
            120.49428,
            23.5856
          ],
          [
            120.49439,
            23.58546
          ],
          [
            120.49449,
            23.58534
          ],
          [
            120.49449,
            23.58534
          ],
          [
            120.49451,
            23.58531
          ],
          [
            120.49463,
            23.58517
          ],
          [
            120.49461,
            23.58514
          ],
          [
            120.49387,
            23.58401
          ],
          [
            120.49291,
            23.58252
          ],
          [
            120.49289,
            23.58247
          ],
          [
            120.49288,
            23.58239
          ],
          [
            120.49289,
            23.58231
          ],
          [
            120.49298,
            23.58192
          ],
          [
            120.49303,
            23.58171
          ],
          [
            120.49305,
            23.58148
          ],
          [
            120.49303,
            23.58128
          ],
          [
            120.49302,
            23.58108
          ],
          [
            120.49301,
            23.58099
          ],
          [
            120.49299,
            23.58089
          ],
          [
            120.49297,
            23.58082
          ],
          [
            120.49291,
            23.58058
          ],
          [
            120.49275,
            23.58008
          ],
          [
            120.49273,
            23.57995
          ],
          [
            120.49273,
            23.57985
          ],
          [
            120.49284,
            23.57933
          ],
          [
            120.49289,
            23.57908
          ],
          [
            120.4929,
            23.57901
          ],
          [
            120.4929,
            23.57898
          ],
          [
            120.49289,
            23.57896
          ],
          [
            120.49267,
            23.57837
          ],
          [
            120.49257,
            23.57802
          ],
          [
            120.49252,
            23.57785
          ],
          [
            120.49232,
            23.57723
          ],
          [
            120.49228,
            23.57706
          ],
          [
            120.49228,
            23.57701
          ],
          [
            120.49157,
            23.57659
          ],
          [
            120.49113,
            23.57632
          ],
          [
            120.49095,
            23.57621
          ],
          [
            120.49031,
            23.5758
          ],
          [
            120.4901,
            23.57567
          ],
          [
            120.48986,
            23.57552
          ],
          [
            120.48952,
            23.57528
          ],
          [
            120.48914,
            23.57497
          ],
          [
            120.48905,
            23.57487
          ],
          [
            120.48885,
            23.57468
          ],
          [
            120.48862,
            23.57444
          ],
          [
            120.48834,
            23.57417
          ],
          [
            120.48806,
            23.57391
          ],
          [
            120.48806,
            23.5739
          ],
          [
            120.48793,
            23.57379
          ],
          [
            120.48762,
            23.57353
          ],
          [
            120.4875,
            23.57343
          ],
          [
            120.48747,
            23.5734
          ],
          [
            120.48741,
            23.57334
          ],
          [
            120.48734,
            23.57327
          ],
          [
            120.48674,
            23.57271
          ],
          [
            120.48683,
            23.57266
          ],
          [
            120.48809,
            23.57229
          ],
          [
            120.48847,
            23.57212
          ],
          [
            120.48899,
            23.57181
          ],
          [
            120.48903,
            23.57179
          ],
          [
            120.48925,
            23.57169
          ],
          [
            120.48957,
            23.5716
          ],
          [
            120.48986,
            23.57157
          ],
          [
            120.49017,
            23.57158
          ],
          [
            120.49019,
            23.57158
          ],
          [
            120.49053,
            23.57161
          ],
          [
            120.49077,
            23.57162
          ],
          [
            120.49086,
            23.57162
          ],
          [
            120.4912,
            23.57161
          ],
          [
            120.49155,
            23.57156
          ],
          [
            120.49257,
            23.57139
          ],
          [
            120.49269,
            23.57137
          ],
          [
            120.49303,
            23.57132
          ],
          [
            120.4933,
            23.57127
          ],
          [
            120.49354,
            23.57121
          ],
          [
            120.4936,
            23.57119
          ],
          [
            120.49369,
            23.57115
          ],
          [
            120.49383,
            23.57105
          ],
          [
            120.49396,
            23.57091
          ],
          [
            120.49403,
            23.57078
          ],
          [
            120.49403,
            23.57078
          ],
          [
            120.49396,
            23.57091
          ],
          [
            120.49383,
            23.57105
          ],
          [
            120.49369,
            23.57115
          ],
          [
            120.4936,
            23.57119
          ],
          [
            120.49354,
            23.57121
          ],
          [
            120.4933,
            23.57127
          ],
          [
            120.49303,
            23.57132
          ],
          [
            120.49269,
            23.57137
          ],
          [
            120.49257,
            23.57139
          ],
          [
            120.49155,
            23.57156
          ],
          [
            120.4912,
            23.57161
          ],
          [
            120.49086,
            23.57162
          ],
          [
            120.49077,
            23.57162
          ],
          [
            120.49077,
            23.57162
          ],
          [
            120.49053,
            23.57161
          ],
          [
            120.49019,
            23.57158
          ],
          [
            120.49017,
            23.57158
          ],
          [
            120.48986,
            23.57157
          ],
          [
            120.48957,
            23.5716
          ],
          [
            120.48925,
            23.57169
          ],
          [
            120.48903,
            23.57179
          ],
          [
            120.48899,
            23.57181
          ],
          [
            120.48847,
            23.57212
          ],
          [
            120.48847,
            23.57212
          ],
          [
            120.48809,
            23.57229
          ],
          [
            120.48683,
            23.57266
          ],
          [
            120.48683,
            23.57266
          ],
          [
            120.48738,
            23.57317
          ],
          [
            120.48738,
            23.57318
          ],
          [
            120.48742,
            23.5732
          ],
          [
            120.48746,
            23.57324
          ],
          [
            120.48811,
            23.5738
          ],
          [
            120.48827,
            23.57394
          ],
          [
            120.48829,
            23.57396
          ],
          [
            120.48841,
            23.57407
          ],
          [
            120.48843,
            23.57409
          ],
          [
            120.48876,
            23.5744
          ],
          [
            120.489,
            23.57463
          ],
          [
            120.48904,
            23.57466
          ],
          [
            120.48917,
            23.57479
          ],
          [
            120.48947,
            23.57507
          ],
          [
            120.48996,
            23.57542
          ],
          [
            120.49013,
            23.57554
          ],
          [
            120.49065,
            23.57589
          ],
          [
            120.49134,
            23.57633
          ],
          [
            120.49157,
            23.57647
          ],
          [
            120.49178,
            23.57662
          ],
          [
            120.49229,
            23.57689
          ],
          [
            120.49229,
            23.57689
          ],
          [
            120.49242,
            23.57695
          ],
          [
            120.49264,
            23.57704
          ],
          [
            120.49308,
            23.57723
          ],
          [
            120.49324,
            23.5773
          ],
          [
            120.49326,
            23.57731
          ],
          [
            120.49339,
            23.57738
          ],
          [
            120.49373,
            23.57756
          ],
          [
            120.49393,
            23.57767
          ],
          [
            120.49414,
            23.57782
          ],
          [
            120.49425,
            23.57789
          ],
          [
            120.49436,
            23.57797
          ],
          [
            120.49438,
            23.57797
          ],
          [
            120.49473,
            23.57825
          ],
          [
            120.49497,
            23.57843
          ],
          [
            120.49511,
            23.57853
          ],
          [
            120.49526,
            23.57867
          ],
          [
            120.4954,
            23.57879
          ],
          [
            120.49552,
            23.57889
          ],
          [
            120.49601,
            23.57926
          ],
          [
            120.49632,
            23.57954
          ],
          [
            120.49643,
            23.57962
          ],
          [
            120.49673,
            23.57985
          ],
          [
            120.49676,
            23.57988
          ],
          [
            120.49716,
            23.5802
          ],
          [
            120.49725,
            23.58027
          ],
          [
            120.49731,
            23.58032
          ],
          [
            120.49738,
            23.58038
          ],
          [
            120.49743,
            23.58042
          ],
          [
            120.49769,
            23.5806
          ],
          [
            120.49785,
            23.58071
          ],
          [
            120.498,
            23.58082
          ],
          [
            120.49804,
            23.58085
          ],
          [
            120.49816,
            23.58092
          ],
          [
            120.49824,
            23.58096
          ],
          [
            120.49838,
            23.58102
          ],
          [
            120.49852,
            23.58105
          ],
          [
            120.49871,
            23.58112
          ],
          [
            120.49888,
            23.58114
          ],
          [
            120.49905,
            23.58116
          ],
          [
            120.49908,
            23.58117
          ],
          [
            120.49924,
            23.58118
          ],
          [
            120.49927,
            23.58118
          ],
          [
            120.49942,
            23.58117
          ],
          [
            120.49955,
            23.58113
          ],
          [
            120.49965,
            23.58109
          ],
          [
            120.49969,
            23.58108
          ],
          [
            120.49983,
            23.58102
          ],
          [
            120.49996,
            23.58096
          ],
          [
            120.50008,
            23.58091
          ],
          [
            120.5003,
            23.58079
          ],
          [
            120.50062,
            23.5806
          ],
          [
            120.50076,
            23.58052
          ],
          [
            120.50076,
            23.58052
          ],
          [
            120.50084,
            23.58059
          ],
          [
            120.50092,
            23.58063
          ],
          [
            120.50099,
            23.58069
          ],
          [
            120.50108,
            23.58079
          ],
          [
            120.50113,
            23.58088
          ],
          [
            120.50126,
            23.58118
          ],
          [
            120.50132,
            23.58131
          ],
          [
            120.50149,
            23.58163
          ],
          [
            120.50153,
            23.58171
          ],
          [
            120.5016,
            23.58185
          ],
          [
            120.5016,
            23.58185
          ],
          [
            120.50214,
            23.58163
          ],
          [
            120.50325,
            23.58119
          ],
          [
            120.50325,
            23.58119
          ],
          [
            120.50358,
            23.58106
          ],
          [
            120.50394,
            23.58092
          ],
          [
            120.50466,
            23.58064
          ],
          [
            120.50569,
            23.58023
          ],
          [
            120.50583,
            23.58016
          ],
          [
            120.50645,
            23.57992
          ],
          [
            120.50734,
            23.57955
          ],
          [
            120.50741,
            23.57952
          ],
          [
            120.50746,
            23.57951
          ],
          [
            120.50751,
            23.5795
          ],
          [
            120.50753,
            23.5795
          ],
          [
            120.50757,
            23.5795
          ],
          [
            120.50762,
            23.57952
          ],
          [
            120.50765,
            23.57954
          ],
          [
            120.50768,
            23.57956
          ],
          [
            120.50773,
            23.57962
          ],
          [
            120.50775,
            23.57968
          ],
          [
            120.5078,
            23.57977
          ],
          [
            120.50783,
            23.57984
          ],
          [
            120.50791,
            23.58001
          ],
          [
            120.5083,
            23.5808
          ],
          [
            120.5083,
            23.5808
          ],
          [
            120.50855,
            23.58132
          ],
          [
            120.50895,
            23.58214
          ],
          [
            120.50899,
            23.58222
          ],
          [
            120.50917,
            23.58264
          ],
          [
            120.5099,
            23.58239
          ],
          [
            120.51006,
            23.58234
          ],
          [
            120.51061,
            23.58287
          ],
          [
            120.51069,
            23.58295
          ],
          [
            120.51069,
            23.58295
          ],
          [
            120.51071,
            23.58297
          ],
          [
            120.51129,
            23.58352
          ],
          [
            120.51169,
            23.58392
          ],
          [
            120.51225,
            23.58448
          ],
          [
            120.51247,
            23.58471
          ],
          [
            120.51265,
            23.58491
          ],
          [
            120.5128,
            23.58513
          ],
          [
            120.51294,
            23.58533
          ],
          [
            120.51312,
            23.58561
          ],
          [
            120.5133,
            23.58591
          ],
          [
            120.51319,
            23.58594
          ],
          [
            120.51298,
            23.58598
          ],
          [
            120.51286,
            23.586
          ],
          [
            120.51263,
            23.58602
          ],
          [
            120.51257,
            23.58603
          ],
          [
            120.51218,
            23.58607
          ],
          [
            120.51198,
            23.58609
          ],
          [
            120.51178,
            23.5861
          ],
          [
            120.51159,
            23.58612
          ],
          [
            120.51089,
            23.5862
          ],
          [
            120.51061,
            23.58622
          ],
          [
            120.51042,
            23.58624
          ],
          [
            120.51022,
            23.58626
          ],
          [
            120.51003,
            23.58628
          ],
          [
            120.50964,
            23.58632
          ],
          [
            120.50961,
            23.58632
          ],
          [
            120.50886,
            23.58642
          ],
          [
            120.50912,
            23.58697
          ],
          [
            120.50912,
            23.58697
          ],
          [
            120.509194,
            23.587096
          ],
          [
            120.511221,
            23.591173
          ],
          [
            120.511826,
            23.592485
          ],
          [
            120.512864,
            23.59204
          ],
          [
            120.514019,
            23.590915
          ],
          [
            120.514987,
            23.590434
          ],
          [
            120.515033,
            23.590404
          ],
          [
            120.515284,
            23.59029
          ],
          [
            120.51501,
            23.590392
          ],
          [
            120.515455,
            23.590278
          ],
          [
            120.51606,
            23.59148
          ],
          [
            120.51606,
            23.59148
          ],
          [
            120.51647,
            23.5923
          ],
          [
            120.51702,
            23.59346
          ],
          [
            120.5171,
            23.59362
          ],
          [
            120.51717,
            23.59379
          ],
          [
            120.51742,
            23.59432
          ],
          [
            120.51815,
            23.59404
          ],
          [
            120.51839,
            23.59394
          ],
          [
            120.51839,
            23.59394
          ],
          [
            120.519422,
            23.593592
          ],
          [
            120.519752,
            23.593435
          ],
          [
            120.520083,
            23.593279
          ],
          [
            120.520419,
            23.593176
          ],
          [
            120.520594,
            23.593136
          ],
          [
            120.520747,
            23.593135
          ],
          [
            120.52165,
            23.592785
          ],
          [
            120.522151,
            23.592519
          ],
          [
            120.522255,
            23.592432
          ],
          [
            120.522881,
            23.592193
          ],
          [
            120.523419,
            23.591947
          ],
          [
            120.52363,
            23.59187
          ],
          [
            120.52348,
            23.59164
          ],
          [
            120.52348,
            23.59164
          ],
          [
            120.52287,
            23.5907
          ],
          [
            120.52275,
            23.59051
          ],
          [
            120.52263,
            23.59033
          ],
          [
            120.52247,
            23.59005
          ],
          [
            120.52235,
            23.58973
          ],
          [
            120.52233,
            23.58952
          ],
          [
            120.52233,
            23.58952
          ],
          [
            120.52241,
            23.58948
          ],
          [
            120.52253,
            23.58946
          ],
          [
            120.52277,
            23.58946
          ],
          [
            120.5231,
            23.58946
          ],
          [
            120.5233,
            23.58945
          ],
          [
            120.52358,
            23.58945
          ],
          [
            120.52369,
            23.58945
          ],
          [
            120.52388,
            23.58946
          ],
          [
            120.52408,
            23.58946
          ],
          [
            120.5242,
            23.58947
          ],
          [
            120.52428,
            23.58948
          ],
          [
            120.52447,
            23.58953
          ],
          [
            120.52464,
            23.58957
          ],
          [
            120.52483,
            23.58966
          ],
          [
            120.52506,
            23.58977
          ],
          [
            120.5253,
            23.58995
          ],
          [
            120.52549,
            23.59015
          ],
          [
            120.5256,
            23.59029
          ],
          [
            120.52566,
            23.59037
          ],
          [
            120.52573,
            23.59051
          ],
          [
            120.52573,
            23.59051
          ],
          [
            120.52583,
            23.59072
          ],
          [
            120.52586,
            23.59077
          ],
          [
            120.52592,
            23.59083
          ],
          [
            120.52601,
            23.59095
          ],
          [
            120.52642,
            23.59076
          ],
          [
            120.52682,
            23.59064
          ],
          [
            120.52692,
            23.59062
          ],
          [
            120.52702,
            23.59061
          ],
          [
            120.52711,
            23.59061
          ],
          [
            120.52724,
            23.59061
          ],
          [
            120.52754,
            23.59066
          ],
          [
            120.52764,
            23.5907
          ],
          [
            120.52783,
            23.59078
          ],
          [
            120.528,
            23.59088
          ],
          [
            120.52843,
            23.5912
          ],
          [
            120.5286,
            23.59132
          ],
          [
            120.52863,
            23.59134
          ],
          [
            120.52879,
            23.59141
          ],
          [
            120.52897,
            23.59147
          ],
          [
            120.52915,
            23.59151
          ],
          [
            120.52935,
            23.59153
          ],
          [
            120.52971,
            23.59153
          ],
          [
            120.53089,
            23.59154
          ],
          [
            120.53109,
            23.59154
          ],
          [
            120.53138,
            23.59154
          ],
          [
            120.53138,
            23.59154
          ],
          [
            120.53194,
            23.59154
          ],
          [
            120.53202,
            23.59058
          ],
          [
            120.53203,
            23.59055
          ],
          [
            120.53205,
            23.59041
          ],
          [
            120.53208,
            23.59014
          ],
          [
            120.5321,
            23.58985
          ],
          [
            120.5321,
            23.5894
          ],
          [
            120.53211,
            23.58917
          ],
          [
            120.53211,
            23.58851
          ],
          [
            120.53211,
            23.58833
          ],
          [
            120.53211,
            23.58762
          ],
          [
            120.53212,
            23.58742
          ],
          [
            120.53211,
            23.58714
          ],
          [
            120.5321,
            23.58692
          ],
          [
            120.53203,
            23.58677
          ],
          [
            120.53195,
            23.58665
          ],
          [
            120.53188,
            23.58654
          ],
          [
            120.53186,
            23.58648
          ],
          [
            120.53199,
            23.5862
          ],
          [
            120.53211,
            23.58592
          ],
          [
            120.53211,
            23.58592
          ],
          [
            120.53229,
            23.58551
          ],
          [
            120.53238,
            23.58545
          ],
          [
            120.5325,
            23.58543
          ],
          [
            120.53296,
            23.58546
          ],
          [
            120.533,
            23.58544
          ],
          [
            120.53304,
            23.5855
          ],
          [
            120.53312,
            23.58567
          ],
          [
            120.53316,
            23.58577
          ],
          [
            120.53327,
            23.58594
          ],
          [
            120.53333,
            23.58602
          ],
          [
            120.533282,
            23.586233
          ],
          [
            120.533224,
            23.586367
          ],
          [
            120.533117,
            23.586488
          ],
          [
            120.532904,
            23.586583
          ],
          [
            120.53368,
            23.587042
          ],
          [
            120.534535,
            23.587617
          ],
          [
            120.534686,
            23.587441
          ],
          [
            120.535011,
            23.587165
          ],
          [
            120.53506,
            23.587077
          ],
          [
            120.535254,
            23.58695
          ],
          [
            120.535437,
            23.586788
          ],
          [
            120.53573,
            23.586488
          ],
          [
            120.53599,
            23.5861
          ],
          [
            120.53623,
            23.58626
          ],
          [
            120.53634,
            23.58636
          ],
          [
            120.53634,
            23.58636
          ],
          [
            120.53635,
            23.58636
          ],
          [
            120.53641,
            23.58642
          ],
          [
            120.53648,
            23.58648
          ],
          [
            120.53654,
            23.58655
          ],
          [
            120.53654,
            23.58656
          ],
          [
            120.53657,
            23.58669
          ],
          [
            120.53656,
            23.58678
          ],
          [
            120.53653,
            23.58685
          ],
          [
            120.53651,
            23.5869
          ],
          [
            120.53651,
            23.5869
          ],
          [
            120.53649,
            23.58693
          ],
          [
            120.53641,
            23.58702
          ],
          [
            120.53605,
            23.58748
          ],
          [
            120.53593,
            23.58762
          ],
          [
            120.53543,
            23.58825
          ],
          [
            120.53543,
            23.58825
          ],
          [
            120.53547,
            23.58827
          ],
          [
            120.53553,
            23.5883
          ],
          [
            120.53561,
            23.58833
          ],
          [
            120.53565,
            23.58835
          ],
          [
            120.53581,
            23.58838
          ],
          [
            120.53596,
            23.58839
          ],
          [
            120.53599,
            23.58839
          ],
          [
            120.53606,
            23.58838
          ],
          [
            120.53615,
            23.5884
          ],
          [
            120.53625,
            23.58842
          ],
          [
            120.53633,
            23.58845
          ],
          [
            120.53636,
            23.58848
          ],
          [
            120.5364,
            23.58851
          ],
          [
            120.53642,
            23.58852
          ],
          [
            120.5365,
            23.58855
          ],
          [
            120.53657,
            23.58857
          ],
          [
            120.53665,
            23.58859
          ],
          [
            120.53689,
            23.5886
          ],
          [
            120.5369,
            23.5886
          ],
          [
            120.53693,
            23.58861
          ],
          [
            120.53704,
            23.58861
          ],
          [
            120.53712,
            23.58862
          ],
          [
            120.53714,
            23.58862
          ],
          [
            120.53721,
            23.58862
          ],
          [
            120.53723,
            23.58861
          ],
          [
            120.53728,
            23.58858
          ],
          [
            120.53732,
            23.58853
          ],
          [
            120.53736,
            23.58847
          ],
          [
            120.53739,
            23.58842
          ],
          [
            120.53741,
            23.58841
          ],
          [
            120.53745,
            23.58836
          ],
          [
            120.53748,
            23.58834
          ],
          [
            120.53752,
            23.58831
          ],
          [
            120.53757,
            23.5883
          ],
          [
            120.5376,
            23.58829
          ],
          [
            120.53762,
            23.5883
          ],
          [
            120.5377,
            23.58833
          ],
          [
            120.53775,
            23.58843
          ],
          [
            120.53786,
            23.58846
          ],
          [
            120.53792,
            23.58847
          ],
          [
            120.53797,
            23.58849
          ],
          [
            120.53803,
            23.58851
          ],
          [
            120.53806,
            23.58853
          ],
          [
            120.5381,
            23.58856
          ],
          [
            120.53812,
            23.58856
          ],
          [
            120.53815,
            23.58856
          ],
          [
            120.53818,
            23.58857
          ],
          [
            120.53822,
            23.58855
          ],
          [
            120.53826,
            23.58853
          ],
          [
            120.53829,
            23.5885
          ],
          [
            120.53831,
            23.58849
          ],
          [
            120.53836,
            23.58846
          ],
          [
            120.53842,
            23.58842
          ],
          [
            120.53849,
            23.5884
          ],
          [
            120.53856,
            23.58839
          ],
          [
            120.53866,
            23.58836
          ],
          [
            120.53874,
            23.58833
          ],
          [
            120.53884,
            23.58831
          ],
          [
            120.53894,
            23.5883
          ],
          [
            120.53902,
            23.5883
          ],
          [
            120.53909,
            23.5883
          ],
          [
            120.53915,
            23.58831
          ],
          [
            120.53923,
            23.58833
          ],
          [
            120.53928,
            23.58834
          ],
          [
            120.53932,
            23.58834
          ],
          [
            120.53935,
            23.58834
          ],
          [
            120.53941,
            23.58834
          ],
          [
            120.53951,
            23.58833
          ],
          [
            120.53952,
            23.58832
          ],
          [
            120.5396,
            23.5883
          ],
          [
            120.53969,
            23.58827
          ],
          [
            120.53975,
            23.58824
          ],
          [
            120.53985,
            23.58819
          ],
          [
            120.53987,
            23.58817
          ],
          [
            120.54004,
            23.58808
          ],
          [
            120.54011,
            23.58803
          ],
          [
            120.54041,
            23.58787
          ],
          [
            120.54073,
            23.58773
          ],
          [
            120.54076,
            23.58772
          ],
          [
            120.54086,
            23.58767
          ],
          [
            120.5409,
            23.58765
          ],
          [
            120.54096,
            23.58762
          ],
          [
            120.54109,
            23.58756
          ],
          [
            120.54118,
            23.5875
          ],
          [
            120.54129,
            23.58744
          ],
          [
            120.54142,
            23.58734
          ],
          [
            120.54146,
            23.5873
          ],
          [
            120.5415,
            23.58726
          ],
          [
            120.54153,
            23.58723
          ],
          [
            120.54158,
            23.5872
          ],
          [
            120.54163,
            23.58717
          ],
          [
            120.5417,
            23.58714
          ],
          [
            120.54184,
            23.58708
          ],
          [
            120.54188,
            23.58707
          ],
          [
            120.54191,
            23.58707
          ],
          [
            120.54193,
            23.58707
          ],
          [
            120.54196,
            23.58707
          ],
          [
            120.54202,
            23.58709
          ],
          [
            120.54207,
            23.58712
          ],
          [
            120.54213,
            23.58715
          ],
          [
            120.5422,
            23.58716
          ],
          [
            120.54232,
            23.58718
          ],
          [
            120.54253,
            23.5872
          ],
          [
            120.54254,
            23.5872
          ],
          [
            120.54273,
            23.58722
          ],
          [
            120.54277,
            23.58722
          ],
          [
            120.54292,
            23.58723
          ],
          [
            120.54308,
            23.58723
          ],
          [
            120.54338,
            23.58722
          ],
          [
            120.54353,
            23.58723
          ],
          [
            120.5436,
            23.58724
          ],
          [
            120.54363,
            23.58725
          ],
          [
            120.54366,
            23.58727
          ],
          [
            120.54369,
            23.58729
          ],
          [
            120.5437,
            23.58731
          ],
          [
            120.54377,
            23.58737
          ],
          [
            120.54379,
            23.58738
          ],
          [
            120.54381,
            23.58738
          ],
          [
            120.54384,
            23.58739
          ],
          [
            120.54389,
            23.58739
          ],
          [
            120.54397,
            23.58737
          ],
          [
            120.54403,
            23.58737
          ],
          [
            120.5441,
            23.58737
          ],
          [
            120.54421,
            23.58737
          ],
          [
            120.54421,
            23.58737
          ],
          [
            120.54432,
            23.58717
          ],
          [
            120.54441,
            23.58705
          ],
          [
            120.54441,
            23.58705
          ],
          [
            120.54432,
            23.58717
          ],
          [
            120.54421,
            23.58737
          ],
          [
            120.54431,
            23.58742
          ],
          [
            120.54441,
            23.58749
          ],
          [
            120.54448,
            23.58755
          ],
          [
            120.54451,
            23.58758
          ],
          [
            120.54456,
            23.58763
          ],
          [
            120.54464,
            23.58769
          ],
          [
            120.54473,
            23.58773
          ],
          [
            120.54484,
            23.58778
          ],
          [
            120.54495,
            23.58782
          ],
          [
            120.54503,
            23.58787
          ],
          [
            120.54509,
            23.58792
          ],
          [
            120.54513,
            23.58796
          ],
          [
            120.54516,
            23.58801
          ],
          [
            120.54518,
            23.5881
          ],
          [
            120.5452,
            23.5882
          ],
          [
            120.54522,
            23.58826
          ],
          [
            120.54524,
            23.58829
          ],
          [
            120.54528,
            23.58834
          ],
          [
            120.54537,
            23.58841
          ],
          [
            120.54546,
            23.58847
          ],
          [
            120.54556,
            23.58853
          ],
          [
            120.54562,
            23.58858
          ],
          [
            120.54568,
            23.58863
          ],
          [
            120.54572,
            23.58868
          ],
          [
            120.54576,
            23.58874
          ],
          [
            120.54586,
            23.5889
          ],
          [
            120.54607,
            23.58926
          ],
          [
            120.54671,
            23.58897
          ],
          [
            120.54697,
            23.58886
          ],
          [
            120.54726,
            23.58872
          ],
          [
            120.54833,
            23.58819
          ],
          [
            120.5485,
            23.5881
          ],
          [
            120.54868,
            23.58801
          ],
          [
            120.54935,
            23.58768
          ],
          [
            120.54992,
            23.5874
          ],
          [
            120.55141,
            23.58668
          ],
          [
            120.55176,
            23.58651
          ],
          [
            120.55187,
            23.58678
          ],
          [
            120.55196,
            23.58696
          ],
          [
            120.55216,
            23.58744
          ],
          [
            120.55228,
            23.5877
          ],
          [
            120.55228,
            23.5877
          ],
          [
            120.55216,
            23.58744
          ],
          [
            120.55216,
            23.58744
          ],
          [
            120.55264,
            23.58724
          ],
          [
            120.55282,
            23.58717
          ],
          [
            120.55318,
            23.58702
          ],
          [
            120.55355,
            23.58688
          ],
          [
            120.55446,
            23.58652
          ],
          [
            120.55467,
            23.58644
          ],
          [
            120.55528,
            23.58622
          ],
          [
            120.55528,
            23.58622
          ],
          [
            120.55558,
            23.58609
          ],
          [
            120.55609,
            23.58584
          ],
          [
            120.55677,
            23.58545
          ],
          [
            120.55747,
            23.58503
          ],
          [
            120.5582,
            23.5846
          ],
          [
            120.5582,
            23.5846
          ],
          [
            120.55891,
            23.58418
          ],
          [
            120.55909,
            23.58408
          ],
          [
            120.55994,
            23.58356
          ],
          [
            120.56008,
            23.58348
          ],
          [
            120.56055,
            23.58313
          ],
          [
            120.56058,
            23.58311
          ],
          [
            120.56094,
            23.58283
          ],
          [
            120.56117,
            23.58261
          ],
          [
            120.5612,
            23.58257
          ],
          [
            120.56121,
            23.58256
          ],
          [
            120.56122,
            23.58254
          ],
          [
            120.56123,
            23.58253
          ],
          [
            120.56124,
            23.5825
          ],
          [
            120.56128,
            23.58243
          ],
          [
            120.56133,
            23.58233
          ],
          [
            120.56136,
            23.58215
          ],
          [
            120.56131,
            23.58109
          ],
          [
            120.56131,
            23.58105
          ],
          [
            120.56127,
            23.58048
          ],
          [
            120.56122,
            23.57966
          ],
          [
            120.56121,
            23.57953
          ],
          [
            120.56119,
            23.57912
          ],
          [
            120.56117,
            23.57852
          ],
          [
            120.56117,
            23.57846
          ],
          [
            120.56116,
            23.57841
          ],
          [
            120.56114,
            23.57835
          ],
          [
            120.56111,
            23.5783
          ],
          [
            120.56105,
            23.57825
          ],
          [
            120.56098,
            23.57819
          ],
          [
            120.56093,
            23.57817
          ],
          [
            120.56091,
            23.57816
          ],
          [
            120.56084,
            23.57814
          ],
          [
            120.56076,
            23.57813
          ],
          [
            120.56073,
            23.57813
          ],
          [
            120.5607,
            23.57814
          ],
          [
            120.56065,
            23.57816
          ],
          [
            120.56059,
            23.5782
          ],
          [
            120.55997,
            23.57863
          ],
          [
            120.55969,
            23.57883
          ],
          [
            120.55939,
            23.57874
          ]
        ]
      }
    },
    {
      "type": "Feature",
      "properties": {
        "feature_type": "route",
        "ref": "幸福大埔美1路",
        "name": "幸福大埔美1路",
        "name_en": "幸福大埔美1路",
        "color": "#134e4a",
        "direction": 0
      },
      "geometry": {
        "type": "LineString",
        "coordinates": [
          [
            120.45683,
            23.60059
          ],
          [
            120.45715,
            23.6005
          ],
          [
            120.45802,
            23.60033
          ],
          [
            120.4584,
            23.60029
          ],
          [
            120.45866,
            23.60026
          ],
          [
            120.45923,
            23.60022
          ],
          [
            120.45982,
            23.60018
          ],
          [
            120.46041,
            23.60014
          ],
          [
            120.46098,
            23.6001
          ],
          [
            120.46118,
            23.60008
          ],
          [
            120.46129,
            23.60008
          ],
          [
            120.46129,
            23.60008
          ],
          [
            120.46134,
            23.60007
          ],
          [
            120.4616,
            23.60008
          ],
          [
            120.46185,
            23.60009
          ],
          [
            120.46195,
            23.60011
          ],
          [
            120.46208,
            23.60013
          ],
          [
            120.4622,
            23.60016
          ],
          [
            120.46251,
            23.60024
          ],
          [
            120.46273,
            23.60031
          ],
          [
            120.46293,
            23.6004
          ],
          [
            120.46309,
            23.60048
          ],
          [
            120.46322,
            23.60057
          ],
          [
            120.46358,
            23.60085
          ],
          [
            120.46392,
            23.6011
          ],
          [
            120.46407,
            23.60125
          ],
          [
            120.46447,
            23.60206
          ],
          [
            120.46453,
            23.60215
          ],
          [
            120.4647,
            23.60247
          ],
          [
            120.46646,
            23.60255
          ],
          [
            120.46675,
            23.60257
          ],
          [
            120.46677,
            23.60258
          ],
          [
            120.46699,
            23.6026
          ],
          [
            120.46725,
            23.60264
          ],
          [
            120.4673,
            23.60265
          ],
          [
            120.46794,
            23.60282
          ],
          [
            120.46851,
            23.60298
          ],
          [
            120.46955,
            23.60328
          ],
          [
            120.46956,
            23.60328
          ],
          [
            120.46973,
            23.60332
          ],
          [
            120.46996,
            23.60337
          ],
          [
            120.47052,
            23.60345
          ],
          [
            120.47064,
            23.60347
          ],
          [
            120.47084,
            23.60351
          ],
          [
            120.47108,
            23.60358
          ],
          [
            120.47129,
            23.60365
          ],
          [
            120.47145,
            23.6037
          ],
          [
            120.47153,
            23.60372
          ],
          [
            120.47145,
            23.6037
          ],
          [
            120.47198,
            23.60387
          ],
          [
            120.4721,
            23.6039
          ],
          [
            120.4723,
            23.60395
          ],
          [
            120.4725,
            23.604
          ],
          [
            120.47288,
            23.60409
          ],
          [
            120.47321,
            23.60417
          ],
          [
            120.47343,
            23.60422
          ],
          [
            120.4735,
            23.60424
          ],
          [
            120.47369,
            23.60428
          ],
          [
            120.47407,
            23.60438
          ],
          [
            120.4745,
            23.60447
          ],
          [
            120.47535,
            23.60462
          ],
          [
            120.47562,
            23.60467
          ],
          [
            120.47586,
            23.6047
          ],
          [
            120.47661,
            23.60483
          ],
          [
            120.47667,
            23.60484
          ],
          [
            120.47742,
            23.60497
          ],
          [
            120.47794,
            23.60505
          ],
          [
            120.47836,
            23.60509
          ],
          [
            120.47887,
            23.60512
          ],
          [
            120.47912,
            23.60512
          ],
          [
            120.4794,
            23.60513
          ],
          [
            120.4803,
            23.60511
          ],
          [
            120.48183,
            23.60507
          ],
          [
            120.4822,
            23.60507
          ],
          [
            120.48293,
            23.60506
          ],
          [
            120.48344,
            23.60506
          ],
          [
            120.48394,
            23.60505
          ],
          [
            120.48461,
            23.60504
          ],
          [
            120.48481,
            23.60504
          ],
          [
            120.4849,
            23.60503
          ],
          [
            120.48514,
            23.60502
          ],
          [
            120.48567,
            23.60502
          ],
          [
            120.48612,
            23.60503
          ],
          [
            120.48635,
            23.60504
          ],
          [
            120.48654,
            23.60504
          ],
          [
            120.48671,
            23.60504
          ],
          [
            120.48702,
            23.60503
          ],
          [
            120.48719,
            23.60503
          ],
          [
            120.48737,
            23.60503
          ],
          [
            120.4875,
            23.60503
          ],
          [
            120.48758,
            23.60503
          ],
          [
            120.48772,
            23.60504
          ],
          [
            120.48785,
            23.60505
          ],
          [
            120.48796,
            23.60506
          ],
          [
            120.48808,
            23.60507
          ],
          [
            120.48836,
            23.6051
          ],
          [
            120.48856,
            23.60513
          ],
          [
            120.48864,
            23.60514
          ],
          [
            120.4888,
            23.60515
          ],
          [
            120.48903,
            23.60516
          ],
          [
            120.48918,
            23.60516
          ],
          [
            120.48932,
            23.60515
          ],
          [
            120.4895,
            23.60513
          ],
          [
            120.48978,
            23.60508
          ],
          [
            120.48993,
            23.60505
          ],
          [
            120.49102,
            23.60474
          ],
          [
            120.49209,
            23.60445
          ],
          [
            120.49301,
            23.60418
          ],
          [
            120.4931,
            23.60415
          ],
          [
            120.49321,
            23.60411
          ],
          [
            120.49333,
            23.60408
          ],
          [
            120.4935,
            23.60404
          ],
          [
            120.4936,
            23.60401
          ],
          [
            120.4937,
            23.60399
          ],
          [
            120.4939,
            23.60395
          ],
          [
            120.49405,
            23.60392
          ],
          [
            120.49411,
            23.60391
          ],
          [
            120.49425,
            23.60388
          ],
          [
            120.49438,
            23.60385
          ],
          [
            120.4945,
            23.60383
          ],
          [
            120.49486,
            23.60379
          ],
          [
            120.49508,
            23.60377
          ],
          [
            120.4957,
            23.60374
          ],
          [
            120.49642,
            23.60372
          ],
          [
            120.4971,
            23.60368
          ],
          [
            120.49743,
            23.60366
          ],
          [
            120.49749,
            23.60366
          ],
          [
            120.49851,
            23.6036
          ],
          [
            120.49893,
            23.60358
          ],
          [
            120.49957,
            23.60355
          ],
          [
            120.49986,
            23.60353
          ],
          [
            120.50003,
            23.60352
          ],
          [
            120.50068,
            23.60347
          ],
          [
            120.50106,
            23.60344
          ],
          [
            120.50121,
            23.60344
          ],
          [
            120.5015,
            23.6034
          ],
          [
            120.50169,
            23.60338
          ],
          [
            120.50192,
            23.60334
          ],
          [
            120.50214,
            23.60331
          ],
          [
            120.50233,
            23.60327
          ],
          [
            120.50257,
            23.60323
          ],
          [
            120.50327,
            23.6031
          ],
          [
            120.50363,
            23.60302
          ],
          [
            120.50367,
            23.60301
          ],
          [
            120.50392,
            23.60295
          ],
          [
            120.50442,
            23.60285
          ],
          [
            120.50462,
            23.60278
          ],
          [
            120.50489,
            23.60272
          ],
          [
            120.50502,
            23.60269
          ],
          [
            120.50536,
            23.60261
          ],
          [
            120.50564,
            23.60252
          ],
          [
            120.50577,
            23.60248
          ],
          [
            120.5059,
            23.60245
          ],
          [
            120.50604,
            23.6024
          ],
          [
            120.50617,
            23.60235
          ],
          [
            120.50636,
            23.60229
          ],
          [
            120.50652,
            23.60223
          ],
          [
            120.50669,
            23.60216
          ],
          [
            120.50671,
            23.60215
          ],
          [
            120.50687,
            23.60209
          ],
          [
            120.50705,
            23.60202
          ],
          [
            120.50763,
            23.60179
          ],
          [
            120.50797,
            23.60167
          ],
          [
            120.50812,
            23.6016
          ],
          [
            120.50832,
            23.60152
          ],
          [
            120.50841,
            23.60148
          ],
          [
            120.50899,
            23.60125
          ],
          [
            120.50922,
            23.60116
          ],
          [
            120.50967,
            23.60097
          ],
          [
            120.51031,
            23.6007
          ],
          [
            120.51066,
            23.60059
          ],
          [
            120.51071,
            23.60057
          ],
          [
            120.51081,
            23.60053
          ],
          [
            120.51109,
            23.60042
          ],
          [
            120.51118,
            23.60039
          ],
          [
            120.51138,
            23.6003
          ],
          [
            120.51172,
            23.60016
          ],
          [
            120.51204,
            23.60003
          ],
          [
            120.51276,
            23.59973
          ],
          [
            120.51319,
            23.59956
          ],
          [
            120.5132,
            23.59955
          ],
          [
            120.51328,
            23.59952
          ],
          [
            120.51423,
            23.59915
          ],
          [
            120.5146,
            23.59899
          ],
          [
            120.51478,
            23.59892
          ],
          [
            120.51478,
            23.59892
          ],
          [
            120.51445,
            23.59822
          ],
          [
            120.51417,
            23.59762
          ],
          [
            120.51417,
            23.59762
          ],
          [
            120.51403,
            23.5973
          ],
          [
            120.5139,
            23.59704
          ],
          [
            120.51345,
            23.59611
          ],
          [
            120.51339,
            23.59599
          ],
          [
            120.5132,
            23.59562
          ],
          [
            120.51293,
            23.59507
          ],
          [
            120.51258,
            23.59437
          ],
          [
            120.51225,
            23.59372
          ],
          [
            120.512,
            23.59323
          ],
          [
            120.51165,
            23.59253
          ],
          [
            120.51105,
            23.59247
          ],
          [
            120.511,
            23.59246
          ],
          [
            120.51096,
            23.59245
          ],
          [
            120.51096,
            23.59245
          ],
          [
            120.51092,
            23.59244
          ],
          [
            120.51073,
            23.5924
          ],
          [
            120.50994,
            23.59215
          ],
          [
            120.5095,
            23.59202
          ],
          [
            120.50945,
            23.592
          ],
          [
            120.5093,
            23.59197
          ],
          [
            120.50914,
            23.59195
          ],
          [
            120.50896,
            23.59194
          ],
          [
            120.50873,
            23.59195
          ],
          [
            120.50852,
            23.59199
          ],
          [
            120.50832,
            23.59204
          ],
          [
            120.50795,
            23.59218
          ],
          [
            120.50748,
            23.59238
          ],
          [
            120.50704,
            23.59255
          ],
          [
            120.50672,
            23.59265
          ],
          [
            120.50623,
            23.59167
          ],
          [
            120.50606,
            23.59132
          ],
          [
            120.50572,
            23.59061
          ],
          [
            120.50549,
            23.59011
          ],
          [
            120.50509,
            23.58929
          ],
          [
            120.50487,
            23.58882
          ],
          [
            120.50481,
            23.58869
          ],
          [
            120.50477,
            23.58861
          ],
          [
            120.50473,
            23.58853
          ],
          [
            120.50464,
            23.58835
          ],
          [
            120.50464,
            23.58835
          ],
          [
            120.50403,
            23.58706
          ],
          [
            120.50375,
            23.58647
          ],
          [
            120.50372,
            23.58639
          ],
          [
            120.50372,
            23.58636
          ],
          [
            120.50372,
            23.58634
          ],
          [
            120.50369,
            23.58626
          ],
          [
            120.50366,
            23.58618
          ],
          [
            120.5036,
            23.58607
          ],
          [
            120.5036,
            23.58607
          ],
          [
            120.50353,
            23.58591
          ],
          [
            120.50314,
            23.58508
          ],
          [
            120.50249,
            23.58373
          ],
          [
            120.50226,
            23.58324
          ],
          [
            120.50194,
            23.58258
          ],
          [
            120.50187,
            23.58241
          ],
          [
            120.5016,
            23.58185
          ],
          [
            120.5016,
            23.58185
          ],
          [
            120.50214,
            23.58163
          ],
          [
            120.50325,
            23.58119
          ],
          [
            120.50325,
            23.58119
          ],
          [
            120.50358,
            23.58106
          ],
          [
            120.50394,
            23.58092
          ],
          [
            120.50466,
            23.58064
          ],
          [
            120.50569,
            23.58023
          ],
          [
            120.50583,
            23.58016
          ],
          [
            120.50645,
            23.57992
          ],
          [
            120.50734,
            23.57955
          ],
          [
            120.50741,
            23.57952
          ],
          [
            120.50746,
            23.57951
          ],
          [
            120.50751,
            23.5795
          ],
          [
            120.50753,
            23.5795
          ],
          [
            120.50757,
            23.5795
          ],
          [
            120.50762,
            23.57952
          ],
          [
            120.50765,
            23.57954
          ],
          [
            120.50768,
            23.57956
          ],
          [
            120.50773,
            23.57962
          ],
          [
            120.50775,
            23.57968
          ],
          [
            120.5078,
            23.57977
          ],
          [
            120.50783,
            23.57984
          ],
          [
            120.50791,
            23.58001
          ],
          [
            120.5083,
            23.5808
          ],
          [
            120.5083,
            23.5808
          ],
          [
            120.50855,
            23.58132
          ],
          [
            120.50895,
            23.58214
          ],
          [
            120.50899,
            23.58222
          ],
          [
            120.50917,
            23.58264
          ],
          [
            120.5099,
            23.58239
          ],
          [
            120.51006,
            23.58234
          ],
          [
            120.51061,
            23.58287
          ],
          [
            120.51069,
            23.58295
          ],
          [
            120.51069,
            23.58295
          ],
          [
            120.51071,
            23.58297
          ],
          [
            120.51129,
            23.58352
          ],
          [
            120.51169,
            23.58392
          ],
          [
            120.51225,
            23.58448
          ],
          [
            120.51247,
            23.58471
          ],
          [
            120.51265,
            23.58491
          ],
          [
            120.5128,
            23.58513
          ],
          [
            120.51294,
            23.58533
          ],
          [
            120.51312,
            23.58561
          ],
          [
            120.5133,
            23.58591
          ],
          [
            120.51319,
            23.58594
          ],
          [
            120.51298,
            23.58598
          ],
          [
            120.51286,
            23.586
          ],
          [
            120.51263,
            23.58602
          ],
          [
            120.51257,
            23.58603
          ],
          [
            120.51218,
            23.58607
          ],
          [
            120.51198,
            23.58609
          ],
          [
            120.51178,
            23.5861
          ],
          [
            120.51159,
            23.58612
          ],
          [
            120.51089,
            23.5862
          ],
          [
            120.51061,
            23.58622
          ],
          [
            120.51042,
            23.58624
          ],
          [
            120.51022,
            23.58626
          ],
          [
            120.51003,
            23.58628
          ],
          [
            120.50964,
            23.58632
          ],
          [
            120.50961,
            23.58632
          ],
          [
            120.50886,
            23.58642
          ],
          [
            120.50912,
            23.58697
          ],
          [
            120.50912,
            23.58697
          ],
          [
            120.509194,
            23.587096
          ],
          [
            120.511221,
            23.591173
          ],
          [
            120.511826,
            23.592485
          ],
          [
            120.512864,
            23.59204
          ],
          [
            120.514019,
            23.590915
          ],
          [
            120.514987,
            23.590434
          ],
          [
            120.515033,
            23.590404
          ],
          [
            120.515284,
            23.59029
          ],
          [
            120.51501,
            23.590392
          ],
          [
            120.515455,
            23.590278
          ],
          [
            120.51606,
            23.59148
          ],
          [
            120.51606,
            23.59148
          ],
          [
            120.51647,
            23.5923
          ],
          [
            120.51702,
            23.59346
          ],
          [
            120.5171,
            23.59362
          ],
          [
            120.51717,
            23.59379
          ],
          [
            120.51742,
            23.59432
          ],
          [
            120.51815,
            23.59404
          ],
          [
            120.51839,
            23.59394
          ],
          [
            120.51839,
            23.59394
          ],
          [
            120.519422,
            23.593592
          ],
          [
            120.519752,
            23.593435
          ],
          [
            120.520083,
            23.593279
          ],
          [
            120.520419,
            23.593176
          ],
          [
            120.520594,
            23.593136
          ],
          [
            120.520747,
            23.593135
          ],
          [
            120.52165,
            23.592785
          ],
          [
            120.522151,
            23.592519
          ],
          [
            120.522255,
            23.592432
          ],
          [
            120.522881,
            23.592193
          ],
          [
            120.523419,
            23.591947
          ],
          [
            120.52363,
            23.59187
          ],
          [
            120.52348,
            23.59164
          ],
          [
            120.52348,
            23.59164
          ],
          [
            120.52287,
            23.5907
          ],
          [
            120.52275,
            23.59051
          ],
          [
            120.52263,
            23.59033
          ],
          [
            120.52247,
            23.59005
          ],
          [
            120.52235,
            23.58973
          ],
          [
            120.52233,
            23.58952
          ],
          [
            120.52233,
            23.58952
          ],
          [
            120.52241,
            23.58948
          ],
          [
            120.52253,
            23.58946
          ],
          [
            120.52277,
            23.58946
          ],
          [
            120.5231,
            23.58946
          ],
          [
            120.5233,
            23.58945
          ],
          [
            120.52358,
            23.58945
          ],
          [
            120.52369,
            23.58945
          ],
          [
            120.52388,
            23.58946
          ],
          [
            120.52408,
            23.58946
          ],
          [
            120.5242,
            23.58947
          ],
          [
            120.52428,
            23.58948
          ],
          [
            120.52447,
            23.58953
          ],
          [
            120.52464,
            23.58957
          ],
          [
            120.52483,
            23.58966
          ],
          [
            120.52506,
            23.58977
          ],
          [
            120.5253,
            23.58995
          ],
          [
            120.52549,
            23.59015
          ],
          [
            120.5256,
            23.59029
          ],
          [
            120.52566,
            23.59037
          ],
          [
            120.52573,
            23.59051
          ],
          [
            120.52573,
            23.59051
          ],
          [
            120.52583,
            23.59072
          ],
          [
            120.52586,
            23.59077
          ],
          [
            120.52592,
            23.59083
          ],
          [
            120.52601,
            23.59095
          ],
          [
            120.52642,
            23.59076
          ],
          [
            120.52682,
            23.59064
          ],
          [
            120.52692,
            23.59062
          ],
          [
            120.52702,
            23.59061
          ],
          [
            120.52711,
            23.59061
          ],
          [
            120.52724,
            23.59061
          ],
          [
            120.52754,
            23.59066
          ],
          [
            120.52764,
            23.5907
          ],
          [
            120.52783,
            23.59078
          ],
          [
            120.528,
            23.59088
          ],
          [
            120.52843,
            23.5912
          ],
          [
            120.5286,
            23.59132
          ],
          [
            120.52863,
            23.59134
          ],
          [
            120.52879,
            23.59141
          ],
          [
            120.52897,
            23.59147
          ],
          [
            120.52915,
            23.59151
          ],
          [
            120.52935,
            23.59153
          ],
          [
            120.52971,
            23.59153
          ],
          [
            120.53089,
            23.59154
          ],
          [
            120.53109,
            23.59154
          ],
          [
            120.53138,
            23.59154
          ],
          [
            120.53138,
            23.59154
          ],
          [
            120.53194,
            23.59154
          ],
          [
            120.53214,
            23.59162
          ],
          [
            120.5323,
            23.59161
          ],
          [
            120.53241,
            23.59161
          ],
          [
            120.53252,
            23.59158
          ],
          [
            120.53262,
            23.59156
          ],
          [
            120.5327,
            23.59152
          ],
          [
            120.53271,
            23.59152
          ],
          [
            120.53274,
            23.5915
          ],
          [
            120.53281,
            23.59146
          ],
          [
            120.53289,
            23.5914
          ],
          [
            120.53301,
            23.59129
          ],
          [
            120.53302,
            23.59127
          ],
          [
            120.53314,
            23.59114
          ],
          [
            120.53326,
            23.59098
          ],
          [
            120.53339,
            23.59082
          ],
          [
            120.53371,
            23.59042
          ],
          [
            120.53372,
            23.5904
          ],
          [
            120.53423,
            23.58978
          ],
          [
            120.53429,
            23.5897
          ],
          [
            120.5343,
            23.58968
          ],
          [
            120.53452,
            23.5894
          ],
          [
            120.53465,
            23.58924
          ],
          [
            120.53488,
            23.58895
          ],
          [
            120.53499,
            23.5888
          ],
          [
            120.53533,
            23.58837
          ],
          [
            120.53543,
            23.58825
          ],
          [
            120.53593,
            23.58762
          ],
          [
            120.53605,
            23.58748
          ],
          [
            120.53641,
            23.58702
          ],
          [
            120.53649,
            23.58693
          ],
          [
            120.53651,
            23.5869
          ],
          [
            120.53653,
            23.58685
          ],
          [
            120.53656,
            23.58678
          ],
          [
            120.53657,
            23.58669
          ],
          [
            120.53654,
            23.58656
          ],
          [
            120.53654,
            23.58655
          ],
          [
            120.53648,
            23.58648
          ],
          [
            120.53641,
            23.58642
          ],
          [
            120.53635,
            23.58636
          ],
          [
            120.53629,
            23.58631
          ]
        ]
      }
    },
    {
      "type": "Feature",
      "properties": {
        "feature_type": "station",
        "ref": "CYQ308097",
        "name": "大林轉運站",
        "name_en": "Dalin Bus Station",
        "line": "幸福大埔美1路",
        "color": "#134e4a",
        "direction": 0
      },
      "geometry": {
        "type": "Point",
        "coordinates": [
          120.456889,
          23.60085
        ]
      }
    },
    {
      "type": "Feature",
      "properties": {
        "feature_type": "station",
        "ref": "CYQ308559",
        "name": "平林國小",
        "name_en": "PinLin Elementary School",
        "line": "幸福大埔美1路",
        "color": "#134e4a",
        "direction": 0
      },
      "geometry": {
        "type": "Point",
        "coordinates": [
          120.461284,
          23.600053
        ]
      }
    },
    {
      "type": "Feature",
      "properties": {
        "feature_type": "station",
        "ref": "CYQ308576",
        "name": "大林鎮公所",
        "name_en": "Dalin Township Office",
        "line": "幸福大埔美1路",
        "color": "#134e4a",
        "direction": 0
      },
      "geometry": {
        "type": "Point",
        "coordinates": [
          120.471432,
          23.603647
        ]
      }
    },
    {
      "type": "Feature",
      "properties": {
        "feature_type": "station",
        "ref": "CYQ308577",
        "name": "中坑",
        "name_en": "Zhongkeng",
        "line": "幸福大埔美1路",
        "color": "#134e4a",
        "direction": 0
      },
      "geometry": {
        "type": "Point",
        "coordinates": [
          120.494458,
          23.58532
        ]
      }
    },
    {
      "type": "Feature",
      "properties": {
        "feature_type": "station",
        "ref": "CYQ308578",
        "name": "南華大學",
        "name_en": "Nanhua University",
        "line": "幸福大埔美1路",
        "color": "#134e4a",
        "direction": 0
      },
      "geometry": {
        "type": "Point",
        "coordinates": [
          120.494079,
          23.570807
        ]
      }
    },
    {
      "type": "Feature",
      "properties": {
        "feature_type": "station",
        "ref": "CYQ308561",
        "name": "卡羅爾銅管樂器觀光工廠",
        "name_en": "CarolBrass Brass Instrument Tourism Factory",
        "line": "幸福大埔美1路",
        "color": "#134e4a",
        "direction": 0
      },
      "geometry": {
        "type": "Point",
        "coordinates": [
          120.503254,
          23.581195
        ]
      }
    },
    {
      "type": "Feature",
      "properties": {
        "feature_type": "station",
        "ref": "CYQ308562",
        "name": "光曄科技",
        "name_en": "COSMEX CO., LTD",
        "line": "幸福大埔美1路",
        "color": "#134e4a",
        "direction": 0
      },
      "geometry": {
        "type": "Point",
        "coordinates": [
          120.508361,
          23.580776
        ]
      }
    },
    {
      "type": "Feature",
      "properties": {
        "feature_type": "station",
        "ref": "CYQ308563",
        "name": "老楊方城市",
        "name_en": "TK FOOD CITY SQUARE",
        "line": "幸福大埔美1路",
        "color": "#134e4a",
        "direction": 0
      },
      "geometry": {
        "type": "Point",
        "coordinates": [
          120.510667,
          23.582967
        ]
      }
    },
    {
      "type": "Feature",
      "properties": {
        "feature_type": "station",
        "ref": "CYQ308564",
        "name": "佐登妮絲城堡",
        "name_en": "Jourdeness Biotechnology Park",
        "line": "幸福大埔美1路",
        "color": "#134e4a",
        "direction": 0
      },
      "geometry": {
        "type": "Point",
        "coordinates": [
          120.509163,
          23.586957
        ]
      }
    },
    {
      "type": "Feature",
      "properties": {
        "feature_type": "station",
        "ref": "CYQ308565",
        "name": "上銀科技",
        "name_en": "HIWIN TECHNOLOGIES CORP",
        "line": "幸福大埔美1路",
        "color": "#134e4a",
        "direction": 0
      },
      "geometry": {
        "type": "Point",
        "coordinates": [
          120.516085,
          23.591465
        ]
      }
    },
    {
      "type": "Feature",
      "properties": {
        "feature_type": "station",
        "ref": "CYQ308566",
        "name": "和大工業",
        "name_en": "HOTA INDUSTRIAL MFG",
        "line": "幸福大埔美1路",
        "color": "#134e4a",
        "direction": 0
      },
      "geometry": {
        "type": "Point",
        "coordinates": [
          120.518392,
          23.593951
        ]
      }
    },
    {
      "type": "Feature",
      "properties": {
        "feature_type": "station",
        "ref": "CYQ308567",
        "name": "蓋婭莊園",
        "name_en": "GAIA MANOR",
        "line": "幸福大埔美1路",
        "color": "#134e4a",
        "direction": 0
      },
      "geometry": {
        "type": "Point",
        "coordinates": [
          120.523396,
          23.591691
        ]
      }
    },
    {
      "type": "Feature",
      "properties": {
        "feature_type": "station",
        "ref": "CYQ308568",
        "name": "歐樂沃築夢城堡",
        "name_en": "Otherworld castle",
        "line": "幸福大埔美1路",
        "color": "#134e4a",
        "direction": 0
      },
      "geometry": {
        "type": "Point",
        "coordinates": [
          120.525764,
          23.5905
        ]
      }
    },
    {
      "type": "Feature",
      "properties": {
        "feature_type": "station",
        "ref": "CYQ308569",
        "name": "嘉楠食品(丸聚星球)",
        "name_en": "BALL PLANET",
        "line": "幸福大埔美1路",
        "color": "#134e4a",
        "direction": 0
      },
      "geometry": {
        "type": "Point",
        "coordinates": [
          120.531376,
          23.591571
        ]
      }
    },
    {
      "type": "Feature",
      "properties": {
        "feature_type": "station",
        "ref": "CYQ308580",
        "name": "過山社區",
        "name_en": "Guoshan Community",
        "line": "幸福大埔美1路",
        "color": "#134e4a",
        "direction": 0
      },
      "geometry": {
        "type": "Point",
        "coordinates": [
          120.532114,
          23.585923
        ]
      }
    },
    {
      "type": "Feature",
      "properties": {
        "feature_type": "station",
        "ref": "CYQ308579",
        "name": "翠菓子食品園區",
        "name_en": "Trygoodz Food Industrial Park",
        "line": "幸福大埔美1路",
        "color": "#134e4a",
        "direction": 0
      },
      "geometry": {
        "type": "Point",
        "coordinates": [
          120.536379,
          23.586328
        ]
      }
    },
    {
      "type": "Feature",
      "properties": {
        "feature_type": "station",
        "ref": "CYQ308581",
        "name": "濟興宮",
        "name_en": "Jixing Temple",
        "line": "幸福大埔美1路",
        "color": "#134e4a",
        "direction": 0
      },
      "geometry": {
        "type": "Point",
        "coordinates": [
          120.544436,
          23.587087
        ]
      }
    },
    {
      "type": "Feature",
      "properties": {
        "feature_type": "station",
        "ref": "CYQ308573",
        "name": "梅北國小",
        "name_en": "MeiBei Elementary School",
        "line": "幸福大埔美1路",
        "color": "#134e4a",
        "direction": 0
      },
      "geometry": {
        "type": "Point",
        "coordinates": [
          120.552312,
          23.58769
        ]
      }
    },
    {
      "type": "Feature",
      "properties": {
        "feature_type": "station",
        "ref": "CYQ308574",
        "name": "梅山長老教會",
        "name_en": "Meishan Presbyterian Church",
        "line": "幸福大埔美1路",
        "color": "#134e4a",
        "direction": 0
      },
      "geometry": {
        "type": "Point",
        "coordinates": [
          120.558176,
          23.584575
        ]
      }
    },
    {
      "type": "Feature",
      "properties": {
        "feature_type": "station",
        "ref": "CYQ308591",
        "name": "梅山",
        "name_en": "Meishan",
        "line": "幸福大埔美1路",
        "color": "#134e4a",
        "direction": 0
      },
      "geometry": {
        "type": "Point",
        "coordinates": [
          120.559563,
          23.578663
        ]
      }
    },
    {
      "type": "Feature",
      "properties": {
        "feature_type": "station",
        "ref": "CYQ308591",
        "name": "梅山",
        "name_en": "Meishan",
        "line": "幸福大埔美1路",
        "color": "#134e4a",
        "direction": 1
      },
      "geometry": {
        "type": "Point",
        "coordinates": [
          120.559563,
          23.578663
        ]
      }
    },
    {
      "type": "Feature",
      "properties": {
        "feature_type": "station",
        "ref": "CYQ308592",
        "name": "梅山長老教會",
        "name_en": "Meishan Presbyterian Church",
        "line": "幸福大埔美1路",
        "color": "#134e4a",
        "direction": 1
      },
      "geometry": {
        "type": "Point",
        "coordinates": [
          120.55826,
          23.58461
        ]
      }
    },
    {
      "type": "Feature",
      "properties": {
        "feature_type": "station",
        "ref": "CYQ308593",
        "name": "梅北國小",
        "name_en": "MeiBei Elementary School",
        "line": "幸福大埔美1路",
        "color": "#134e4a",
        "direction": 1
      },
      "geometry": {
        "type": "Point",
        "coordinates": [
          120.552241,
          23.587608
        ]
      }
    },
    {
      "type": "Feature",
      "properties": {
        "feature_type": "station",
        "ref": "CYQ308581",
        "name": "濟興宮",
        "name_en": "Jixing Temple",
        "line": "幸福大埔美1路",
        "color": "#134e4a",
        "direction": 1
      },
      "geometry": {
        "type": "Point",
        "coordinates": [
          120.544436,
          23.587087
        ]
      }
    },
    {
      "type": "Feature",
      "properties": {
        "feature_type": "station",
        "ref": "CYQ308594",
        "name": "翠菓子食品園區",
        "name_en": "Trygoodz Food Industrial Park",
        "line": "幸福大埔美1路",
        "color": "#134e4a",
        "direction": 1
      },
      "geometry": {
        "type": "Point",
        "coordinates": [
          120.536257,
          23.586343
        ]
      }
    },
    {
      "type": "Feature",
      "properties": {
        "feature_type": "station",
        "ref": "CYQ308595",
        "name": "過山社區",
        "name_en": "Guoshan Community",
        "line": "幸福大埔美1路",
        "color": "#134e4a",
        "direction": 1
      },
      "geometry": {
        "type": "Point",
        "coordinates": [
          120.53216,
          23.585948
        ]
      }
    },
    {
      "type": "Feature",
      "properties": {
        "feature_type": "station",
        "ref": "CYQ308596",
        "name": "嘉楠食品(丸聚星球)",
        "name_en": "BALL PLANET",
        "line": "幸福大埔美1路",
        "color": "#134e4a",
        "direction": 1
      },
      "geometry": {
        "type": "Point",
        "coordinates": [
          120.531516,
          23.591735
        ]
      }
    },
    {
      "type": "Feature",
      "properties": {
        "feature_type": "station",
        "ref": "CYQ308597",
        "name": "歐樂沃築夢城堡",
        "name_en": "Otherworld castle",
        "line": "幸福大埔美1路",
        "color": "#134e4a",
        "direction": 1
      },
      "geometry": {
        "type": "Point",
        "coordinates": [
          120.52567,
          23.590552
        ]
      }
    },
    {
      "type": "Feature",
      "properties": {
        "feature_type": "station",
        "ref": "CYQ308598",
        "name": "蓋婭莊園",
        "name_en": "GAIA MANOR",
        "line": "幸福大埔美1路",
        "color": "#134e4a",
        "direction": 1
      },
      "geometry": {
        "type": "Point",
        "coordinates": [
          120.523507,
          23.591648
        ]
      }
    },
    {
      "type": "Feature",
      "properties": {
        "feature_type": "station",
        "ref": "CYQ308599",
        "name": "和大工業",
        "name_en": "HOTA INDUSTRIAL MFG",
        "line": "幸福大埔美1路",
        "color": "#134e4a",
        "direction": 1
      },
      "geometry": {
        "type": "Point",
        "coordinates": [
          120.51857,
          23.594047
        ]
      }
    },
    {
      "type": "Feature",
      "properties": {
        "feature_type": "station",
        "ref": "CYQ308600",
        "name": "上銀科技",
        "name_en": "HIWIN TECHNOLOGIES CORP",
        "line": "幸福大埔美1路",
        "color": "#134e4a",
        "direction": 1
      },
      "geometry": {
        "type": "Point",
        "coordinates": [
          120.515803,
          23.591339
        ]
      }
    },
    {
      "type": "Feature",
      "properties": {
        "feature_type": "station",
        "ref": "CYQ308601",
        "name": "佐登妮絲城堡",
        "name_en": "Jourdeness Biotechnology Park",
        "line": "幸福大埔美1路",
        "color": "#134e4a",
        "direction": 1
      },
      "geometry": {
        "type": "Point",
        "coordinates": [
          120.508958,
          23.586996
        ]
      }
    },
    {
      "type": "Feature",
      "properties": {
        "feature_type": "station",
        "ref": "CYQ308602",
        "name": "老楊方城市",
        "name_en": "TK FOOD CITY SQUARE",
        "line": "幸福大埔美1路",
        "color": "#134e4a",
        "direction": 1
      },
      "geometry": {
        "type": "Point",
        "coordinates": [
          120.510355,
          23.582955
        ]
      }
    },
    {
      "type": "Feature",
      "properties": {
        "feature_type": "station",
        "ref": "CYQ308603",
        "name": "光曄科技",
        "name_en": "COSMEX CO., LTD",
        "line": "幸福大埔美1路",
        "color": "#134e4a",
        "direction": 1
      },
      "geometry": {
        "type": "Point",
        "coordinates": [
          120.508258,
          23.58091
        ]
      }
    },
    {
      "type": "Feature",
      "properties": {
        "feature_type": "station",
        "ref": "CYQ308604",
        "name": "卡羅爾銅管樂器觀光工廠",
        "name_en": "CarolBrass Brass Instrument Tourism Factory",
        "line": "幸福大埔美1路",
        "color": "#134e4a",
        "direction": 1
      },
      "geometry": {
        "type": "Point",
        "coordinates": [
          120.50339,
          23.581236
        ]
      }
    },
    {
      "type": "Feature",
      "properties": {
        "feature_type": "station",
        "ref": "CYQ308578",
        "name": "南華大學",
        "name_en": "Nanhua University",
        "line": "幸福大埔美1路",
        "color": "#134e4a",
        "direction": 1
      },
      "geometry": {
        "type": "Point",
        "coordinates": [
          120.494079,
          23.570807
        ]
      }
    },
    {
      "type": "Feature",
      "properties": {
        "feature_type": "station",
        "ref": "CYQ308605",
        "name": "中坑",
        "name_en": "Zhongkeng",
        "line": "幸福大埔美1路",
        "color": "#134e4a",
        "direction": 1
      },
      "geometry": {
        "type": "Point",
        "coordinates": [
          120.494411,
          23.585463
        ]
      }
    },
    {
      "type": "Feature",
      "properties": {
        "feature_type": "station",
        "ref": "CYQ308606",
        "name": "大林鎮公所",
        "name_en": "Dalin Township Office",
        "line": "幸福大埔美1路",
        "color": "#134e4a",
        "direction": 1
      },
      "geometry": {
        "type": "Point",
        "coordinates": [
          120.471641,
          23.603858
        ]
      }
    },
    {
      "type": "Feature",
      "properties": {
        "feature_type": "station",
        "ref": "CYQ308607",
        "name": "平林國小",
        "name_en": "PinLin Elementary School",
        "line": "幸福大埔美1路",
        "color": "#134e4a",
        "direction": 1
      },
      "geometry": {
        "type": "Point",
        "coordinates": [
          120.461078,
          23.60013
        ]
      }
    },
    {
      "type": "Feature",
      "properties": {
        "feature_type": "station",
        "ref": "CYQ308097",
        "name": "大林轉運站",
        "name_en": "Dalin Bus Station",
        "line": "幸福大埔美1路",
        "color": "#134e4a",
        "direction": 1
      },
      "geometry": {
        "type": "Point",
        "coordinates": [
          120.456889,
          23.60085
        ]
      }
    },
    {
      "type": "Feature",
      "properties": {
        "feature_type": "station",
        "ref": "CYQ308475",
        "name": "大埔美園區服務中心",
        "name_en": "Dapumei Precision Machinery Industrial Park Service Center",
        "line": "幸福大埔美1路",
        "color": "#134e4a",
        "direction": 0
      },
      "geometry": {
        "type": "Point",
        "coordinates": [
          120.513926,
          23.597716
        ]
      }
    },
    {
      "type": "Feature",
      "properties": {
        "feature_type": "station",
        "ref": "CYQ308582",
        "name": "第二停車場",
        "name_en": "Second parking lot",
        "line": "幸福大埔美1路",
        "color": "#134e4a",
        "direction": 0
      },
      "geometry": {
        "type": "Point",
        "coordinates": [
          120.510936,
          23.592561
        ]
      }
    },
    {
      "type": "Feature",
      "properties": {
        "feature_type": "station",
        "ref": "CYQ308583",
        "name": "台灣佳能",
        "name_en": "CANON INC., TAIWAN",
        "line": "幸福大埔美1路",
        "color": "#134e4a",
        "direction": 0
      },
      "geometry": {
        "type": "Point",
        "coordinates": [
          120.504576,
          23.588378
        ]
      }
    },
    {
      "type": "Feature",
      "properties": {
        "feature_type": "station",
        "ref": "CYQ308584",
        "name": "有德機器",
        "name_en": "NEOTEK CORPORATION",
        "line": "幸福大埔美1路",
        "color": "#134e4a",
        "direction": 0
      },
      "geometry": {
        "type": "Point",
        "coordinates": [
          120.5035,
          23.586108
        ]
      }
    },
    {
      "type": "Feature",
      "properties": {
        "feature_type": "station",
        "ref": "CYQ308594",
        "name": "翠菓子食品園區",
        "name_en": "Trygoodz Food Industrial Park",
        "line": "幸福大埔美1路",
        "color": "#134e4a",
        "direction": 0
      },
      "geometry": {
        "type": "Point",
        "coordinates": [
          120.536257,
          23.586343
        ]
      }
    },
    {
      "type": "Feature",
      "properties": {
        "feature_type": "station",
        "ref": "CYQ308579",
        "name": "翠菓子食品園區",
        "name_en": "Trygoodz Food Industrial Park",
        "line": "幸福大埔美1路",
        "color": "#134e4a",
        "direction": 1
      },
      "geometry": {
        "type": "Point",
        "coordinates": [
          120.536379,
          23.586328
        ]
      }
    },
    {
      "type": "Feature",
      "properties": {
        "feature_type": "station",
        "ref": "CYQ308608",
        "name": "有德機器",
        "name_en": "NEOTEK CORPORATION",
        "line": "幸福大埔美1路",
        "color": "#134e4a",
        "direction": 1
      },
      "geometry": {
        "type": "Point",
        "coordinates": [
          120.503611,
          23.586021
        ]
      }
    },
    {
      "type": "Feature",
      "properties": {
        "feature_type": "station",
        "ref": "CYQ308609",
        "name": "台灣佳能",
        "name_en": "CANON INC., TAIWAN",
        "line": "幸福大埔美1路",
        "color": "#134e4a",
        "direction": 1
      },
      "geometry": {
        "type": "Point",
        "coordinates": [
          120.504856,
          23.588348
        ]
      }
    },
    {
      "type": "Feature",
      "properties": {
        "feature_type": "station",
        "ref": "CYQ308610",
        "name": "第二停車場",
        "name_en": "Second parking lot",
        "line": "幸福大埔美1路",
        "color": "#134e4a",
        "direction": 1
      },
      "geometry": {
        "type": "Point",
        "coordinates": [
          120.51093,
          23.592431
        ]
      }
    },
    {
      "type": "Feature",
      "properties": {
        "feature_type": "station",
        "ref": "CYQ308476",
        "name": "大埔美園區服務中心",
        "name_en": "Dapumei Precision Machinery Industrial Park Service Center",
        "line": "幸福大埔美1路",
        "color": "#134e4a",
        "direction": 1
      },
      "geometry": {
        "type": "Point",
        "coordinates": [
          120.514337,
          23.597538
        ]
      }
    }
  ]
}
